Sony Alpha DSLRA850 24.6MP Digital SLR Camera (Body Only),B002MPPRNG
Sony PCKLM15 LCD Protector for DSC-RX1 (Black),B009UOIAEU
Sony X900H 75 Inch TV: 4K Ultra HD Smart LED TV with HDR and Alexa Compatibility - 2020 Model with Home Theater Surround Sound Speaker System,B088PVPJP8
Sony XSGT6937A 6 x 9-Inch 3-Way Car Speakers,B004H8FTQ6
Sony Cyber‑Shot RX10 IV with 0.03 Second Auto-Focus & 25x Optical Zoom with JOBY GorillaPod 3K Kit Compact Tripod 3K Stand and Ballhead 3K for Compact Mirrorless Cameras,B07KS75YGX
Sony HDR-CX550V 64GB High Definition Handycam Camcorder (Discontinued by Manufacturer),B0031RGL1G
Sony Alpha a6400 24.2MP Mirrorless Digital Camera with 16-50mm f/3.5-5.6 OSS Lens - Bundle with Camera Case| 32GB SDHC Card| 40.5mm Filter Kit| Cleaning Kit| Card Reader| Memory Wallet| PC Software,B07Q2CLDLC
Sony STR-DH510 5.1-Channel Home Theater Receiver (Discontinued by Manufacturer),B0038W0IZO
Sony VPLVW365ES 3D 4K SXRD 1500 Lumen Projector,B016IL60LM
Sony HDRFX1000 High Definition MiniDV Handycam Camcorder,B001G609CQ
Sony RCD-W500C CD Player / Recorder,B0000B3E8U
Sony 3MC-60B Microcassette - 3 Pack (Limited Edition),B07NV3ZNSB
Sony XSGSW101 GS Series 10 Inch Mrc Honeycomb Subwoofer,B06VVPFV6M
Sony Xperia Z5 32GB GSM/LTE - Unlocked phone - (US Warranty)- Retail Packaging (Black),B01AUAOI02
Sony LED Smart TV Remote Control RMT-TX100U/ RMT-TX300U,B01BZE7RFA
Sony Alpha a5100 Interchangeable Lens Camera with 55-210mm Lens (Black- Body Only),B00QWRLZPO
Sony 28-75mm f/2.8 Smooth Autofocus Motor (SAM) Full Frame Lens for Sony A-mount Digital SLR Cameras,B002NU5UOQ
Sony MDR1RNC Premium Noise-Canceling Headphones (Black),B009A6CZ44
Sony LCSBP2 3 way Style Flexible Carrying Case for Sony Alpha (Back)|Black,B005KG3KLU
Sony HDR-XR150 120GB High Definition HDD Handycam Camcorder (Discontinued by Manufacturer),B0031RGL2A
Sony Omnidirectional Microphone,B000095SAO
Strip of 5 Genuine Sony CR2025 3v Lithium 2025 Coin Batteries Freshly Packed by Sony,B0061PR4RA
SONY CDP-CX50 50 Compact Disc CD Player,B0164PJZSM
Sony PHA1A Portable Hi-Res DAC/Headphone Amplifier| Silver,B00TIAYRDO
Sony Cyber-Shot HX80 Compact Digital Camera with 30x Optical Zoom (Black) + a SDHC 32GB UHS Class 10 Memory Card + Accessory Bundle,B01NC3AU7W
Sony a7 III ILCE7M3/B Full-Frame Mirrorless Interchangeable-Lens Camera with 3-Inch LCD| Black with 85mm F1.8 Lens,B07YQHW8R2
Sony Professional HVR-A1U CMOS High Definition Camcorder with 10x Optical Zoom (Discontinued by Manufacturer),B000ENON1A
Official SONY PSP GO!Cam 450x Camera,B0047ERZ7Q
Sony SRS-P7 Passive Speaker System with Stereo Mini-Plug Input,B00005MOZG
Sony ST5000 7.1.2ch 800W Dolby Atmos Sound Bar with Wireless Subwoofer (HT-ST5000) Bundle with Sony Ubp-X800M2 4K UHD Blu-Ray Disc Player (UBPX800M2)| Black,B086Z2WSMF
Sony a7S II ILCE7SM2/B 12.2 MP E-Mount Camera with Full-Frame Sensor| Black with 20mm F1.8 Lens,B089DD3S4M
Sony MDR-XB500 40mm XB Diaphragm Driver Extra Bass Headphones,B001RB24S2
SONY PSP Playstation Portable Console JAPAN Model PSP-3000 Radiant Red (Japan Import),B001QOGQMA
Sony GV-HD700 High Definition Video Walkman,B000V3NU3A
Sony IER-Z1R Signature Series in-Ear Headphones (IERZ1R)|Black/Silver,B07HXPZ44S
Sony WF-1000XM3 True Wireless Noise-Canceling Earbud Headphones (Silver) with Hardshell Travel/Storage case and Noise Isolating Memory Foam & Silicone Tips Bundle (3 Items),B0844YXK2B
Sony GV-D300 Video Walkman Mini DV,B00009W16B
Sony HTCT100 Sound Bar with Subwoofer - Black (Discontinued by Manufacturer),B0015HS1HQ
Sony Portable Bluetooth Digital Turner AM/FM CD Player Mega Bass Reflex Stereo Sound System,B00V3U5D6W
Sony ADPMAA Shoe Adaptor for Mi Shoe| (Black),B0097DFTDY
Sony TDG-BR250/B Rechargeable 3D Adult Glasses| Black,B0052W9U3O
Sony D-EJ360 PSYC CD Walkman (Blue) (Discontinued by Manufacturer),B00008RS98
Sony STRDH820 7.2 Channel 3D AV Receiver (Black) (Discontinued by Manufacturer),B004QOA920
Sony Cyber-shot DSCH50 9.1 MP Digital Camera with 15x Optical Zoom with Super Steady Shot,B00154MCRO
Sony DVP-FX750 7-Inch Portable DVD Player| Black (2010 Model),B003CHMCXG
Sony a7S II ILCE7SM2/B 12.2 MP E-mount Camera with Full-Frame Sensor with Full Frame Wide-angle Prime Lens,B07KBQZN2Q
Sony RX100 II 20.2 MP Premium Compact Digital Camera w/ 1-inch Sensor| MI (Multi-Interface) Shoe and tilt LCD Screen (DSCRX100M2/B),B00DM8R866
Sony Professional XQD G Series 64GB Memory Card (QD-G64F/J),B081B4X9TG
Sony Sony-CUHYA-0080-AMZ1 Playstation Gold Wireless Headset 7.1 Surround Sound PS4 New Version 2018| White Edition,B07L47DT3C
Sony HDR-CX560V High Definition Handycam Camcorder (Black),B004H8FN76
Sony RX100 VII Premium Compact Camera with 1.0-Type Stacked CMOS Sensor (DSCRX100M7) with Vlogger Accessory Kit,B0896Q8PLT
Sony NP-BG1 Type G Lithium Ion Rechargeable Battery Pack for Sony W Series| Digital Cameras,B000BOLHH0
Sony DVP-FX950 9-Inch Portable DVD Player (2009 Model),B003C2T1IU
Sony X900H 85 Inch TV: 4K Ultra HD Smart LED TV with HDR| Game Mode for Gaming| and Alexa Compatibility - 2020 Model,B084L41QVJ
Sony BDP-S3100 Blu-ray Disc Player with Wi-Fi (2013 Model),B00AWKC0EC
Sony Playstation PS One - Video Game Console,B00004XOWT
Sony HT-CT370 2.1 Channel 300W Sound Bar with Wireless Subwoofer| Bluetooth| and NFC,B00IWQREE4
Sony MDR-AS35W Sports Headphones Lightweight with Powerful Bass,B003IP4O10
Sony STRDH130 2 Channel Stereo Receiver (Black),B006U1VH2S
Sony FE 20mm F1.8 G Full-Frame Large-Aperture Ultra-Wide Angle G Lens| Model: SEL20F18G,B08556WW56
Sony RDR-GX300 DVD Recorder,B0002KQR2I
Sony RMVZ320 7-Device Universal Remote with Dual IR Emitters,B00385XUFQ
Sony PCMD100 Portable High Resolution Audio/Voice Recorder|Black,B00FAY1LQ8
Sony XBR55X900F 55-Inch 4K Ultra HD Smart LED TV and UBP-X700 4K Ultra HD Blu-ray Player,B07GVQSV93
Sony TCM150 Standard Cassette Voice Recorder,B00008XETL
Sony DVP-FX980 9-Inch Portable DVD Player,B007F9XHCM
Sony NEX-FS700 R 4K Sensor High Speed NXCAM Super35 Camcorder Body| 8.3MP HD| 3.5 LCD Screen| Up to 960fps Super Slow Motion| 2 XLR/HDMI & 3G/HD-SDI,B00HWC8NCQ
Sony DCR-TRV260 20x Optical Zoom 990x Digital Zoom Digital8 Camcorder (Discontinued by Manufacturer),B0001BVT0S
Sony WX920BT 2-DIN CD Receiver with Bluetooth,B0794SZ5VK
Sony STR-DH540 5.2 Channel 4K AV Receiver 725 Watt Receiver (Black) (Discontinued by Manufacturer),B00BHC7ZT4
Sony SLV-D300P Progressive-Scan DVD-VCR Combo,B00008SJX3
Sony a7 III Full-Frame Mirrorless Interchangeable-Lens Camera with 24mm F/1.4-16 Fixed FE GM Wide-Angle Prime Lens| Black,B07HL5LVY7
Sony BC-TRW W Series Battery Charger,B00FSB749Q
Sony MDR10RNCIP iPad/iPhone/iPod Noise-Canceling Wired Headphones (White),B00HSCJ28E
Sony DCRHC20 MiniDV Digital Handycam Camcorder w/10x Optical Zoom (Discontinued by Manufacturer),B0001BW0TC
Sony 2 GB Memory Stick PRO Duo Flash Memory Card MSMT2G,B0013AV4M4
Sony SEL16F28 16mm f/2.8 Wide-Angle Lens for NEX Series Cameras,B003NRHAH8
Sony X900H 75 Inch TV: 4K Ultra HD Smart LED TV with HDR| Game Mode for Gaming| and Alexa Compatibility - 2020 Model,B084KTQBQT
Sony DVP-NC85H/B HDMI/CD Progressive Scan 5-Disc DVD Changer| Black,B000EDK8XC
Sony 55-300mm DT f/4.5-5.6 SAM Telephoto Zoom A-Mount Lens,B008OMOEO4
Sony SRSBT100 Bluetooth Stereo Speakers (Discontinued by Manufacturer),B0016KGRSM
Sony FE 12-24mm F2.8 G Master Full-Frame Constant-Aperture Ultra-Wide Zoom Lens (SEL1224GM),B08CHN22SJ
Sony Alpha a7II Mirrorless Digital Camera with 28-70mm f/3.5-5.6 Lens and Sandisk 64GB SD Card Bundle (2 Items),B01NC3J50T
Sony DEV-3 Digital Recording Binoculars| Black,B005I2YUTC
Sony X900H 55 Inch TV: 4K Ultra HD Smart LED TV with HDR and Alexa Compatibility - 2020 Model with Home Theater Surround Sound Speaker System,B088PWD38G
Sony 35mm F2.8 Sonnar T FE ZA Full Frame Prime Fixed Lens with 49mm UV Protection Filter,B077W3827D
Sony XSFB1630 FB Car Audio Speaker| Pair| Black,B00TM98RWI
Sony VCLECF2 10-13mm f/2.8-22 Fisheye Lens Fixed Prime Fisheye Converter for Sony Mirrorless Cameras,B00U7HQSNE
Sony X800H 75 Inch TV: 4K Ultra HD Smart LED TV with HDR and Alexa Compatibility - 2020 Model,B083R354VH
Sony VCLECU2 12-16 MM|f/2.8 Petal Shaped Fixed Ultra Wide Converter for SEL16F28 and SEL20F28|Black,B00U7HQSLQ
Sony ICD-TX650 IC Recorder (16GB) - Black,B00NUSPQIK
Sony 4 GB Memory Stick ProDuo MSMT4G/TQ1 (Black),B0013AX2JM
Sony DVPSR210P DVD Player,B007F9XHBI
Sony ECM-44 Omni-Directional Electret Condenser Wired Lavalier Microphone,B0002M1VBI
Sony ZX Series Stereo Headphones (Rose),B00NBR705M
Sony SELP1650 16-50mm Power Zoom Lens,B0096W1PG6
Sony CCD-TRV68 Hi8 Camcorder (Discontinued by Manufacturer),B00005JAEY
Sony AS30V High Definition POV Action Video Camera HDR-AS30V,B00EVIBN8U
Sony - FE 12-24mm F4 G Wide-Angle Zoom Lens (SEL1224G)|Black,B072J4B6WS
Sony Cyber-shot DSC-HX9V 16.2 MP Exmor R CMOS Digital Still Camera with 16x Optical Zoom G Lens| 3D Sweep Panorama and Full HD 1080/60p Video,B004HYFX0C
Sony X800H 49 Inch TV: 4K Ultra HD Smart LED TV with HDR and Alexa Compatibility - 2020 Model,B083R2VJSP
Sony ICF-C318 Clock Radio with Dual Alarm (Black) (Discontinued by Manufacturer),B000MXWSY6
Sony WH-CH500 Wireless On-Ear Headphones| Black (WHCH500/B),B079GXWSWG
Sony CX405 Handycam 1080p Camcorder with 32GB SD Card and Accessory Bundle,B00I52L1LW
Sony DCR-SX45 Handycam Camcorder (Black) (Discontinued by Manufacturer),B004H8FNAI
Sony MDR10RNC Premium Noise Canceling Headphone,B00HDD9FQ2
Sony 55mm F1.8 Sonnar T FE ZA Full Frame Prime Lens - Fixed,B00FSB799Q
Sony 50mm f/1.8 SAM DT Lens for Sony Alpha Digital SLR Cameras - Fixed,B0029U0X24
Sony X800H 55 Inch TV: 4K Ultra HD Smart LED TV with HDR and Alexa Compatibility - 2020 Model & Soundbar with Wireless Subwoofer,B086QKG2R2
Sony SHAKE-99 4800W Bluetooth Wireless Music System,B00IWQMS36
Sony WF-1000XM3 True Wireless Noise-Canceling Earbud Headphones (Silver| USA Warranty) with Ultra-Portable PD/QC Battery Pack and 4-Port USB 3.0 Hub (3 Items),B07W7QTBB7
Sony X800H 65 Inch TV: 4K Ultra HD Smart LED TV with HDR and Alexa Compatibility - 2020 Model,B083R2QTL6
Sony MDR-J10 h.ear Headphones with Non-Slip Design (Black),B000092YR6
Sony Compact and Portable Waterproof Wireless Speaker with Extra BASS - Lilac,B07MPQW47X
Sony DVC Cleaning Tape (Discontinued by Manufacturer),B0000632H7
Sony DCR-HC36 MiniDV Digital Handycam Camcorder with 20x Optical Zoom (Discontinued by Manufacturer),B000E0DU62
Sony MDR-EX100IP/B Earbuds for iPod/iPhone/iPad - Black,B00BN0N0K8
Sony Noise Cancelling Headphones| Deco Gear Hard Case and 1 Year Extended Protection Plan,B07GPXKVKK
Sony ALC-F405S Front Lens Cap for SELP1650 lens (Black),B00BIK06FU
Sony HTST9 7.1 Sound Bar with Wireless Subwoofer and HDMI cable,B00U78GFWW
Sony SLV-N700 Hi-Fi VHS VCR,B00008RS95
Sony 49mm Front Lens Cap ALCF49S|Black,B007PCP2OU
Sony D-EJ360 PSYC CD Walkman (Yellow),B00008RS99
Sony Foldable Headphones with Smartphone Mic and Control - Metallic Black,B00I3LV336
Sony MDR-EX100AP/P In-Ear Headphone Earbuds (Pink),B00CAXFH8A
Sony NPFG1/M8 Rechargeable Battery Pack (Silver),B00CEROTMW
Sony VRDMC6 DVDirect Compact Size DVD Burner with AVCHD Recording (Discontinued by Manufacturer)|Black,B002EVP85K
Sony XSGS6921 GS Series 6 x 9 Inches 2-Way Speakers (Set of 2),B00JSRMIKG
Sony XSGS1621 GS Series 6.5-Inch 2-Way Speakers| Set of 2,B00JSRMIEC
Sony Cyber-Shot DSCW810 20.1MP Digital Camera,B00M9GW22W
Sony Premium Noise Cancelling Wireless Behind-Neck in Ear Headphones - Gold (WI1000X/N),B074KBHW65
Sony 28-135mm FE PZ F4 G OSS Full-Frame E-Mount Power Zoom Lens,B00NGTN0Y0
Sony MDR-J10 Clip-on Style Stereo Headphones (White),B000FGIBKA
Sony MDR-NC300D Headphones (Old Version),B00385XU5Q
Sony Alpha a6300 ILCE6300M/B 24.2 MP Mirrorless Digital Camera with F3.5-5.6 OSS Zoom Lens| E 18-135mm| Black and E 55-210mm F4.5-6.3 Lens for Sony E-Mount Cameras (Black)za,B07D7VT9B3
Sony SAL-18552 18-55mm Zoom Lens,B00BFQHGVO
Sony ICF-C707 Clock Radio with AM/FM Dual Alarm and Large Easy to Read Backlit LCD Display,B003GHNQ0K
Sony T-160 VHS Video Cassette (Single),B00000J4VS
Sony DCR-DVD610 DVD Handycam Camcorder with 40x Optical Zoom (Discontinued by Manufacturer),B00123Q8YQ
Sony ECMGZ1M Gun / Zoom Microphone (Black),B00HPM0826
Sony STR-DA2800ES 7.2 Channel 4K AV Receiver with Automation,B00965J7LI
SONY Cfexpress Tough Memory Card,B07Z44514J
Sony SAL70200G 70-200mm f/2.8 SSM Lens for Sony Alpha Digital SLR Camera (OLD MODEL),B000DZKOJ4
Sony Alpha a7II Mirrorless Digital Camera with 28-70mm f/3.5-5.6 Lens| Corel Software Kit| Camera Bag| 57-Inch Tripod| Rechargeable Battery and Dual Charger| 32GB SD Card| HDMI Cable Bundle (7 Items),B01BO50DRE
Sony XSLD105P5 10-Inch Subwoofer,B0002ZSIB6
Sony NP-BK1 Type K Rechargeable Li-Ion Battery Pack for Sony Webbie Camcorder| S780 & S750 Digital Cameras - Retail Packaging,B0012DCFWA
Sony a7 III Full-frame Mirrorless Interchangeable-Lens Camera with 28-70mm Lens Optical with 3-Inch LCD| Black (ILCE7M3K/B) and 64GB memory card,B07D8VR1BS
Sony Z9R Wireless Speaker for Z9F Sound bar (SA-Z9R),B07B1WSLJT
Sony HDR-SR11 10.2-MP 60GB High Definition Hard Drive Handycam Camcorder with 12x Optical Image Stabilized Zoom (Discontinued by Manufacturer),B00123XZNI
Sony DAVTZ140 DVD Home Theater System,B007K5H4Z2
Sony DVM60PRR/6 Premium Digital Video Cassette Brick - 6 Pack,B001ANZTYS
Sony Alpha a6300 Mirrorless Camera,B07BQHLWTB
Sony X800H 55 Inch TV: 4K Ultra HD Smart LED TV with HDR and Alexa Compatibility - 2020 Model,B083R3145Z
Sony DSCW800/B 20.1 MP Digital Camera (Black),B00I8BIBCW
Sony ACCTRDCX Travel DC Charger Kit (Black),B00DSZ5B4E
Sony LCSTWP/B Compact Carrying Case for Cyber-Shot Digital Camera (Black),B00BKV9U90
Sony MDRZX310AP Over-Head Headphones| White,B00IKYI5GE
Sony CLM-V55 5-Inch Portable LCD Monitor for DSLR cameras,B004LQ1QDE
Sony A-B Box (FV220),B000068IDU
Sony ECMCS3 Clip style Omnidirectional Stereo Microphone| Silver,B0058MJX4O
Sony HVLLEIR1LED Battery Video and IR Light (Black),B00BMTTO0U
Sony MDR-ZX310AP/R ZX Series Stereo Headset - Red,B00IKYI2J4
Sony MHCEC619iP 120 Watts Music System,B00EZGB4GO
Sony MDR10RBT Bluetooth Wireless Headphones,B00FJISZ8M
Sony HVR-V1U 3-CMOS 1080i Professional HDV Camcorder with 20x Optical Zoom (Discontinued by Manufacturer),B000IF8NNS
PlayStation VR Launch Bundle 2 Items: VR Launch Bundle| Sony PlayStation4 Slim 1TB Console- Jet Black,B077SMR3F1
Sony DVP-NC600 5-Disc Carousel Changer,B00005T3LC
Sony MHCEC709iP Mini Hi-Fi Shelf System (Discontinued by Manufacturer)|Black,B003IBB9CG
SDX-500C SONY SDX-500C SONY SDX-500C,B004MU3RWC
Sony MDRRF970RK Wireless Stereo Headphones (Discontinued by Manufacturer),B000PCEFXQ
Sony NEXVG900 Full Frame Interchangeable Lens Camcorder Video Camera with 3-Inch LCD(Black),B0099HBYT6
Sony RDR-VX530 DVD Recorder & VHS Combo Player,B000FMPGLQ
Sony STRDN1080 7.2 Channel Dolby Atmos Home Theater AV Receiver with 16-Gauge Speaker Wire - 100 Feet and Banana Plugs - 6 pairs,B07JWKQ8GY
Sony a7S II ILCE7SM2/B 12.2 MP E-Mount Camera with Full-Frame Sensor| Black with 24-105mm Lens,B089D9FWYV
Sony SSCS5 3-Way 3-Driver Bookshelf Speaker System (Pair) - Black,B00O8YLMVA
Sony MHC-M20 High Power Audio System with CD,B07J6V2H1H
Sony PlayStation 3 Dualshock 3 Wireless Controller - White,B000X260V8
Sony MDRE9LP/GRN Earbud Headphones,B004UYE5T4
Sony BDP-S185 Blu-Ray Disc Player (2012 Model),B005NEZDUA
Sony ICD-PX820 Digital Voice Recorder (Black),B00387E5BM
Sony HDR-SR12 10.2MP 120GB High Definition Hard Drive Handycam Camcorder with 12x Optical Image Stabilized Zoom,B00123WDR2
Sony MDRZX110AP ZX Series Extra Bass Smartphone Headset with Mic (Black),B00OUX6U6G
Sony HT-X9000F Soundbar with Wireless Subwoofer: X9000F 2.1ch Dolby Atmos Sound Bar and Subwoofer - Home Theater Surround Sound Speaker System for TV - Bluetooth and HDMI Arc Compatible Bar,B0792SBYZ8
Sony PCKLM17 Screen Protect Semi-Hard Sheet for Sony Alpha A6000 (Black),B00IJ3ZEWE
Sony XBR85X900H 85 inch X900H 4K Ultra HD Full Array LED Smart TV (2020 Model) Bundle with Deco Gear Home Theater Soundbar with Subwoofer| Wall Mount Accessory Kit| 6FT 4K HDMI 2.0 Cables and More,B086M2WQNF
Sony HVLF20M| MI Shoe External Flash for Alpha SLT/NEX (Black),B00BJGNRR2
Sony LA-EA3 A-Mount Adapter,B00FSB767G
Sony Cybershot H200 Black 20.1MP 26X (OLD MODEL),B00AQDG96K
Sony DSLR Lens 70-300mm F4.5-5.6 G SSM II Zoom Lens for Sony Alpha Cameras,B00Q5XL6LS
Sony NP-FM50 InfoLithium Battery for Select Sony Camcorders & Digital Cameras,B00005T3N0
Sony BRAVIA DAV-HDX265 Home Theater System (Discontinued by Manufacturer),B000O6SI6S
Sony HDRCX455/B Full HD 8GB Camcorder (Black),B01950TERA
Sony Alpha a7 III Mirrorless Digital SLR Camera with 28-70mm Lens Kit + Prime TTL Accessory Bundle with 128GB Memory & Photo/Video Editing Software,B07QPWLC45
Sony SEL075UWC 21 mm f/2.8-22 Ultra Wide Converter Lens for Mirrorless Cameras|Black,B00U29GNAA
Sony Alpha a5100 Interchangeable Lens Camera with 16-50mm and 55-210mm Lenses (Black),B00QWRBZUE
Sony MDRE9LP/VLT Earbud Headphones,B004RE5ZAA
Sony BLTUHM1 Universal Head Mount for Action Cam (Black),B00EVIJXBY
Sony MDR-XB50AP/R Extra Bass Earbud Headset,B00JE08H8O
Sony Compact Stereo Sound System for House with Bluetooth Wireless Streaming NFC| Micro Hi-Fi 50W| CD/DVD Player with Separate Speakers| FM Radio| Mega Boost| USB Playback and Charge| Remote Control,B07SQ5ZYZZ
Sony SEL85F18 85mm F/1.8-22 Medium-Telephoto Fixed Prime Camera Lens| Black,B07XF2HBKK
Sony Cyber‑Shot RX10 IV with 0.03 Second Auto-Focus & 25x Optical Zoom with NP-FW50 Lithium-Ion 1020mAh Rechargeable Battery and BC-TRW W Series Charger,B07CN888LG
Sony MDR-AS210/P Sport In-ear Headphones| Pink,B01LY0KKAF
OEM Remote - Sony RMF-TX500U for Select Sony TVs,B082WLBC6C
Sony HTCT550W 3D Sound Bar Home Theater System with Wireless Subwoofer (Discontinued by Manufacturer)|Black,B004MF7A02
Sony Alpha 70-350mm F4.5-6.3 G OSS Super-Telephoto APS-C Lens,B07X72DMLC
Sony MHCECL99BT Wireless Music System|Black,B00MO66IJU
Sony Cyber‑Shot RX10 IV with 0.03 Second Auto-Focus & 25x Optical Zoom (DSC-RX10M4),B075KTJJPC
Sony DCRHC40 MiniDV Digital Handycam Camcorder w/10x Optical Zoom (Discontinued by Manufacturer),B0001BVHL4
Sony GV-D200 Digital 8mm Portable Video Recorder,B00006JQQ6
Sony BDP-CX960 400 Disc Blu-ray Disc / DVD MegaChanger (Black) (2009 Model),B002M78J70
Sony MDRZX300/RED Outdoor Headphones,B004RKVXXM
Sony MDR-Z7M2 Hi-Res Stereo Overhead Headphones Headphone (MDRZ7M2),B07G7LZNTW
Sony M-2000 Microcassette Transcriber,B00006IACF
Sony MDR-J10 H.Ear Headphones with Non-Slip Design (Green),B000092YQ3
Sony PS3 Media/Blu-ray Disc Remote Control,B0050SX9I2
Sony ZX Series MDR-ZX310AP Headband Stereo Headset,B00IKYI6FO
Sony STRDH520 7.1 Channel 3D AV Receiver (Black) (Discontinued by Manufacturer),B004NHCGJO
Sony HVLF60M Flash for Alpha Cameras (Black),B0096W1O30
Sony Alpha a6300 Mirrorless Camera,B078T3M224
Sony DVDirect DVD Recorder VRDMC5,B000SML2BQ
Sony PXW-Z150 4K XDCAM Camcorder,B01CYWWVVM
Sony MDR-W08L Vertical In-The-Ear Headphones,B00005N6KG
Sony BDPS3200 Blu-ray Disc Player with Wi-Fi (2014 Model),B00HPMCO4Q
Sony XBR75X900F 75-Inch 4K Ultra HD Smart LED TV and UBP-X700 4K Ultra HD Blu-ray Player,B07GW2NVGV
Sony MDRZX110/BLK ZX Series Stereo Headphones (Black),B00NJ2M33I
Sony E-mount FE 24mm F1.4 GM Full Frame Wide-angle Prime Lens (SEL24F14GM)| Black,B07HJXVHSS
Sony MDR-XB300 Extra Bass Headphones (Old Version),B001RB24R8
Sony BDP-CX7000ES 400 Blu-ray Disc Mega Changer (Black) (2009 Model),B002JIMRFC
Sony TMR-BR100 3D Sync Transmitter for Sony's 3D Glasses| Black,B003SN0IL2
Sony PXW-FS7 XDCAM Super 35 Camera System Professional Camcorder| Black (PXWFS7),B00P7AK580
Sony SEL85F18 85mm F/1.8-22 Medium-Telephoto Fixed Prime Camera Lens| Black with UV Protection Lens Filter - 67 mm,B077VX6B41
Sony 7.2 Channel 3D 4K A/V Surround Sound Multimedia Home Theater System (STRDN1080| SSCS3 (2)| SSCS5| SSCS8| SACS9) (6 Items),B06VSJVFK4
Sony V21 High Power Audio System with Bluetooth with Pyle Pro Professional Dynamic Handheld Microphones Bundle (3 Items),B07JMBWYDY
Sony MDR-XD100 Stereo Headphones (Discontinued by Manufacturer),B0007N55NM
New Sony Playstation 4 20Th Anniversary Edition - PS4300667,B00R0IDJI0
Sony XS-GS1631C 6.5 (16-cm) 3-Way Component Speakers,B07B59YFBK
Sony LCJRXF/B Premium Jacket Case (Black),B00KOUIC0Q
Sony XAVV10BT 15.7cm (6.2 inch) Media Receiver with Bluetooth,B07L482J9G
Sony MDR-J10 H.Ear Headphones with Non-Slip Design (Blue),B00007EDM8
Sony ZV-1 Digital Camera with Vlogger Accessory Kit (4 Items),B089KRV4FF
Sony Hi8 Camcorder 8mm Cassettes 120 Minute (4-Pack) (Discontinued by Manufacturer),B0000632H2
Sony Dualshock 4 Wireless Controller for PlayStation 4 - Green Camouflage - PlayStation 4,B01N02UQ05
Sony 3V Lithium CR2032 Batteries (5 Batteries),B004AT066A
Sony HMZ-T3W Head Mounted 3D Viewer (2014 Model),B00FNJGJN0
Sony SLV-N51 4-Head Hi-Fi VCR,B00005I9R4
Sony ADP-AMA Shoe Adapter (Black),B0099YS6WW
Sony a7 III Full-Frame Mirrorless Interchangeable-Lens Camera Optical with 3-Inch LCD| Black (ILCE7M3/B) + FE 50mm F1.8 Lens,B07YQJ9392
Sony SRG300H | Black 30x PTZ Full HD Desktop Ceiling Mount Camera,B00NTBTQHU
Sony 16-35mm Vario-Tessar T FE F4 ZA OSS E-Mount Lens,B00NGTN25C
Sony XAV-AX8000 1DIN chassis 8.95” floating LCD screen with Apple Car Play| Android Auto| Media Receiver with Bluetooth,B07XHYC2YW
Sony 4K 3-CMOS 1/3-type Sensor XDCAM Professional Camcorder| Black (PXWZ190),B07GRZKBWQ
Sony 364 (SR621SW) 1.55V Silver Oxide 0% Hg Mercury Free Watch Battery (3 Batteries),B00ISCTLX4
Sony STRZA1000ES 7.2-Channel 4K AV Receiver (Black),B00RN96V04
Sony CR2032 Lithium 3V Batteries (2 x Pack of 5),B0042KOJRE
Sony ICD-ST10 Digital Voice Recorder with Voice-To-Print Compatibility,B00009N6VQ
Sony α7R IV Full-Frame Mirrorless Interchangeable Lens Camera (ILCE7RM4/B) and Sony Tough High Performance 64GB SDXC UHS-II Class 10 U3 Flash Memory Card,B07ZZVXFRT
Sony Mdr-222Kd/Pin Childrens Headphones (Pink),B00172M8HS
Sony SAL70200G2 Camera Lenses,B00FSB79AK
Sony XMGS400 GS Series 4/3/2 Channel Amplifier (Discontinued by Manufacturer),B00AMBL1WS
Sony ICD-UX570 Digital Voice Recorder| ICDUX570BLK,B082QL6KLG
Sony STR-DN1080 7.2-ch Surround Sound Home Theater AV Receiver: 4K HDR| Dolby Atmos| Bluetooth| WiFi| Google Chromecast & SACS9 10-Inch Active Subwoofer|Black,B08D9JWS31
Sony GPVPT1 Grip and Tripod for Camcorders (Black),B00E5AE80E
Sony - HDRCX405 HD Video Recording Handycam Camcorder (black),B00R5LH9HO
Sony PLAYSTATION 3 80GB (PS3) System,B005DHDCJG
Sony HVR-Z7U HDV Professional Video Camcorder,B00138TS4C
Sony STRDH720 7.1 Channel 3D AV Receiver (Black) (Discontinued by Manufacturer),B004QOA92A
Sony MDRZX300/BLK Stereo Headphones,B004RKQMCY
Sony Playstation 3 Dualshock 3 Controller - Black,B00CUKPSGO
Sony VGC2EM Vertical Grip (Black),B00Q5XL7NU
Sony RX100 20.2 MP Premium Compact Digital Camera w/ 1-inch sensor| 28-100mm ZEISS zoom lens| 3” LCD,B00889ST2G
Sony BDV-E770W Blu-ray Player Home Entertainment System [3D Compatible] (Discontinued by Manufacturer),B0035ER1PK
Sony CR1632 3 Volt Lithium Coin Cell Battery (5 Batteries),B00PJ47INO
Sony DVP-NC685V 5-Disc DVD/CD/SACD Player,B0000CD9TA
Sony XBR65X800H 65 X800H 4K UHD LED TV (2020) with Deco Gear Home Theater Bundle,B085JP7KHL
Sony STR-DN1080 7.2-ch Surround Sound Home Theater AV Receiver: 4K HDR| Dolby Atmos| Bluetooth| WiFi| Google Chromecast,B06XKRWWSG
Sony SAL70300G 70-300mm f/4.5-5.6 SSM ED G-Series Compact Super Telephoto Zoom Lens,B0013GQ2WU
Sony 50mm f/1.4 Lens for Sony Alpha Digital SLR Camera,B000DZH9MY
Sony LCSSC8 Lightweight System Case for Alpha DSLR Camera and Lenses - Black,B005J3X1QI
Sony DSC-RX100/B 20.2 MP Exmor CMOS Sensor Digital Camera with 3.6x Zoom with SanDisk 32GB Ultra Class 10 SDHC UHS-I Memory Card Up to 80MB| Grey/Black,B07CSPS644
Sony DVM60PRR/3 60-Minute DVC Tape Hang Tab,B00142L0AM
Sony MDR110LP Open-air Stereo Headphones,B000EGLZU4
Sony MDR-ZX310-BLACK Wired Headphones with Lightweight Adjustable Headband and Swivel Earcups,B00KNAYISC
Sony MEXN5000BT CD Car Stereo Receiver with Bluetooth| NFC Pairing & App Remote SmartPhone Control (Discontinued by Manufacturer),B00HQXUH84
Sony MHCV50 High-Power Home Audio System with Bluetooth Technology,B0772Q9D8J
Sony SU-WL855 Ultra Slim Wall-Mount Bracket for Select Sony BRAVIA OLED and LED TVs,B07P83HQMB
Sony BDP-S470 3D Blu-ray Disc Player (2010 Model),B0036WS4CK
Sony HDR-TG5V High Definition Handycam Camcorder with Built-in GPS Receiver and 10x Optical Zoom (Discontinued by Manufacturer),B0023RTE4G
Sony M-450 Microcassette Recorder with 30 Hours of Battery Life,B00006I5TG
Sony CCD-TRV138 Hi8 Handycam Camcorder w/ 20x Optical Zoom (Discontinued by Manufacturer),B0007M3PJ4
Sony TDG-BR100 Adult Size 3D Active Glasses| Black,B003SN46EC
Sony XBR65X900F 65-Inch 4K Ultra HD Smart LED TV and 2.1 Channel Soundbar with Dolby Atmos and Wireless Subwoofer (HT-X9000F),B07F3PRVM4
Sony EV-C3 Compact Video 8 VCR,B00D2FSBXI
Sony SACS9 10-Inch Active Subwoofer|Black,B00O8YLIY6
Sony STRDH750 7.2 Channel 4K AV Receiver,B00J356C0K
3 Sony CR1616 Lithium Coin Batteries,B00NEQVNT4
Sony DT 11-18mm f/4.5-5.6 Aspherical ED Super Wide Angle Zoom Lens for Sony Alpha Digital SLR Camera,B000DZH7JO
Sony Ultra Slim Upscaling DVPSR510H DVD Player; with Free Xtreme 6’ High Speed HDMI Cable,B017BQQN4C
Sony HDR-XR160 High-Definition Handycam Camcorder (Black) (Discontinued by Manufacturer),B004H8FN8K
Sony SEL057FEC 16mm f/3.5-22 Fisheye Converter Lens for Mirrorless Cameras,B00U29GRQA
Sony XAV-AX7000 6.95Apple Carplay/Android Auto High Power Media Receiver,B07XGDHSTD
Sony XBR55X900F 55-Inch 4K Ultra HD Smart LED TV and 2.1 Channel Soundbar with Dolby Atmos and Wireless Subwoofer (HT-X9000F),B07F44JFZ8
Sony Bloggie Camera (Black),B004H8FNBC
Sony Clip Head Mount Kit for Action Camera,B00N2KD3K4
Sony VPL-VW1100ES Native 4K 3D SXRD Home Theater Projector,B00HSI21UE
Sony BDP-N460 Blu-ray Disc Player (Black) (2009 Model),B002PHM0XQ
Sony SELP-18200 E-Mount 11x Zoom Lens,B00B20OYVS
Sony VGC1EM Digital Camera Battery Grip,B00FSB75ZO
Sony FDRAX1 4K Camcorder Video Camera with 20x Optical Zoom with 3.5-Inch LCD,B00EVIJXBO
Sony BDP-S590 3D Blu-ray Disc Player with Wi-Fi (Black) (2012 Model),B006U1YUZE
Sony OEM Genuine RMF-TX310U Remote Control,B081H5FTYT
New Sony Dualshock 4 V2 God of War Edition Controller PS4,B07B9L8Y97
Sony AGR2 Attachment Grip (Black),B00KOUIBRU
Sony Xperia L1 G3313 - 16GB 5.5 LTE QuadCore Factory Unlocked Smartphone - Black,B0733KDST1
Sony LCSCSJ Soft Carrying Case for Sony S| W| T| and N Series Digital Cameras,B000MDY7K4
Sony RM-VPR1 Remote Control with Multi-Terminal Cable (Black),B00BIK04ZM
Sony 55-200mm f/4-5.6 SAM DT Telephoto Zoom Lens for Sony Alpha Digital SLR Cameras,B0029U0X1A
Sony XAVAX5500 6.95 7” Apple Car Play| Android Auto| Media Receiver with Bluetooth and WebLink Compatible,B08BFFH883
Sony WM-EX190 Walkman Stereo Cassette Player with Anti-Rolling Mechanism,B00006IS5O
Sony 1 GB Memory Stick PRO Duo Flash Memory Card MSMT1G,B0013B1U8G
Sony 16-35mm Vario-Tessar T FE F4 ZA OSS E-Mount Lens with Clear UV Haze,B077KF8PL6
Sony CDP-CX355 Mega Storage Compact Disc 300 CD Changer Player,B0000AKKS9
Sony CCDTRV608 Hi8 Camcorder with 3.0 LCD| Video Light & USB Streaming (Discontinued by Manufacturer),B0000630MM
Sony DCR-HC52 MiniDV Handycam Camcorder with 40x Optical Zoom (Discontinued by Manufacturer),B00123Q8VY
Sony MDRXB400/BLU Extra Bass Over The Head 30 mm Driver Headphone| Blue,B009A6CZYE
Sony M-570V Microcassette Voice Recorder,B0007Y6AJO
Sony ICF-306 Portable AM/FM Radio - Black,B013JGHQ58
Sony BCTRX Battery Charger for X/G/N/D/T/R and K Series Batteries (Black),B009OZVIS0
Sony CFDS50 Portable CD| Cassette & AM/FM Radio Boombox,B00INEG8W4
Sony XBR55A8H 55 A8H 4K UHD OLED Smart TV (2020) Bundle with Deco Gear Home Theater Bundle,B086Q285TY
Sony ZSRS60BT CD Boombox with Bluetooth and NFC (Black),B00V3SYMIY
Sony PlayStation 3 250GB Console - Black,B00AEX81SG
Ps3 Sony Playstation 3 60gb 60 gig Fully Backwards Compatible Model CECHA01 Console System with 4 USB ports and Memory card reader ports,B004HGDUQE
Sony SLVD570H DVD/VCR Combo Player with HDMI,B000F5PM7Q
Sony 1/4-Inch CCD Pan/Tilt Zoom Color NTSC Video Camera EVI-D70,B007G53W16
Sony X900H 65 Inch TV: 4K Ultra HD Smart LED TV with HDR and Alexa Compatibility - 2020 Model with Home Theater Surround Sound Speaker System,B088PWMMLH
Sony ZX MDR-ZX310AP/L Series Headband Stereo Headset,B00IKYI3BQ
Sony XLR-K2M Adaptor Kit with Microphone,B00NGTN1LM
Sony BRAVIA V-Series KDL-52V5100 52-Inch 1080p 120Hz LCD HDTV| Black (2009 Model),B001T9N0FS
Sony DT 18-200mm f/3.5-6.3 Aspherical ED High Magnification Zoom Lens for Sony Alpha Digital SLR Camera,B000DZH80C
Sony MDRZX110 ZX Series Stereo Headphones (Black) with 3.5mm Mini Plug to 1/4 inch Headphone Adapter & HeroFiber Ultra Gentle Cleaning Cloth,B00SHPS4KS
Sony CDP-CE500 5-Disc CD Changer (Black),B004NQU4YY
Sony Alpha 7R IV Full-Frame Mirrorless Interchangeable Lens Camera (ILCE7RM4/B) with Sony SEL2470GM E-Mount Camera Lens: FE 24-70 mm F2.8 G Master Full Frame Standard Zoom Lens,B07ZK2YMTD
Sony Bravia FW43BZ35F 43 4K HDR Edge-Lit Commercial LCD Display| Black,B07DCW2C7Y
Sony ECM77B Electret Condenser Lavalier Microphone| Black,B00078N8MM
Sony MDR-DS6500 Digital Wireless 3D Surround Headphones,B004P15HD0
Sony DLCHEU15 Micro HDMI Cable (4.7 Feet) 1.5 Meter,B005EL9U1U
Sony FS85USB Digital Recorder Transcription Kit,B0000C0VGU
Sony DCR-SR68 80GB Hard Disk Drive Handycam Camcorder (Discontinued by Manufacturer),B0031RGKWQ
Sony SEL30M35 30mm f/3.5 e-mount Macro Fixed Lens,B0054I54JU
Sony ICDUX560BLK Digital Voice Recorder 1 Black,B01FWNSXJO
Sony 8 GB Memory Stick PRO Duo Flash Memory Card MSMT8G,B0013AZ19G
Sony VMC-IL4615 1.5 Meter i.LINK 4-Pin to 6-Pin Digital Video Transfer Cable for most Sony Camcorders,B000063W8X
FE 135mm F1.8 G Master Telephoto Prime Lens for Sony E-Mount,B07P6MNC3R
Sony LBT-GPX555 High Power Home Audio System with Bluetooth,B00IWQ3YPC
Newest Sony Playstation 4 PS4 1TB HDD Gaming Console Bundle with Three Games: The Last of Us| God of War| Horizon Zero Dawn| Included Dualshock 4 Wireless Controller,B0825526SW
Sony ICFC1TBLACK Alarm Clock Radio| Black,B00IEYHMQ4
Sony X900H 75 Inch TV: 4K Ultra HD Smart LED TV with HDR and Alexa Compatibility - 2020 Model with Sony HT-G700 3.1CH Dolby Atmos/DTS:X Soundbar,B088PWG5QN
Sony NWWS623/B Waterproof and Dustproof Walkman with Bluetooth|Black,B07343TRVR
Sony 377 (SR626SW) 1.55V Silver Oxide 0% Hg Mercury Free Watch Battery (2 Batteries),B00ISCTQRK
Sony RX0 II 1” (1.0-type) Sensor Ultra-Compact Camera,B07Q2DNL98
Sony Alpha 7R IV Full-Frame Mirrorless Interchangeable Lens Camera (ILCE7RM4/B) with Sony FE 85mm f/1.4 GM Lens,B07ZK33TYG
Sony PlayStation 4 1TB Pro Console - NHL 20 Bundle Edition - PlayStation 4,B07WQJF7M6
Sony Rear Lens Cap for Nex,B004U28R86
Sony SRS-XB21 Portable Wireless Bluetooth Speaker| Black (SRSXB21/B),B079VBL6WV
Sony 35mm F2.8 Sonnar T FE ZA Full Frame Prime Fixed Lens,B00FSB79KU
Sony ICFC1WHITE ICFC1 Alarm Clock Radio| White,B00IEYHMSC
Sony MDRZ7 Hi-Res Stereo Headphones,B00NBMHT7Q
Sony Cyber-shot DSC-HX300/BC 20.4 MP Digital Camera with 50x Optical Zoom and 3-Inch Xtra Fine LCD (Black),B00BEHRQB4
Sony SLV-D350P DVD / VCR Combo,B0001ML86C
SONY ICD PX333 Digital Voice Recorder,B00BOXNSRY
Sony IER-M7 in-Ear Monitor Headphones,B07J6HTNMH
Sony a6000 Interchangeable Lens Digital Camera - Black (24.3MP| Body Only),B00IE9XHCM
Sony NP-BX1/M8 Lithium-Ion X Type Battery (Silver),B00CBB7P4U
Sony MDR-EX110AP/P Step-Up EX Series Earbud Headset,B00IKYI4DI
Sony Business Microphone | ECM-CS3 (Japanese Import),B004KVIZJ8
Sony HDR-TD10 High Definition 3D Handycam Camcorder with 10x Optical Zoom (Silver),B004H8FN6M
Sony STR-DH500 5.1-Channel A/V Receiver (Black) (Discontinued by Manufacturer),B001TOZTCA
Sony DUALSHOCK 4 USB Wireless Adapter - PlayStation 4,B01KHFIO82
Sony ST5000 7.1.2ch 800W Dolby Atmos Soundbar with Wireless Subwoofer (HT-ST5000)| Surround Sound Home Theater experience,B06ZYXH1ML
Sony X800H 65 Inch TV: 4K Ultra HD Smart LED TV with HDR and Alexa Compatibility - 2020 Model and Ultra Slim Wall-Mount Bracket for Select Sony BRAVIA OLED and LED TVs,B085QSMHXN
Sony A390 Digital SLR Camera - Black (Discontinued by Manufacturer),B003TQN2VG
Sony SEL85F18 85mm F/1.8-22 Medium-Telephoto Fixed Prime Camera Lens and Circular Polarizer Lens - 67 mm,B07BQVD7SG
Sony XB950B1 Extra Bass Wireless Headphones with App Control| Black,B01N5UVZBP
Sony XBR43X830C 43-Inch 4K Ultra HD Smart LED TV (2015 Model),B00R45XH86
Sony CDP-CE275 5-Disc CD Player (Discontinued by Manufacturer),B000065VV3
Sony MDR-XB50AP/L Extra Bass Earbud Headset,B00JE0AQPG
Sony NPFM500H Li-Ion Rechargeable Battery Pack for Sony Alpha Digital SLR Cameras - Retail Packaging,B000UPNQCY
Sony DVP-CX985V 400 Disc Progressive DVD / SACD Player,B0000DIK0U
Sony ALCB1EM NEX Body Cap for Several Models|Black,B004NE4OKQ
Sony STR-DN1080 7.2-ch Surround Sound Home Theater AV Receiver: 4K HDR| Dolby Atmos| Bluetooth/WiFi| Google Chromecast & SSCSE Dolby Atmos Enabled Speakers| Black| Dolby Atmos Enabled Speakers (Pair),B08D9L8L6K
Sony SAL-16F28 16mm f/2.8 Fisheye Lens for Sony Alpha Digital SLR Camera,B000G25NH2
Sony SEL1635GM 16-35mm f/2.8-22 Zoom Camera Lens with UV Haze,B0778X3X5P
Sony RMVLZ620 Universal Remote Control (Black),B00385XUG0
Sony MDRE9LP/ORG Ear Buds,B004UDOF0O
Sony MDRXB700 Extra Bass Headphones (Discontinued by Manufacturer),B001UE6PE0
Sony RM-YD092 (1-492-065-11) Factory Original Replacement Smart TV Remote Control for All LCD LED Bravia TV,B0711CJT9K
Sony 50mm f/2.8 Macro Lens for Sony Alpha Digital SLR Camera,B000DZH712
Sony PlayStation Classic - PlayStation,B07HHV6MHH
Sony SLT-A65V 24.3 MP Translucent Mirror Digital SLR With 18-55mm Lens,B005IHAIDO
Sony BDPSX910 Sony Portable Blu-ray Player (Old Model),B006U1YUJ0
Sony D-EJ360 PSYC CD Walkman (Red),B00008RS9A
Sony MDR-222KD Childrens Headphones (Black),B00172T3Q2
Sony RF400 Wireless Home Theater Headphones for Watching TV (WHRF400),B07GL7V46V
Sony a7S II ILCE7SM2/B 12.2 MP E-Mount Camera with Full-Frame Sensor| Black with 35mm F1.8 Lens,B089DDBHD4
Sony Professional DSR-PD170 3 CCD MiniDV Camcorder with 12x Optical Zoom (Discontinued by Manufacturer),B0001851PA
Sony Ericsson Clamshell W518 3G Mobile Flip Phone Black,B002HJ37HA
Sony 5C90HFR 90-Minute HF Cassette Recorders 5-Brick,B000FD03L8
Sony X900H 85 Inch TV: 4K Ultra HD Smart LED TV with HDR and Alexa Compatibility - 2020 Model with Sony HT-G700 3.1CH Dolby Atmos/DTS:X Soundbar,B088PWMQ73
Sony Alpha a7 III Full Frame Mirrorless Digital Camera (Body Only) ILCE7M3/B - Bundle Kit,B07STH7C9F
Sony DCR-TRV460 20x Optical Zoom 990x Digital Zoom Hi8 Camcorder (Discontinued by Manufacturer),B0001BW0U6
Sony QX30 Smartphone Attachable Lens Style Camera,B00N2KD49O
Sony WH-H910N h.Ear on 3 Wireless Noise Cancelling Headphones - International Version (Black),B081LFKKWR
Sony Cyber‑Shot RX10 IV with 0.03 Second Auto-Focus & 25x Optical Zoom with LCD Protector,B07782Q4LP
Sony ZX MDR-ZX310AP/W .Headband Stereo Headset,B00IU3DE5M
Sony a7S II ILCE7SM2/B 12.2 MP E-mount Camera with Full-Frame Sensor| Black,B0158SRJVQ
Sony 60 Minute Blank Microcassette Tapes MC-60| Set of 3,B0088M69UW
Sony SLV-N71 4-Head Hi-Fi VCR,B00005I9R5
Sony IER-M9 in-Ear Monitor Headphones,B07HKRQKSJ
Sony α7R IV Full-Frame Mirrorless Interchangeable Lens Camera (ILCE7RM4/B) with Sony 24-70mm f/4 Vario-Tessar T FE OSS Interchangeable Full Frame Zoom Lens,B089PPKCTQ
Sony S-544 8 GB Walkman Video MP3 Player (Violet),B002MXXFHI
Sony SEL-20F28 E-Mount 20mm F2.8 Prime Fixed Lens,B00B20OYUO
PlayStation Portable (PSP) Value Pack,B0007TFLLC
Sony 5.2-Channel 725-Watt 4K 3D A/V Surround Sound Home Theater System,B01N28OE9I
Sony HVR-HD1000U MiniDV 1080i High Definition Camcorder with 10x Optical Zoom (Discontinued by Manufacturer),B0010T7J18
Sony LCSSC21 Lightweight System Case for Alpha DSLR Camera and Lenses - Black,B005K8AUGG
Sony SAL30M28 30mm f/2.8 Lens for Alpha Digital SLR Cameras,B002MPPRNQ
Sony MHC-V71 High Power Home Audio System with BLUETOOTH,B07HL94GH3
Sony HDR-FX7 3-CMOS Sensor HDV High-Definition Handycam Camcorder with 20x Optical Zoom (Discontinued by Manufacturer),B000IBDWNS
Sony RMF-TX200U Android TV Voice Remote Control,B01KURPDQ8
Sony BDVE3100 5.1 Channel Home Theater System,B00BI22U3O
Sony SEL85F18 85mm F/1.8-22 Medium-Telephoto Fixed Prime Camera Lens| Black,B06WLGFWGX
Sony MDRE9LP/PNK Earbud Headphones,B004YDMQEC
Sony HAPZ1ES 1TB Hi-Res Music Player System,B00FFZD29Q
Sony Alpha a6300 Mirrorless Digital Camera with E PZ 16-50mm F3.5-5.6 OSS Power Zoom Lens (Black) and E 55-210mm F4.5-6.3 Lens for Sony E-Mount Cameras (Black),B076JVLTDP
Sony 6T120VR 120-Minute VHS 6-Pack (Discontinued by Manufacturer),B002DPOJ16
Sony GS Series XSGSW121 12-Inch SVC Subwoofer,B00JSRMILA
Sony HDR-FX1 3-CCD HDV High Definition Camcorder w/12x Optical Zoom (Discontinued by Manufacturer),B00068JKR0
Sony DVPSR210P DVD Player & AmazonBasics Component Video Cable with Audio - 6 Feet,B07RYRF1FF
Sony HVLF43M High Power Flash with Quick Shift Bounce (Black),B00DQI00EY
Sony NPFH50 H Series Actiforce Hybrid InfoLithium Battery for most Sony Camcorders and A230| A330 and A380 Alpha DSLR (Retail Packaging),B000ME8R22
Sony X900H 55 Inch TV: 4K Ultra HD Smart LED TV with HDR| Game Mode for Gaming| and Alexa Compatibility - 2020 Model,B084KPSM5C
Sony NSZ-GS7 Internet Player with Google TV (2012 Model),B008BDBPTS
Sony 10DMR30RS1H 8cm DVD-R 10-Pack Spindle Skin Pack,B001588QRA
Sony External Flash with Wireless Radio Control Camera Flash| Black (HVLF60RM),B07B86ZSTP
Sony 364 (SR621SW) 1.55V Silver Oxide 0% Hg Mercury Free Watch Battery (5 Batteries),B002DQFFZO
Sony XSGS1621C GS Series 6.5-Inch 2-Way Component Speakers| Set of 2,B00JSRMIOC
Sony ICFC1PJ Alarm Clock Radio|Black,B00IEYHMPK
Sony MDR7506 Professional Large Diaphragm Headphone with Gator Cases G-Club Series G-CLUB-HEADPHONE Carry Case for DJ Style Headphones/Accessories,B07CNQB6KC
Sony DCR-SX65 Handycam Camcorder (Silver) (Discontinued by Manufacturer),B004H8FN9Y
Sony ZX Series Wired On-Ear Headphones| White (MDRZX110/WHI),B00NJ2M43M
Sony DCR-HC30 MiniDV Digital Handycam Camcorder w/10x Optical Zoom (Discontinued by Manufacturer),B0001BVXJK
Sony ICF-S80 Splash Proof Shower Radio with Speaker,B00TJS0SR4
Sony D-E350 Portable CD Player,B0000655XX
Sony VMCAVM1 A/V R Adapter Cable,B00B1NTDA8
Sony's Proforma PFVCTSC1 Suction Cup Mount for SONY Action Cam| (Black),B0092W8BNA
Sony SLVD360P DVD / VCR Combo,B00080FPSY
Sony PXW-FS5 XDCAM Super 35 Camera System Professional Camcorder| Black (PXWFS5),B01BGUOPF8
Sony PXW-Z150 Camcorder with HD Video Switcher for Multi-Camera Production| and Live Streaming,B07C4CSMB2
Sony Dsx-B700 Media Receiver with Bluetooth Technology,B07YQ24KLY
Sony a7III Full Frame Mirrorless Camera with FE 28-70mm F3.5-5.6 OSS Lens Kit ILCE-7M3K/B Bundle with Telephoto and Wide-Angle Lens Set| 2X 64GB Memory Cards| Deco Gear Bag and Accessories (26 Items),B07PMFQY7J
Sony ILCE7SM2/B Full-Frame Mirrorless Interchangeable Lens Camera With Battery Grip Bundle,B017N4ONRQ
Sony MDRXB800 Extra Bass Over The Head 50mm Driver Headphone| Black,B009A7BP3U
Sony PlayStation 50 dollar live card for the Playstation Network,B00D5RWR56
Sony Cyber‑Shot RX10 IV with 0.03 Second Auto-Focus & 25x Optical Zoom (DSC-RX10M4) with Uhsii E Memory Card and NP-FW50 Lithium-Ion 1020mAh Rechargeable Battery,B081R36MYX
Sony UWPD16/14 Lavalier Microphone| Bodypack TX| Plug-On TX and Portable RX Wireless System|Black,B00J2YABHM
Sony FE 200-600mm F5.6-6.3 G OSS Super Telephoto Zoom Lens (SEL200600G),B07SZXDN9X
Sony DCR-SR47 Hard Disk Drive Handycam Camcorder (Silver) (Discontinued by Manufacturer),B001P3O3OK
Sony NEXVG20 Interchangeable Lens HD Handycam Camcorder (Body Only) (Discontinued by Manufacturer),B005KOZN08
Sony MDR-XB600 Extra Bass 40mm Driver Premium Headphones,B009A6CZYY
Sony HDR-AX2000 Handycam camcorder (Discontinued by Manufacturer),B0031RGKZ8
Sony HT-G700: 3.1CH Dolby Atmos/DTS:X Soundbar with Bluetooth Technology,B0856M2T37
Sony RDPX200IP 30-Pin compatible with iPad/iPhone/iPod Bluetooth Wireless Speaker Dock (Discontinued by Manufacturer),B007JCNOHI
Sony Professional HVR-Z1U 3CCD High Definition Camcorder with 12x Optical Zoom (Discontinued by Manufacturer),B00097HL6K
Sony HVR-Z5U High Definition Handheld Professional Camcorder,B001P9HT3Q
Sony Cyber-shot DSC-H55 14.1MP Digital Camera with 10x Wide Angle Optical Zoom with SteadyShot Image Stabilization and 3.0 inch LCD (Black) (Discontinued by Manufacturer),B0033VKKB2
Sony SHAKE5 2400 Watt Audio System with Bluetooth and NFC,B00EZGB4FA
Sony XSFB6930 6 x 9-Inches 450 Watt 3-Way Car Audio Speakers| pair (Black),B00RXIH0BE
Sony SLT-A58K Digital SLR Kit with 18-55mm Zoom Lens| 20.1MP SLR Camera with 3-Inch LCD Screen (Black),B00BF9MVMK
Sony X900H 55 Inch TV: 4K Ultra HD Smart LED TV with HDR and Alexa Compatibility - 2020 Model with Sony HT-G700 3.1CH Dolby Atmos/DTS:X Soundbar,B088PWM1NQ
Sony XBR75X900F 75-Inch 4K Ultra HD Smart LED TV with $40 Off TV Wall Mount,B07Y2QZNT2
Sony Xperia Z2 4G LTE Tablet| Black 10.1-Inch 32GB (Verizon Wireless),B00LNHGIMS
Sony Memory Stick PRO Duo (Mark 2) Memory Card 4 GB 4GB 4 Gig for Digital Camera Sony Cybershot Cyber-Shot/Alpha Series,B0029MJO2M
Sony SEL35F18 35mm f/1.8 Prime Fixed Lens,B0096W1P5W
Sony VPLHW65ES 1080p 3D SXRD Home Theater Projector,B016IL5YYG
Sony STRDN1030 7.2-Channel Network A/V Receiver (Built-in Wi-fi & Bluetooth),B008BDBPT8
Sony NW-ZX507/S Walkman Hi-Res 64GB MP3 Player| Silver,B082PNG678
Sony XBR85X900F 85-Inch 4K Ultra HD Smart LED TV and 3.1 Channel Soundbar with Dolby Atmos and Wireless Subwoofer (HT-Z9F),B07HGX3NTG
Sony HVL-F45RM Compact| Radio-Controlled Gn 45 Camera Flash with 1 Display| Black,B06X15G199
Sony 16-35mm f/2.8 ZA Lens,B001FORHOW
Sony a7 III Full-Frame Mirrorless Interchangeable-Lens Camera Optical with 3-Inch LCD| Black (ILCE7M3/B) and FE 24-70mm f/2.8 GM Lens,B07BQXQSP2
Sony Silver Oxide 0%Hg Mercury Free 1.55 volts Batteries Size 321 SR616SW (Pack of 5),B002E4XM9Q
Sony GV-D1000 Portable MiniDV Video Walkman,B00006JQQ5
Sony 55mm F1.8 Sonnar T FE ZA Full Frame Prime Lens - Fixed with 49mm UV Protection Filter,B077W26ZQ9
Sony WM-FS222 S2 Sports Walkman Stereo Cassette Player with FM/AM/TV and Weather Radio,B00008W2M6
Sony Dualshock 4 Wireless Controller for PlayStation 4 - Gold - PlayStation 4,B06Y4G5K5X
Sony VG-C77AM Vertical Grip for A77,B005K8AUNE
Sony CR2032 3V Lithium 2032 Coin Battery| 5 Pack,B005HSW33C
Sony CFD-S07 AM/FM Radio Cassette Player CD-R/RW with MP3 Playback (Black),B003TG89X2
Sony S100F 2.0ch Soundbar with Bass Reflex Speaker| Integrated Tweeter and Bluetooth| (HTS100F)| easy setup| compact| home office use with clear sound,B0797MY6JB
Sony M-560V Microcassette Voice Recorder,B00006592V
Sony WH-1000XM3 Wireless Noise-Canceling Over-Ear Headphones (Black) with Cleaning Cloth,B07RF2QP2H
Sony X800H 55 Inch TV: 4K Ultra HD Smart LED TV with HDR and Alexa Compatibility - 2020 Model with Sony HT-G700 3.1CH Dolby Atmos/DTS:X Soundbar,B088PWG5QK
Sony RDR-VX560 1080p Tunerless DVD Recorder/VHS Combo Player (2009 Model),B0016GCI84
Sony DPT-S1 Digital Paper System,B00O7H0GNI
Sony KDL60W630B 60-Inch 1080p 120Hz Smart LED TV (2014 Model),B00HPMCN8S
Sony RX100 VII Shooting Grip Kit with ECMXYST1M Stereo Microphone (Black),B087WPN1M3
Sony DCR-DVD650 DVD Camcorder (Discontinued by Manufacturer),B001P3O3O0
Sony SEL24240 FE 24-240mm f/3.5-6.3 OSS Zoom Lens for Mirrorless Cameras,B00U29GNC8
Sony SLT-A65V 24.3 MP Digital SLR with Translucent Mirror Technology - Body Only,B005IHAIAW
Sony WF-1000XM3 True Wireless Noise-Canceling Earbud Headphones (Black| USA Warranty) with Ultra-Portable 5|000 mAh Battery Pack and 4-Port USB 3.0 Hub (3 Items),B07W6QRQD2
Sony DCR-VX1000 Digital Handycam with 10x Optical Zoom LCD,B001PLXI48
Sony DualShock 4 Wireless Controller - Midnight Blue - PlayStation 4,B079HBNLG7
Sony DJ Headphones (4334205465),B073BWKNVV
Sony 16-50mm f/2.8 Standard Zoom Lens for Sony A-Mount Cameras,B005IY2OD4
Sony Integrated Digital Wireless Bodypack Lavalier Microphone System-UWPD11/14| Black (UWPD11/14),B00J2XE6M4
Sony 3V Lithium CR2032 Batteries (4 Blisters of 5)| 20 Cells,B008XBK7PG
Sony SRS-XB31 Portable Wireless Bluetooth Speaker| Black (SRSXB31/B),B079V8WGCT
Sony Wireless Bluetooth Shooting Grip and Tripod for still and video| ideal for vlogging (GP-VPT2BT),B083W4X2VT
Untold Legends: Brotherhood of the Blade - Sony PSP,B0007UDYTW
Sony ECMXYST1M Stereo Microphone (Black),B00BJSYV4S
Sony 1080p Pan/Tilt/Zoom Camera EVI-HD7V,B007G53W3E
Sony - FE 16-35mm F2.8 GM Wide-Angle Zoom Lens (SEL1635GM)| Black,B071LHLS11
Sony XB950B1 Extra Bass Wireless Headphones with App Control| Blue,B01N6WIDAI
Sony STR-DN1050 7.2 Channel Hi-Res 4K AV Receiver (Built-in Wi-fi & Bluetooth),B00JC31SEI
Sony portable bluetooth digital turner am/fm cd player mega bass reflex stereo sound system,B06XZ4PB5B
Sony XBR65X850A 65-Inch 4K Ultra HD 120Hz 3D Internet LED UHDTV (Black) (2013 Model),B00ES5YZCW
Sony DSX-M55BT Marine Media Receiver with Bluetooth Wireless Technology + Panel Tool Kit,B08D6T59M1
Sony DCR-SX85 Handycam Camcorder (Silver),B004H8FN9E
Sony 16-50mm f/3.5-5.6 OSS Alpha E-Mount Retractable Zoom Lens (Bulk Packaging),B01LOVWG8C
Sony a7III Full Frame Mirrorless Camera + FE 28-70mm F3.5-5.6 Lens ILCE-7M3K/B Filmmaker's Kit with DJI Ronin-SC 3-Axis Handheld Gimbal Stabilizer Bundle + Deco Photo Backpack + 64GB Card + Software,B07WGQRT1F
Sony VCTHSM1 Helmet Side Mount for Sony Action Cam (Black),B00R1CO5YW
Sony DCR-HC21 MiniDV Handycam Camcorder with 20x Optical Zoom (Discontinued by Manufacturer),B0007M3PK8
Sony MDRE9LP/RED Ear Buds,B004RE20EO
Sony HTST5 Premium Sound Bar with Wireless Subwoofer,B00M2FAXJE
Sony MDR1AM2 Wired High Resolution Audio Overhead Headphones| Black (MDR-1AM2/B),B07BCBT3KC
Sony MDR-Q68LW Clip-on Style Headphone with Retractable Cord,B000PCF7A6
Sony VAIO E Series SVE15115FXS 15.5-Inch Laptop (2.5 GHz Intel Core i5-3210M Processor| 6GB DDR3| 750GB HDD| Windows 7 Home Premium) Aluminum Silver,B0080C21Y8
Sony HT-S350 Soundbar with Wireless Subwoofer: S350 2.1ch Sound Bar and Powerful Subwoofer - Home Theater Surround Sound Speaker System for TV - Blutooth and HDMI Arc Compatible Bar,B07PL6LDP1
Sony XB72 High Power Home Audio System with Bluetooth Technology (GTK-XB72),B07PBFKXW9
Sony MDRXB600IP EX Headphones for iPod/iPhone/iPad,B00A7R9KWK
Sony XSMP1621 6 1/2-Inch coaxial 2-way Marine Speaker|White,B0066130KO
Sony 55mm Front Lens Cap ALCF55S|Black,B007PCP47A
Sony Hi-8 HMPD 120 minute 2-Pack Video Camcorder Cassette Tapes,B00000K4OG
Sony Walkman NW-A105 Hi-Res 16GB MP3 Player| Black,B082PMB7BQ
Sony a7 III ILCE7M3/B Full-Frame Mirrorless Interchangeable-Lens Camera with 3-Inch LCD| Black with 20mm F1.8 Lens,B089DB9PM3
Sony Playstation 1 COMPLETE System Console PS1 PSX,B000K6TOK6
Sony Portable Sports AM/FM Cassette Player (WMFS220),B00005M2BO
Sony DCRHC85 MiniDV Digital Handycam Camcorder w/10x Optical Zoom (Discontinued by Manufacturer),B0001DB3GQ
Sony 16-35mm Vario-Tessar T FE F4 ZA OSS E-Mount Lens with AmazonBasics Circular Polarizer Lens - 72 mm,B07CMX8C3H
Sony Cyber-shot DSC-H20/B 10.1 MP Digital Camera with 10x Optical Zoom and Super Steady Shot Image Stabilization,B001OI2LV8
Sony XSFB1330 5.25-Inches 240 Watt 3-Way Car Audio Speakers| 1 pair (Black),B00RXIGI9Y
Sony RX100 VII Shooting Grip Kit,B07X987V7T
Sony a7S II ILCE7SM2/B 12.2 MP E-Mount Camera with Full-Frame Sensor| Black with 85mm F1.8 Lens,B07YQHW8QX
Sony 4K HDR Laser Home Theater Video Projector (VPLVW995ES),B07GM3J6SH
Sony ICF-SW7600GR AM/FM Shortwave World Band Receiver with Single Side Band Reception,B00006IS4X
Sony XAV-AX5000 7” Apple Car Play| Android Auto| Media Receiver with Bluetooth,B07CB3CB1V
Sony MDR-EX110AP/V Step-Up EX Series Earbud Headset,B00IKYI47O
Sony a7 III (ILCE7M3K/B) Full-frame Mirrorless Interchangeable-Lens Camera with 28-70mm Lens with 3-Inch LCD| Black,B07B45D8WV
Sony NP-FG1 Rechargeable Lithium-Ion Battery Pack for Select Digital Cameras,B00170MYIS
Sony HDR-CX110 High-Definition Handycam Camcorder (Discontinued by Manufacturer),B0031RGKZI
SONY CR1632 3 Volt Lithium Coin Cell Battery (2 Pieces),B00PKGFTGO
Sony XMGS4 GS Series 4/3/2 Channel Hi-Res Amplifier (Black),B01950SADO
SONY Cfexpress Tough Memory Card,B083T15GH7
Sony MDR7506 Professional Large Diaphragm Headphone,B000AJIF4E
Sony Playstation 3 80 GB Backwards Compatible,B00X6BVALS
Sony PlayStation 2 Slimline Charcoal Black Console,B008J5T3MO
Sony FDR-AX100/B 4K Video Camera with 3.5-Inch LCD (Black),B00HNJWVIA
Sony MDR-G45LP (Black),B0015AFVBC
Sony Alpha a6500 Mirrorless Digital Camera Bundle with 2.95 LCD| Black (ILCE6500KIT),B0721N16PK
Sony WI-C600N Wireless Noise Canceling in-Ear Headphones| Black (WIC600N/B) (WI-C600N/B),B07PJKBML1
Sony PCM| 2 Portable Studio Recorder| One Size (PCM-A10),B07NF17GDJ
Sony SRSXB23 EXTRA BASS Bluetooth Wireless Portable Speaker (Black) with Knox Gear Multipurpose Outlet Wall Shelf Bundle (2 Items),B089DJP2T4
Sony 10MFD2HDLF 2HD 3.5-Inch IBM Formatted Floppy Disks (10-Pack) (Discontinued by Manufacturer),B00001W0H1
Sony XBR55X900F 55-Inch 4K Ultra HD Smart LED Android TV with Alexa Compatibility - 2018 Model,B078GWPQRB
Sony L600 Wireless Digital Surround Dolby Audio Sound Overhead Headphones for Watching TV (WH-L600)| Black| 2.1,B07C67YG19
Sony ECMW1M Wireless Microphone (Black),B00HPM086C
Sony TDG-BT500A Active 3D Glasses for Sony KDL-55W900A 55-Inch 240Hz 1080p LED HDTV,B00C50KRO2
Sony MDR-EX15LP-BLACK In-Ear Headphones with Tangle Free Cord and 3 Pairs of Silicone Ear Buds,B076MHX9YR
Sony STR-DN840 7.2 Channel 1050-Watt A/V Receiver (Black),B00CAAQHBE
Sony STRZA810ES AV Audio & Video Component Receiver Black,B071148MYX
Sony WH-1000XM3 Wireless Bluetooth Noise-Canceling Over-The-Ear Headphones with Mic and Alexa Voice Control| Black| Bundle with Energizer 20000mAh LCD Display Portable Power Bank| Cloth,B07V6ZSVTQ
Sony Dualshock 4 Wireless Controller for PlayStation 4 - Fortnite Jet Black - PlayStation 4,B07VFP6NXS
Sony NSZ-GT1 1080p Blu-ray Disc Player Featuring Google TV with Built-In Wi-Fi,B004D4917W
Sony X800H 43 Inch TV: 4K Ultra HD Smart LED TV with HDR and Alexa Compatibility - 2020 Model & Soundbar with Wireless Subwoofer,B086QKFXMQ
Sony RX100 VII Premium Compact Camera with 1.0-type stacked CMOS sensor (DSCRX100M7),B07VPQV7BY
Sony XM-GS6DSP GS Series 6/5 Channel Class-D Bluetooth Amplifier with DSP,B07B4XW8MS
Sony Playstation 3 80GB Game System BluRay HDMI Console,B001CSZSBK
Sony BM-575 Portable Microcassette Dictating Machine,B00006IACH
Sony SAL70400G 70-400mm f/4-5.6 G SSM Lens,B001FORGMK
Sony WF-1000XM3 Truly Wireless Earbuds Headphones with Industry-Leading Noise Cancellation - Silver WF-1000XM3/S with Charging Case Bundle Including Deco Gear Power Bank Charger + Headphone Cloth,B07Z9MHS65
Sony STR-DN1080 7.2-ch Surround Sound Home Theater AV Receiver: 4K HDR| Dolby Atmos| Bluetooth| WiFi| Google Chromecast & SSCS8 2-Way 3-Driver Center Channel Speaker - Black,B08D9KPHYB
Sony MDRV55 Red Extra Bass & DJ Headphones MDR-V55 MDR-V55/RC(U),B007I1QY5Y
Sony α7R IV Full-Frame Mirrorless Interchangeable Lens Camera (ILCE7RM4/B) with 35mm F1.8 Lens,B089DB4BHW
15 Genuine Sony CR2025 3v Lithium 2025 Coin Batteries Freshly Packed by Sony,B00N20G324
Sony Playstation 4 1TB Holiday Bundle (Last of Us| God of War| Horizon Zero Dawn),B081Y96DRW
Sony STR-DH100 2-Channel Audio Receiver (Black) (Discontinued by Manufacturer),B001TP3CH8
Sony Xperia Z5 Unlocked Phone - Retail Packaging - White,B01B4HRI4I
Sony BDP-S5100 3D Blu-ray Disc Player with Wi-Fi (2013 Model),B00AWKC0JM
Sony CR2032 3V Lithium 2032 Coin Battery| 15 Pack,B00MX89NJG
Sony DSC-QX100 Smartphone Attachable Lens-style Camera,B00EVIBN26
Sony NW-WM1A 128GB Premium Walkman - Digital Music Player with Hi-Res Audio| Black,B01N1WFAI5
Sony ICF-CD555TV 7-Inch Under-Counter LCD TV/CD Clock Radio,B0001NBHPI
Sony SRS-XB21 Portable Wireless Bluetooth Speaker| Blue (SRSXB21/Ll),B079V81NS8
Sony DSC-RX100/B 20.2 MP Exmor CMOS Sensor Digital Camera + Sony LCSU11 Camera Bag + Sony 32 GB Memory Card,B077Y6VTQX
Sony - PlayStation Move Sony 82756 (2 pcs) Black,B01LVWSNN4
Sony In Ear Ultra Lightweight Stereo Bass Earbud Headphones (Black),B00FQPCITU
Sony CDP-CE375 5-Disc Carousel-Style CD Changer (Discontinued by Manufacturer),B00005I9RU
Sony Xperia XZ2 H8276 64GB Unlocked GSM 4G LTE Phone w/ 19MP Camera & Gorilla Glass 5 - Liquid Black,B07C5WRHV9
Sony STR-DN1040 7.2-Channel Network A/V Receiver (Built-in Wi-fi & Bluetooth),B00CAAJDP6
Sony AC-L100 Portable Handycam AC Adaptor for DCR-DVD 301| DCR-VX2100 & HDR-FX1 Camcorders,B0007OWWOQ
Sony Xperia Z5 Unlocked Phone - Retail Packaging - Gold,B01B4HRHZI
Sony XBR55X850A 55-Inch 4K Ultra HD 120Hz 3D Internet LED UHDTV (Black) (2013 Model),B00ES5YZBS
Sony ECMAW4 Wireless Microphone (Black),B00JWU6WWO
Sony BDP-S370 Blu-ray Disc Player,B0036WS4CA
Sony MDRJ10/LTPNK Clip Style Headphones (Pink),B00178NH40
Genuine Replacement Ear Pads cushions for SONY MDR-7506| MDR-V6| MDR-V7| MDR-CD900ST Headphones - 1 pair (2 pieces),B009QMZ7SS
Sony SLV-N500 4-Head Hi-Fi VCR,B00008RUXT
Sony RX100 VII Premium Compact Camera with 1.0-Type Stacked CMOS Sensor (DSCRX100M7) with Premium Jacket Case (LCJRXK/B) for RX100 Series Digital Still Cameras,B07Z8QQCVX
Sony HDR-MV1 Music Video Recorder (Black),B00EVIBMR2
Sony WHXB900 Extra Bass Wireless Noise Cancelling Headphones,B07VGZQJXC
Sony SAL-70400G2 70-400mm F4-5.6 G SSM Super Telephoto Zoom Lens,B00BFQHGV4
Sony STRZA1100ES AV Audio & Video Component Receiver Black,B06XWYQDLG
Sony HDR-CX150 16GB High Definition Handycam Camcorder (Black) (Discontinued by Manufacturer),B0031RGL0C
Sony DualShock 4 Wireless Controller for PlayStation 4 - Magma Red Two Tone (CUH-ZCT2U),B01MG0SN8J
Sony STRDN1080 7.2 Channel Dolby Atmos Home Theater AV Receiver & Monoprice Gold Plated Speaker Banana Plugs – 5 Pairs – Closed Screw Type| for Speaker Wire| Home Theater| Wall Plates and More,B07QWCW7Y6
Sony UWA-BR100 USB Wi-Fi Network Adapter,B0074O0TK6
Playstation VR Worlds SONY PLAYSTATION PS4 JAPANESE IMPORT,B01JOB1USQ
Sony RMSPR1 Remote Commander (Black),B00MULZSNQ
Sony RMTDSLR2 Wireless Remote for Alpha & NEX| (Black),B0097DFRMC
Sony PlayStation Vita WiFi [PlayStation Vita],B00F27JDTU
Sony HDR-CX405/B Full HD 60p Camcorder + 64GB Ultra MicroSDXC UHS-I Memory Card + NP-BX1 Battery Pack + Accessory Bundle,B01N5HTEQ5
Sony a7 III Full-Frame Mirrorless Interchangeable-Lens Camera Optical with 3-Inch LCD| Black (ILCE7M3/B) and Sony 24-70mm f/4 Vario-Tessar T FE OSS Interchangeable Full Frame Zoom Lens,B07B4F5FNY
Sony MDR-XD200 Stereo Headphones,B0007N55NW
Sony HVLF20AM TTL Digital Flash for Sony Alpha Digital SLR Cameras,B0029U0XF6
Sony PS Plus 12 Month Subscription Card Live (3000133),B00FNQUN7Q
Sony Walkman NWZX2BLK 128 GB Hi-Res Digital Music Player (Black),B00TOBFZUQ
Sony 4K HDR Home Theater Video Projector (VPLVW695ES),B07GM3J6SJ
Sony RM-KZ1 Universal Children's Remote Control,B003ZXGNFA
Sony LA-EA4 A-Mount to E-Mount FF Lens Adapter with TMT,B00FSB7432
Sony XBR55X900F 55-Inch 4K Ultra HD Smart LED TV and 3.1 Channel Soundbar with Dolby Atmos and Wireless Subwoofer (HT-Z9F),B07F3R3MS1
Sony Carl ZEISS Sonnar T E 24mm F1.8 ZA E-Mount Prime Lens,B005IHAI8O
Sony TOUGH-M series SDXC UHS-II Card 64GB| V60| CL10| U3| Max R277MB/S| W150MB/S (SF-M64T/T1),B07YNVHBRB
Sony ECM-DS70P Electret Condenser Stereo Microphone,B00006HOLL
Sony Playstation DualShock Controller - Gray,B00002DHER
Sony a5100 16-50mm Interchangeable Lens Camera with 3-Inch Flip Up LCD (Black),B00MHPAFAG
Sony MDR-V700DJ DJ-Style Monitor Series Headphones (Old Version),B00001W0DH
Sony BRAVIA KDL-55EX500 Series 55-Inch LCD TV| Black,B0035ER1IW
Sony STR-DH740 7.2 Channel 4K AV Receiver (Black),B00BHC7ZTE
Sony MDRZ1R Signature| Hi-Res Headphone| Black,B01KOE8DKU
Sony RX100 VII Premium Compact Camera with 1.0-Type Stacked CMOS Sensor (DSCRX100M7) with ECMXYST1M Stereo Microphone (Black),B087WNXJBZ
Sony Sony ps4 dualshock 4 wireless controller for playstation 4 - crystal| 1 Count,B0799HMP66
Sony STR-DN1000 7.1-Channel Audio Video Receiver (Black) (Discontinued by Manufacturer),B001TP4RRC
Sony ICF-C318 Automatic Time Set Clock Radio with Dual Alarm (White) (Discontinued by Manufacturer),B000MXWSYQ
Sony MDRE9LP/WHI Earbud Headphones,B004RE3YQW
Sony Cyber-shot DSC-HX20V 18.2 MP Exmor R CMOS Digital Camera with 20x Optical Zoom and 3.0-inch LCD (Black) (2012 Model),B006K551WQ
Sony BC-VW1 Quick Charger for Sony W Series Batteries,B00440D7SE
Sony SAL18250 Alpha DT 18-250mm f/3.5-6.3 High Magnification Zoom Lens,B000VUFDPG
Sony 379 (SR521SW) 1.55V Silver Oxide 0%Hg Mercury Free Watch Battery (2 Batteries),B00ISCU07U
Sony 16GB Waterproof and Dustproof Walkman with Bluetooth,B07BC98ZZW
Sony Genuine OEM LED Smart TV Remote Control (RMF-TX300U),B072C8XTC8
Sony X800H 43 Inch TV: 4K Ultra HD Smart LED TV with HDR and Alexa Compatibility - 2020 Model,B083R24RLN
Sony XAVAX1000 6.2 (15.7 cm) Apple CarPlay Media Receiver with BLUETOOTH,B07JDFKQJ5
Sony Cyber-Shot DSC-HX100V 16.2 MP Exmor R CMOS Digital Still Camera with Carl Zeiss Vario-Tessar 30x Optical Zoom Lens and Full HD 1080 Video,B004H8FND0
Sony XB402G Wireless Bluetooth Speaker Google Assistant Built-in - SRS-XB402G/B,B084YV1V8D
Sony BRAVIA KDL55HX750 55-Inch 240Hz 1080p 3D LED Internet TV| Black (2012 Model),B006U1VH64
Sony 100mm f/2.8 Macro Lens for Sony Alpha Digital SLR Camera,B000DZH7J4
Sony Alpha a6600 APS-C Mirrorless ILC Bundle with 18-135mm and 55-210mm Lenses (8 Items),B082P7XYHT
Sony DVP-SR200P/B DVD Player| Black,B001IBHUU8
Sony a7 III Full-Frame Mirrorless Interchangeable-Lens Camera with 28-70mm Lens Optical with 3-Inch LCD and FE 50mm F1.8 Lens,B07GSNG27S
Sony 364 (SR621SW) 1.55V Silver Oxide 0% Hg Mercury Free Watch Battery (1 Battery),B00ISCTQKC
Sony DCR-DVD105 DVD Handycam Camcorder with 20x Optical Zoom (Discontinued by Manufacturer),B000E0G00K
Sony DEV-5 Digital Recording Binoculars| Black,B005I2YT8Y
Sony Sony PMWEX3 XDCAM EX Semi-Shoulder Mount Camcorder,B001U7JXBO
Sony Wireless RF Headphones for Watching TV (MDR-RF912RK),B0768K1JZC
Sony Smart Watch SW2 for Android Phones,B00FB2XNCE
Sony CR2025 Lithium Battery,B0047X01Q4
Sony RMLVR2 Live View Remote for Action Cam (Black),B00R1CO67I
Sony Alpha 7R IV Full-Frame Mirrorless Interchangeable Lens Camera (ILCE7RM4/B) with FE 135mm F1.8 G Master Telephoto Prime Lens for Sony E-Mount,B07ZK35K29
Sony LBT-ZX66i iPod-Ready Mini Shelf System (Discontinued by Manufacturer),B001RB1XIO
Newest Flagship Sony Play Station 4 1TB HDD Only on Playstation PS4 Console Slim Bundle - Included 3X Games (The Last of Us| God of War| Horizon Zero Dawn) 1TB Hard Drive Incredible Games -Jet Black,B08232YKXB
Sony LCSU11 Soft Compact Carrying Case for Cyber-Shot Cameras (Black),B00B06EOX2
Sony PSP Slim & Lite 2000 Console,B000F6W1AG
Sony WX920BT 2-DIN CD Receiver with Bluetooth SXV300AZV1 Connect Vehicle Tuner Kit for Satellite Radio with Installation Tool,B07RRCFHN4
,B00BN0N062
Sony α7R IV Full-Frame Mirrorless Interchangeable Lens Camera (ILCE7RM4/B) with 20mm F1.8 Lens,B089DBCFN5
Sony a7S II ILCE7SM2/B 12.2 MP E-Mount Camera with Full-Frame Sensor| Black with 50mm F1.8 Lens,B07YQJJJRS
Sony MDRMA300 Over-the-Head Headphones,B007BY3PCI
Sony MDRXB50AP Extra Bass Earbud Headphones/Headset with Mic for Phone Call| Black,B00JRD13T8
Sony a5100 Mirrorless Digital Camera with 3-Inch Flip Up LCD - Body Only (Black),B00MHPAES4
Sony BDV-E2100 - Home Theater System - 5.1 Channel,B00CXNH9K6
Sony SEL1635GM 16-35mm f/2.8-22 Zoom Camera Lens| Black and Circular Polarizer Lens - 82 mm,B079JCCJWV
Sony 28-70mm F3.5-5.6 FE OSS Interchangeable Standard Zoom Lens - International Version (No Warranty),B00FYOFADE
Sony DCR-HC28 MiniDV Handycam Camcorder with 20x Optical Zoom (Discontinued by Manufacturer),B000M3IND6
Sony 3MC-60B Microcassette - 3 Pack,B00000JD3C
Sony TCWE475 Dual Cassette Player / Recorder (Discontinued by Manufacturer),B00005T408
Sony HDR-PJ10 High Definition Handycam Camcorder with Built-in Projector (Black),B004H8FN8A
Sony WF-1000XM3 True Wireless Noise-Canceling Earbud Headphones (Black| USA Warranty) with Hardshell Travel/Storage case and Noise Isolating Memory Foam & Silicone Tips Bundle (3 Items),B0844HF4VP
Sony a7R IV Full-Frame Mirrorless Interchangeable Lens Camera Body ILCE-7RM4 61.0MP Filmmaker's Kit with DJI Ronin-SC 3-Axis Handheld Gimbal Stabilizer Bundle + Deco Photo Backpack + 64GB + Software,B07WK499HF
Sony 8 GB PRO-HG Duo HX Memory Stick MSHX8B (Black),B003F8UWUM
Sony DSC-RX100/B 20.2 MP Exmor CMOS Sensor Digital Camera + Sony LCSU11 Camera Bag + Sony 32 GB Memory Card + Amazon Basics Camera Cleaning Kit + Sony NP-BX1/M8 Lithium-Ion X Type Battery,B077Y86CXX
Sony SRSBTM8 Portable NFC Bluetooth Wireless Speaker System (Black),B00BLCLUQO
Sony Battery 377 (SR626SW) Silver Oxide 1.55V (5 Batteries Per Pack),B00IITCDL4
Sony Alpha a7R IV Mirrorless Digital Camera (Body Only) Bundle (8 Items),B0813MYJ56
Sony Alpha DSLRA500L 12.3MP Digital SLR Camera with 18-55mm Lens,B002MPPRMM
sony EV-C8u 8mm Video8 NTSC VCR,B00Q1IMB5M
Sony Xperia 1 (Black) with WH1000XM3B Wireless Noise-Canceling Headphones (Silver) Bundle,B07SSCPDLC
Sony TAA1ES High-Resolution Audio Stereo Amplifier,B00IWQPTHS
Sony BDP-S570 3D Blu-ray Disc Player (2010 Model),B0036WS4D4
Sony BDP-S390 Blu-ray Disc Player with Wi-Fi (Black),B006U1YVZ8
Sony KIW250 Wireless Keyboard For WebTV,B00005T3RD
Sony H400/B 20 MP Digital Camera,B00I8BIBAO
Sony MDRE9LP/BLK Ear Buds,B004RE3YNA
Sony a6100 Mirrorless Camera 4K APS-C ILCE-6100LB with 16-50mm F3.5-5.6 OSS Lens Kit and Deco Gear Case + Extra Battery + Flash + Wide Angle & Telephoto Lens + Filter Kit + 64GB Accessories Bundle,B081P8XL95
Sony a7 III ILCE7M3/B Full-Frame Mirrorless Interchangeable-Lens Camera with 3-Inch LCD| Black,B07B43WPVK
Sony WHCH710N Wireless Bluetooth Noise-Canceling Over-The-Ear Headphones (Black) with Knox Gear Protective Headphone Case and USB Bluetooth Adapter Bundle (3 Items),B087V6TVPD
Sony XBR65X900F 65-Inch 4K Ultra HD Smart LED TV and UBP-X700 4K Ultra HD Blu-ray Player,B07GW1LJZG
Sony MDR-AS210/B Sport In-ear Headphones| Black,B01M19O50V
Sony RM-YD092 Factory Original Replacement Smart TV Remote Control for All LCD LED and Bravia TV's - New 2017 Model (1-492-065-11),B06Y52S1VV
Sony VHS to DVD Recorder VCR Combo w/ Remote| HDMI,B082F5D4K6
SONY MDR-Z1R WW2 Signature| Hi-Res Headphone| Black (International Version),B01LD5GO7I
Sony PlayStation 2 Console,B00004WHER
Sony E 55-210mm F4.5-6.3 Lens for Sony E-Mount Cameras (Black) - International Version (No Warranty),B00I0O7VXC
Sony Alpha a6300 Mirrorless Digital Camera with E PZ 16-50mm F3.5-5.6 OSS Power Zoom Lens (Black),B007GK50X4
Sony XM-GS100 GS Series Class D Subwoofer Amplifier,B00AMBL2BS
Sony Lithium 3V Batteries CR2032 10 pack,B004ASW9MA
Sony SEL100F28GM 100mm f2.8 Medium-telephoto Fixed Prime Camera Lens| Black,B06WRMXVKK
Sony XBR75X900F 75-Inch 4K Ultra HD Smart LED TV and 2.1 Channel Soundbar with Dolby Atmos and Wireless Subwoofer (HT-X9000F),B07HGSYVJH
Sony ICF-CD815 AM/FM Stereo CD Clock Radio with Dual Alarm (Discontinued by Manufacturer),B000MXYPYW
Sony MHC-V90W High Power One Box Party Music System with Built-in Wi-Fi| Black,B0769KTS29
Sony 12T120VR 120-Minute Premium VHS Cassettes (12-Pack) (Discontinued by Manufacturer),B0000632GW
Sony Xperia 1 II 5G (XQ-AT52) Global Edition / 8GB+256GB / Dual SIM Free (White),B08BHQY4KV
Sony Cybershot DSC-H10 8.1MP Digital Camera with 10x Optical Zoom with Super Steady Shot,B0011EA9GE
Sony DPF-D70 7-inch Digital Photo Frame,B0013A12H6
Sony Wireless RF Headphone 150-Foot Range| Noise Reduction| Volume Control| Voice Mode| 20-Hr Battery Life –NeeGo 6-ft 3.5mm RCA Plug Y-Adapter for TV,B07B81ZMT9
Sony TOUGH-M series SDXC UHS-II Card 256GB| V60| CL10| U3| Max R277MB/S| W150MB/S (SF-M256T/T1),B07YNTW79T
Sony RDR-GX257 Recordable DVD Player with HDMI Upscaling| Black,B001I59HSW
Sony Alpha a6300 Mirrorless Digital Camera with 16-50mm Lens and SanDisk Extreme 64GB SDXC UHS-I Card,B07CLC45YP
Sony X800H 75 Inch TV: 4K Ultra HD Smart LED TV with HDR and Alexa Compatibility - 2020 Model & Soundbar with Wireless Subwoofer,B086QKFW8V
Sony XBR55X900H 55 inch X900H 4K Ultra HD Full Array LED Smart TV 2020 Model Bundle with Extended Care Package,B087TZPH1B
Sony DCR-SX63 Flash memory Handycam Camcorder (Discontinued by Manufacturer),B0031RGKXU
Sony HD Video Recording HDRCX405 Handycam Camcorder Bundle,B06XGKM96F
Sony PCKLM16 Digital Camera Screen Protector Foils,B00FSB76XA
Sony ICFP26 Portable AM/FM Radio (Black) with Headphones and Accessory Bundle (3 Items),B015JM7K1U
Sony SEL28F20 FE 28mm f/2-22 Standard-Prime Lens for Mirrorless Cameras,B00U29GN6O
Sony WH-XB700B Wireless Headphones| 30 Hours Battery Life| on-Ear Style| optimised for Voice Assistant - Black-International Version,B07PBCB4J5
Sony TOUGH-M series SDXC UHS-II Card 128GB| V60| CL10| U3| Max R277MB/S| W150MB/S (SF-M128T/T1),B07YNSS9X2
Sony ICFC-1 Alarm Clock Radio LED Black,B00IEYHMIM
Sony Micro Hi-Fi Stereo Sound System with Bluetooth Wireless Streaming NFC| CD Player| FM Radio| Mega Boost| USB Playback & Charge| AUX Input| Remote Control,B06Y3CYKQ2
Sony MDREX110AP Step-Up EX Series Earbud Headset (Blue),B00IKYI3YS
Sony MDR7502 Professional Studio Headphones| Black,B0002F74E8
Sony 28-70mm F3.5-5.6 FE OSS Interchangeable Standard Zoom Lens,B00GTXHQ8Q
Sony LCSU21 Soft Carrying Case for Cyber-Shot and Alpha NEX Cameras (Black),B00B06EON2
Sony MDREX110AP - Black,B00IKYI2EY
Sony Xperia 1 (Black) with Sony WF1000 True Wireless Noise Cancelling Headphones Bundle (8 Items),B07WW93ZBJ
Sony M-430 Microcassette Recorder,B00002EIYA
Sony DCR-TRV280 Digital8 Handycam Camcorder w/20x Optical Zoom (Discontinued by Manufacturer),B0007M3PJO
Sony DSX-GS80 GS Series High Power 45W X 4 Rms Digital Media Receiver with Bluetooth and SiriusXM Ready,B081B5S8R8
Sony Alpha a6300 Mirrorless Camera Interchangeable Lens Digital Camera with APS-C| Auto Focus & 4K Video - ILCE 6300/S Body with 3” LCD Screen - E Mount Compatible - Silver (Includes Body Only),B078T1R61B
Sony NEX-EA50UH Professional Camcorder with 18-200mm Servo Zoom Lens (Discontinued by Manufacturer),B009GKRQF2
Sony BDPS5200 3D Blu-ray Disc Player with Wi-Fi (2014 Model),B00HPMCO6O
Sony 16 GB Memory Stick PRO Duo Flash Memory Card MSMT16G - Bulk Package,B0013AX2HO
Sony Premium Noise Cancelling Wireless Behind-Neck in Ear Headphones - Black (WI1000X/B),B074KBHW66
Sony Stereo CD/Cassette Boombox Home Audio Radio| Black (CFDS70BLK),B01DUF3UVC
Sony PlayStation 3| 60 GB,B0009PRCNO
Sony a5100 16-50mm Mirrorless Digital Camera with 3-Inch Flip Up LCD (White),B00MHPAF38
Sony STR-DN850 7.2 Channel 4K AV Receiver (Built-in Wi-fi & Bluetooth),B00JC31SGG
Sony Alpha 7R IV Full-Frame Mirrorless Interchangeable Lens Camera (ILCE7RM4/B) with Sony - FE 16-35mm F2.8 GM Wide-Angle Zoom Lens (SEL1635GM),B07ZK3KDWF
Sony WF-1000XM3 Truly Wireless Earbuds Headphones with Industry-Leading Noise Cancellation - Black WF-1000XM3/B with Charging Case Bundle Including Deco Gear Power Bank Charger + Headphone Cloth,B07Z9N8VCQ
Sony DVP-SR500H 1080p Upscaling DVD Player,B0039XRUBM
SONY Genuine Replacement Ear Pads cushions for SONY MDR-RF985R| RF985RK| RF865R| RF865RK Headphones - 1 pair (2 pieces),B06Y6B4FGB
Sony CCD-TRV128 20x Optical Zoom 990x Digital Zoom Hi8 Analog Handycam (Discontinued by Manufacturer),B0001BW0UG
Sony XB950B1 Extra Bass Wireless Headphones with App Control| Red,B01MZFBKP7
Sony MDRZX310AP Over-Head Headphones without Mic (Grey),B00J0NKZBC
Sony a7S II ILCE7SM2/B 12.2 MP E-mount Camera with Full-Frame Sensor| Black with Sony - FE 16-35mm F2.8 GM Wide-angle Zoom Lens (SEL1635GM)| Black,B07KBW6WY5
Sony MDRE9LP/BLU Earbud Headphones,B004VHF210
Sony PHA3 PHA-3 Headphone Amp| Black,B00OH82RXO
Sony XBR75X940E-Series 75-Class HDR UHD Smart LED TV,B01N1VMTBE
Sony α7R IV Full-frame Mirrorless Interchangeable Lens Camera (ILCE7RM4/B),B07VGHW91J
Sony DCR-SX45 Handycam Camcorder (Blue),B004H8FNB2
Sony a7S II E-mount Camera w/ Full-Frame Sensor w/ 24-70mm Full Frame Zoom Lens,B06XRKTWD4
Sony FDR-AX43 UHD 4K Handycam Camcorder,B084QBSQGW
Sony VCT-VPR1 Compact Remote Control Tripod,B00C9FJLNQ
Sony Alpha a6100 APS-C Mirrorless ILC with 16-50mm and 55-210mm Lenses Bundle (8 Items),B082MT77WK
Sony PlayStation 4 Pro 1TB Console - Black (PS4 Pro),B07K14XKZH
Sony 18-200mm F3.5-6.3 E-Mount Lens SEL18200LE,B00836H2DQ
Sony MDR-AS210/W Sport In-ear Headphones| White,B01M1990WU
Sony BRAVIA KDL42EX440 42-Inch 1080p LED HDTV (Black),B008KECFRO
Sony CR2025 Lithium Coin Battery (1 Battery),B0001MQUOC
Sony α7R IV Full-Frame Mirrorless Interchangeable Lens Camera (ILCE7RM4/B) with 24-105mm Lens,B089DBCFMV
Sony DCR-SX40 Palm-Sized camcorder with 60X Optical Zoom (Silver) (Discontinued by Manufacturer),B001QWEZ4S
Sony 75-300mm f/4.5-5.6 Compact Super Telephoto Zoom Lens for Sony Alpha Digital SLR Camera,B000DZH9H4
Sony GS Series XSGSW121D 12-Inch DVC Subwoofer,B00JSRMIDI
Sony DCR-DVD108 DVD Handycam Camcorder with 40x Optical Zoom (Discontinued by Manufacturer),B000M3ILF6
Sony Alpha a6300 Mirrorless Camera: Interchangeable Lens Digital Camera with APS-C| Auto Focus & 4K Video - ILCE 6300 Body with 3” LCD Screen - E Mount Compatible - Black (Includes Body Only),B01BFD1CYI
Sony SAL-50F14Z Carl Zeiss Planar T 50mm F1.4 ZA Fixed Lens,B00BFQHGWI
Sony HVLF32M MI (Multi-interface shoe) Camera Flash|Black,B00NGTN1SA
Sony X900H 65 Inch TV: 4K Ultra HD Smart LED TV with HDR| Game Mode for Gaming| and Alexa Compatibility - 2020 Model,B084KQLVFH
Sony CDPCX455 400 Disc MegaStorage CD Changer (Discontinued by Manufacturer),B000069JWX
Sony MDRZX110AP ZX Series Extra Bass Smartphone Headset with Mic (White),B00NBR70A2
Sony HTCT260H Sound Bar with Wireless Subwoofer,B00E3AKF1C
Sony SLV-N55 4-Head Hi-Fi VCR,B00005YV4G
Sony Lightweight Behind-the-Neck Active Sports Stereo Headphones,B00LU1RFLU
Sony Alpha a6300 ILCE6300M/B 24.2 MP Mirrorless Digital Camera with F3.5-5.6 OSS Zoom Lens| E 18-135mm| Black,B07BQF8NJ5
Sony CMU-BR100 Camera and Microphone for Skype,B004UR4AGY
Walkman Car Connecting Pack for MD Walkman and CD Walkman (Model# CPA-9C),B00005T39Y
Sony PSP Go White,B002CZP84Y
Sony MDR7506 Professional Large Diaphragm Headphone (International Model) No Warranty,B01EJVYN3K
Sony Alpha SLT-A77 Translucent Mirror Digital SLR Camera - Body only (OLD MODEL),B005IHAICK
Sony DCR-VX2100 3CCD MiniDV Handycam Camcorder w/12x Optical Zoom (Discontinued by Manufacturer),B0000X0VU6
Sony MDRE9LP/GRAY Ear Buds,B004RE3YOE
Sony SLV-N50 Hi-Fi Stereo VHS VCR,B00004VW2A
Sony SEL1655G Alpha 16-55mm F2.8 G Standard Zoom APS-C Lens,B07WZVKZHK
Sony Earphones- MDREX15LP (Black),B00I3LUQPW
SONY DVP-NC615/B 5-Disc DVD Changer,B00006AN5I
