Kokuyo Campus Notebook - Semi B5 (7 X 9.8) - Normal Rule - 35 Lines X 100 S...,B0012ONGHM
Kokuyo Campus Mechanical Pencil Lead| 1.3mm| HB (PSR-CHB13N)| 16 Leads ×3 Pack/total 48 Leads (Japan Import) [Komainu-Dou Original Package],B018DSLA7M
Kokuyo campus notebook ruled line B5 80 pieces,B016DNVX80
Kokuyo Campus Mechanical Pencil Lead| 1.3mm HB| 5 Pack/total 80 Leads Value Set,B071DQP95P
Kokuyo campus type A5 diary free two-CF103 (japan import),B001J5PBWW
Kokuyo Campus Todai Series Pre-Dotted Notebook| Semi B5 Pre-Dotted-Line 30 Sheets - 60 Pages| Limited Dark Colors 6 Notebooks (6mm),B07KKDC715
Kokuyo Campus Mechanical Pencil Lead| 1.3mm| Red (PSR-CR13N-1P) by Kokuyo,B018OQ697O
3 X Kokuyo Campus Notebook - Semi B5 (7 X 9.8) - Normal Rule - 35 Lines X 100 S...,B0164FDS7G
Kokuyo Campus Notebook Semi B5(9.8×7)- 6 mm - 35 Lines X 30 Sheets - Pack of 10 (Japan Import),B000I41D36
Kokuyo Campus Notebook Semi B5(9.8×7)- 6 mm - 35 Lines X 30 Sheets - Pack of 20,B079WRWMKZ
2 X Kokuyo Campus Notebook Pack of 5| Limited Cover - Bright Colors; Semi B5| 6 mm Rule - 35 Lines X 30 Sheets,B075WQRT51
Kokuyo Campus Mechanical Pencil Lead| 0.9mm| HB (PSR-CHB9),B00JQ6HWJQ
Kokuyo Campus Notebook - A5 (5.8 X 8.3) - Normal Rule - 24 Lines X 70 Sheets,B018ORDKW0
[2 Pack of notebook set] Kokuyo Campus notebook B5 B ruled 30 sheets 10 Notebooks (Yellow Purple Pink Green Blue) ノ-3CBNX5,B074T8GYMM
Kokuyo Campus Adhesive-Bound Notebook - A4 - Dotted 7 mm Rule - 40 Sheets,B002DUFEHE
KOKUYO Japanese Mixed Colored Pencil 10 Piece Set with a Pencil Sharpener by Kokuyo,B01AVOQ5SU
Kokuyo Campus Todai Series Pre-Dotted Notebook| Semi B5 Pre-Dotted-Line 30 Sheets - 60 Pages| Limited Sorbet Colors 6 Notebooks (7mm),B07KKD2M6X
Kokuyo Campus Loose Leaf Paper - Sarasara - B5 - Dotted 6 mm Rule - 26 Holes - 100 Sheets,B003APIGH6
Kokuyo Campus Wide Twin Ring Notebook - Special B5 (7.5 X 10) - 30 Lines - 70 Sheets - Blue,B0012OTHUC
Kokuyo Campus Todai Series Pre-Dotted Lined Notebook| Semi B5| 30 Sheets - 60 Pages| Stripe Limited Cover (8 set / 6mm),B0777JBVPN
Kokuyo Campus Pre-Dotted Notebook| Semi A5| 5mm Grid Ruled - 40 Sheets - 80 Pages| Black (5 pack),B07G7QVGPF
Kokuyo Campus Mechanical Pencil Lead| 1.3mm| HB| Value Set of 30,B071WTT2KL
Kokuyo Campus Todai Series Pre-Dotted Loose Leaf Paper for Binders - B5 (6.9 X 9.8) - 6 mm Rule - 36 Lines X 100 Sheets - 26 Holes (Japan Import),B001GSQZ5Y
Kokuyo Campus Todai Series Pre-Dotted Lined Notebook| Semi B5| 30 Sheets - 60 Pages| Limited Cover Stripe (2 set + pen / 7mm),B076C8C4D7
Kokuyo Campus Mechanical Pencil Lead| 1.3mm| B| Value Set of 20,B071JX22PH
Kokuyo Campus Notebooks Semi B5-dotted| 7 mm Ruled - 30 Lines X 30 Sheets - Pack of 5 Vitamin Color (1 Set),B074TDXXLL
Kokuyo Campus Todai Series Pre-Dotted Notebook| Semi B5-dotted| 30 Sheets - 60 Pages| Limited Cover Sports-Field Stripe| 5 Pack (2 set| 6mm),B0756145S5
Kokuyo Campus Smart Ring Binder - B5-26 Rings - Light Pink [Office Product] (3-Pack),B07L9QXVQL
Kokuyo Campus Notebook Semi B5| 6 mm Ruled 30 Sheets - 60 Pages Limited Cover - Sports Fields 5 Pack X 2 & Pilot Pen Black + Refill Set,B076C6KWMN
Kokuyo Campus Mechanical Pencil Lead 1.3mm 2B (PSR-C2B13N) 4 set,B073TJTTDW
Kokuyo Campus Pre-Dotted Notebook| Semi B5| 5mm Grid Ruled - 40 Sheets - 80 Pages| Black (5 pack),B07FY41NF7
Five books set Roh-4AX5 40 pieces of Kokuyo Campus Notes No. 6 semi-B5 A ruled line (japan import),B000I41D8G
Kokuyo Campus Slide Binder - B5 - 26 Rings - Light Blue [Office Product] by Kokuyo,B018RFAGZ8
KOKUYO Campus Todai Series Pre-Dotted Notebook| Semi B5-Dotted 30 Sheets - 60 Pages| Limited Color Pack| 10 Books| Chic & Vitamin,B071F524HL
Kokuyo Campus Mechanical Pencil Lead| 1.3mm| HB (PSR-CHB13),B00FS7M7YM
Kokuyo Campus Notebook Semi B5(9.8×7)- 6 mm - 35 Lines X 30 Sheets - Pack of 5,B000I430SW
Kokuyo Campus Mechanical Pencil Lead| 0.9mm| B (PSR-CB9N),B004VONP44
Kokuyo Campus Notebook Semi B5(9.8×7)- 7 mm - 30 Lines X 30 Sheets - Pack of 10 [Bulk Packaging],B00HSPQFEU
Kokuyo Campus Todai Series Pre-Dotted Notebook| Semi B5 Pre-Dotted-Line 30 Sheets - 60 Pages| Limited Sorbet Colors 6 Notebooks (6mm),B07KKFJ643
Kokuyo Campus Notebooks Semi-B5 Pre-Dotted| 6 mm Ruled| 30 Sheets - 60 Pages| Vitamin Colors (1 set/vitamin color),B074N5DRLW
Kokuyo Campus Pre-Dotted Notebook| A5-dotted 6 mm Rule - 30 Lines X 50 Sheets - 100 Pages| Pack of 5 Dark Blue,B079KY8WKQ
Kokuyo Campus Pre-Dotted Notebook| Semi A5| 5mm Grid Ruled - 80 Sheets - 160 Pages| Black (2 pack),B07FY44QHY
Kokuyo Campus Mechanical Pencil Lead| 1.3mm| Red| Value Set of 30,B071G9KHG9
Kokuyo Campus Notebook| Semi B5| 5mm Grid Ruled - 40 Sheets - 80 Pages| Black (2 pack),B07FY37NKM
Campus wide notebook - Green cover,B0012OTHUM
5 books Pakkuno-3A x 5 Kokuyo S & T campus A ruled notebook (japan import),B000I3ZOLE
Kokuyo Campus Todai Series Pre-Dotted Lined Notebook| Semi B5| 30 Sheets - 60 Pages| Limited Cover (1 Set / 6mm),B01N6BZ76K
Kokuyo Campus Notebook 5 Pieces- Semi B5 (7 X 9.8 Inches) - Normal Rule(0.28 Inches) - 30 Lines X 100 Sheets,B0074IG9TM
Kokuyo Campus Notes grid ruled A5 Bruno -104S5-D [5 books],B00SFDAI8S
Kokuyo Campus Todai Series Pre-Dotted Notebook| Semi B5 Pre-Dotted-Line 30 Sheets - 60 Pages| Pack of 5 Limited Colors Set (6mm/mix1/10books),B072BL5WTM
B4 Vertical Cable -10 400 Characters Manuscript Paper 20sheet,B000IGVELK
Kokuyo Campus Todai Series Pre-Dotted Notebook| Semi B5 Pre-Dotted-Line 30 Sheets - 60 Pages| Pack of 5 Limited Dark Colors 5 Notebooks (6mm),B07CJXNJC8
Kokuyo Campus Todai Series Pre-Dotted Notebook| Semi B5 Pre-Dotted-Line 30 Sheets - 60 Pages| Pack of 5 Limited Dark Colors 5 Notebooks (7mm),B07CHVXJHK
Kokuyo Campus Notebook Pack of 5| Limited Cover - Bright Colors; Semi B5| 6 mm Rule - 35 Lines X 30 Sheets,B075WRBLKG
Kokuyo Campus Easy-Carry Slim Binder Smart-Ring B5 26-Ring Set OF 3 (Vivid Yellow| Turquoise & Purple & 100 Sheets Paper Set| B5),B07GTH3JBY
Kokuyo Campus High Grade CYO-BO Paper Notebook - B5 (6.9 X 9.8) - 29 Lines X 80 Sheets - Red,B0012ONHH6
2 X Kokuyo Campus Todai Series Pre-Dotted Notebook| Semi B5-Dotted| 30 Sheets - 60 Pages| Limited Cover Sports-Field Stripe| 5 Pack X 2 Set (10 Books) (7mm),B0756169SV
Kokuyo Campus Twin Ring Notebook| Semi B5-dotted 40 Sheets - 80 Pages| Pack of 2| Tokyo Route Map (sunset orange 7mm),B0757HZLSN
Kokuyo S & T campus Notes (dot-filled borders) five books X5 A ruffled,B0088TV7IO
Kokuyo Campus Notebook 5 Pieces- Semi B5 (7 X 9.8 Inches) - Medium Rule(0.24 Inches) - 35 Lines X 100 Sheets,B003ZYVKM0
Kokuyo Campus Pre-Dotted Notebook| A5-dotted 6 mm Rule - 30 Lines X 50 Sheets - 100 Pages| Pack of 3 Dark Blue,B0714LS77Z
Kokuyo Campus Pre-Dotted Notebook| Semi B5-dotted 6 mm Rule - 30 Lines X 50 Sheets - 100 Pages| Pack of 2 Dark Blue,B079KR2LPM
Kokuyo Campus Design Notebook - A4 (8.3 X 11.7) - 3 mm Graph - 30 Sheets - Red by Kokuyo,B018RFN7XG
Kokuyo S & T campus notebook dot ruffled semi B5 green 7mm5 books,B005X1FSQ2
