stalogy 027 Removable Sticky Short-Message Letter Pad with Design of Framed Fine Art (D / “Girl with a Pearl Earring” by Johannes Vermeer),B01KSZYU1Q
Stalogy S1513 S15 Ultra-Transparent Film Tape: 0.9 x 115 ft. / 24mm Wide| Clear,B01HM53LYC
Stalogy S2211 S2 Masking Tape Patches: 0.6 Diameter / 18 dots per Sheet / 10 Sheets per Pack / 16mm Wide| Shuffle Earth,B00S174HX0
Value set-STALOGY 018 Editor's Series 365 days notebook (A5/Black and Red),B071W966X8
STALOGY 007 Thin Sticky Notes S3010,B00IFXIK1A
STALOGY 018 Editor's Series 365 Days Notebook (B6//Black) S4104 (Twо Расk),B08377G99V
The Nitoms STALOGY translucent sticky grid 50mm width S3042,B00CBUIZQI
STALOGY 018 Editor's Series 1/2 Year Notebook (A5//Black) (2-Pack),B07P6J7CNB
STALOGY 018 Editor's Series 365 days notebook (B6//Black) S4104 (3-Pack),B07P5D2NLR
Nitoms Seal STALOGY Stuck to Peel Off Calendar Seal M S2401 (2 Pack),B07GZDC136
The Nitoms STALOGY translucent sticky plain 50mm width S3032,B00CBUHEAQ
Stalogy S3-F Sticky Flags: 3/5 in x 1.4 in. / Assorted (6 Colors) A,B00OJYKOS6
Stalogy S4-G Gridded Notebooks: 8.3 in. x 11.7 in. (Black) / A4 Vertical gridded Notebook,B00YX679AQ
Nitoms Stalogy 365 Days Notebook| A6 - Blue - S4113,B0777PQ5FF
stalogy 026 Editor’s Series Editor’s Memo Pad (Red / Lined),B01KSZYU48
Stalogy S4-L Lined Notebooks: 7 in x 10 in. (Black) / Lined Notebook,B00OJYKA7G
Stalogy S4-L Lined Notebooks: 7 in x 10 in. (Grey) / Lined Notebook,B00OJYK5XA
Stalogy S15 Ultra-Transparent Clear Film Tape: 0.6 in. x 115 ft. / 15mm wide (Clear),B01HM52FM6
stalogy 026 Editor’s Series Editor’s Memo Pad (Yellow / Grid),B01KSZYU52
Stalogy S2226 S2 Masking Tape Patches: 0.3 Diameter / 60 dots per Sheet / 10 Sheets per Pack / 8mm Wide| Shuffle Ice Cream,B00Y0JDML6
STALOGY 018 Editor's Series 365 Days Notebook (B6//Black) S4104 (Fоur Расk),B08JLTRYV8
STALOGY 018 Editor's Series 365 days notebook (A5/Yellow) (2-Pack),B07P7JYZX6
Nitoms STALOGY 365DaysNotebook B5,B00LFEBUZY
stalogy 027 Removable Sticky Short-Message Letter Pad with Design of Framed Fine Art (B / “Mona Lisa” by Leonardo da Vinci),B01KSZYU20
Stalogy S1410 S14 Double-Sided Adhesive Square Patches: 0.8 x 0.8 / 16 Squares per Pack / 20mm Wide| White,B00OJYK24M
Stalogy S2221 S2 Masking Tape Patches: 0.8 Diameter / 15 dots per Sheet / 10 Sheets per Pack / 20mm Wide| Shuffle Earth,B00S174MGC
Stalogy S2220 S2 Masking Tape Patches: 0.8 Diameter / 15 dots per Sheet / 10 Sheets per Pack / 20mm Wide| Shuffle Fine,B00S174LGS
Stalogy S2 Masking Tape Dot Patches: 0.2 in. diameter / 126 dots per sheet / 5 sheets per pack / 5mm wide (Shuffle Ice Cream),B00Y0JDGO4
Stalogy S2 Masking Tape Dot Patches: 0.6 in. diameter / 18 dots per sheet / 10 sheets per pack / 16mm wide (Shuffle Fine),B00S174GMM
Stalogy S4-L Lined Notebooks: 7 in x 10 in. (Green) / Lined Notebook,B00OJYKAQW
Stalogy S4-L Lined Notebooks: 7 in x 10 in. (Orange) / Lined Notebook,B00OJYK5P8
STALOGY 012 Writable Sticky Notes/ 3 colors (B),B00D7ZMYX6
stalogy 027 Removable Sticky Short-Message Letter Pad with Design of Framed Fine Art (A / “Women of Algiers” by Pablo Picasso),B01KSZYU98
stalogy 027 Removable Sticky Short-Message Letter Pad with Design of Framed Fine Art (C / ”The Card Players” by Paul Cézanne),B01KSZYTZS
stalogy 026 Editor’s Series Editor’s Memo Pad (Blue / plain),B01KSZYTSU
Stalogy S3-F Sticky Flags: 3/5 in x 2 in. / Assorted (3 Colors) A,B00D7ZMZ12
Stalogy S4-L Lined Notebooks: 7 in x 10 in. (Red) / Lined Notebook,B00OJYKAD0
STALOGY 018 Editor's Series 1/2 Year Notebook (A5//Yellow),B01C5MV4QY
Stalogy S15 Ultra-Transparent Clear Film Tape: 0.5 in. x 115 ft. / 12mm wide (Clear),B00PVW9JHC
STALOGY 018 Editor's Series 365 Days Notebook (B6//Black) S4104 (Thrее Расk),B08JLVLXWG
Stalogy S2 Masking Tape Dot Patches: 0.2 in. diameter / 126 dots per sheet / 5 sheets per pack / 5mm wide (Shuffle Pale),B00Y0JDB08
Stalogy S2228 S2 Masking Tape Patches: 0.6 Diameter / 18 dots per Sheet / 10 Sheets per Pack / 16mm Wide| Shuffle Ice Cream,B00Y0JDTSW
STALOGY 018 Editor's Series 365 days notebook (A5/Yellow) (3-Pack),B07P7LF48B
Nitoms seal STALOGY stuck to peel off calendar seal M S2401,B00TYDGNHS
Stalogy S3-F Sticky Flags: 3/5 in x 2 in. / Assorted (3 Colors) D,B00D7ZMYYK
STALOGY 018 Editor's Series 365 days notebook (A5/Yellow),B01C5MV4RS
STALOGY 018 Editor's Series 365 Days Notebook (A6//Black) S4103 with Sticky Note 5colors,B07YNBWL3G
STALOGY Large Translucent Sticky Notes(Blank) S3033,B01HM531D8
Stalogy S2212 S2 Masking Tape Patches: 0.6 Diameter / 18 dots per Sheet / 10 Sheets per Pack / 16mm Wide| Shuffle Pale,B00S174J1U
Stalogy S15 Ultra-Transparent Clear Film Tape: 0.7 in. x 115 ft. / 18mm wide (Clear),B01HM53OYE
STALOGY 018 Editor's Series 365 days notebook (B6//Black) S4104,B00TYDVCWE
Stalogy S4-L Lined Notebooks: 7 in x 10 in. (Blue) / Lined Notebook,B00OJYK6NE
Stalogy S2222 S2 Masking Tape Patches: 0.8 Diameter / 15 dots per Sheet / 10 Sheets per Pack / 20mm Wide| Shuffle Pale,B00S174NGG
Stalogy S2 Masking Tape Dot Patches: 0.3 in. diameter / 60 dots per sheet / 10 sheets per pack / 8mm wide (Shuffle Pale),B00S174EBU
STALOGY 018 Editor's Series 1/2 Year Notebook (A5//Red),B01C5MV4IM
Stalogy S2230 S2 Masking Tape Patches: 0.8 Diameter / 15 dots per Sheet / 10 Sheets per Pack / 20mm Wide| Shuffle Ice Cream,B00Y0JDZF4
STALOGY 012 Writable Sticky Notes/ 3 colors (C),B00D7ZMZKI
STALOGY 018 Editor's Series 1/2 Year Notebook (A5//Blue),B01C5MV4Y6
STALOGY 018 Editor's Series 365 days notebook (B6//Black) S4104 (2-Pack),B07NZMS6FV
