ELECOM-Japan Brand- Tough Slim LITE Hybrid Case/Compatible with iPhone 11 / Full Protection/Slim/Light/Shockproof Brown PM-A19CTSLBE,B07WP3QG3M
Elecom Optical Digital Cable DH – HK,B0002W3F9E
ELECOM Web Camera 2 megapixel with Microphone Built-in [Black] UCAM-C0220FENBK (Japan Import),B00UZNLIE4
Elecom 7.0 to 8.4 inches general-purpose tablet case (leather type) Red TB-08LCHRD,B00VRJFVGG
ELECOM HDMI - Mini Terminal (Type C) - HDMI - Micro Terminal (Type D) Conversion Adapter [Black] AD-HDCDBK (Japan Import),B005FDT57Q
EHP-GB10MBU,B07JVHMRT4
ELECOM Handmade photo book kit / mat EDT-SBOOK,B001JAHT36
ELECOM Paper Feel Screen Protector Compatible with XP-Pen Artist 15.6 / Rough Type TB-XPA15FLAPL,B07L933PVN
Elecom 2A corresponding Charge Only microUSB cable (winding type) black MPA-AMBCR2U07BK,B00MUDBQ58
Zeroshock Sleeve 8|9 - 10 Zoll schwarz Notebook-Schutzhuelle aus,B001VRKQ6O
ELECOM LAN Cable with Nails Non-breakable CAT6 3m [Black] LD-C6T/BK30 (Japan Import),B01M0ZVEG2
ELECOM Soft case for iPad Pro 9.7 inch Smart Cover Compatible [Clear] TB-A16UCCR (Japan Import),B01DB51LNK
ELECOM Offtoco 3WAY PC Bag Backpack| Messenger Bag| Handbag| Support to 13.3 inch Laptop/Gray/BM-OF01GY,B0792L2Q5J
ELECOM USB Web CCD camera with earphone microphone UCAM-E1D30MDSV (Japan Import),B000CEIZBA
ELECOM canal type headphones / ear Drops / TIARA / gorgeous / deep pink EHP-AIN120PND,B06W54Q77M
ELECOM Display port cable ver. 1.2 4K 5m CAC-DP1250BK (Japan Import),B00R1BUJTI
elecom-Film Protective Case for Apple iPad,B0053F1Z92
ELECOM Animal Finger Ring Holder Bicolor Cat/Cute Animal Design/Refill Film Included/Stand/Kickstand BICOLORCAT P-STRAMCATBW,B07VRN345T
Elecom Category 6 corresponding LAN cable Gigabit Ethernet support (White ? 15m) LD-GPN / WH15,B00KA2NJ5G
ELECOM WiFi wireless LAN router 11ac/n/a/g/b867 + 300Mbps wired Giga Dual core CPU Beamforming Z WRC - 1167GHBK2-S (Japan Import),B072F9PHFL
ELECOM Mouse Pad with Wrist Rest Support Comfy/Ergonomic Design/Reduce Wrist Fatigue/Anti Skid Pink MP-114PN,B002WC9AJG
ELECOM Smartphone PU Leather Case Magnetic Type/Compatible with iPhone 11/ Black/PM-A19CPLFY2BK,B07WRYK5F8
ELECOM Animal Mouse Pad with Wrist Rest Ergonomic Design Reduce Fatigue Home School| Hedgehog (MP-AN01HED),B07RGTLQB3
ELECOM Animal Mouse Pad with Wrist Rest Ergonomic Design Reduce Fatigue Home School| Pig (MP-AN01PIG),B07RHXRT7Z
ELECOM Wrist Rest dimp Gel/Memory Foam/Anti Skid/Ergonomic Design for Office/Gaming Blue MOH-DG01BU,B07JZWQ5Q5
ELECOM Slim Display Cable D-sub 15pin VGA-VGA RoHs 1.0m [Black] CAC-10BK/RS (Japan Import),B004LVPGEO
ELECOM-Japan Brand-Wireless Laser Sensor Mouse / 3 Button/Medium Size/Black/M-LS14DLBK,B01MF5N4SY
Elecom TV for inner-ear type headphones (both ears) about 3m EHP-TVIE0230BK,B00WANUCEY
ELECOM Strap Fingering White P-STRWH,B07MBXC6BF
ELECOM Hi-Res Sound Source corresponding Stereo Headphone EHP-R/CB1000RD (Red),B01M7R74R5
ELECOM Silicone Keyboard Cover for FUJITSU LIFEBOOK [Pink] PKS-FMVAHPN (Japan Import),B0050EFBRI
Elecom USB3.0 memory Shocolf (Shokorufu) (16GB ? Strawberry Pink) MF-XWU316GPNL,B00AXTLMRS
ELECOMoff toco 2style backpack with camera storage [Gray] DGB-S023GY (Japan Import),B01BK6MJ88
ELECOM Electronic dictionary case for CASIO EX-Word & Sharp Brain [Red] DJC-025RD (Japan Import),B01BBD27RS
ELECOM Mouse Pad with Wrist RestComfy Stable Control/Ergonomic Design/Reduce Wrist Fatigue/Memory Foam Black MP-095BK,B000JCEP64
ELECOM Tripod Smartphone Compact Aluminum Stand Two Steps Expansion and Contraction Black P-STALBK,B07KM2DDDY
ELECOM Metal Switching Hub Gigabit 8 port Built-in power supply with magnet EHC-G08MN2-HJB (Japan Import),B079936Q4L
5.0m Black BST-20BK Length Bore 20mm to organize cable mess ELECOM (japan import),B0000CE5D8
ELECOM LAN Cable with Nails Non-breakable CAT8 10m [Blue Metallic] LD-OCTT/BM100 (Japan Import),B076J9NMHR
ELECOM Printable Label Stickers Easy to Peel 360 Sheets EDT-TK18 (Japan Import),B00TUIYUGI
Elecom USB Hub 16 ports U2H-Z16SBK black,B005XDFC8Y
ELECOM Fabric Flap cover stand for iPad mini 4 [Camouflage Black] TB-A17SPLFFT1 (Japan Import),B06XH8X5NY
ELECOM HDD Portable Hard Disk 1TB USB3.0 TV Recording corresponding Impact Absorption ZEROSHOCK ELP-ZS010UBK (Black),B01I1HI4GK
Zeroshock III 10.4-inch Notebook Case,B000HA4F22
ELECOM Mini Wireless Keyboard Bluetooth Pantograph Lightweight Multi-OS [Blue] TK-FBP102XBU (Japan Import),B0784RJ2Q3
ELECOM-Japan Brand-Bluetooth 4.0 Wireless Mouse/BlueLED / 3Button / Medium Size/Red/M-BT19BBRD,B07CSNVF3Y
Elecom USB3.1 cable (A-TypeC) black 1.5m USB3-AC15BK,B00Q5VMIL2
ELECOM Offtoco Series Pouch Sacosh Bag| Slim Design| Multiple Pockets| Water Repellent Material| Bright Inner Packaging Color/Black/BMA-OF02BK,B07HX2C4XC
ELECOM Digital Camera case U-Style Light Pink DGB-051PN1,B003YJ5ELO
ELECOM Finger Ring Holder Compatible with Wireless Qi Charging/Easy Pop Up/Refill Film Included/Stand/Kickstand Black P-STRRMBK,B07W56D1P5
ELECOM Messenger Type Carrying Bag Undress [Black] BM-CA40BK (Japan Import),B004AE253M
ELECOM Refill Ink for Canon BCI-321 & BCI-326 3 Colors 5 Times Refillable THC-326321CSET5 (Japan Import),B017OFKRH4
ELECOM Mouse Pad with Wrist Rest Support Comfy/Ergonomic Design/Reduce Wrist Fatigue/Anti Skid Black MP-114BK,B002WC9AGO
ELECOM Web Camera with Stereo Microphone 8 Million Pixels High-Definition with Glass Lens and Lens Hood [Black] UCAM-C980FBBK (Japan Import),B078JGLMN3
ELECOM Zero Shock Protective Sleeve| Water-Resistance up to 11.6 inch Laptop with Stroring Pockets/Black/ZSB-IBN11BK,B014EZCUV8
ELECOM LAN Cable CAT6 compliant Gigabit super flat silver 10m LD-GF/SV10,B0000CE5FW
ELECOM Cable Ratchet Crimping Tool for RJ45 and RJ11 connector LD-KKTR (Japan Import),B00008B313
ELECOM Trackball Mouse M-XT2 Series EVA Hard Protective Carrying Portable Storage Case| Wired & Wireless| Black (BMA-XT2BK),B08H4WRGRG
Elecom enamel type digital camera case (white) DGB-041WH,B06WLKFG6Y
ELECOM mailing Label Seal A4 Size Rounded Type 65 Side 20 Sheets EDT - TM 65R,B001QCXQZW
ELECOM Wired/Wireless/Bluetooth Thumb-Operated Trackball Mouse| 8-Button Function with Smooth Tracking| Precision Optical Gaming Sensor (M-XPT1MRXBK),B07DMF2DNW
EF-FL133W2BLKB,B07KS3D8M1
ELECOM Minnie Mouse Electronic Dictionary case for Casio ExWord & Sharp Brain DJC-026DNYPN (Japan Import),B01G4Z4DVG
ELECOM Slim LAN cable CAT8 2m [Blue Metallic] LD-OCTST/BM20 (Japan Import),B076J9P82D
ELECOM Stereo Headphone re-Cable (for EHP-CB1000) EHP-CB1000ARCRD (Red),B01M3O661J
ELECOM Magic Mouse Pad Mat/Silicon × Mousepad You Can Write on/Paper-Like/Memo/Desk Pad for Office/X-Large Blue MP-SR02BU,B07NGQMBVM
ELECOM Bluetooth Wireless 3 Button Mouse| BlueLED| Compact Size| Symmetry Design/Glay/M-BT17BBGY,B075WV79YW
ELECOM Handy Type Multimedia case WSB-MM9CR (Japan Import),B0001CQ38U
EF-FL24WBLKB,B07KS42ZP4
ELECOM Paper-Feel Screen Protector Designed for Drawing| Anti-Glare Scratch-Resistant Bubble-Free| Compatible with 10.2 iPad 2019| 2020 (TB-A19RFLAPL-G),B081CSX2S4
ELECOM Bluetooth True Wireless Earphone LBT-TWS02BK (Black)【Japan Domestic Genuine Products】【Ships from Japan】,B07MGWNHY7
ELECOM Cable Strage Box 6 Outlets Surge Storage/Black/EKC-BOX001BK,B005B7I7K2
ELECOM Silent Compact Wireless Mouse Bluetooth 3 Button [Blue] M-FBL3BBSBU (Japan Import),B07353SFGP
Elecom superfine USB2.0 cable (mini-B type) 1.0m Black U2C-MXN10BK,B00OPIG0FC
Elecom DICT. Electronic dictionary case stylus storage / EVA semi hard type (Red) DJC-003NRD (japan import),B0013GGQDK
ELECOM TB-HWM5L8FLFAHD,B07RXXZCBS
ELECOM Hi-Res Audio Compatible Earphone “Grand Bass” EHP-GB2000ABK (Black)【Japan Domestic Genuine Products】【Ships from Japan】,B07FR3JVSV
ELECOM Paper-Feel Screen Protector Designed for Drawing| Anti-Glare Scratch-Resistant Bubble-Free| Compatible with iPad mini (2019) / iPad mini 4 (TB-A19SFLBLGN),B07PP9M3M9
ELECOM LAN Cable 7m is not Broken Nail RoHS Compliant CAT6 Yellow LD-GPT / Y7 / RS,B00XKML5VI
ELECOM Power Strip un modo 4 Outlet 1.5m [Black] AVT-D5-2415BK (Japan Import),B06Y3XK15V
ELECOM USB2.0 USB-C Cable C - microB 1m [White] U2C-APCMB10WH (Japan Import),B014EZD1K2
ELECOM-Japan Brand-Laptop Computer Sleeve Case with Handle Support 15.6 inch BM-IBCH15GY,B073TZMV19
ELECOM microUSB Audio Adapter EHP-AHR192SV (Silver),B01E6WGMBI
ELECOM Paper-Feel Screen Protector Compatible with Wacom Intuos Medium Wireless/Anti Reflection/Rough Type/TB-WIWMFLAPL,B07FFZHWQC
Neoprene Smartphone Pouch with Hook and Carabiner (Orange),B008RTPXIA
Elecom [Dragon Quest X / Ff Xiv: Shinsei Eoruzea Recommended] USB Game Pad 13 Button Type Digital / Analog Compatible (Black) Jc-u3613mbk,B00ABPBLA2
ELECOM ID Badge Holder Horizontal Type with Lanyard P-IDPC2YBK,B07PV26N4F
Elecom Bluetooth overhead headphone white LBT-OH05WH,B00R3XKVQU
Elecom SLR Camera Lens case Impact Shock-Absorbing Low-Resilience Polyurethane Water-Repellent Material S Size Reference Storage Dimensions: Diameter 80mm × Length 140mm Black ZSB-DSL002BK,B06VV39X9F
Elecom TABLET COLOCOLO touch panel cleaner Green TB-COL1GN,B00JIOYIMA
Elecom iPad mini (2019 Model) / iPad mini 4 (2015 Model) Case Flap Cover Soft Leather 360 Degree Rotating Pink TB-A19S360PN,B07PM6F55L
ELECOM-Japan Brand-Media Container for DVD and Blu-ray Standard Size| 3Disks| 3Packs / Black/CCD-DVD07BK,B00068KV82
ELECOM Smartphone Ring Strap Large Size Aluminium Type Inner Diameter 22mm Silver P-STFALSV,B077T96VZ7
ELECOM Compact Bluetooth Wireless Pantograph Keyboard [Black] TK-FBP081BK (Japan Import),B00S7HX6BS
ELECOM Smartphone Soft Silicon Case Compatible with iPhone 11 Pro Max Clear PM-A19DSCCR,B07WRYK5RJ
erekomu VR Goggles| VR Glasses P – VRG Series | blk,B01JI844EM
ELECOM 2.4GHz Wireless Thumb-Operated Trackball Mouse| 6-Button Function with Smooth Tracking| Precision Optical Gaming Sensor (M-XT2DRBK),B0172H0G3O
ELECOM Switching Metal Hub Giga compatible 8 port power supply built-in EHB-UG2A08 (Japan Import),B00GY09XF8
ELECOMSmartphone Soft & Smooth Texture Italian Leather Case/Open Type/Compatible with iPhone 11Pro Max/Black/PM-A19DPLOILBK,B07WW6RFSN
ELECOM Split Leather Mouse Pad/Stylish/Precise Control/Anti-Skid/Large/Smooth Movement/Compatible with All Mouse Type Navy MP-TGLNV,B0812F5NTK
Elecom WTUEHP05 Ear Clip Earphones ( Black ),B000HDTX8U
Elecom Ehp-ca3580rd [Stereo Headphone Canal Grand Bass System 15.4mm Driver Red] (Japan Import),B00KM5J63K
ELECOM Ultra Flat LAN Cable Gigabit Ethernet CAT6 2m [Silver] LD-GU/SV2 (Japan Import),B0002184IM
TBWA19SFLGG,B07PM6CTCY
ELECOM Memory Card Reader USB3.0 9x Speed Transfer Stick Type With Strap Hole [White] MR3-D011WH (Japan Import),B01IEWQR20
ELECOM-Japan Brand-Bluetooth 4.0 Wireless Mouse/BlueLED / 3Button / Medium Size/White/M-BT19BBWH,B07CSPG6TY
Elecom EJK-CGN series Canon printer corresponding glossy paper EJK-CGN2L50,B00OMEVVEO
ELECOM Wrist Rest Silky Air Short Type/Super Soft Cushion/Memory Foam/Ergonomic Design/Reduce Wrist Fatigue/Black MOH-FCRBK,B07857M5VY
ELECOM Screen protect film for au Qua tab PX fingerprint prevention Air-less gloss type TBA-LG8AFLFANG (Japan Import),B01J7GNNGK
ELECOM Memory Case for 18 SD Cards and 18 microSD Cards| Shock Resistant/Black/CMC-SDCPP36BK,B00HY6S9CY
ELECOM both sides super fine paper EJK-SRHA320 (japan import),B000JCEPYG
Universal Tablet Case 7.0 – 8.4 in,B07BF25DF4
ELECOM Custom Photo Insert Mouse Pad Mat/Clipboard Folder/Message Pad/Picture/File Board/for Office/Black MP-117A,B00428HBL2
ELECOM Paper-Feel Screen Protector Designed for Drawing| Anti-Glare Scratch-Resistant Bubble-Free| Compatible with 10.2 iPad 2019| 2020 (TB-A19RFLAPL-G),B088YQ24MQ
ELECOM Mouse Pad/Laser and Optical Compatible/Anti Skid/Precise Control Black MP-113BU,B002RHOE56
ELECOM business card paper multi-print paper clear cut Thick white 10 face 25 pieces MT-JMK2WNZ,B0007V1UMO
ELECOM ZEROSHOCK| Carabiner Case| Compatible with iPhone XR| Shockproof| Tough| Khaki| PM-A18CZEROKKH,B07LD27FHR
ELECOM Touch Pen Point Disk Type Two TB-TIPD01,B01HGGW634
Elecom 10-Key Pads Membrane RoHS TK – tcm011/RS Series | blk,B00J57KYCI
ELECOM Laptop Backpack 3 Air Room Structure| EVA Material Cushion Pad| Various Size Pockets| Rain Cover| Up to 16.4inch Laptop/Black/BM-BP03BK,B01MSICZ4L
ELECOM-Japan Brand- Smartphone Stand Aluminum Angle Ajustable Cable Plug in White P-DSCHALWH,B07GB7Y71S
ELECOM Security lock wire length 1.7m diameter 4mm Cylinder type ESL-7R (Japan Import),B000EHRMR8
ELECOM Bluetooth keyboard for Multi device (Windows| Mac| iOS| Android) with Stand wired [Black] TK-DCP02BK (Japan Import),B01MRZCNXT
ELECOM Wrist Rest FITTIO Short Type/Fatigue Reduction/Ergonomic Design/Comfortable/Memory Foam/Anti Skid Black MOH-FTRBK,B01DIIKQ0E
ELECOM Thunder Guard Power Strip 4 Outlet 2m [White] T-KS02-2420WH (Japan Import),B071XJNWN4
ELECOM Finger Ring Holder Compatible with Wireless Qi Charging/Easy Pop Up/Refill Film Included/Stand/Kickstand Black P-STRRMBK,B07W1JT7CS
ELECOM Wired Mouse Blue LED Silent 5 Button M Size [Black] M-BL25UBSBK (Japan Import),B015X8I9XS
ELECOM Wireless 3 Button Mouse| IR Sensor| Symmetric Design/Power Saving/Green/M-IR07DRGN,B01HO0W8SA
ELECOM Paper-Feel Screen Protector Designed for Drawing| Anti-Glare Scratch-Resistant Bubble-Free| Compatible with 9.7 iPad 2018 (TB-A18RFLAPLL-W),B07QDL3GYN
ELECOM ESCODE Bladed Crime Prevention Design| Water Repellent Finish| Up to 11inch Tablet/Night Black/BM-ESMS01BK,B07NPP1JCT
ELECOM Cable Strage Box 6 Outlets Surge Storage/White/EKC-BOX001WH,B005B7IBRQ
ELECOM EHP-IN20-BU Coordination Earphones EHPIN20 Blue,B01M75DYMC
ELECOM Refill Ink for Brother LC111M & LC113M Magenta 4 Times refillable THB-111113M4 (Japan Import),B017OFKR3I
ELECOM CAT6A LAN Cable with Nail Non-breakable Connector 30m [Blue] LD-GPA/BU30 (Japan Import),B076JKXLX6
ELECOM ESD-EF0500GBK Portable SSD 500GB USB 3.2 (Gen1) Equipped with TLC| Type C & Type A Cable| PS4 Verified Operation| Black,B07WPSQ4GJ
MF-MAU3032GPN,B07X541YVD
ELECOM Trackball Mouse M-HI Series EVA Hard Protective Carrying Portable Storage Case| Wired & Wireless| Black (BMA-HT1BK),B08H4Z4DJG
ELECOM Mouse Stain-Resistant Mouse Pad/Cleaning Effect/Compatible with Ball and Optical Type MP-041NB,B00008B321
ELECOM Apple Watch Band 40mm Full Cover Glass Film 0.33mm Black AW-40FLGGRBK,B07MZ8TJJB
ELECOM USB-C Cable USB2.0 C - C 2m [Black] U2C-CC20BK (Japan Import),B014EZCG62
ELECOM Italian Leather Flap Cover for AQUOS PAD SH-05G Sleep Mode Compatible [Blue] TBD-SH05AWDTBU (Japan Import),B010BEG0F8
ELECOM Display port-HDMI Conversion adapter [Black] AD-DPHBK (Japan Import),B00243H8P6
ELECOM Offtoco 2WAY Laptop Sleeve Backpack| Handbag| Limited Color Model| Multiple Inner Pockets| Water Repellent Finish| Support Up to 13.3 inch/Sand Beige/BM-OF04BE,B07MX6BV1V
ELECOM Paper-Feel Screen Protector Compatible with Wacom Cintiq 22 2019 Model/Smooth Type/TB-WC215FLAPLL,B07XB4784F
Blu-ray & CD / DVD lens cleaner / super strong reading recovery wet CK-BRP,B002KJF23O
ELECOM EHP-C3560 Series - 10.7mm Driver Unit- Innerear Type Stereo Headphones - EHP-C3560GPU Green/Purple,B00FJ079R8
ELECOM Memory Case for 6 SD Cards and 6 microSD Cards| Shock Resistant/White/CMC-SDCPP12WH,B00HY6S5OQ
ELECOM Dr.EXG 2.4GHz Wireless Mouse 極-Kiwami- Mouse / Ergonomic Design| Ultimate Laser Sensor| 8 Button| Tilt Wheel Function| Large Size / Black / M-XGL20DLBK,B015X8I6I6
ELECOM Bluetooth Wireless 3 Button Mouse| BlueLED| Compact Size| Symmetry Design/Black/M-BT17BBBK,B075WW1W3F
ELECOM Wired Japanese Layout Keyboard with Built-in Optical Trackball Mouse & Scroll Wheel (TK-TB01UMBK),B07Y3FR73C
ELECOM Backpack Box Type [Blue] BM-BP04BU (Japan Import),B01MTJUD65
ELECOM Dupont Tyvek Mouse Pad Large Size/Super Tough x Truly Durable/Anti Skid/Precise Conrtol Black MP-TTBK,B07NGR585X
ELECOM Amazon Echo Dot 3rd Generation Smart Speaker Holder Wall Mount Type Black AIS-AED3H1BK,B07QGJF6Z6
ELECOM Metal switching Hub 16 port 10/100 Mbps power supply Built-in with 19-inch rack mounting bracket EHC-F16MN- HW (Japan Import),B014SB9ZBG
ELECOM-Japan Brand-Laptop Computer Sleeve Case Cordura with Hundle Black BM-IBLW11BK,B073TZCGFY
ELECOM-Japan Brand-ZEROSHOCK| Carabiner Case| Compatible with iPhone XR| Shockproof| Tough|Blue|PM-A18CZEROKBU,B07LD8RMGC
ELECOM Paper Feel Screen Protector Compatible with Wacom MobileStudio Pro 16| Anti-Fingerprint| Anti-Glare/Rough Type/TB-WMP16FLAPL,B08332FQYM
ELECOM Power saving power strip Thunder guard with switches swing plug 6 outlet 1m [Black] T-TVK05-2610WH (Japan Import),B00XXOZDUW
Elecom Single-Lens Reflex Camera case Soft Type S Size Blue DGB-S021BU,B06X18B9N8
ELECOM-Japan Brand- ECLEAR Sports 1.1lbs (0.5 kg) Dumbbell/Combinable/Anti-Rolling/Ideal Weight for Resistance Training/Pink HCF-DBS05PN,B07RK8F9RM
ELECOM Smartphone PU Leather Flip Case Slim and Magnetic Type for Girl/Compatible with iPhone 11/ Pink/PM-A19CPLFUJPND,B07WRYK9HG
ELECOM Stereo Headphone “Girls Love Sound” EHP-CN600A1 (Ageha Red)【Japan Domestic Genuine Products】,B07281LHC3
Elecom wireless LAN router (11ac (Draft) / n / a / g / b response and parent unit alone) WRC-1750GHBK,B00ESZJ612
ELECOM Paper-Feel Screen Protector Compatible with Wacom Intuos Small Basic Wireless/Anti Reflection/Rough Type/TB-WIWSFLAPL,B07DS3VL6B
ELECOM LAN Super flat CAT5e LAN cable 100m [Blue] LD-CTFS/BU100 (Japan Import),B00008B3QE
ELECOM Wired/Wireless/Bluetooth Thumb-Operated Trackball Mouse| 8-Button Function with Smooth Tracking| Precision Optical Gaming Sensor (M-XPT1MRXBK),B07DS3VL69
ELECOM Smartphone Ring Holder Cat Design 360°Rotation Stand Function White P-STRJCTWH,B077T96T9D
ELECOM flecc barra Power Strip with Dust Shutter 4 Outlet 2.0m [Black] T-NFL01-2420BK (Japan Import),B01L88R01Y
ELECOM Premium Hybrid Case/Compatible with iPhone 11 / Transparent/Full Protection/Slim Clear PM-A19CHVCCR,B07WXB3C6D
Elecom Category 6 corresponding softness LAN cable nails and breaking prevention type (0.5m ? Black) LD-GPYT / BK05,B00B42H0H4
ELECOM Pouch Bag for Gadget| Storing Large Capacity Type| Full-Open Zipper| Pocket for Devices and Mesh Pocket/Black/BMA-GP02BK,B00TMYLZMC
ELECOM Slim D-sub 15pin VGA-VGA Display Cable RoHs 3m [Black] CAC-30BK/RS (Japan Import),B004LVPGGW
ELECOM handmade photo book kit / gloss EDT-KBOOK (japan import),B001JAHT2M
ELECOM D-Sub 15pin VGA-VGA Slim Display Cable 10m [Black] CAC-L10BK/RS (Japan Import),B004LVPGHQ
ELECOM-Japan Brand-Bluetooth 4.0 Wireless Mouse Blue LED 5Button Medium Size Blue M-BT20BBBU,B07CSNPHTS
ELECOM 2.4G Bluetooth 1.1 28mm Ultra Slim Design Portable Wireless Mouse Less Noise 4Button Function BlueLED 1600 DPI with Mouse Case White M-TM10BBWH,B08D94L6C4
ELECOM-Japan Brand-NESTOUT Compatible with iPhone XR| Good usability for Outdoor| Blue| PM-A18CHVODFBU,B07GX1Q6VK
ELECOM-Japan Brand- Premium Clear Hard Case/Compatible with iPhone 11 Pro/Transparent/Full Protection/Slim Clear PM-A19BPVCR,B07WP3PK8M
ELECOM Animal Finger Ring Holder Welsh Corgi/Cute Animal Design/Refill Film Included/Stand/Kickstand Welsh Corgi P-STRAMDOG3,B07VL81VHZ
ELECOM Game pad converter for Wii Classic controller 1port [White] JC-W01UWH (Japan Import),B009PDK6EI
ELECOM MP-EC03BK Gaming Mouse Pad| Super Large| 18.1 x 15.7 inches (460 x 400 mm)| Smooth Cloth| Black Back,B08DFDWJXC
Elecom [friendly hotel] wireless LAN router (11n / b / g 300Mbps ? parent unit alone) Black WRH-300BK,B00DDEMN3W
Colorful Mobile Battery Charger for Smartphone 3000mAh (Pink),B00BGIKFH8
ELECOM External SSD 120GB USB3.0 TLC with Sandblast Processing [Black] ESD-EB0120GBK (Japan Import),B06Y256YPT
[2 Game Pad Set] Elecom Game Pad 8 Button Super Famicon usb (SNES) Style High endurance button White JC-FR08TWH Japan,B01NB1QTIK
ELECOM Twist Lock Power Strip with Magnet| Twist Lock and Wall Mounting Hook and 3P-2P Conversion Adapter 4 Outlet 1m [White] T-ECOH3410NM (Japan Import),B00DFU78HA
ELECOM Wireless WiFi router 11ac 867+300Mbps [White] WRC-1167FS-W (Japan Import),B077HKMBPK
ELECOM USB Flash Drive 8GB USB3.0 with Trend Micro Security Software MF-PUVT308GA5 (Japan Import),B00KDS9136
Elecom Category 6 corresponding LAN cable nails and breaking prevention Slim (7.0m ? Blue) LD-GPST / BU70,B00B42GZTS
ELECOM Semi-Hard CD/DVD/Blu-ray Discs 112 Discs storable [Red] CCD-HB112RD (Japan Import),B0197AP6KW
erekomu Year 2017 New Ipad Pro Case | clear,B06XH919YB
ELECOM-Japan Brand- Classy Saffino FILP with Tassel Chain Case/Compatible with iPhone11 Pro 5.8inch / Card Slot/Book Style/RED PM-A19BPLFJM3RD,B07WT3H9FG
ELECOM Wired Finger-Operated Trackball Mouse EX-G Series 8-Button Function with Smooth Tracking| Precision Optical Gaming Sensor (M-DT2URBK),B0171QQ7IY
ELECOM Wireless 3 Button Mouse| IR Sensor| Symmetric Design/Power Saving/White/M-IR07DRWH,B01HO0W8W6
ELECOM LAN Cable Soft Nails Non-breakable Type CAT6A 1m [Blue] LD-GPAYT/BU10 (Japan Import),B01N01SFYO
ELECOM Roman Character Japanese Typing Support Mouse Pad/Romaji/Learn Study Japanese/Elementary/XL/Extra Large Blue MP-ROML,B0754GDQHN
ELECOM USB Flash Drive 64GB USB3.0 Type C with a Cap [Black] MF-CAU3164GBK (Japan Import),B0157E1Z2A
ELECOM Headphone Extension Cable for Smartphone / 4 Pole/S Type / 0.5 m/Black MPA-EHPS05BK,B004FWEV4U
ELECOM Wireless 3 Button Mouse Blue LED 2.4GHz/ Fluffy Light Small Lightweight 50g / Pink/M-BL20DBPN,B00DFUUM14
ELECOM Inkjet Printable Business Card Thick Double Side Printable 200 Sheets [White] MT-HMNE2WNZ (Japan Import),B06W2M6JM4
Headset for Elecom tablet (both ears small overhead type) HS-HP22TBK,B00RYACKAC
ELECOM Touch Pen Super Sensitivity Type Gaming Stylus Black TB-TPG03BK,B077R3VHN2
ELECOM Wireless Less-Noise 3 Button Mouse| IR Sensor| Symmetric Design/Power Saving/Blue/M-IR07DRSBU,B01HO0W53I
ELECOM Thunder guard Power strip with Dust shutter| twist lock| a switch| and Magnet 5m 7 outlet [White] T-Y3A-2750WH (Japan Import),B011WD8MHG
ELECOM-Japan Brand-Bluetooth/Wireless Mouse Dual Series/Hardware Macro Function/High-Speed Scroll/Ultimate Blue Sensor / 8 Button/Black/M-DC01MBBK,B07DNM2C16
ELECOM-Japan Brand-Standard Media Container for CD/DVD/Blu-ray Break-Resistant| 4 Disks Storing| 5Packs /Clear/CCD-JSCNQ5CCR,B00JIOXZ4M
erekomu USB3.0 0 Memory [Mac/Win] Fast MF – rdsu3gd Series (GB| Gold) MF – rdsu332ggd,B011XMWFYM
Full of playful different by color in the Elecom stereo headphone Canal stylish left and right Colors neon 1 EHP-CC100ANE1,B06W2JNS97
ELECOM Wired Finger-operated Large size Trackball Mouse 8-Button Function with Smooth Tracking| Precision Optical Gaming Sensor (M-HT1URBK),B07353DBP9
ELECOM LAN Cable with Nails Non-breakable RoHS Compliant CAT5e 7m [Green] LD-CTT/GN7/RS (Japan Import),B00JZG8S18
ELECOM Pouch Bag for Gadget Storing| One Touch Buckle Type| Transparent Window Pocket| Rubber Band| Slim Design/Black/BMA-GP11BK,B01N4TK8G2
Elecom USB cable USB3AMBRL07BK,B00C1210OK
Elecom Stereo Headphone Canal Ehp-csg3520pnd EAR Drops Jewel Light Pink (Japan Import),B00KS1L3U2
ELECOM-Japan Brand-Smartphone Shock Resistant & Slim Light Case/Tough Slim Band Type/Compatible with iPhone 11 / Red/PM-A19CTSBRD,B07WT3HSJT
ELECOM Thunder Guard Power Strip with Individual Switch 6 Outlet 2.5m [Black] T-K5A-2625BK (Japan Import),B00VRJH092
ELECOM 0.5mm Super Slim Mouse Pad/Eco-Friendly Material/MP-065ECOSN,B000AOGHD0
ELECOM-Japan Brand- Magnetic Cap Stylus Pen Touch Pen with Reaplacable Tip/Mesh Fiber Tip/Presicion/Black P-TPMCF01BK,B07VBCY84N
ELECOM LAN Cable Super Flat CAT6 2m [Silver] LD-GF/SV2 (Japan Import),B0000CE5FS
ELECOM Cable Ties M Size [Gray] EKC-CWFMGY (Japan Import),B077V5Q7JP
ELECOM 2.4G Bluetooth 1.1 28mm Ultra Slim Design Portable Wireless Mouse Less Noise 4Button Function BlueLED Mouse Case M-TM10BBPN,B08D94FQWR
EJP-SLP1 2 pieces Elecom iron-on paper A4 size white silver metallic color Dough (japan import),B000N8UV6M
ELECOM Stylus pen disc type [Silver] TB-TPLD01SV (Japan Import),B01GFSQTA0
ELECOM Switching Hub with 5 Port 10/100 Mbps with AC Power Charger [White] EHC-F05PA-W (Japan Import),B00XO0WZF6
ELECOM 極-kiwami- Ultra Fit Case/Compatible with iPhone 11 Pro Max/Transparent/Full Protection/Slim Clear PM-A19DPVKCR,B07WY71BVP
ELECOM Paper-Feel Screen Protector Compatible with Wacom Cintiq Pro 13 / Smooth Type/TB-WC13FLAPLL,B07L9CQQGH
ELECOM Animal Mouse Pad with Wrist Rest Ergonomic Design Reduce Fatigue Home School| DOD (MP-AN01DOG),B07RK1WPW3
Elecom Soft Leather Cover Ipad Mini 2 Angle Stand Type Black Tb-a12splfbk,B009V7IPVY
Elecom USB cable U2CAMBIRL07BK,B005C8RWRE
ELECOM 3-in-1 Cigarette Lighter/Car Phone Mount/Dual USB Charger| P-CARS04BK,B01HPZQAMY
ELECOM Paper-Feel Screen Protector Compatible with Wacom Cintiq 22 HD Touch/Anti Fingerprint| Anti Reflection/Rough Type/TB-WC22FLAPL,B01MAXS88U
ELECOM Wired Gaming 13 Button Mouse| High Perfomance Gaming Sensor PixArt PMW3389DM / White/M-G02URWH,B07FFZH5FK
ELECOM Pouch Bag for Gadget Storing| Light-Weight and Slim Type| Inner Partition| Small Size/Black/BMA-GP01BK,B00TK35ES6
ELECOM-Japan Brand-Smartphone Soft & Smooth Texture Italian Leather Case/Open Type/Compatible with iPhone 11 Pro/Black/PM-A19BPLOILBK,B07WX96768
Smartphone Partner Silicone Smartphone Stand (Cross-Legged/Blue),B00ATZB55A
ELECOM-Japan Brand-Laptop & Notebook PC Sleeve Inner Bag 11.6inches Size with Handle/Mount Front Pocket/Black/BM-IBH11BK,B07WPTFGJ4
ELECOM Smartphone 極-Kiwami- Soft TPU Case Compatible with iPhone 11 Clear PM-A19CUCTCR,B07WXB3BY3
ELECOM-Japan Brand-NESTOUT| Hybrid Case Compatible with iPhone XR| Attachable and Detachable Holder| White| PM-A18CHVODTWH,B07GWXXK2K
ELECOM Clock Stand Speaker Mount Holder/Compatible with Google Home Mini and Nest Mini/Protective Case White AIS-GHMCLWH,B07KM9KM7X
ELECOM Large Size Mouse Pad/Compatible with All Mouse Type/Precise Control/Anti-Skid Black MP-BGBK,B01L88R2Q2
ELECOM Zeroshock Film Galaxy tab2|7.0,B00BB75JDO
Elecom USB3.0 hub [with magnet] (4-port bus-powered black) U3H-T405BBK,B00FZTNQFM
ELECOM Business Bag for 16.4 inch wide laptop [Red] BM-SDDBRD (Japan Import),B018FXV5AC
ELECOM-Japan Brand-Smartphone Shock Resistant & Slim Light Case/Tough Slim Flap Type/Compatible with iPhone 11/ Pink/PM-A19CTSSPN,B07WT3HPLG
ELECOM Italian Leather Flap Case Stand NEC 2015 LaVie Tab E 10inch [Black] TB-NEE1BAWVSMBK (Japan Import),B012FVP6CS
ELECOM-Japan Brand- Zero Shock Bumper Case & Film/Compatible with iPhone 11 / Film Included/Full Protection/Bumper/Black PM-A19CZEROBBK,B07WP3R4JY
ELECOM Switching Hub with 8 port 10/100 Mbps Built-in power supply with magnet EHC-F08PN-JW (Japan Import),B010BEG08A
ELECOM Laptop Computer Sleeve Case| Small Strage Pokets for PC Accessory and Device| Support Up to 13.3W / Black/BM-IBUB01BK,B008GRETVA
ELECOM Paper-Feel Screen Protector Compatible with Wacom Cintiq Pro 24 / Rough Paper/TB-WCP24FLAPL,B07L99ZXYV
ELECOM Flower Stand Speaker Mount Holder/Compatible with Google Home Mini and Nest Mini/Protective Case AIS-GHMFLOWER,B07KM8FJWB
Elecom Epson corresponding glossy paper pinnacle Platinum Photo Paper L size / 400 sheets EJK-EPNL400,B00T5ME0XM
ELECOM Wireless LAN Portable Router 11ac/a11n/b/g 433 + 150Mbps with USB cable [Red] WRH-583RD2-S (Japan Import),B00ZFLKC6G
ELECOM [2015 Model] Power tap Collective & Individual Switch Energy-Saving Swing Plug 4-Piece Mouth 2m White T-E7A-2420WH,B00XXOZD0W
ELECOM WiFi Router Wireless LAN 11ac/n/a/g/b1733+800Mbps [Black] WRC-2533GSTA (Japan Import),B076S177QJ
ELECOM Smartphone Stands Keyboard Setting ClipType. Black P-DSCLPKBK,B07G2PK518
ELECOM Bag in-Bag Gadget Storage Bag self Stand Type [Red] BMA-GP03RD (Japan Import),B00TMYLZ4K
ELECOM 2.4GHz Wireless Finger-Operated Trackball Mouse EX-G Series 8-Button Function with Smooth Tracking| Precision Optical Gaming Sensor (M-DT1DRBK),B017E0YO3W
ELECOM Paper Feel Screen Protector Compatible with Wacom MobileStudio Pro 16| Anti-Fingerprint| Anti-Glare/Smooth Type/TB-WMP16FLAPLL,B083317XH8
ELECOM Business Backpack Ruminant Water Repellent 4 Air Room with USB Charge Port 13.3 and 15.6 inch Laptop/Black/BM-RNBP01BK,B07F9D1M1R
ELECOM RED Trackball Replacement for 34mm/1.34 Trackball Mouse (M-B1RD),B07NJ4WM26
ELECOM Japanese Layout 2.4GHz Wireless Keyboard for Windows (TK-FDM106TBK),B07V4J22RH
ELECOM MMCX Compatible Bluetooth Wireless Receiver LBT-HPC1000RC (Black)【Japan Domestic Genuine Products】【Ships from Japan】,B07CZMN5VJ
ELECOM Blu-ray lens cleaner (dry type) ELECOM CK-BR1 (japan import),B002KJF24S
ELECOM Wired Compact Keyboard Pantograph Type Slim [White] TK-FCP097WH (Japan Import),B078HT31VC
ELECOM Tablet Touch Pen Smartphone Adaptive Disk Type Gray TB-TPLD01GY,B01GFSQKRC
ELECOM-Japan Brand-ESCODE Sacosh Bladed Crime Prevention Design Water Repellent Finish Ash Green BMA-ESSC01GN,B07NPQHH6J
ELECOM-Japan Brand-Bluetooth Wireless Mouse/BlueLED / 3 Button/Medium Size/Black/M-BT18BBPN,B075WVR4PT
ELECOM Smartphone Ring Holder Round Design Match Smartphone Body Stand Function White P-STRCLWH,B07JJPV92L
ELECOM Wired Finger-Operated Large Size Trackball Mouse 8-Button Function with Smooth Tracking| Precision Optical Gaming Sensor (M-HT1URXBK),B079FBN9VQ
ELECOM stereo mini-plug cable 1m [Frustration-Free Packaging (FFP)] DH-MM10 / E,B00B8ODP8G
ELECOM Flap cover for 2017 New iPad Pro 10.5 Soft leather 360 degrees rotatable| with stand [Black] TB-A17360BK (Japan Import),B06XH5SD8Z
ELECOM 2.4G Bluetooth 1.1 28mm Ultra Slim Design Portable Wireless Mouse Less Noise 4Button Function BlueLED 1600 DPI with Mouse Case Black M-TM10BBBK,B08D93ZV2K
Elecom Minicube Bluetooth Speaker for Smartphone (Whitecolor),B01MD0RW94
Elecom Category 6 corresponding LAN cable Gigabit Ethernet support (blue ? 50m) LD-GPN / BU50,B00KA2NGEA
ELECOM Full Cover Film Transparence Luster PM-GS10FLRGN,B07RLTPH4M
ELECOM Wrist Rest FITTIO Long Type/Fatigue Reduction/Ergonomic Design/Comfortable/Memory Foam/Anti Skid White MOH-FTPWH,B01DIIKPMS
ELECOM Animal Mouse Pad with Wrist Rest Ergonomic Design Reduce Fatigue Home School| Cat (MP-AN01CAT),B07RGTMF17
ELECOM 3.5 Computer Floppy Diskette Case / 10 Pack/Plastic Material/Secure Your Data/Data Strage/Transparent PK-10,B00008B3Q1
ELECOM ECLEAR Sports Extra Hard Power Twister Bar/Build Pectorals Muscle/Chest and Arm/Home Gym/Exercise/Blue HCF-ABEXHBU,B07KWQDM5F
ELECOM-Japan Brand-Smartphone Shock Resistant & Slim Light Case/Tough Slim Flap Type/Compatible with iPhone 11 Pro/Black/PM-A19BTSSBK,B07WRYJT4Y
ELECOM assent business card standard micro sewing machine large increase edition case with white sheets 800 MT-JMN1WNCZP (japan import),B002J9HPIU
ELECOM Super Slim LAN Cable with Nails Non-breakable CAT6A 5m [Blue] LD-GPASS/BU5 (Japan Import),B076J9ZZL3
ELECOM Cable Storage Type External Portable SSD (120GB) ESD-EC0120GBK (Black)【Japan Domestic Genuine Products】【Ships from Japan】,B07B9FWPZW
ELECOM-Japan Brand-Bluetooth 3.0 Wireless Mouse/Less Noise / 5 Button/Black/M-BT16BBSBK,B0166BI2XS
ELECOM-Japan Brand- 2WAY Stylus Pen Touch Pen with Replacement Tip/Disk Tip & Mesh Fiber Tip/High Sensivity/Precision White P-TP2WY01WH,B07VFMC18C
ELECOM Thunder Guard Power Strip with a Switch Swing Plug Type 6 Outlet 2.5m [White] T-K3A-2625WH (Japan Import),B00VRJGK6Q
ELECOM Portable WiFi Router for wireless LAN 433+150Mbps with USB cable WRH-583BK2-S (Japan Import),B00ZFLJPY6
ELECOM Laptop Computer Sleeve Case| Separate Model| PC Sleeve Bag or PC Accessory Bag| with Handle| Support 13.3inch / Black/BM-IBSP13BK,B014EZD7YC
ELECOM One Touch Finger Ring Holder/Easy Pop Up/Refill Film Included/Stand/Kickstand Pink P-STROTPK,B07W42BMDB
Elecom Compatible Bluetooth audio receiver iPhone & andriod correspondence black LBT-C / PAR02AVBK [Japan Import],B01LZOY9SI
ELECOM Stereo Headphone semi-Open Type φ 14.2 mm Driver TV Affinity Sound high Durability Cable 3.0 m Black EHP-TV10I3XBK,B07QGQC9SW
ELECOM-Japan Brand-Soft Leather Case with Carabiner Compatible with AirPods 2019/2016 Release Model/Black/AVA-APPLCBK,B07VR9KRWG
erekomu Power Tap Set 2 ,B00VRJH9H0
Elecom ARROWS TabF-03G for soft leather cover 4 angle black BD-FA03APLF2BK,B00OPS7E4I
ELECOM Cleaning Brush White KBR-011WH,B01BPNL5B8
ELECOM Paper-Like Film for Wacom Pen Tablet Cintiq Pro13 Anti-Reflection TB-WCP13FLAPL (Japan Import),B071985ZSR
ELECOM Paper-Feel Screen Protector Designed for Drawing| Anti-Glare Scratch-Resistant Bubble-Free| Compatible with 10.2 iPad 2019| 2020 (TB-A19RFLAPL-G),B088ZFLXCH
ELECOM Bluetooth Earphone FASTMUSIC Bund LBT-HPC14MPBK (Smoke Black)【Japan Domestic Genuine Products】【Ships from Japan】,B07J3VF1P9
ELECOM Pouch Bag for Gadget Storing| One Touch Buckle Type| Transparent Window Pocket| Rubber Band| Slim Design/Navy/BMA-GP11NV,B01N5UWYFW
ELECOM Metal Switching Hub (LAN hub) Giga Compatible 16 Port Ultra FE Function EHB-UG2A16 (Japan Import),B00GY09XGW
ELECOM Inner Bag for 8.9 inches Wide PC [Black] BM-IB07BK (Japan Import),B001RNNCHC
ELECOM Zero Shock Protective Sleeve/Water Resistance / 13.3 inch Conpatible with MacBook Air 13| iPad Pro| Surface Tablet/Black/ZSB-IBN13BK,B014EZD87I
ELECOM Semi-Hard Inner Sleeve case for 2017 New iPad Pro 12.9 [Black] TB-A17LSHPMBK (Japan Import),B06Y436QQJ
ELECOM ELECOM-Japan Brand-Smartphone Shock Resistant & Slim Light Case/Tough Slim Flap Type/Compatible with iPhone 11 Pro/Black/PM-A19BTSSBK,B07WXB1DF9
Elecom Wired Keyboard [USB] full keyboard (white) TK-FCM062WH,B00FIYCYFW
ELECOM Bluetooth Stereo Speaker LBT-SPP310AVRD (Red)【Japan Domestic Genuine Products】,B00XE9GQLQ
ELECOM 16 Port Switching Hub Gigabit with Magnet Power Supply Built-in Metal Body EHC-G16MN-HJW (Japan Import),B00RV8DZJC
ELECOM Memory Card Case for 2 XQD Cards and 4 SD Cards and 4 SD Cards| Shock Resistant/Black/CMC-SDCHD02BK,B073LWLB5X
Elecom Award Winning Dimp Gel Mousemat with Ergonomic Gel Wrist Support - Navy Blue,B0006B2BM8
ELECOM Hi-Res sound source corresponding over-head headphones EHP-R / OH1000ASV Silver EHP-ROH1000A series Elecom,B06X8YWBWW
Elecom Colors Series 3 Headphones (Yellow),B00HOMM63Q
ELECOM Smartphone Ring Holder Transparent Design Black P-STRCRBK,B07KFB1763
Radio | blk,B078HRLWXR
ELECOM Inkjet Printable CD/DVD Label Glossy 20 Sheets EDT-KUDVD1S (Japan Import),B000EZN0QW
ELECOM EHP-IN20-PN Coordination Earphones EHPIN20 Pink,B01M75E5PD
ELECOM USB flash drive 32GB USB3.0 with Rotary Connector Cover [Blue] MF-RMU3A032GBU (Japan Import),B073GT4287
erekomu LAN Cable | bule,B01MRFOAP7
ELECOM USB-HDMI display adapter 4K compatible LDE-HDMI4KU3 (Japan Import),B00TMYLTEQ
ELECOM Power Strip retaining Wall Socket Two Mouths 3P with Plug Magnet 3m Gray T-WRM3230LG / RS,B00D5P7Q4U
ELECOM LCD Protective Film Blue Light Cut Luster Thin PM-GS10FLBLG01,B07RK216ZN
Elecom USB hub USB3.1 Gen1 Type-C A Female 4-Port Bus Power 15cm Cable White U3HC-A429BXWH,B07X4QPBJ4
ELECOM Pouch Bag for Gadget Storing| Quick Open/Close Flap| Insert Various Size Devices| Flat Type| M Size/Red/BMA-GP05RD,B00TMYLW0C
ELECOM-Japan Brand- USB Speakerphone/Conference / 360° Voice Pickup/Portable/Business Meeting/Wired/Compatible with Skype White HS-SP01WH,B07WLXGNRG
ELECOM Wireless Thumb-Operated Compact-Size Trackball Mouse 5-Button Function Smooth Tracking| Less-Noise Precision Optical Gaming Sensor with Semi-Hard Case (M-MT1DRSBK),B07ZRGGPSK
ELECOM for Canon refill ink BCI-340 corresponding THC340BK8,B007XZ9N62
Elecom Category 6 corresponding LAN cable Gigabit Ethernet support (blue ? 30m) LD-GPN / BU30,B00KA2NG90
ELECOM USB Wired Gaming Controller 13 Button X Input Vibrating Rapid Fire High Durable [Black] JC-U4013SBK (Japan Import),B01N1S3YJP
ELECOM Laptop cooling pad| adjustable| ～17inch laptop| Silver| SX-CL22LSV,B00TMYLKIQ
ELECOM canal type headphones / ear Drops / TIARA / gorgeous / White EHP-AIN120WH,B06X8ZKTZ1
ELECOM Portable external hard disk drive 500GB USB3.0 [Black] ELP-CEDUBK series (Japan Import),B01BFW73JC
Elecom 7.0 to 8.4 inches general-purpose tablet case (plastic) Black TB-08PCBK,B00VRJFVS4
ELECOM USB2.0 Hub 4 Port Bus Powered 1.0m [Silver] U2H-TZ410SB (Japan Import),B002K6EU3A
ELECOM Refill Ink for Brother LC211BK & LC213BK Black 4 Times Refillable THB-211213BK4 (Japan Import),B01N6U67OJ
ELECOM roo't Power Strip 6 Outlet 1.5m [White] AVT-D3-2615WH (Japan Import),B01N6S2EW8
ELECOM Dr.EXG Bluetooth Wireless Mouse/Extreme Ergonomic Design/Less Noise/BlueLED/Large Size / 5 Button/Red/M-XGL10BBSBK| Black,B01G54NUVA
Elecom dust blower 3 This set ADECOMT,B005TH1HU6
ELECOM Flap cover for iPad mini 4 360 degrees rotatable Sleep mode compatible [Black] TB-A15SWVSMBK (Japan Import),B0155WRIAC
ELECOM LD-GAFJ1/WH joint White (japan import),B0001CQ5GK
ELECOM Shell Cover for REGZA Tablet at 500 [Black] TB-TOAT500PVBK (Japan Import),B0085P8220
ELECOM Tablet Case Stand Pouch for 8 inch tablet [Black] TB-08SPBK (Japan Import),B013S2YGA6
Comfy - Mausplattform mit Handgelenkauflage - Blau,B002WC9AHI
ELECOM-Japan Brand-Smartphone 極Kiwami- Soft TPU Case with Side Plating Type Compatible with iPhone 11 Pink PM-A19CUCTMPN,B07WY5WP2D
ELECOM Bluetooth 4.0 Wireless 5 Button Mouse/BlueLED/Medium Size/Red/M-BT20BBRD,B07CSPT1QQ
ELECOM Wireless compact keyboard Pantograph thin type [White] TK-FDP099TWH (Japan Import),B078HT5GHM
ELECOM Animal Design Cleaning Brush| for Display and Office Automation| Long and Soft Brush| Cute Design/Hula Cat/KBR-016A1,B07HSRHG2K
ELECOM Bag in-Bag Pouch for Accessories/Gadget with Pocket [Red] BMA-GP02RD (Japan Import),B00TMYLZCW
ELECOM Smartphone Ring Holder Round Design Match Smartphone Body Stand Function Red P-STRCLRD,B07JHJTQ2W
Elecom Colors Series 3 Headphones (Purple),B00HOMM6Z4
ELECOM Animal Design Silicon Protct Case Compatible with AirPods Chrging Case| with Connector Cup/Black Cat/AVA-APSCANCATB,B08282J379
ELECOM Energy Saving Power Strip with a Switch 4 Outlet 2.5m [White] T-T3A-3425WH (Japan Import),B011WD8MJE
ELECOM-Japan Brand-ZEROSHOCK Flap Case| Compatible with iPhone XR| Shockproof| Tough|Red|PM-A18CZEROSRD,B07LD35FM2
Elecom Category 6 corresponding LAN cable (White ? 10m) LD-GFT / WH100,B00B42H15A
ELECOMMedia Container for Blu-ray| 2Disks| 10Packs / Clear Blue/CCD-BLU210CBU,B001ABMTWU
ELECOM Screen Protector 15.6 inch Anti Glare Film EF-MF156W,B00JBQ9SA2
ELECOM Paper-Feel Screen Protector Compatible with Wacom Cintiq 13HD / Smooth Type/TB-WC13FLAPLL,B07L9BQKR9
ELECOM Mouse Pad Cordura/Stong/Durable/Precise Control/Anti Skid Black MP-CD01BK,B07NGQFFKF
ELECOM-Japan Brand-Business Briefcase UB Series Support Up to 15.6inch PC/Water-Repellent / 300D High Density Polyester/Navy/BM-UBBC01NV,B07NPP25NH
ELECOM Animal Finger Ring Holder White Cat/Cute Animal Design/Refill Film Included/Stand/Kickstand White CAT P-STRAMCATW,B07VMDFQ48
erekomu USB Cable Extension Magnetic Built-in USB (A) Male to USB (A) Female 2.0 m Graphite USB – eam2gt,B0000AERCJ
ELECOM Screen Film for iPad Mini 4 Fingerprint Prevention Air-Less high Gloss typeTB-A17SFLFANG (Japan Import),B06XH8XWLB
ELECOM Portable WiFi router Wireless LAN 300Mbps with an AC adapter WRH-300BK (Japan Import),B01ITAEQG6
ELECOM Wireless laser mouse Ulimate Laser extremity of grip 2.4GHz 8 button tilt wheel Size S/ Black M-XGS20DLBK,B015X8I6CW
Elecom Tsumekaeinku THC350PGBK5,B00BIRRC78
Elecom LCD protective film Blue Light cut (EF-FL23WBL) for a 23-inch wide,B0085P81HQ
Monaural headset microphone Smile for the smartphone with Elecom cable take-up reel 1 EHP-MC3540RF1,B00O9G1FN2
ELECOM ESCODE Shoulder Bag| Bladed Crime Prevention Design| Water Repellent Finish/Smoke Navy/BMA-ESSC01NV,B07NPNMQGG
ELECOM Screen Protector 24 inch Anti Glare Film EF-MF24W,B00JBQ9S4I
ELECOM Laptop Computer Sleeve Case Semi Hard Type| Support up to 15.6 inch/Gray/BM-IBFT15GY,B07KBTKCJC
ELECOM Paper-Feel Screen Protector Designed for Drawing| Anti-Glare Scratch-Resistant Bubble-Free| Compatible with 12.9 iPad Pro 2018 (TB-A18LFLAPL),B088ZFH35Z
ELECOM Compact wireless Bluetooth keyboard Pantograph type [Blue] TK-FBP102BU (Japan Import),B0787NN54P
ELECOM EHP-CS3520PNL-G Fruit Beats Earphones with Mic| Light Pink,B00H5VEMV0
ELECOM USB Wired Keyboard Membrane Type [Black] TK-FFCM01BK (Japan Import),B01HGGWZMG
ELECOM Screen Protective Film for Acer Aspire P3 Anti-Fingerprint Air-Less Gloss TB-ACAP3WFLFANG (Japan Import),B00E89M160
ELECOM Metal Switching Hub 5 port Built-in power supply with magnet [White] EHC-F05MN-HJW (Japan Import),B010BEFTB4
ELECOM Animal Design Power Outlet Cover| Protect from Dust and Dirt/Rabbit/T-CAPTATTA3,B07J35TG92
ELECOM 2.4G Wireless 1.1 28mm Ultra Slim Design Portable Wireless Mouse| Less Noise 4Button Function BlueLED 800/1600 DPI with Mouse Case Gray M-TM10DBGY,B08D94FFKK
ELECOM Pouch Bag for Gadget Storing| Quick Open/Close Flap| Insert Various Size Devices| Flat Type| M Size/Black/BMA-GP05BK,B00TK352II
Elecom USB3.0 compatible microSD dedicated memory card reader black MR3-C008BK,B00TMYLK1I
ELECOM USB-C Cable A-C USB 3.1 Gen2 3A Output 1 m [Black] USB3-AC10NBK (Japan Import),B01L88R2L2
ELECOM Paper-Feel Screen Protector Compatible with Wacom Cintiq 22 2019 Model/Bond Type/TB-WC215FLAPL,B07XF9XWDQ
ELECOM LAN Cable with Nails Non-breakable CAT6 7m [White] LD-C6T/WH70 (Japan Import),B01M1MU3EH
erekomu Fiber Optic Cable/Single Mode/LC – LC/1 m,B01N7DUSPZ
Back design film for Elecom Surface Pro3 (carbon ~ blue) TB-MSP3WRPT2,B00LKY7MII
ELECOM USB3.0 Hub 4 Port Bus Power [Black] U3H-K417BBK (Japan Import),B01M3Z2Y1U
ELECOM Inkjet Printable Paper A3 Size 100 Sheets EJK-SUPA3100 (Japan Import),B01D7Z5X8I
Elecom Pachi capitalists shock-absorbing film (anti-reflection) TB-A14EFLPA,B00Q5VMOCK
ELECOM Mouse Pad with Wrist Rest/Gel Type/Ergonomic/Reduce Wrist Fatigue/Anti Skid/Precise Control Black MP-GELBK,B01MSICY8E
ELECOM flecc orbe Round Power Strip tap with Dust Resistant 4 Outlet 1.0m [White] T-NFL02-2410WH (Japan Import),B01L88R54Q
ELECOM Animal Finger Ring Holder Bunny/Cute Animal Design/Refill Film Included/Stand/Kickstand Bunny P-STRAMRAB,B07VPH2R1Q
ELECOM Wired USB2.0 Numeric pad with 2 Ports Hub TK2-BT3H (Japan Import),B000FO5ZV0
ELECOM Co-Developed (with Programmer Swans) Gaming・PC Glasses| Cut Off The Blue Light by 87%| Clear Gray Lenses| Eye Strain Relief| Black,B07QGDJWY1
ELECOM Tablet Touch Pen Conductive Fiber Quickly Blue TB-TPLS01BU,B00CWR3HB8
Elecom Switch Enetappu Ministry Six Mouth with Dust Shutter Individual 1m Wh T-e04-2610wh,B002WC9ERE
ELECOM Wireless 6 Button Mouse Dual Series Hardware Macro| Side Wheel & High-Speed Scroll| Ultimate Blue Sensor/Large Size/Black/M-DWL01DBBK,B07DNH5N5V
ELECOM DVD label (glossy photo) Large increase / number of labels: 40 pieces EDT-KDVD2 (japan import),B00068KVE6
Elecom tablet / smartphone touch pen Quill Stylus (Ku~iru stylus) Silver TB-TPLST01SV,B00S7HX5SC
ELECOM Tattoo Stickers Transparent A4 10 Sheets EJP-TATA410,B00XJH9YNK
ELECOM SDXC Memory Card 64GB UHS-I Class 10 with Data Recovery Service MF-FSD064GU11LR (Japan Import),B00HX64YE2
Elecom microphone and controller equipped with high-resolution corresponding Canal earphone (Gold) ELECOM EHP-CH1000SN EHP-CH1000SGD / N,B06VV2PSP9
ELECOM USB Type C Cable Type C (USB A to USB C) Ultra-Rapid Charging at 3A Output USB2.0 Compliant Products high Durability 1.2m Black MPA-ACS12BK,B01E33FL4O
ELECOM Smartphone for Telescope Assembly Type 4~6inch inches Smartphones EDG-TLS001,B01DN702IQ
ELECOM Inner Bag for 8.9inches Wide Laptop PC [Blue] BM-IB07BU (Japan Import),B001RNNCHW
Elecom USB hub USB2.0 Type-C A Female 4-Port Bus-Powered 30cm Cable Black U2HC-A430BXBK,B07WYYX6D8
ELECOM Gadget Pouch Multi Pourch Case Soft Type Size S Red BMA-GP04RD,B00TMYLW9I
ELECOM canal type headphones / ear Drops / TIARA / Pretty / White EHP-AIN110WH,B06X18BJGF
ELECOM USB flash drive 8GB USB2.0 [Black] MF-HMU208GBK (Japan Import),B003U8X1XW
ELECOM hires-enabled stereo headphones kanarutaipu 12.5 mm driver CH2000 gold EHP-CH2000GD,B00OYSVN7S
ELECOM ID Badge Holder Vertical Type with Lanyard P-IDPC2TBU,B07PRJ9R1S
ELECOM Wireless 6 Button Mouse Dual Series Hardware Macro| Side Wheel & High-Speed Scroll| Ultimate Blue Sensor/Medium Size/Black/M-DWM01DBBK,B07DNCL8S8
ELECOM Laptop Carrying Bag Support 15.6inch Size| Soft Leather| Waterproof Material and Water Stop Fastener/Black/BM-BE02BK,B07FJNVL1B
ELECOM Mini Bluetooth Wireless Pantograph Keyboard [Black] TK-FBP083BK (Japan Import),B00S7HX5WS
Elecom caulking tool LD-KKTP2,B0002184KA
ELECOM Soft Leather case Italian (Coronet) Royal Navy PM-GS10PPLFYILN,B07RGTM4H2
ELECOM Offtoco Laptop Computer Sleeve Case/Vertical Holding/Handle/Water Repellent/Extra Pockets/Storage/School/Travel/Up to 13.3inch / Gray/BM-IBOF13GY,B079S599YZ
ELECOM Cell Phone Holder for Car/Dashboard / 36o° Rotate Strong Sticky Gel/Car Mount Cradle with One-Touch Design Black EC-SH01BK,B075CQJLKQ
ELECOM 2.4G Bluetooth 1.1 28mm Ultra Slim Design Portable Wireless Mouse Less Noise 4Button Function BlueLED 1600 DPI with Mouse Case White M-TM10BBGY,B08D94G523
ELECOM Flap Leather Cover Stand for Surface Pro4 [White] TB-MSP4WWVSWH (Japan Import),B0186ZWQZ2
ELECOM ZEROSHOCK Shock Resistant Rear case for 2017 New iPad Pro 10.5 [Red] TB-A17ZERORD (Japan Import),B06Y42G95J
ELECOM Paper-Feel Screen Protector Designed for Drawing| Anti-Glare Scratch-Resistant Bubble-Free| Compatible with 10.2 iPad 2019 (TB-A19RFLAPL),B07YG2L6YD
ELECOM Thin Italian Soft Leather Case for Arrows Tab F-04H [Blue] TBD-FA04AWDTBU (Japan Import),B01IB5HVFC
ELECOM Animal Finger Ring Holder Bear/Cute Animal Design/Refill Film Included/Stand/Kickstand Bear P-STRAMBEA,B07VQLTYBL
erekomu USB Memory GB USB3.0 USB3.0 1 Sliding USB Type-C Supported with a Strap Black | blk,B073VNLTCN
Elecom Category 5e corresponding LAN cable (White ? 7.0m) LD-CTN / WH7,B00KA2N5X2
ELECOM Gadget Pouch for Travel & Business Trip Accessory Storage Case/Gray/BMA-F01XGY,B07XFVCW1S
ELECOM DVD Labeler EDT-DVDST (japan import),B000EZL1ZO
ELECOM Slim LAN Cable with Nails Non-breakable CAT7 1m [Blue Metallic] LD-TWSST/BM10 (Japan Import),B00CWR39IO
ELECOM ZEROSHOCK Case| Compatible with iPhone XR| Shockproof| Tough| Red| PM-A18CZERORD,B07GWWL9NN
erekomu ge-minguki-bo-do/Japanese array/Key Cap/Black,B07DRYHSWY
ELECOM Keyboard Cover for NEC LAVIE Note Standard Series Silicone [White] PKC-98LL16WH (Japan Import),B01D3USIDY
ELECOM 【in Japanese Excel Shortcut Typing Support Mouse Pad Medium/Learn Study Japanese/Elementary/School Office Green MP-SCBGE,B00MGJ3GMC
ELECOM LAN Super Flat LAN Cable CAT6A 2m [White] LD-GFAT/WH20 (Japan Import),B076J9ZFXL
ELECOM LAN Cable Gigabit CAT6 with Protector 30m [Light Gray] LD-GP/LG30 (Japan Import),B00068KULK
ELECOM Wired/Wireless/Bluetooth Finger-Operated Trackball Mouse| 8-Button Function with Smooth Tracking| Precision Optical Gaming Sensor (M-DPT1MRBK),B07CG1R3JT
ELECOM Anti Blue Light Screen filter for 19 W inches LCD Anti-reflection type EF-FL19WBL (Japan Import),B0085P81VW
ELECOM Smartphone Ring Strap Large Size Sillicon Type Inner Diameter 22mm Black P-STF01LBK,B0197AP9TK
Elecom GUM Canal Type Headphones (Dark Blue),B00HOMMCFS
Elecom straight / cross conversion connector kit LD-CTHEN,B00005OH50
ELECOM ESCODE Shoulder Bag| Bladed Crime Prevention Design| Water Repellent Finish/Night Black/BMA-ESSC01BK,B07NPNMBP3
ELECOM Cable Spiral Tube| 2m| Inside Diameter :9mm| BST-9CR,B0000CE5D0
Elecom PC Speaker [USB] 2.0ch / USB power supply type (Silver) MS-W11USV,B007KFLYLC
ELECOM Smartphone Ring Holder Carabiner Design Red P-STRKRRD,B07KF8F1SD
ELECOM Cute Curious Peeking Cat Case/Compatible with iPhone11 6.1inch / Card Slot/Book Style/Blue PM-A19CPLFJA103,B07WRYLKBY
ELECOM Extension Connector HDMI (Type A) Female - HDMI (Type A) Female Straight [Black] AD-HDAAS01BK (Japan Import),B01017VGPY
ELECOM Mouse Pad/Laser and Optical Compatible/Dark Silver MP-112BK,B002NEFBKU
ELECOM Touch Pen Super Sensitivity Type AL.Stylus Gray TB-TPA02GY,B077R45B1Y
ELECOM Wide LED Clip Light USB + AC Compatible with Touch Sensor [Black] LEC-C012BK (Japan Import),B01MR74A7F
ELECOM ID Badge Holder Horizontal Type with Lanyard P-IDPC2YTN,B07PRJ9MVL
ELECOM Bluetooth Wireless Earphone LBT-C/HPC13MPBK (Black)【Japan Domestic Genuine Products】,B074ZG9Y9V
ELECOM Mouse Pad/Non-Skid Surface 2005 Model/MP-087BU,B000AOGHDA
ELECOM Animal Design Silicon Protct Case Compatible with AirPods Chrging Case| with Connector Cup/Polar Bear/AVA-APSCANBEA,B08282P1KP
ELECOM-Japan Brand- VR Headset with Controller Remote Bluetooth/Compatible with 4.0-6.5inch Smartphone iPhone Samsung Galaxy Black P-VRGBT01BK,B07FT373QW
ELECOM Canal Type Hi-Res Stereo Headphone EHP-DH1000ABK (Black)【Japan Domestic Genuine Products】,B078H36QY1
ELECOM Flexible Tripod Tablet PC (Red),B00BTR2UR4
Elecom Category 7-compatible LAN cable 10 Gigabit Ethernet support (blue metallic ? 2.0m) LD-TWSFT / BM20,B00CWR399S
erekomu NAS Windows Storage Serve,B06XW7V99V
ELECOM Linux 2 BayNAS 2TB NSR-MS2T2BLB (Japan Import),B00OPSRMRC
ELECOM Laptop Computer Sleeve Case with Handle| Support 7inch Wide| 8 inch Wide| 8.9 inche Wide 10.4 inche Size/Black/BM-IB014BK,B002BWP7ZI
ELECOM-Japan Brand-Smartphone Shock Resistant & Slim Light Case/Tough Slim Transparent Back Type/Compatible with iPhone 11 / Blue/PM-A19CTSLFCBU,B07WXB1DKY
Elecom CAT6A compliant ultra-high-performance super flat LAN cable (blue metallic ? 15.0m) LD-GFA / BM15,B002K6ETTU
ELECOM Display conversion cable miniDisplayPort - VGA 1m [Black] AD-MDPVGA10BK (Japan Import),B00ZZWL9O4
ELECOM-Japan Brand- Smartphone PU Leather Case Magnetic Type/Compatible with iPhone 11/ Navy/PM-A19CPLFY2NV,B07WX9RLFT
ELECOM 2.4GHz Wireless Finger-operated Large size Trackball Mouse 8-Button Function with Smooth Tracking| Precision Optical Gaming Sensor (M-HT1DRBK),B0735584RM
ELECOM Pouch for Accessories/Gadget with 2 Pockets and Belt for Attachment [Black] BMA-GP09BK (Japan Import),B013J9F634
ELECOM Finger Ring Holder Compatible with Wireless Qi Charging/Easy Pop Up/Refill Film Included/Stand/Kickstand Black P-STRRMBK,B07W3LMY73
ELECOM Wet Cleaning tissues 60 Sheets WC-JU60N (Japan Import),B0006NKCK4
ELECOM Dr.EXG Wireless Mouse 2.4GHz 5 Buttons BlueLED Mouse/Ergonomic Design/Back Forward Button / 2000 DPI/Gaming/L Size/EX-G/Black/M-XGL10DBXBK,B0781VNBZD
ELECOM Corner Power Strip tap with Thunder Guard 3outlet [White] T-KTR04WH (Japan Import),B0721YP1GJ
Elecom Power Tap Thunder Guard Bulk & Individually Switch Swing Plug Dust Shutter with T-3 K8 a Series | whites,B00VRJHJFM
ELECOM Screen Protect Film for ASUS Vivo Tab RT TF600T Fingerprint Proof Air-Less Matt Type TB-ASTF60WFLFA (Japan Import),B00AQOB0UY
ELECOM Super Slim LAN Cable with Nails Non-breakable CAT6A 0.5m [Blue] LD-GPASST/BU05 (Japan Import),B01M9K47J5
ELECOM 11104 Lime-Green Contrast Overhead-Type Headphones,B003NEVB9O
ELECOM Bluetooth Wireless 3 Button Mouse IR Sensor/Power Saving Function/Black/M-BT12BRBK,B00G9NII38
ELECOM Wired Finger-Operated Trackball Mouse EX-G Series 8-Button Function with Smooth Tracking| Precision Optical Gaming Sensor (M-DT2URBK-G)| Red Ball,B08GS2NR9K
ELECOM White ZEROSHOCK III 15.4 Laptop Notebook Sleeve,B000HA4EXM
erekomu Fiber Optic Cable/Multi Mode/G/LC – LC/10 m,B01MXTV33H
ELECOM LAN Cable with Nails Non-breakable CAT5E RoHS Compliant 10m [Light Gray] LD-CTT/LG10/RS (Japan Import),B00XQFK632
ELECOM-Japan Brand- Screen Protector Made in Japan Blue Light Cut 13.3inch 16:9 EF-FL133WBLGN,B01FTIO36E
ELECOM HDD Portable Hard Disk 500GB USB3.0 TV Recording corresponding Impact Absorption ZEROSHOCK ELP-ZS005UWH (White),B01I1HI4FG
ELECOM Animal Finger Ring Holder Bull Dog/Cute Animal Design/Refill Film Included/Stand/Kickstand Bull Dog P-STRAMDOG2,B07VL81PR7
ELECOM High-Resolution Sound Source Compatible Headphones “Grand Bass” EHP-GB1000ABK (Black)【Japan Domestic Genuine Products】,B01N9S9RRT
ELECOM Display Cable DVI - D 24 pin Dual Link Digital 1m [Black] CAC-DVDL10BK (Japan Import),B00297YV70
ELECOM Numeric Keyboard Bluetooth Membrane Type [Black] TK-TBM016BK (Japan Import),B00V5M85M2
ELECOM EHP-C3550 Series - 9mm Driver Unit- Inner Ear Type Stereo Headphones - EHP-C3550BK (Black),B00EX1PNPO
ELECOM Memory Reader Writer 45 + 1 Media Compatible [Blue] MR-K004BU (Japan Import),B002FB6WEU
ELECOM Tripod Stand for Tablet/Black,B00485COBQ
ELECOM Trackball Mouse M-DPT1 Series EVA Hard Protective Carrying Portable Storage Case| Wired & Wireless| Black (BMA-DPT1BK),B08H4P98MQ
ELECOM Wireless 3 Button Mouse Blue LED 2.4GHz/ Fluffy Light Small Lightweight 50g / Blue/M-BL20DBBU,B00DFUUM00
ELECOM Bluetooth Wireless 3 Button Mouse IR Sensor/Power Saving Function/Red/M-BT12BRRD,B00G9NIL58
ELECOM Bluetooth 4.0 Wireless 6 Button Mouse/Ultimate Blue/Power Saving/Red/M-BT21BBRD,B07HSZQ9XJ
ELECOM-Japan Brand- Classy Saffino FILP with Finger Chain Case/Compatible with iPhone11 Pro 5.8inch / Card Slot/Book Style/Navy PM-A19BPLFJM2NV,B07WT3GNVS
ELECOM EHP-CS3520F1-G Fruit Beats Earphones with Mic| Light Blue/Yellow,B00H5VDYUU
ELECOM VGA splitter switch (4 circuits) DTSP4-VGASV (Japan Import),B00008B30G
ELECOM Smartphone Ring Holder Round Design Match Smartphone Body Stand Function Green P-STRCLGN,B07JJQ6Z1Z
Headset HP05 Bluetooth Stereo White,B0098LX17G
ELECOM USB 3.1 Type-C Hub 4 Ports Bus Powered [Black] U3HC-A413BBK (Japan Import),B01BPNL5TU
ELECOM-Japan Brand- Hybrid Bumper Case/Compatible with iPhone 11 / Full Protection/Slim/Clear PM-A19CHVBCR,B07WP3PKCS
Elecom Wireless Keyboard [Bluetooth3.0] [smartphone / tablet corresponding] power stand for tablet (black) TK-FBP067BK,B00HX64YF6
ELECOM Bluetooth Wireless 3 Button Mouse| BlueLED| Compact Size| Symmetry Design/Pink/M-BT17BBPN,B075WVS7SN
Elecom Portable SSD 250GB USB3.2 (Gen1) corresponding TLC Equipped with Type-C & Type-A Cable Included PS4 Tested Silver ESD-EF0250GSV,B07WZD31JQ
ELECOM 2.4G Bluetooth 1.1 28mm Ultra Slim Design Portable Wireless Mouse Less Noise 4-Button Function BlueLED 1600 DPI with Mouse Case RED M-TM10BBRD,B08D94D4QP
Elecom ZERO SHOCK A4 13 inch Laptop Inner Sleeve ( Black ),B000HDWVPM
ELECOM-Japan Brand-ZEROSHOCK Case Compatible with iPhone Xs Max| Shockproof| Tough| Clear| PM-A18DZEROTCR,B07GWPVYG6
ELECOM LAN cable with nails non-breakable CAT6 RoHS compliant 10m [Light Gray] LD-GPT/LG10/RS (Japan Import),B00XKMKUZK
Elecom Mini DisplayPort - HDMI conversion adapter AD-MDPHDMIWH,B005LJP5CS
ELECOM USB Speaker 4W Wooden [Black] MS-W12UBK (Japan Import),B00XKB9UTS
Elecom iPad 10.2 (2019) Film Anti-Fingerprint Anti-Reflective TB-A19RFLFA,B07YG1X6Q5
ELECOM Power Strip un modo 6 Outlet 1.5m [Black] AVT-D5-2615BK (Japan Import),B06Y3QRFCP
ELECOM Bluetooth Thumb-Operated Compact-Size Trackball Mouse 5-Button Function Smooth Tracking| Less-Noise Precision Optical Gaming Sensor with Semi-Hard Case (M-MT1BRSBK),B07ZRGHJJ2
Elecom LAN cable (15m ? line ? UTP than White Straight category 6 ?) LD-GPY / WH15,B001BY5BT4
ELECOM Identity Protection Guard Blackout Stamp Ton-Pon S Size [White] KJH-ST1WH (Japan Import),B0045WB56M
Elecom Type-C Docking Station C hub PD corresponding [Charging Type-C × 1 / USB (3.0) × 1 / HDMI × 1 / LAN Port] 30 cm Cable White DST-C09WH,B07WYYDTYV
ELECOM Paper Feel Screen Protector Compatible with Wacom One 13| Anti-Fingerprint| Anti-Glare/Smooth Type/TB-WON13FLAPLL,B083M6DC13
ELECOM Twist Plug lock Power strip with magnet 3 pins 6 outlet 3m [Gray] T-WRM3630LG/RS (Japan Import),B00124C02Y
Elecom BlueLED mouse / L / wireless 2.4GHz / White,B0161YPB7A
ELECOM Mouse Pad with Wrist Rest Support Comfy/Ergonomic Design/Reduce Wrist Fatigue/Anti Skid Gray MP-114GY,B002WC9AIC
Elecom iPad Air 10.5 (2019)| iPad Pro 10.5 (2017) case Flap Cover Soft Leather 360 Degree Rotation Ultra-Light Sleep corresponding Navy TB-A19MWVSMNV,B07XLBQSHV
ELECOM USB Web camera 300000 pixels CCD with earphone microphone for Laptop PC [Silver] UCAM-L1D30MNSV (Japan Import),B000CGXL80
Elecom USB cable U2CDAMB02BK,B00B42H1KU
ELECOM Desumi (White) LD-GAFD1/WH,B0001CQ5EW
ELECOM car navigation system for a liquid crystal protective film anti-fingerprint high gloss general purpose 7V type CAR-FL7V,B01CHR5S3M
erekomu DVD Tall Case Slim Series | clear,B00068KV78
ELECOM 【2-Pack】 Paper-Feel Matte Screen Protector Film Compatible with Kindle Paperwhite (10th Generation) / Scratch Resistant/Anti-Glare/Rough TB-KP10FLAPL,B086KGW5WB
ELECOM Refill Ink for Cannon BCI-321 and BCI-326 5 Times refillable [Gray] THC-326321GY5 (Japan Import),B017OFKR2O
ELECOM Clock Stand Speaker Mount Holder/Compatible with Google Home Mini and Nest Mini/Protective Case Black AIS-GHMCLBK,B07KM96NSJ
Elecom USB2.0 memory rotary connector cover (4GB · Black) MF-RSU204GBK,B00JVD471U
Elecom Category 5e corresponding LAN cable (blue ? 5.0m) LD-CTN / BU5,B00KA2MW6S
ELECOM iPhone7 Slim Case 4.7inch Shell Cover [Slim type/0.8mm Thin/Clear] PM-A16MPVKCR,B01LAKX4HO
ELECOM| Japan Brand| Power Outlet Cover| Origami Rabbit| T-CAPKAKU2,B07DJC2PC8
ELECOM 【2Pack】 Paper-Feel Screen Protector Designed for Drawing| Anti-Glare Scratch-Resistant Bubble-Free| Compatible with 10.9 iPad Air 2020 (TB-APB109-W),B08LZ1W1M9
ELECOM Offtoco 2WAY Laptop Sleeve Backpack| Handbag| Limited Color Model| Multiple Inner Pockets| Water Repellent Finish| Support Up to 13.3 inch/ICY Blue/BM-OF04BU,B07MWZTZF1
ELECOM 2.4G Wireless 1.1 28mm Ultra Slim Design Portable Wireless Mouse Less Noise 4Button Function BlueLED 800/1600 DPI with Mouse Case RED M-TM10DBRD,B08D94HBL9
ELECOM Full Cover Film Transparence Reflection Prevention PM-GS10FLR,B07RGTM5YZ
ELECOM-Japan Brand-Bluetooth Wireless Mouse/BlueLED / 3 Button/Medium Size/Black/M-BT18BBBK,B075WW2CLD
ELECOM RJ45 connector for super flat cable LD-FRJ45T10,B00008B3QG
ELECOM LAN cable with nails non-breakable CAT6 RoHS 20m [White] LD-GP/WH20/C (Japan Import),B00PVBX7NA
Elecom USB cable USBRLM508B,B000LZ58ZG
Elecom Category 6 corresponding LAN cable Gigabit Ethernet support (blue ? 1.0m) LD-GPN / BU1,B00KA2N9QK
ELECOM Paper-Feel Screen Protector Designed for Drawing| Anti-Glare Scratch-Resistant Bubble-Free| Compatible with 10.2 iPad 2019| 2020 (TB-A19RFLAPL-G),B0845W2C4G
ELECOM-Japan Brand- ECLEAR Sports Half Balance Ball/Exercise Ball/with Mattress/Anti-Slippery/Home Yoga/Core Training/Light Blue HCF-BDBUL,B07VCBSLYR
ELECOM Cleaning Brush Display and Office Automation Device| Soft and Hard Brushes| Organizing Function/Blue/KBR-013BU,B01BPNL5C2
ELECOM TV Stereo Headphone Earplug Type φ10 mm Driver Affinity Sound high Durability Cable 5.0 m Black EHP-TV10C5BK,B07QCM8ZD6
ELECOM USB2.0 cable A - B type 5m [Beige] U2C-B50BE (Japan Import),B0036SGFFC
Couvercle du clavier Elecom PKB-HPD1 (japon importation),B000BIBH3K
ELECOM Animal Mouse Pad/Non Slip/Stylish Design/Cute Flamingo MP-111C,B002PZBZ0W
ELECOM Badge Holder with Lanyard/PU Leather/Horizontal Badge Card Holder with Detachable Lanyard/Key Ring/Perfect for Gifts Orange Squash P-IDPC2YDR,B07PX4RVF4
ELECOM Wired Mouse Optical Type S Size [Pink] M-Y6URPN (Japan Import),B00RYACKPM
ELECOM Magic Mouse Pad Mat/Silicon × Mousepad You Can Write on/Paper-Like/Memo/Desk Pad for Office/X-Large Pink MP-SR02PN,B07NGQFFKG
ELECOM SDHC Memory Card 16GB Class4 MF-HCSD016GC4A (Japan Import),B0723BCLDY
Elecom Minicube Bluetooth Speaker for Smartphone (Pink Cyan Color),B01M5IJ4RQ
Elecom Wireless Keyboard [2.4GHz ? USB] 2.4GHz wireless full keyboard (black) TK-FDM063TBK,B00FJ0GDLQ
With Elecom ferrite core 2A corresponding microUSB cable 1.2m U2C-AMBF2U12WH,B00XO0X03W
ELECOM Super Slim LAN cable with nails non-breakable CAT6A 20m [Blue] LD-GPASS/BU20 (Japan Import),B076J9RKSH
ELECOM iPhone Case Aluminium 4/4S Black (12590),B008G6OSXU
ELECOM Pouch Bag for Gadget Storing| Three Pockets for Devices and Cables| Stretch Material| Light Weight Type/Drange/BMA-GP10DR,B013J9F684
Elecom iPhoneX iPhone X Protect Case Cover Notebook Leather PM-A16MPLFYMBRL,B078VGP2BW
Elecom USB3.1 cable (TypeC-TypeC) black 1.0m USB3-CC10BK,B00Q5VLZJ8
ELECOM-Japan Brand-Laptop PC Sleeve Casual Inner Bag Design Support up to 13inch / Vertical Model/Mount Carrying Handles/Gray/BM-IBHCV13GY,B07W488M38
Elecom [Windows8.1 Corresponding] Wireless Blueled Mouse [2.4ghz · Usb] M-bl22db Series (5 Button Black) M-bl22dbbk,B00LKY724C
Elecom USB headset (neck band type) HS-NB05USV,B00M8VCL2Y
ELECOM HDMI (Type A) Female - HDMI Micro (Type D) Male Conversion Cable [Black] TB-HDAD2BK (Japan Import),B00ZZWPZQ2
ELECOM Stereo Headphone re-Cable MMCX Terminal EHP-SH1000ARCBK (Black),B01M6W6Y6E
Elecom MicroSD Card Data Recovery Service with Class MF – mrsdgc10ra Series,B00FZTNWJW
ELECOM Liquid Crystal Protective Film for ASUS Eee Pad Transformer TF101 10.1 matt Type TB-ASTFFL (Japan Import),B005C8S28M
Elecom soft LAN cable CAT6 0.15m Blue,B00G2PY0NU
ELECOM Italian Leather Thin Case for YOGA Tab 3 10 Notebook type [Blue] TB-LEY31AWDTBU (Japan Import),B019MGYW5Q
ELECOM Bluetooth Wireless Headphone LBT-TWS01MPBK (Black)【Japan Domestic Genuine Products】,B074ZG24L3
ELECOM USB-C Cable C - C USB2.0 0.5m [Black] U2C-CC05BK (Japan Import),B014EZD8AA
ELECOM Paper-Feel Screen Protector Compatible with Wacom Cintiq Pro 32 / Smooth Type/TB-WCP32FLAPLL,B07M7W7W6V
ELECOM Zero Shock Case & Film/Compatible with iPhone 11 Pro Max/Film Included/Full Protection/Bumper/RED PM-A19DZERORD,B07WX9HMHH
ELECOM Wireless IR LED Silent Mouse M Size| Silent Switch| Battery Life 2.5 Years Black M-IR07DRSBK,B01HO0WDQW
ELECOM Wired Gaming 5 Button Mouse| High Perfomance Gaming Sensor PixArt PMW3327DM/ Black/M-G01URBK,B07DSJ66CP
Elecom PC Speaker [ƒÓ3.5 mini plug] subwoofer with 2.1ch (black) MS-W02WBK,B003YDYW68
Elecom EJK-NAN Series High glossy paper EJK-NANKG100,B00OMEVUO0
ELECOM ECLEAR Sports Training Tube Band with Handle/Soft Type/Home Fitness/Training/Stretching Light Blue HCF-TBHGSBUL,B07VC7G1FP
ELECOM LDAC Bluetooth Wireless Headphone LBT-HPC1000MPGD (Black)【Japan Domestic Genuine Products】【Ships from Japan】,B07CZD8JXX
ELECOM 12 Slots for microSD Compact Design| Clear Black| CMC-06MC,B000N8UUX6
erekomu Off Toco 2Style Backpack Rucksack,B075D57VJN
ELECOM Flower Stand Speaker Mount Holder/Compatible with Amazon Echo dot 3rd Generation Model/Protective Case/AIS-GHMFLOWER-G,B089D423B2
ELECOM Wrist Rest dimp Gel/Memory Foam/Anti Skid/Ergonomic Design for Office/Gaming Pink MOH-DG01PN,B07K1D8L3F
ELECOM Wireless 3 Button Mouse| IR Sensor| Symmetric Design/Power Saving/Black/M-IR07DRBK,B01HO0W4SE
ELECOM ECLEAR Sports Training Tube Band Soft/Pull Up Assistance/Home Fitness/Training/Stretching/Yoga Light Blue HCF-TBFSBUL,B07KWQFDJF
ELECOM Paper-Feel Screen Protector Designed for Drawing| Anti-Glare Scratch-Resistant Bubble-Free| Compatible with 12.9 iPad/iPad Pro 2015/2017 (TB-A17LFLAPL),B06XH81MWY
Elecom 2A corresponding microUSB cable 0.8m white MPA-AMB2U08WH,B00MUDDT9Y
ELECOM-Japan Brand- ZEROSHOCK| case Compatible with iPhone SE / 5s /5| Shockproof| Tough| Red| PM-A18SZERORD,B079JV6DFV
ELECOM SD memory card 2GB MF-FSD02G (Japan Import),B000H5U38M
ELECOMLaptop Computer Sleeve Case Cordura with Hundle Navy BM-IBLW13NV,B073TYXQ5V
ELECOM Slim DVD Tall Case 2 Discs storable 3 pcs Set [Black] CCD-DVDS04BK (Japan Import),B00068KVAU
ELECOM Wrist Rest dimp Gel/Memory Foam/Anti Skid/Ergonomic Design for Office/Gaming White MOH-DG01WH,B07K1GL6K1
ELECOM Animal Design Silicon Protct Case Compatible with AirPods Chrging Case| with Connector Cup/Rabbit/AVA-APSCANRAB,B08283JJV3
ELECOM EHP-CS3520BU-G Fruit Beats Earphones with Mic| Dark Blue,B00H5VEEEK
erekomu Microphone Computer Microphone with Clip 1.6 m HS - mc06bk,B01HGGWB7K
ELECOM VR Bluetooth Remote Controller Black JC-VRR01BK,B01K1O5FKO
ELECOM Paper-Feel Screen Protector Compatible with Wacom Cintiq Pro 24 / Smooth Type/TB-WCP24FLAPLL,B07L9CXKMD
ELECOM Backpack compact| gadget pockets| 13.3 inch laptop| Black BM-BP01BK,B013S2YARK
ELECOM Offtoco 3WAY PC Bag Backpack| Messenger Bag| Handbag| Support to 13.3 inch Laptop/Navy/BM-OF01NV,B0792JT92P
ELECOM-Japan Brand- Smartphone PU Leather Case Magnetic Type/Compatible with iPhone 11Pro Max/Black/PM-A19DPLFY2BK,B07WRYJSXD
ELECOM Paper-Feel Screen Protector Designed for Drawing| Anti-Glare Scratch-Resistant Bubble-Free| Compatible with 10.2 iPad 2019| 2020 (TB-A19RFLAPL-G),B088Z1CV72
ELECOM Wireless Japanese Layout Keyboard / 108 Keys| Membrane Type| with Mouse| Super Power Saving/Black/TK-FDM063BK,B00FIYCYFM
ELECOM Animal Mouse Pad/Non Slip/Stylish Design/Cute Dolphin MP-111D,B002PZBZ1Q
ELECOM Premium Clear Hard Case/Compatible with iPhone 11 Pro Max/Transparent/Full Protection/Slim Clear PM-A19DPVCR,B07WW6RFX3
ELECOM Offtoco 2Style Camera Body Bag| Well-Organized Pockets| Inside Separated| Water Repellent Finish/Light Gray/DGB-S040LGY-G,B082X26FJ9
ELECOM ZEROSHOCK Laptop Inner Bag Shock Absorption Slim Type MacBook pro 13/12.1/12.5/13/13.3W / Black/ZSB-IBUB02BK,B008CLR2BO
ELECOM-Japan Brand-Bluetooth 3.0 Wireless Mouse/Less Noise / 5 Button/Red/M-BT16BBSRD,B0166BI2Y2
ELECOM Smartphone Ring Etra Small Design Stand Function Red P-STRSLRD,B07JJ6VKR1
ELECOM Ecorica Recycled Ink for Canon BCI-7 Series & 3eBK Series 5 Pack (4 Colors) ECI-CA074P+03B/Box (Japan Import),B000YPQQZE
ELECOM Pouch Bag for Gadget Storing| Stretch Material| Inner Mesh Pockets| Large Open Zipper| High Protection| S Size/Black/BMA-GP04BK,B00TMYLWF2
Neoprene Smartphone Pouch with Hook and Carabiner (Black),B008RTPLPK
ELECOM High Endurance Game Pad 12 Buttons| Made by Japanese Maker| Vibration and Continuous Hitting Function/Black/JC-FU2912FBK,B01HGGWZTO
ELECOM WiFi Wireless LAN Router Parent Machine 11ac/n/a/g/b 1300 + 600 Mbps Wired Giga Connection WRC-F1900ACG (Japan Import),B01HSUNWQI
ELECOM Screen Protector Compatible with Wacom Cintiq 13 HD/Cintiq 13 HD Touch/Cintiq Companion2 / Anti-Reflection/TB-WC13FLFA,B01HHIMZS2
ELECOM Soft Leather Lightweight Flap Cover stand for 2017 New iPad Pro 10.5 [Blue] TB-A17WVSMBU (Japan Import),B06Y41K2JV
ELECOM Magnet USB2.0 Hub 4port [Aqua Silver] U2H-G4SBS (Japan Import),B0000944B9
KCT-009BKAS,B07KX8H4KK
ELECOM Wireless Laser Mouse Bluetooth 5 Button with DPI Switch [Blue] M-BT13BLBU (Japan Import),B00RT8SMM4
Wired | blk,B078HT5GHL
ELECOM Sliding Mouse pad [Red] MP-118RD(Japan Import),B004XXJGIM
ELECOM-Japan Brand- AL.Stylus Stylus Pen Touch Pen Low Center of Gravity Model/Mesh Fiber Tip/High Sensivity/Precision Gray P-TPATCF01GY,B07VJQ29RT
ELECOM Touch Pen Conductive Fiber Long Type for Smartphone and Nintendo Switch Pen Tip Replacement Black P-TPLS02BK,B01GO40JBK
ELECOM Zero Shock Case & Film/Compatible with iPhone 11 / Film Included/Full Protection/Bumper/GRAYSILVER PM-A19CZEROGM,B07WV35RQN
ELECOM RS-232C Cable (9 pin Female-9 pin Female) RoHS Compliant 3.0m C232N-ECO930 (Japan Import),B000EADISW
ELECOM electronic dictionary case full cover type touch pen holder with alphabetic dictionary Design Brown DJC-021BR,B00HSDPW0K
ELECOM Light and durable business PC bag [Navy] BM-BZ03NV (Japan Import),B06XHVVF1D
ELECOM PSP用 USB充電ケーブル MG-CHARGE/DC,B000MR9IOA
ELECOM ESCODE Backpack Bladed Crime Prevention Design| Water Repellent Finish| Up to 13inch Sleeve/Ash Green/BM-ESBP01GN,B07NPNV2MC
ELECOM-Japan Brand-Smartphone Soft TPU Case Thin Type Compatible with iPhone 11Pro Max Clear PM-A19DUCUCR,B07WY6KQCW
M-RT1BRXBK,B08GSCC8RX
ELECOM Lightning Guard Power Strip with Swing Plug 6outlet 5m [White] T-K1A-2650WH (Japan Import),B00VRJGQI8
ELECOM Italian leather flap cover case stand for iPad Pro 9.7 inches [Blue] TB-A16WDTBU (Japan Import),B01DB5230A
ELECOM ID Badge Holder Vertical Type with Lanyard P-IDPC2TDR,B07PRJB34V
ELECOM Portable WiFi router Wireless LAN 300 Mbps AC adapter included WRH-300WH3 (Japan Import),B01ITAEWOW
ELECOM Car Cup Holder Expander / 2cup Mount Extender/Unique Design Black P-CARDH02BK,B01HPZQ24K
ELECOMUSB Type-C connection docking station Hub power delivery HDMI type [Black] DST-C02BK (Japan Import),B072PWJQBJ
erekomu Dtab Compact D – 02H LCD Protective Film Cut TBD – hw038aflblg,B01BFW73IS
Elecom Wired Keyboard [USB] full keyboard (black) TK-FCM062BK,B00FIYCYCU
ELECOM Inkjet Printable Tickets 16 Sheets [Gold] MT-G8F16 (Japan Import),B003M93XKU
ELECOM-Japan Brand-Car Charger Compatible with Android Devices / 3.0A Output/Type-C Cable 100cm Length/Black/MPA-CCC02BK,B073JD95KF
ELECOM Paper-Feel Screen Protector Compatible with Wacom Cintiq Pro 16 / TB-WCP16FLAPL,B07L9BN8G1
ELECOM ID Badge Holder Vertical Type with Lanyard P-IDPC2TGN,B07PV1VGNZ
Earphone Stereo with micro for Smartphone round Purple,B0065GE8ZQ
ELECOM Display cable D-sub 15pin VGA-VGA 5.0 m with high durability ferrite core RoHS [Black] CAC-S50BK/RS (Japan Import),B00YMZMSTU
Elecom TABLET COLOCOLO touch panel cleaner Pink TB-COL1PN,B00JIOYLUY
Elecom USB Memory 32GB USB3.2 (Gen1) corresponding Blue MF-LPU3032GBU,B07XTJ56SQ
ELECOM Metaric Finger Ring Holder with Face/Cute Design / 360° Rotation/Refill Film Included/Stand/Kickstand Black P-STRSLF2,B07VQLWLFS
ELECOM USB Flash Drive with Face 64GB / Stick/High Speed/Compatible with MacBook| Windows White MF-PKU3064GWHF,B07H3H436M
800 480 Black DPF-D7WW11BK ELECOM Digital Photo Frame LA Maison DE MEMOIRE from JPN,B0063L7CJC
BABY BEANS wireless laser mouse - Pink| World’s Smallest Wireless Mouse,B006UCBP38
ELECOM Paper-Feel Screen Protector Compatible with Wacom Cintiq 22 HD/Smooth Type/TB-WC22FLAPLL,B07L9CRZMV
Elecom 13118 Blanc RF Wireless,B006UCBP24
ELECOM Gaming headset [DUX] 4 pole pin binaural overhead type with microphone & volume controller HS-DUX50BK (Japan Import),B018WNIBMK
ELECOM DSLR Shoulder Messenger Camera Bag Normas/Stylish/Portable/Casual/Travel Protective Carrying Strage Bag/Shockproof Navy DGB-S031NV,B0722XSTCM
ELECOM Wireless 3 Button Mouse| IR Sensor| Symmetric Design/Power Saving/Pink/M-IR07DRPN,B01HO0W8TO
ELECOM Comfy - Mauspad mit Handgelenkpolsterkissen - weiß,B002WC9AK0
ELECOM USB-C Cable A - C 1 m USB2.0 3A Output [Black] U2C-AC10NBK (Japan Import),B016QCPNIY
ELECOM canal type headphones pink! Pink! Pink! (Sakura Pink) EHP-PIE20PN5,B06VV9MV69
ELECOM TV Stereo Headphone Earplug Type φ10 mm Driver Affinity Sound high Durability Cable 5.0 m Black EHP-TV10C5XBK,B07QCM9NGM
ELECOM 2.4GHz Wireless Finger-operated Trackball Mouse EX-G series 8-Button Function with Smooth Tracking| Precision Optical Gaming Sensor (M-DT2DRBK),B0171QQ7FM
ELECOM Offtoco 2WAY Laptop Sleeve Backpack| Handbag| Limited Color Model| Multiple Inner Pockets| Water Repellent Finish| Support Up to 13.3 inch/Pink/BM-OF04PN,B07MX5M7FR
ELECOM Mouse Pad/Laser and Optical Compatible/Metallic Silver MP-112SV,B002NEFBMI
ELECOM-Japan Brand-Blu-ray & DVD & CD Jewel Cace Slim and Music Jacket Inserting / 30 Pack/Transparent Tray/CCD-AMJSCS30CR,B07L3NT75W
ELECOM 6 Piece Mouth Power tap AC Adapter are Five Causes Wide Outlet 1m Black T-NSL-2610BK,B01N6Q6ARY
ELECOM ZEROSHOCK inner back impact absorption for 11.6 inches MacBook [White] ZSB-IBNM11WH (Japan Import),B014EZDESQ
Elecom LAN cable (10m ? Black Straight Category 6 line ? UTP than ?) LD-GPY / BK10,B001BY5BWQ
ELECOM Screen Protector Compatible with Wacom Cintiq 13 HD/HD Touch/Cintiq Companion 2 / High Definition| Anti-Glare/TB-WC13FLFAHD,B01HGGWTZY
ELECOM Laptop Computer Sleeve Case| Separate Model| PC Sleeve Bag or PC Accessory Bag| with Handle| Support 15.6inch / Black/BM-IBSP15BK,B014EZDEYA
ELECOM Wrist Rest FITTIO Short Type/Fatigue Reduction/Ergonomic Design/Comfortable/Memory Foam/Anti Skid White MOH-FTRWH,B01DIIKPS2
ELECOM USB Cable USB2.0 A-miniB 3m [Black] U2C-M30BK(Japan Import),B002FB6IXU
ELECOM Paper-Feel Screen Protector Compatible with Wacom Cintiq Pro 16 / Smooth Type/TB-WC16FLAPLL,B07L9C79GF
ELECOM Paper Feel Screen Protector Compatible with Wacom One 13| Anti-Fingerprint| Anti-Glare/Rough Type/TB-WON13FLAPL-K,B083M7BNM6
Elecom Computer Switch Container KM-A22BBK,B0029ULLRU
Elecom OA tissue WCAL130SP,B000HA4F5Y
ELECOM Smartphone Soft Leather Flip Case Thin and Magnetic Type Compatible with iPhone 11 Navy PM-A19CPLFUNV,B07WXB5F44
ELECOM ECLEAR Sports Expert Ab Roller with Knee Mattress/Abdominal Wheel/Six Pack/Home Gym/Noise-Less/Blue HCF-AR1BU,B07V9LZ8C7
Elecom Regza Tablet 2011 AT700 10.1 in Protection Film TB – toat700fl Series,B006Y1677Y
Elecom Category 6A corresponding LAN cable (blue ? 20m) LD-GPAT / BU200,B00B42GZPC
ELECOM DUX Gaming Controller with 24 Buttons| 2 Analog Sticks| Cross Buttons for MMO Games| Rapid Fire Mode| Memorize Button Setting/Black/JC-DUX60BK,B01NBKEGOX
ELECOM Wireless Thin Keyboard/Standard Japanese Layout/Conformity with JIS Standard/Wireless Mouse/Durable/Black/TK-FDM109MBK,B07PFGDMCS
ELECOM Full 1080P Webcam 30FPS with Built-in Microphone Advanced Auto-Focus Privacy Cover for PC Desktop & Laptop (WEBCAM-101BK),B089GNFQ4R
ELECOM LD-T100WH50 Cable Ties (japan import),B0001XOVHY
ELECOM Wireless optical mouse with 3 button [Blue] M-EG30DRBU (Japan Import),B01MYZJYB6
Elecom spare ear caps white XS size 6 pcs EHP-CAP20XSWH,B00SZDBBL6
ELECOM Bluetooth (R) Wireless Stereo Earphone LBT-HPC50AVBK (Black),B01LWYZ4BZ
ELECOM Flap stand cover for dtab Compact d-01J thin type [Black] TBD-HW48AWVFUBK (Japan Import),B075DFR722
ELECOM ESCODE Backpack Bladed Crime Prevention Design| Water Repellent Finish| Up to 13inch Sleeve/Night Black/BM-ESBP01BK,B07NPNMDJL
Elecom reflection name key ring (rectangular model) EDT-NMSKH2 (japan import),B00376SFPG
ELECOM Twist Plug lock Power strip with magnet 3 pins 2 outlet 1m [Gray] T-WRM3810LG/RS (Japan Import),B00D5P7V54
ELECOM Compact Stand for Smartphone and Tablet| Support up to 10inch| Free Angle Type| Non-Slip Rubber| Mobile Usage/Black/TB-DSCMPBK,B01M1AC8LM
ELECOM Switching Hub 16 Port Gigabit PoE Function Loop Prevention EHB-SG2B16F-PL (Japan Import),B01M6VZVJR
erekomu Wired Mouse 5 Button BlueLED Small Grip for Inspiration Black Medium – xgs10ubbk,B0161YPBGG
ELECOM Zero Shock Case & Film/Compatible with iPhone 11 Pro/Film Included/Full Protection/Bumper/Blue PM-A19BZEROBU,B07WV36WTV
ELECOM CCD-DVD06CR DVD tall case,B00068KVA0
ELECOM Screen Protector Compatible with Wacom Cintiq Pro 16 / Super Anti Reflection| Anti Glare/TB-WCP16FLKB,B07DRWLF7T
ELECOM-Japan Brand-Car Charger Compatible with iPhone and Android/USB Port x2 / Automatic Identification /4.8A Output/Black/MPA-CCU10BK,B0775Z8DF8
ELECOM Paper-Feel Screen Protector Compatible with Wacom Intuos Medium Wireless 2018/ Smooth Type/TB-WIWMFLAPLL,B07XF9Z2ZH
ELECOM Screen Protect Film for Xperia Z3 Compact (SO-02G) Air-Less Fingerprint Proof Glossy Type PD-SO02GFLFTG (Japan Import),B00OSQWFS2
Elecom USB3.0 cable USB3-EX20BK,B00BTR3E10
ELECOM Formal glove touch panel compatible anti-slip [Black] P-GV4BK (Japan Import),B005LDVQ7W
ELECOM Touch Pen Long Type Extra Fine Model Black P-TPLFBK,B00BMIP44G
ELECOM Cleaning Brush Display and Compact Storing Model| Compact Storing Model| Soft and Hard Brushes/Black/KBR-014AS,B07HN4B3VZ
Capteur tactile souris sans fil ELECOM BlueLED Windows8 correspondant avec un rouge M-TC01DBRD (japon importation),B00ATZNUY4
 ELECOM microUSB Audio Adapter [with Earphone] EHP-CHR192SV (Silver),B01E6WGMFE
ELECOM Cable Strage Box 4 Outlets Surge Storage/Black/EKC-BOX002BK,B005B7IF0Y
ELECOM Wireless mini thin keyboard Bluetooth Pantograph [White] TK-FBP100WH (Japan Import),B0798KBCPD
ELECOM Power Strip un modo with Plug Lock Buttons 4 Outlet 2.0m [Black] AVT-D6-2420BK (Japan Import),B06Y44FF94
ELECOM Pouch Bag for Gadget Storing| Light-Weight and Slim Type| Inner Partition| Small Size/Navy/BMA-GP01NV,B00TMYM01M
ELECOM Apple Watch Band 40mm Full Cover Film Shock Absorption Fingerprint Anti-Reflective Proof AW-40FLAFPR,B07KZHVHMZ
ELECOM Custom Photo Insert Mouse Pad Mat/Clipboard Folder/Message Pad/Picture/File Board/for Office/Pink MP-117P,B00428HBLC
ELECOM 2.4G Wireless 1.1 28mm Ultra Slim Design Portable Wireless Mouse Less Noise 4Button Function BlueLED 800/1600 DPI with Mouse Case White M-TM10DBWH,B08D94PGG1
ELECOM Huge Wired/Wireless/Bluetooth Finger-Operated Trackball Mouse| 8-Button Function with Smooth Tracking| Precision Optical Gaming Sensor (M-DPT1MRXBK),B07C9T4TTW
ELECOM USB Fan (Multifunction Type) FAN-U177BK (Black)【Japan Domestic Genuine Products】,B07281KZRJ
ELECOM Security Lock Wire only Length 3.0 m Diameter 5.6 mm ESL-W3056 (Japan Import),B0002W3G4I
ELECOM Web camera with built-in microphone 5million pixels high definition glass lens [Black] UCAM-C750FBBK (Japan Import),B078J9MR75
Car-only handmade sticker (white) EDT-STCAW (japan import),B002J9HPK8
ELECOM 2.4G Wireless 1.1 28mm Ultra Slim Design Portable Wireless Mouse Less Noise 4Button Function BlueLED 800/1600 DPI with Mouse Case Blue M-TM10DBBU,B08D94ZJ7P
ELECOM Thin CD/DVD case 2discs storable 10pcs Set [Clear] WST-CD01CR (Japan Import),B00008B3M6
ELECOM BlueLED wireless mouse M-XG 2.4GHz Height L Size Black M-XG2DBBK of 5 button grip,B00ESTUFFY
ELECOM TV monaural Headphone Earplugs Type φ 10 mm Driver Affinity Sound high Endurance Cable 3.0 m Black EHP-TV10CM3BK,B07QBMNZZN
ELECOM USB Cable USB2.0 Type C for Apple C - C Type Standard 1.0m [White] U2C-APCC10WH (Japan Import),B014EZD1CA
ELECOM Animal Finger Ring Holder Hedgehog/Cute Animal Design/Refill Film Included/Stand/Kickstand Hedgehog P-STRAMHED,B07VRQ3TZW
ELECOM MMO Gaming mouse wired 10 button hardware macro 3500dpi black M-DUX31BK,B018I4M4T4
ELECOM Hi-Res Audio Stereo Earphone “Grand Bass” EHP-GB2000MRD (RED)【Japan Domestic Genuine Products】【Ships from Japan】,B07G38XRGY
ELECOM Anison for Stereo Headphones EHP-SL100ASV (Silver),B01MF5UHNA
ELECOM Paper-Feel Screen Protector Compatible with Wacom Intuos Medium Wireless 2018 / Smooth Type/TB-WIWSFLAPLL,B07XB46Z26
ELECOM Apple Pencil (1st Generation) Grip| TB-APEGNSHCR,B081CTPZLD
ELECOM ECLEAR Sports Hard Power Twister Bar/Build Pectorals Muscle/Chest and Arm/Home Gym/Exercise/Orange HCF-ABHDR,B07KWMJGD8
ELECOM Wired Numeric pad with high Durability M Size [Silver] TK-TCM011SV (Japan Import),B00I17QC1K
ELECOM Wireless mouse 5 button automatic power ON/OFF [Red] M-WK01DBRD (Japan Import),B014P24PSQ
ELECOM ESCODE Bladed Crime Prevention Design| Water Repellent Finish| Up to 11inch Tablet Smoke/Navy/BM-ESMS01NV,B07NPJDWDY
ELECOM electronic dictionary film SHARP Brain PW-SB2| PW-SA| PW-SH2| PW-SJ2 Series DJP-TP028,B00RV5CN3O
ELECOM Laptop Inner Bag| Support Up to 13.3 inch| Flexible PC Accessory Pockets| Double Zipper/Red/BM-IBPT13RD,B014EZD8DW
ELECOM LAN Cable Nails Non-breakable Type CAT6 RoHS 7m [White] LD-GPT/WH7/RS (Japan Import),B00JZG9PJM
ELECOM stereo headphone Kanarutaipu coron light pink EHP-C3550PNL,B06WP4NJB5
Speaker 12W 2.1ch Cherry Wood MS-W02WCH the ELECOM tree,B003YDYW6I
ELECOM off toco 2style Casual Shoulder Bag for Camera [Gray] DGB-S025GY (Japan Import),B01BK6MLUE
Elecom U2h-gm002bk 7 Port USB Hub (Japan Import),B003I4F7IU
ELECOM AC Adapter USB-C (PD Compatible/MacBook high Speed Charging) [White] ACDC-CPS200WH (Japan Import),B077XNLQ1H
ELECOM Smartphone PU Leather Case Magnetic Type/Compatible with iPhone 11/ Green/PM-A19CPLFY2GN,B07WX9YNNN
ELECOM Pen Point Super Sensitivity Type φ 6mm Two P-TIPC01,B078C4QLWJ
ELECOM Memory for Laptop PC DDR3-1600 PC3-12800 8GB EV1600-N8G/RO (Japan Import),B00AZ8BYRU
ELECOM Apple Pencil Holder Pen Clip Metal Black TB-APECPMBK,B07Y3FFKMH
ELECOM Compact Size Card Reader & Writer USB2.0| Supporting Various Media Compatible with SD| Memory Stick| and Multimedia Card/Face Design/MR-A39NWHF1,B00NMYPJ4I
ELECOM 【in Japanese Excel Shortcut Typing Support Mouse Pad Large/Learn Study Japanese/Elementary/School Office Green MP-SCBGE,B0754FX1SB
ELECOM-Japan Brand-Bluetooth 4.0 Wireless Mouse/BlueLED / 3Button / Medium Size/Black/M-BT19BBBK,B07CSN91N4
ELECOM Mouse Pad RICERCA/Italian Soft Leather/Stylish Casual Design/Precise Control/Anti Skid RED MP-ELNSRD,B0754CNW5H
ELECOM Dr.EXG Bluetooth Mouse 5 Buttons BlueLED Mouse/Ergonomic Design/Back Forward Button / 2000 DPI/L Size/EX-G/Blue M-XGL10BBXBK,B0781ZQ882
ELECOM Animal Finger Ring Holder Shiba Inu/Cute Animal Design/Refill Film Included/Stand/Kickstand Shiba Inu P-STRAMDOG1,B07VPH2LSM
ELECOM CAT6 Soft LAN Cable with Nail Non-breakable Connector 1.5m [Black] LD-C6YT/BK15 (Japan Import),B01LY2FVRG
ELECOM LDAC Bluetooth Wireless Headphone LBT-HPC1000AVGD (Gold)【Japan Domestic Genuine Products】【Ships from Japan】,B07D8J9S8Z
ELECOM Italian Soft Leather Laptop Type case for iPad mini4 [Blue] TB-A15SWDTBU (Japan Import),B0155WS5IQ
ELECOM DVD Tall case 7 Discs Storage [Black] CCD-DVD09BK (Japan Import),B000E7RFWK
ELECOM Slip-in case for Surface Pro 3 Neoprene Two-Tone Color Type with Stylus Pen Pocket [Light Blue] TB-MSP3WNP2LBU (Japan Import),B00YWCM7FS
ELECOM Touch Pen Super Sensitivity Type Standard Black TB-TPC01BK,B077RG243D
ELECOM USB Wired Gaming Controller 13 Button X Input Vibrating Rapid Fire High Durable [White] JC-U4013SWH (Japan Import),B01N2TPQMK
ELECOM LAN Cable Soft Nails Non-breakable Type CAT6A 3m [Blue] LD-GPAYT/BK3 (Japan Import),B076J9P83D
ELECOM-Japan Brand- Classy Saffino FILP Case/Compatible with iPhone11 Pro 5.8inch / Card Slot/Book Style/DEEP Pink PM-A19CPLFJM1PL,B07WX9QVPG
ELECOM AC Power Charger for IQOS 2A Output [Navy] ET-IQAC201NV (Japan Import),B06ZZHQXG4
ELECOM Wireless Mouse TIPS AIR Quiet,B07MQMVFN5
ELECOM 2 Way Shoulder Camera Bag Off-Toco/Durable/Water Resistant/Lots of Strage and Space/College School Bag for Women & Men Black DGB-S034BK,B06Y2CWW8J
ELECOM-Japan Brand- Compact Tripod Folding Type Compatible with Various Smartphone/White/P-STWWH,B07KM2NRSJ
ELECOM Wrist Rest FITTIO Long Type/Fatigue Reduction/Ergonomic Design/Comfortable/Memory Foam/Anti Skid Black MOH-FTPBK,B01DIIKXJI
ELECOM LAN Cable 2m is not Broken Nail RoHS Compliant CAT5e White LD-CTT / WH2 / RS,B00JZG8WGO
Elecom superfine USB3.0 cable USB3AMBX20WH,B00BTR3AVE
erekomu USB3.0 1 Gen1 External hard drive 3.0 TB Black SGD – nzubk Series SGD – nz030ubk,B077HFBH3Q
Elecom GM-NSVG01BK for Nintendo Switch VR Glass Goggles,B07ZRQLYW4
Elecom headset (both ears earplug type) HS-EP12BK,B00M8VCUDE
ELECOM Neoprene Laptop Computer Sleeve Case| Side Protect Protect 13.3inch / Black/BM-IBNP13BK,B014EZDF2Q
ELECOM LANケーブル PS4対応 CAT6 やわらか 3m ブラック GM-LDGPYT/BK30,B00JTS0RJ8
ELECOM Amazon Echo Dot 3rd Generation Smart Speaker Holder Clock Stand Type Black AIS-AEDCLBK,B07QHNJ7PP
ELECOM Bedside Stand for Smartphone and Tablet Charging and Watching Videos While into The Slit and Sleeping TB-DSCHBEDWH,B07RGTL273
ELECOM Soft leather flap case stand for iPad Pro 12.9 inches [Black] TB-A17L360BK (Japan Import),B06XH6W9VB
ELECOM DUX MMO Gaming 5000dpi M-DUX70BK 2 PC Operation 19 Buttons from Japan,B01AYUTUO2
ELECOM Animal Mouse Pad/Non Slip/Stylish Design/Cute Frog MP-111B,B002PZLF5M
ELECOM Zero Shock Case & Film/Compatible with iPhone 11 Pro Max/Film Included/Full Protection/Bumper/Silver PM-A19DZEROSV,B07WY6BZTK
ELECOM Paper-Feel Screen Protector Compatible with 9.7 inch iPad/iPad (2018 & 2017)| iPad Pro (2016)| iPad Air| iPad Air2 / Anti Glare| Scratch Resistant/Bond Type/TB-A18RFLAPL-W,B07QCM98WM
ELECOM 2-in-1 Wireless Charger Mouse Pad Mat / 5W / Soft Leather for iPhone X Xs Max 8| Samsung| Galaxy Qi Enable Devices Brown MP-WQ01BR,B07JZ5BM5B
ELECOM [2015 Model] Power tap Individual Switch Energy-Saving Swing Plug Four Ports 3m White T-E5A-2430WH,B00XXOWPOY
ELECOM Zero Shock Case & Film/Compatible with iPhone 11 Pro Max/Film Included/Full Protection/Bumper/Black PM-A19DZEROBK,B07WX9W1ZQ
Elecom protective case for iPod 20G and 40G - White,B000A42UQI
ELECOM Docking station usb-c Hub power delivery HDMI type [White] DST-C02WH (Japan Import),B072FRJWNR
ELECOM NFC Android Wireless silicon Keyboard,B008O9EJ8I
ELECOM-Japan Brand- Hybrid Glass Case/Compatible with iPhone 11 / Tempered Glass/Full Protection/Slim/White PM-A19CHVCG3WH,B07WX8PVTH
ELECOM Metal Switching hub Gigabit 24 Port Loop Prevention EHB-UG2A24-S (Japan Import),B01DAXOMES
ELECOM Wireless Bluetooth Keyboard Foldable Multi Pairing [Black] TK-FLP01BK (Japan Import),B01LZ0SND7
erekomu USB3.0 HUB 4 Ports| Bus Power [Ultra Small| Lightweight Design] U3H – fc02bbk,B07CMF41B5
ELECOM power tap energy-saving individual switch dust shutter with six mouth 2 m White T-E6A-2620WH,B00XXOZDZ2
ELECOM Wired Thumb-Operated Trackball Mouse| 5-Button Function with Smooth Tracking| Precision Optical Gaming Sensor (M-XT2URBK-G),B0843S683T
ELECOM Dr.EXG Bluetooth Wireless Mouse 極-Kiwami- Mouse/ Extreme Ergonomic Design| BlueLED| Large Size| 5 Button / Blue / M-XGL10BBBU,B0161YPB7U
ELECOM HDMI cable (For PS3| Xbox360) Ver1.4 ethernet +3D full HD correspondence 1.5m orange DH-GMHD14E15DR,B003I4F6WM
Elecom MICROUSB cable MPAAMBIRLC08WH,B007NA8UCK
ELECOM Bluetooth Wireless 3 Button Mouse IR Sensor/Power Saving Function/Silver/M-BT12BRSV,B00G9NIL7G
ELECOM Shock Absorption Hybrid Case for Ipad Air/White,B00IK9AGOS
ELECOM LAN Cable Gigabit Soft Nail Non-breakable CAT6 15m [Blue] LD-GPY/BU15 (Japan Import),B001BY5BP8
ELECOM Red PM-GS10PLFY2RD Soft Leather case Magnet,B07RHXS5SD
ELECOM Inkjet Printable Business Card 100 Sheets Clear Edge Glossy Paper Thick Double Sided Printing [White] MT-KMK2WNZ (Japan Import),B0007V1UNS
ELECOM Flat Cord Cover 1m Wooden Grain Style LD-GA1307/WD (Japan Import),B0001CQ9G6
ELECOM Tablet PC Stand Flexible Tripod [White] TB-DS007WH (Japan Import),B00BTR2UL0
ELECOM Italian soft leather flap cover stand for iPad Pro 12.9 inches [Blue] TB-A17LWDTBU (Japan Import),B06Y3QTJ3V
ELECOM-Japan Brand-ZEROSHOCK| Carabiner Case| Compatible with iPhone XR| Shockproof| Tough|Red|PM-A18CZEROKRD,B07LD8VFW7
ELECOM SDHC memory card 32GB UHS-I U1 Class 10 MF-ACSD32GU11/H (Japan Import),B00ZQ4W9PO
ELECOM Printable name label sticker water resistant dishwasher safe 66 sheets [White] EDT-TCNMWH3 (Japan Import),B00TNZ0HBK
Elecom electronic dictionary case full cover type double zipper with touch pen holder Black DJC-022BK,B00HSDPVXS
ELECOM-Japan Brand- Screen Protector/Compatible with iPad mini5 and iPad mini4/ Anti-Shocks/Anti-Glare/TB-A19SFLFPN,B07PQF82GP
ELECOM-Japan Brand-Car Charger Compatible with Android Devices / 2.4A Output/Type-C Cable/Black/MPA-CCC03BK,B072KPPGVF
ELECOM Air Duster ECO nozzle movable type 2WAY 3pcs Set AD-ECO2WAY (Japan Import),B075ZP73JC
ELECOM Dr.EXG Bluetooth Wireless Mouse 極-Kiwami- Mouse/ Extreme Ergonomic Design| BlueLED| Large Size| 5 Button / Black / M-XGL10BBBK,B0161YPB6G
Pink Tablet Protector and Stand for the Kitchen - Water Resistent - up to 7 inch screen,B00GX27CC8
ELECOM Twist Lock Power Strip with Magnet| Twist Lock and Wall Mounting Hook and 3P-2P Conversion Adapter 4 Outlet 5m [White] T-ECOH3450NM (Japan Import),B0010P69O0
ELECOM Memory Card Plastic case for 6 SD Cards & 6 microSD Cards [Blue] CMC-SDCPP12BU (Japan Import),B00HY6S5KK
ELECOM Power Strip Swing Plug with Magnet 3 pin 4 Outlet 3m [Gray] T-T06-3430LG/RS (Japan Import),B00DFU7B5O
ELECOM Flash Drive USB3.1 32GB Slide type [Black] MF-KCU3A32GBK (Japan Import),B071JV78H4
ELECOM Smartphone Ring Holder Carabiner Design Black P-STRKRBK,B07KFB2H48
ELECOM Smartphone Ring Holder Stand Function Black P-STRBK,B077T96XQC
ELECOM Bluetooth wireless/wired keyboard for Multi device (Windows| Mac| iOS| Android compatible) with Pointing device and Stand [Black] TK-DCP03BK (Japan Import),B01N5HCZZP
Elecom dynabookR82 / RT82 flap cover black TB-TOR82WWVFBK,B00TZ6FWFI
ELECOM LAN Cable Nails non-breakable type CAT8 3m [Blue Metallic] LD-OCTT/BM30 (Japan Import),B076J9ZZ5S
ELECOM-Japan Brand-Wireless Laser Sensor Mouse/High-Speed Scroll Function / 5 Button/Large Size/Black/M-LS16DLBK,B01M2VAS95
ELECOM Leather case Stand iPad Pro 9.7 inches [Black] TB-A16PLF1BK (Japan Import),B01DB51RU2
erekomu Security with USB Memory/Trend Micro 8gb1 Year L/USB3.0 0 ,B00KDS900U
Elecom iPad Air 10.5 (2019)| iPad Pro 10.5 (2017) Case Soft Leather Cover Free-Angle Two-Tone Navy × Brown TB-A19MPLFDTNV,B07XRGSB1V
ELECOM microSDHC memory card 32GB UHS-I class 10 water proof IPX7 with data recovery service MF-MS032GU11LRA (Japan Import),B00VE3ALO2
ELECOM Slim Mouse Pad/Eco-Friendly Material/Silver MP-065ECOSV,B000AOEEYO
ELECOM PC Monitor Mount Rotation| Short Arm Type/Black/DPA-SS01BK,B07QDL2VW6
ELECOM DSLR Shoulder Messenger Camera Bag Normas/Stylish/Portable/Casual/Travel Protective Carrying Strage Bag/Shockproof Orange DGB-S031DR,B072F9TDKP
ELECOM Liquid Crystal Protection Film for iPad Mini 4 Bubble-Free sebum Dirt Prevention [Black] TB-A15SFLBC (Japan Import),B0155QLFS4
ELECOM Slim Flap Cover Stand for iPad Mini [Red] TB-A13SWVARD (Japan Import),B00LSDS2WG
Elecom Soft Leather Case for iPad 2 Brown [TB-A11MLTBR],B004R1RLD2
ELECOM 2.4G Wireless 1.1 28mm Ultra Slim Design Portable Wireless Mouse Less Noise 4Button Function BlueLED 800/1600 DPI with Mouse Case Black M-TM10DBBK,B08D941BXC
ELECOM Wrist Rest DUX MMO/Memory Foam/Anti Skid/Ergonomic Design for Office/Gaming MOH-DUXBK,B01N7CCFCC
ELECOM Paper-Feel Screen Protector Designed for Drawing| Anti-Glare Scratch-Resistant Bubble-Free| Compatible with 10.9 iPad Air 2020 (TB-A20MFLAPLL),B08LYWGZ4P
erekomu Fiber Optic Cable/Single Mode/LC – SC/5 m,B01MXTV17F
ELECOM Memory for Desktop PC 8GB DDR4-2400/288pin PC4-19200 EW2400-8G/RO (Japan Import),B06VWK49KJ
ELECOM 2.4GHz Wireless Finger-Operated Large Size Trackball Mouse 8-Button Function with Smooth Tracking| Precision Optical Gaming Sensor (M-HT1DRBK),B079FDQZXQ
ELECOM Mouse Pad Cordura/Stong/Durable/Precise Control/Anti Skid Gray MP-CD01GY,B07NGQYNDJ
ELECOM electronic dictionary case full cover type touch pen holder with alphabetic dictionary design Blue DJC-021BU,B00HSDPVWE
ELECOM Bluetooth Wireless 3 Button Mouse IR Sensor/Power Saving Function/Pink/M-BT12BRPN,B00G9NIL2G
Elecom USB3.0 extension cable USB3E15WH,B00BTR3B1I
ELECOM Power Strip with Swing Plug 6outlet 2m [White] T-S01-2620WH (Japan Import),B003YDYWBI
ELECOM Tall DVD Case Capacity 7 Discs 3 pcs Set [Black] CCD-DVD10BK (Japan Import),B000E7N722
ELECOM Smartphone PU Leather Case Magnetic Type/Compatible with iPhone 11 Pro/Pink/PM-A19BPLFY2PN,B07WRYL914
Neoprene Smartphone Pouch with Hook and Carabiner (Gray),B008RTPYES
Elecom Category 7-compatible LAN cable 10 Gigabit Ethernet support (blue metallic ? 2.0m) LD-TWSST / BM20,B00CWR39J8
ELECOM iPhone7 Case Tough Armor Bumper Case 4.7inch Zeroshock [Drop Protection/Shock Absorption/Hybrid Bumper/Black] PM-A16MZEROBBK,B01LAKQ6P6
EKC-CBLMBK,B07JZ9HTX6
Elecom Retractable LAN cable (2.5m ? straight Category 5 line ? UTP than ?) LD-MCTU / BU2,B000N8UUEU
ELECOM Laptop Inner Bag 15.6 inches Black with Pockets BM-IBPT15BK,B014EZCG5S
ELECOM-Japan Brand-Media Container for CD and DVD| Saving Space| 1Disk| 10Packs / Black/CCD-DPC10BK,B006Z4OJPW
ELECOM WiFi Wireless LAN Router 11ac/n/a/g/b 1733+800Mbps Wired Giga WRC-2533GHBK2-T (Japan Import),B01N34JTBH
Elecom DICT. Electronic dictionary case stylus storage / EVA semi hard type (gray) DJC-003NGY (japan import),B0013GN0RA
ELECOM Wireless CAPCLIP Bluetooth Mouse/Silent Click / 95% Reduction of Clicking Sounds/Pink/M-CC2BRSPN-G,B085C3G84G
ELECOM off toco 2style backpack tablet and camera storable S size [Gray] DGB-S036GY(Japan Import),B071SGNS4F
Elecom USB3.0 extension cable USB3E20WH,B00BTR3ECO
ELECOM Media Case Jacket Print Kit Card Back Label Glossy Paper 10 Set EDT-KCDISET (Japan Import),B076W3K9ML
ELECOM Cotton Degital Camera Case with Neck Lanyard Strap/Portable/Soft Material/Stylish/Compatible with Canon| Casio| Nikon| and Panasonic Blue DGB-057BU,B005ZX8MFM
Elecom Category 5e corresponding LAN cable (blue ? 50m) LD-CTN / BU50,B00KA2MW6I
ELECOM lightning guard top individual switch dust shutter with six mouth 2.5 m black T-K6A-2625BK,B00VRJHHDG
ELECOM photo paper glossy paper Platinum Special thickness Epson printer for A4 50 sheets EJK-EPNA450,B00T5ME37U
ELECOM Display cable D-sub 15pin VGA-VGA with high durability ferrite core RoHS 3.0m [Black] CAC-S30BK/RS (Japan Import),B00YMZN09W
ELECOM XL Mouse Pad/Compatible with All Mouse Type/Anti-Skid Black MP-ABGBK,B07RHXTLXP
ELECOM Smartphone Ring Strap Large Size Sillicon Type Inner Diameter 22mm Gray P-STF01LGY,B0197AP9X6
Elecom USB hub USB2.0 Type-C A Female 4-Port Bus-Powered 15cm Cable Red U2HC-A429BXRD,B07WYYX6D6
ELECOM-Japan Brand- Screen Protector Blue Light Cut 13.3inch Anti Glare Film 16:9 EF-FL133W2BL,B009FR8GX2
ELECOM Inkjet Printable Waterproof Name Label 142 Sheets [White] EDT-TCNMWH4 (Japan Import),B00TNZ0I50
ELECOM-Japan Brand- Cute Curious Peeking Cat Case/Compatible with iPhone11 Pro 5.8inch / Card Slot/Book Style/RED PM-A19BPLFJA202,B07WX96SC2
ELECOM Camera Backpack with Computer Strage Space Graph Gear NEO Pro/Travel Protective Carrying Strage Bag/Shockproof/Water Resistant Black DGB-P01BK,B071FJ31JQ
ELECOM Bluetooth Wireless 3 Button Mouse IR Sensor/Power Saving Function/Blue/M-BT12BRBU,B00G9NIL3K
Elecom GUM Canal Type Headphones (Red),B00HOMM84S
ELECOM Soft Leather case with Magnet Black PM-GSA30PLFY2BK,B07RFW11VK
ELECOM Japanese Layout 2.4GHz Wireless Keyboard & Mouse Combo for Windows TK-FDM106MBK,B07NDLV8M9
ELECOM Suede Leather Background Mouse Pad/Washable/Stylish Casual Design RED MP-TSRD,B07NGQR19C
ELECOM Action Camera (Full HD) ACAM-F01SBK,B01FHASEG4
Elecom 7.0 to 8.9 inches size corresponding general-purpose drawing board type ZEROSHOCK case TB-07ZSSSBK,B00GJ9NVZM
ELECOM Memory Card Case| for 8 SD and 8 microSD| Shock-Resistant/Black/CMC-SDCHD01BK,B073LWM68K
ELECOM-Japan Brand- Smartphone PU Leather Case Magnetic Type/Compatible with iPhone 11Pro Max/Red/PM-A19DPLFY2RD,B07WP3PHNP
ELECOM Offtoco 3WAY PC Bag Backpack| Messenger Bag| Handbag| Support to 13.3 inch Laptop/Light Gray/BM-OF01LGY,B07N7JHCGH
ELECOM Wired Optical Mouse S Size [Black] M-Y6URBK (Japan Import),B00RYACK9S
ELECOM Pouch Bag for Gadget Storing| Stretch Material| Inner Mesh Pockets| Large Open Zipper| High Protection| S Size/Blue/BMA-GP04BU,B00TMYLZ9K
ELECOM LAN Cable CAT6 Gigabit 10 m [Light Gray] LD-GP/LG10 (Japan Import),B00068KUGA
ELECOM USB flash drive 32GB USB3.0 cap lost prevention with a strap hole [Blue] MF-MSU3A32GBU (Japan Import),B00E5PJZ2U
ELECOM Animal Finger Ring Holder Otter / Cute Animal Design / Refill Film Included / Stand / Kickstand Otter P-STRAMOTT,B07VRN2LG1
ELECOM-Japan Brand-Smartphone Shock Resistant & Slim Light Case/Tough Slim Flap Type/Compatible with iPhone 11/ White/PM-A19CTSSWH,B07WT3HPH3
ELECOM DSLR Pouch Style Camera Bag Normas/Stylish/Portable/Casual/Travel Protective Carrying Strage Bag/Shockproof Gray DGB-S032GY,B072BPW77N
ELECOM Paper-Feel Screen Protector Designed for Drawing| Anti-Glare Scratch-Resistant Bubble-Free| Compatible with 10.2 iPad 2019| 2020 (TB-A19RFLAPL-G),B07YG34Z7L
Elecom USB to PS / PS2 game pad converter (black) JC-PS101UBK,B000FO601O
Elecom USB3.0 hub [with magnet] (7 Port Self & bus-powered black) U3H-T706SBK,B00FZTNX8W
Elecom Category 7-compatible LAN cable 10 Gigabit Ethernet support (blue metallic ? 5.0m) LD-TWST / BM50,B00CR9DXWY
ELECOM USB Cable USB3.0 A-B Type Standard 2m [White] USB3-AB20WH (Japan Import),B00C12112G
ELECOM Kawaii Pad Ergonomic Design Mouse with Gel Type Wrist Rest Reduce Fatigue for Laptop / Computer / Gaming (MP-GELWH),B01MQFB1GC
ELECOM-Japan Brand-Bluetooth 4.0 Wireless Mouse/Ultimate Blue / 6 Buttons/Power Saving/Black/M-BT21BBBK,B07HSK1JPX
ELECOM USB-C Cable C-A Female USB 3.1 Gen 1 0.15m [Black] USB3-AFCM01NBK (Japan Import),B01DIGU228
ELECOM DSLR Shoulder Messenger Camera Bag Normas/Stylish/Portable/Casual/Travel Protective Carrying Strage Bag/Shockproof Black DGB-S031BK,B0722XRNYV
ELECOM Video output cable [mini Display Port male - HDMI female & VGA female conversion] 0.15m TB-MDPHDVGABK (Japan Import),B0197AP8VY
ELECOM USB2.0 corresponding switch U2SW-T2,B000GPPHNY
ELECOM Screen Protector 13.3 inch Anti Glare Film 16:10 EF-MF133L,B00JBQ9SRK
ELECOM 360-degree Camera Smartphone Straight Inserting Type Still Image / Video (2.5K) / VR Omni Shot Mini omnidirectional Camera Black OCAM-VRU01BK,B07BKF66GF
CD Pop-Out Storage Case - Ivory,B0007854X8
ELECOM Gaming Headset 4-Pole pin Both Ears Overhead Mike Controller Mounted HS-DUX51BK,B018I4M598
Elecom USB Hub 7 ports U2H-TZS720SBK Black,B003YDYWM2
ELECOM Degital Camera Case Graph Gear Neoprene Extra Large/Travel Protective Carrying Strage Bag/Shockproof/Compatible with Canon| Nikon| and Casio Black DGB-061BK,B00G2V39XQ
Elecom CAT6A compliant ultra-high-performance super flat LAN cable (blue metallic ? 20.0m) LD-GFA / BM20,B002K6ETUE
ELECOM Animal Finger Ring Holder Black Cat/Cute Animal Design/Refill Film Included/Stand/Kickstand Black CAT P-STRAMCATB,B07VPH2QZR
ELECOM LCD Protection Film for ASUS Zen Pad 8.0 Z380KL Fingerprint Prevention Air-Less Gloss Type TB-AS38CAFLFANG (Japan Import),B0146BLWOG
Handmade kit for inkjet printers to be able to make easy the inner ring of the original EJP-UWMCH [Japan Import] by Elecom,B00W4F7S9A
ELECOM Animal Mouse Pad/Non Slip/Stylish Design/Cute Zebra MP-111A,B002PZBYZ8
ELECOM Headset microphone both ears overhead folding 4-pole pin jack endurance code 1.8m HS-HP20TBK,B014P24P90
Bluetooth V4.1 Wireless Stereo Headsets/Headphones/earphones with Detachable Microphone - Duplex Sound| Echo and noise cancellation| Hands Free Universal for iPhone 6| 6 Plus / 5S / 5 / 5C| Samsung Galaxy Note 4 / Note 3 / S4| HTC One M9 / M8 and New Android /Windows Bluetooth Devices.,B00X9R4CHS
ELECOM-Japan Brand-Design Sticker Compatible with AirPods 2019/2016 Release Model/Splash/White/AVA-APDSSPWH,B07VNPWFV5
ELECOM-Japan Brand-Business Bag 2WAY (Handbag and Shoulder) 16.4inches with Trolley Hold BM-BG02BK,B00Q5VN244
ELECOM USB3.0 Hub 4port with AC Adapter [Black] U3HS-A420SBK (Japan Import),B01MU2HE35
ELECOM PC Monitor Mount Rotation| Long Arm Type/Black/DPA-SL01BK,B07QFP1V1S
ELECOM Soft HDMI Cable High Speed Ethernet/4K/3D / Audio Return 1.5m [Black] DH-HD14EY15BK (Japan Import),B06Y4H9G9B
ELECOM Refill Ink for Canon BCI-6BK Black 4times refillable THC-6BK4N (Japan Import),B005AAQ6HQ
ELECOM LCD Protection Film for Surface Book Blue Light Cut TB-MSBWFLBLGN (Japan Import),B01BPNL5PY
ELECOM Multi Functional Professional Camera Backpack SLR| Off-Toco/Lightweight/Travel Protective/School/Lockable Zippers/Compartment Organizer / 15.6 Laptop/Gray DGB-S037GY,B075D5R6F9
ELECOM 3D VR headset AR correspondence [Green] P-VRG03GN (Japan Import),B01JI84CHQ
ELECOM 2.4GHz Wireless Finger-Operated Trackball Mouse EX-G Series 8-Button Function with Smooth Tracking| Precision Optical Gaming Sensor (M-DT2DRBK-G)| red Ball,B08GQZVH78
ELECOM Inkjet Printable Paper Glossy Thick L Size 200 Sheets EJK-GAL200 (Japan Import),B000JCEQGI
