Zebra XOCT25 Coolant Odor Control Tablets (15/Tube),B00H9P0ZAO
Zebra Sarasa Clip 0.7 Retractable Gel Ink Pen| Rubber Grip| 0.7mm| Brown Ink| Value Set of 20,B073GKW43N
Zebra Pen Stainless Steel Mechanical Pencil| 0.5mm Point Size| Standard HB Lead| Black Grip| 12-Count - 2 Pack,B082872MMS
ZEBRA PENS| bulk pack of 24 ink pens| Z-Grip Retractable ballpoint pens Medium point 1.0 mm| 12 black pens & 12 Red pens combo pack,B07XSCQ974
Zebra ZD500R UHF RFID Printer (203 dpi| USB/Serial/Parallel/Ethernet),B01CH0JZBU
Zebra Sarasa Clip Gel Ink Ballpoint Pen| 0.7mm| 10 Color Set (JJB15-10CA),B00TEXLCJM
Zebra F-Series Ballpoint Stainless Steel Pen Refill| Fine Point| 0.7mm| Blue Ink| 2-Count,B0081SYC3O
Zebra Zensations Mechanical Colored Pencils| 2.0mm Point Size| Assorted Colored Lead| 24-Count,B0752J9JQ3
Zebra Ball Point Pen F-301 (18 Pack),B081TKRHK1
Zebra Sarasa Clip 0.5 Black P-JJ15-BK5 (5-Pen-Pack),B0060S2V8K
Zebra Highlighter Mildliner Brush Honnori fluorescence color 5 Colors Set| WFT8-5C,B07PMJJTW5
Zebra TLP 2844 Printer 2844-10301-0001 W/New Adapter| USB & Power Cables,B084H29WXS
Zebra B4sa1 Clip-on Multi Multifunctional Pen (0.7mm Black| Blue| Red and Green + 0.5mm Mechanical Pencil) - Black Barrel & 4colors Ink Pens Refills Value set(with Our Shop Original Description of Goods),B00FGK96BI
Zebra Sarasa Clip 1.0 Retractable Gel Ink Pen| Rubber Grip| 1.0mm| Blue Black Ink| Value Set of 10,B073GMZ6GX
Zebra Sarasa Clip 0.4 Retractable Gel Ink Pen| Rubber Grip| 0.4mm| Gray Ink| Value Set of 10,B073GNYLFK
Zebra Standard Black Wax Ribbon for Industrial Thermal Transfer Printers 4.33 in Wide 1476 ft Long 1 in Core 6 Rolls 10031729SP,B07G1YGTDY
Zebra Pen 50113 Zebra Professional 701 Writing Bundle| F-701 Retractable Ballpoint Pen 0.8 mm with F-Refills 0.8mm| 6-Count,B07CNH8WST
Zebra Classic Z-Grip Flight Ballpoint Pens - 1.2mm - Black Ink - Pack of 20,B07T89D4SM
Zebra Thai Chinese Asian Stainless Steel Rice Soup Spoon (12 Pack)| Silver,B01K44NPHG
Zebra Sarasa Push Clip Gel Ink Pen - 0.3 mm - Black,B005J0WITM
Zebra TC56 TOUCH MOBILE COMPUTER handheld mobile computer,B071RCZX88
Zebra F-301 Compact Ballpoint Stainless Steel Retractable Pen| Fine Point| 0.7mm| Black Ink| 2-Count,B0055EB35W
Zebra Clip-On Multi Color Multi-Functional Pen| Black Barrel (B4SA1-B) New,B08J7XWKBT
Zebra Fine Writing Instrument Mechanical Pencil (DM7-300),B0018RHWA0
ZEBRA DS2278 1D/2D LED Black Handheld bar Code Reader,B07KSF4PWF
Zebra ZD620d Direct Thermal Desktop Printer 300 dpi Print Width 4 in Ethernet Serial USB ZD62043-D01F00EZ,B07KML8SG5
Zebra Enterprise TRG-TC7X-SNP1-02 TC7X Snap-On Trigger Handle| Compatible w/The Charge-Only 5-Slot/2-Slot Sharecradles or Charging Cable Cup,B01LZGKH22
Zebra LP 2844 Printer 2844-23000-0001 Or 2844-20301-001 W/New Adapter & Cables,B07VT6Z8GZ
ZEBRA Gel Ink Ballpoint Pen SARASA Clip [47 colors] 15th anniversary limited set (Japan Import),B07KR2S2PM
100 pcs 10x10.5 Metallic Glamour Cool Shield Thermal Bubble Mailers by ZebraPack,B07FX8QC4B
Zebra Pen MLP2 Mechanical Pencil| Bold 0.9mm Lead| Bonus Lead and Erasers (Colors May Vary),B002XJQICU
ZEBRA Hand Strap kit TC51| TC52,B01MY8W62C
Zebra Mechanical Pencil| Refillable| 0.5 Mm| Black/Silver (ZEB59210),B000X0VXT4
Zebra Gel Ballpoint Pen Sarasa Grand 0.5 P-JJ55-NV Navy,B01HZK5H96
Zebra - 4 x 6 in Thermal Transfer Polyester labels| Z-Ultimate 3000T Permanent Adhesive Shipping labels| Zebra Desktop Printer Compatible| 1 in Core - 4 rolls - 10031647SP,B01CP08P9U
Zebra Technologies 05319GS11007 Wax Ribbon| 0.5 Core for Desktop Printers| 4.33 x 244'| Black (Pack of 12),B00UC5JJ82
Zebra Sarasa Clip 0.7 Retractable Gel Ink Pen| Rubber Grip| 0.7mm| Blue Ink| Value Set of 10,B073GNDQBF
Zebra ZT420 Direct Thermal/Thermal Transfer Printer - Monochrome - Desktop - Label Print ZT42062-T010000Z,B00K6BKLHK
Zebra Zensations Calligraphy Pens – Full Set of 3-1.0mm| 2.0mm| 3.0mm – Black Ink,B07GFDPLG2
Zebra Emulsion Ink Ballpoint Pen Surari 300 0.7mm Point| Dark Gray Body (BA38-DGR),B00KRTR5RU
Zebra Pens Combo Pack Z-Grip Retractable ballpoint pens Medium point 1.0 mm (24 Pack- Assorted),B07XQMM8NH
Zebra 110Xi4 (600dpi) Barcode Label Printer with Serial| Parallel| USB and Ethernet Interfaces P/N: 116-801-00000,B07BGV1MNG
Zebra ZD420t Thermal Transfer Desktop Printer 300 dpi Print Width 4 in Ethernet USB ZD42043-T01E00EZ,B07KMJZ3NJ
Zebra - 4 x 2 in Direct Thermal Paper labels| Z-Perform 2000D Permanent Adhesive Shipping labels| Zebra Industrial Printer Compatible| 3 in Core - 4 rolls - 10031654SP,B00DJ0G5TI
Zebra 75050 Eco Zebrite Double-Ended Highlighter| Chisel/Fine Point| Fluor Yellow| Dozen,B0063VQ8Z6
Zebra 800350-550LT YMCKO Color Ribbon for Zebra ZC350LT Series Card Printers - 300 Print - for Usage ONLY with ZC350LT Models,B07XZMMKH1
Zebra Mechanical Pencil Delguard Type Lx 0.5mm| Black Body (P-MA86-BK),B0182MJ5JO
Zebra Pen Z-Grip Flight Retractable Ballpoint Pen| Bold Point| 1.2mm| Black Ink| 12-Count,B00ATZJBBK
Zebra XT Trophy Strings| 87.75-Inch,B009NT34C0
Zebra Technologies CBL-TC55-CHG1-01 TC55 Rugged Charge Cable| Requires PWRS-124306-01R,B01CN9JNCQ
Zebra Z-Grip Funky - Animal Pattern Retractable Black Ballpoint Pen - Assorted 6 Pack,B074TKXSTW
Zebra Clickart Water-based Pen All Colors 36 Colors Set WYSS22-36C,B07Z35ZNBG
Zebra Windshield Sticker Applicator - Static Cling for Stickers| 4 Inch by 6 Inch Clear Films| Works with Registration Sticker| Inspection Sticker| City Sticker and Parking Permit| Pack of 3 Sheets,B07FCR7JN2
Zebra GX420t Thermal Transfer Desktop Printer Print Width of 4 in USB Serial and Ethernet Port Connectivity Includes Peeler GX42-102411-000,B00GWF6GC8
Zebra ZT41042-T010000Z ZT410 Industrial Thermal Transfer Table Top Printer| 203 DPI| Monochrome| With 10/100 Ethernet| Bluetooth 2.1| USB Host,B00N3MZI6S
Zebra V-301 Stainless Steel Fountain Pen with Bonus Refill| Fine Point| 0.7mm| Black Ink| 1-Count,B00563I4Y0
Zebra MC3300 Premium Handheld Mobile Computer Data Collection Terminal Barcode Scanner Running Android 7.1.2 MC330K-GE4HA3US,B07DN6JJXX
Zebra Mechanical Pencil| Air Fit S| 0.5mm| Silver (MA19-S),B003SAQCV0
Zebra ZD500t Thermal Transfer Desktop Printer 300 dpi Print Width 4 in Ethernet Parallel Serial USB ZD50043-T01200FZ,B01JOEMUXW
Zebra F-Series Ballpoint Stainless Steel Pen Refill| Medium Point| 1.0mm| Blue Ink| 2-Count,B001TQHMH8
Zebra F-xMD Ballpoint 1.0mm Silver 24380 - (2017 Replacement for F-701),B0728GN7T3
Zebra F-Series Ballpoint Stainless Steel Pen Refill| Bold Point| 1.6mm| Black Ink| 2-Count,B004LK2F2Q
Zebra 69482 Fuente Disposable Fountain Pen - Blue (Pack of 12),B00ET2RX46
Zebra Clip-On G Series 4 Color Ballpoint Multi Pen - 0.7 mm - Pink Body (B4A3-P),B005VNGUXM
1 X 5 pens Zebra Sarasa clip gelink ballpoint pen 0.7mm P-JJB15-BK5 black,B009JYXT6K
Zebra Mechanical Pencil| Del Guard Type ER| 0.5mm| Blue (P-MA88-BL),B01MDS0JM7
Zebra - 4 x 4 in Direct Thermal Paper Labels| Z-Perform 2000D Permanent Adhesive Shipping Labels| Zebra Desktop Printer Compatible| 1 in Core - 6 Rolls - 10031642SP,B00FJWCVZG
Zebra ZD620t Thermal Transfer Desktop Printer with LCD Screen 203 dpi Print Width 4 in WiFi Bluetooth USB Serial Ethernet ZD62142-T01L01EZ,B07KMLVD1Z
Zebra TC56 TOUCH MOBILE COMPUTER handheld mobile computer,B071V5ZW1R
Zebra McKee ultrafine 8 colors you erasable by wiping water WYTS17-8C ultrafine,B00YC35BV4
Zebra Pen F-402 Ballpoint tainle Teel Retractable Pen| Fine Point| 0.7mm| Blue Ink| 2-Count,B0055EB3PM
Zebra Highligher Just Fit Mojiniline| blurring proof for ballpoint pen wrinting (5 color set) WKS22-5C,B07GB1Z746
Zebra Belt Clip Replacement Kit AN16861-005,B00910GCFC
Zebra GX420t Thermal Transfer Desktop Printer Print Width of 4 in USB Serial and Parallel Port Connectivity GX42-102510-000,B00466P2Z2
Zebra Technologies 800077-749 True Colors IX Series Color Ribbon for ZXP Series| 7 Compatible| Ymckok| 750 Labels per Roll,B00BGH36IY
Zebra G-301 Stainless Steel Pen JK-Refill| Fine Point| 0.7mm| Blue Ink| 2-Count| 4 PACK,B07NHSXT66
Zebra JK-0.5 Black Ink Refill (RJK-BK)| 0.5mm| for Sarasa Multicolor gel ballpoint pen| × 5 Pack/total 5 pcs (Japan Import) [Komainu-Dou Original Package],B01E0OYVEC
Limited Edition DelGuard Mechanical Pencils Snoopy Pink 0.5mm P-MA89-SN-Q3 ZEBRA,B01HLWIZS8
Zebra Espina 300 Mechanical Pencil silicon grip (Pack of 5),B019L6H14Q
Zebra - GX430t Thermal Transfer Desktop Printer for labels| Receipts| Barcodes| Tags - Print Width of 4 in - USB| Serial| Parallel| and Ethernet Port Connectivity (Includes Cutter) - GX43-102412-000,B00ANAFPDO
Zebra Delguard Mechanical Pencils - HB 0.5mm - 1 of Each Colour Barrel - 3 Pack of 3,B08NF4KNW7
Zebra #2 Mechanical Pencil| 0.7mm Point Size| Standard HB Lead| Assorted Barrel Colors| 28-Count,B001BZ4RJS
Zebra 800132 102 Ribbon 3200 Wax/Resin| 56.9 mm x 74 m – 12.7 mm – Box of 12,B007MOUBKG
ZebraPack #1 7.25x12 Poly Bubble Mailers Padded Envelopes 200 pcs,B07481TK66
Zebra Mechanical Pencil| Del Guard Type ER| 0.5mm| Black (P-MA88-BK),B01M69O5YJ
Zebra ZT410 300dpi Printhead,B00Z7VD03G
Zebra 22420 Z-Grip MAX Ballpoint Retractable Pen| Blue Ink| Medium| Dozen,B0096Y1IES
Zebra Stainless Steel Food Box and Pan with Snap on Lid| 14cm| Silver,B004DFC1LE
Zebra Pen 25128 1.00mm Expandz - Purple,B003HIHYA6
50 pcs 15X17 Metallic Glamour Cool Shield Thermal Bubble Mailers by ZebraPack,B07FX674DP
Zebra - ZD410 Direct Thermal Desktop Printer for labels| Receipts| Barcodes| Tags - Print Width of 2 in - USB| Ethernet Connectivity - ZD41022-D01E00EZ,B01C602202
Zebra Fine Writing Instrument Mechanical Pencil (DM9-300) 3 Set,B07PBDFXGX
Zebra Symbol DS4308-SR Next Generation Handheld Omnidirectional Barcode Scanner/Imager (1-D| 2-D PDF417)| Includes Stand USB Cord,B0799QCHRZ
ZEB29210 - Zebra Pen F402 Retractable Ballpoint Pen,B01F6M8VIY
Zebra Highlighter Mildliner 3pack (WKT7-5C / WKT7-5C-NC / WKT7-5C-RC) 15 Colors Set &monoc Sticky note set(Japan Import),B07YCN5SH6
Zebra/Motorola Symbol DS3578-SR Rugged 2D Cordless Digital Scanner with Integrated Bluetooth| Includes Cradle and USB Cord,B00NZ8RV2O
Zebra Pen Journaling Set| Includes 7 Mildliner Highlighters and 7 Sarasa Clip Retractable Gel Ink Pens| Assorted Colors| 14 Pack,B07NDZ3T8F
ZEBRA (ZEBRA) Disney Princess Ariel Little Mermaid gel ballpoint pen Sarasa clip 0.5 black,B07B3V8RKP
Zebra Zensations Mechanical Colored Pencil Lead Refill| 2.0mm Point Size| Assorted Colored Lead| 30-Count,B07GZFG4XT
Zebra Technologies M3I-0UN00010-00 iMZ320 Mobile 802.11a/b/g/n Printer| iOS Compatible| 3 Wide,B00U1ISN5K
Zebra Instruments| VZPRO ECM Motor Protector Surge Protection for 120-240V GE & GENTEQ 5-PIN ECM Motors,B009AX6MLY
Zebra Tc8000 Touch Mobile Computer - 1 Gb Ram - 4 Gb Flash - 4 Wvga LCD - Wireless LAN - Bluetooth - TC80N0-A000K110NA,B07P7HV7LZ
Zebra GX420d Direct Thermal Desktop Printer Print Width of 4 in USB Serial and Ethernet Port Connectivity GX42-202410-000,B007SNQ8JO
Zebra Technologies 10010043 Z-Select 4000D Direct Thermal Label| 3 x 1| 1 Core| 5 OD| 2340/Roll (Pack of 6),B00U78F02I
Zebra 25509 Z-Grip Plus Ballpoint Retractable Pens| 1mm Point| Low Viscosity Ink| Non-slip Latex-free Z-grip| Assorted Colors| Pack of 9,B074W84LC2
Zebra Sarasa Clip 1.0mm Black P-JJE15-BK5 (5-Pen-Pack),B009JYXT60
Zebra ZD420t Thermal Transfer Desktop Printer 203 dpi Print Width 4 in WiFi Bluetooth USB ZD42042-T01W01EZ,B07KMKZZNL
Zebra Smoke Series: 11 2 Hose Pumpkin Hookah with Cage- Complete Set- Combo Kit Set w/ Instant Charcoal and Hookah Mouth Tips (Red),B00X2YFWFO
Zebra Clip-On Multi Color Multifunctional Pen| White Barrel (B4SA1-W),B0018RJK0U
Zebra F-301 Ballpoint Stainless Steel Retractable Pen| Fine Point| 0.7mm| Black Ink| 1-Count,B001HB4NG8
Zebra ZP 505 Printer ZP505-0503-0017 W/ New USB| Power Cables & Prints,B07JNDB5V3
Zebra Mini 0.5 mm Mechanical Pencil| Silver Body (P-TS-3),B001MT6YOY
Zebra Z-Grip Glitter Pens - Doodler'z - 1.0mm - Assorted Glitter Colours - Pack of 10,B07PV9WKWC
Zebra F-402 Ballpoint Stainless Steel Retractable Pen| Fine Point| 0.7mm| Black Ink| 1-Count,B001H9XSKW
Zebra Gel Ballpoint Pen| Sarasa Grand 0.5mm Vintage Color| Green Black (P-JJ56-VGB),B084T5HNM8
Zebra Brand14 Centimeter Loop Handle Stainless Steel Pot,B00E7NLP78
Zebra 05095GS06407 Thermal Transfer Resin Ribbon (2.5 x 244') 5095 High Performance| 12 Rolls,B001PB2FXI
Zebra F-301 Ballpoint Retractable Pen| Black Ink| Fine Point Tip| 9 Pens per Pack Refillable Pens with Refill 0.7 mm Stainless Steel by Zebra,B01IQGRCPK
Zebra Technologies WT41N0-T2S27ER Technologies Series WT41N0 Wearable Mobile Computer| WLAN 802.11 A/B/G/N| Touch Screen| 2 Color Keypad| 512MB/2GB| CE 7.0| Standard Battery,B0093HGP14
ZEBRA (ZEBRA) Marvel Gel Ballpoint Pen Sarasa Clip 0.5 Marvel 4-Color Set JJ29-MV-4C,B07NYYGKGS
Zebra G-301 Stainless Steel Pen JK-Refill| Fine Point| 0.7mm| Blue Ink| 2-Count,B003NZWHIM
Zebra Mechanical Pencil| Del Guard| 0.7mm| Blue (P-MAB85-BL),B016JQZQ3Y
Zebra M/F 301 Stainless Steel Mechanical Pencil and Ballpoint Pen Set| Fine Point| 0.5mm HB Lead Pencil and 0.7mm Black Ink Pen| 2-Count,B001JT0JHA
Zebra Classic Z-Grip Flight Ballpoint Pens - 1.2mm - Blue Ink - Pack of 20,B07TBFRPFM
Zebra 301A Ballpoint Aluminum Retractable Pen| Fine Point| 0.7mm| Assorted Barrel| Black Ink| 2-Count,B007VOLNJU
10pcs Zebra Sarasa JJS15 Push Clip Gel Ink Pen - 0.4 mm - Black,B0055QHUP2
Zebra 05095GS11007 Thermal Transfer Resin Ribbon (4.33 x 244') 5095 High Performance| 12 Rolls,B001HOUCS8
Zebra Blue Masking Tape | 2-inch (1.88 Inch x 60 Yard) | Pack of 4 Rolls | Painter's Tape | No Residue | Multi Use | UV & Sunlight-Resistant | Reliable | Made in Europe,B083Q2SMVY
Zebra Wire Colored Copper Wire for Wire Wrapping 12 Pack 24 Gauge 5 Yards of Each Color,B00M8UUGHW
ZEBRA Mechanical Pencil| Del Guard| 0.3mm| Black (P-MAS85-BK),B016JQZJM2
Zebra GX430t Thermal Transfer Desktop Printer Print Width of 4 in USB Serial Parallel and Ethernet Connectivity Includes Peeler - GX43-102411-000,B00YDHMXS8
Zebra MC3200 Standard| 2D| BT Wi-Fi| alpha| disp.| WEC 7| MC32N0-SI4HCLE0A (Wi-Fi| alpha| disp.| WEC 7 Embedded Compact 7| protection class: IP54| incl.: battery (4800mAh)),B014SJUX0A
Zebra Pen G-402 Stainless Steel Retractable Gel Pen| Fine Point| 0.5mm| Black Ink| 2-Count (49212),B07G2DMV63
Zebra Pen Z-Grip Retractable Ballpoint Pen| Medium Point| 1.0mm| Assorted Fashion Colors - 18 Pieces,B00M382ROY
Zebra ZD420d Direct Thermal Desktop Printer 203 dpi Print Width 4 in WiFi Bluetooth USB ZD42042-D01W01EZ,B07KMLB96L
Zebra Surari Emulsion Ink Pen - 1.0 mm - Black Ink,B003SBWJRU
Zebra ZD620 Thermal Transfer 300 x 300DPI Label Printer,B0771L846T
Zebra Z-Grip Plus Mechanical Pencil Eraser Refills 4-Count,B075VFMXV4
Zebra Mechanical Pencil| Del Guard| 0.5mm| Red (P-MA86-R),B0182MJ7FQ
Zebra Mildliner highlighter pen set| 25 Pastel Color set,B08F3VX6P3
Zebra Clip-On Multi Color Multifunctional Pen| Clear Green Barrel (B4SA1-G),B0018RJK0K
ZEBRA Ball Point Pen F-301 (9 Pack)| Black,B00I9LLCOU
Zebra 800350-360LT YMCKOK Color Ribbon for Zebra ZC350LT Series Card Printers - 200 Prints - for Usage ONLY with ZC350LT Models,B07Y28Q8G3
Zebra Sarasa RDI JF-Refill 0.7mm Blue| 2 Refills (Pack of 3),B00P05NZOI
Zebra Delguard Mechanical Pencils - HB 0.5mm - 1 of Each Colour Barrel - 2 Pack of 3,B08NF5P9NF
Zebra TC51 Mobile Computer,B07P99PK25
Zebra Sarasa Fine Felt Pen| 0.8mm| Assorted Ink Colors| 10-Count,B07SGGLW45
Zebra GX420d Direct Thermal Desktop Printer Print Width of 4 in USB Serial and Parallel Port Connectivity Includes Peeler GX42-202511-000,B075X186WF
Zebra Clip-on multi 1000S Multifunctional Pen| 4 Color 0.7 mm Ballpoint and 0.5 mm Mechanical Pencil| Gold Barrel (B4SA3-GO),B004FGMBXY
Zebra ZD620d Direct Thermal Desktop Printer 203 dpi Print Width 4 in Ethernet Serial USB ZD62042-D01F00EZ,B07KMJBRGF
Zebra Pen Zensations Brush Pen| Double Ended| Medium and Fine Brush Tip| Black Water-Resistant Ink| 1-Pack,B0752SF628
Zebra gel ballpoint pen Sarasa dry 0.4 B-JJS31-BK 10 this black,B019SWFC7G
Zebra Pen Zensations Brush Pen| Medium Brush Tip| Black Water-Resistant Ink| 1-Pack,B0752J4JL4
Zebra Fuente - Disposable Fountain Pen - One of Each Coloured Ink - Pack of 7,B076DFXDHW
Zebra Mechanical Pencil Delguard Type Lx 0.5mm| White Body (P-MA86-W),B0182MJ8HI
Zebra Sarasa Clip 0.3| 10 Color Set (JJH15-10CA) 1,B08JCNCZHV
Zebra ZT610 Direct Thermal/Thermal Transfer Printer - Monochrome - Label Print,B079Q5T5GM
Zebra Pen Orbitz Gel Retractable Rollerball Pen| Medium Point| 0.7mm| Blue Ink| 12-Count,B001BZ6ZQQ
Zebra Technologies 800077-740 True Colors IX Series Color Ribbon for ZXP Series| 7 Compatible| Ymcko| 250 Labels per Roll,B00G3Q2KHG
Zebra Pen F-701 Fine Point Ballpoint Retractable Pen| Black (Pack of 2),B002ZZ7PJW
Zebra Gel Ballpoint Pen| Sarasa Grand 0.5mm Vintage Color| Red Black (P-JJ56-VRB),B084T5KY6C
Zebra Sharbo X TS10 Premium Aluminum Pen Body Component - Graphite Black Body,B0013US2V0
Zebra Z-Grip MAX Gel Retractable Ballpoint Rollerball Pen| Medium Point| 0.7mm| Blue| 12-Count,B000V7URK0
Zebra ZE500-4 Thermal Transfer Printer - Monochrome - Desktop - Label Print,B077R7CPCQ
Zebra ZT230 Thermal Transfer Industrial Printer 203 dpi Print Width 4 in Serial USB Parallel ZT23042-T01100FZ,B008B8O0G8
Zebra Gel Ballpoint Pen Sarasa Grand 0.5 P-JJ55-NV Navy + Zebra JF-0.5 Gel Ink Pen Refill - 0.5 mm - Black x2 Set,B07WJ5TVTS
Zebra TC51 Soft Holster| SG-TC51-HLSTR1-01,B01NGZQR3N
Zebra Sarasa Clip 0.5| 5 Black Pen-Pack (P-JJ15-BK5) - Push Clip Ballpoint Gel Pen with High Speed Dry Ink Technology| with Original Sticky Notes Value Set,B07NSYDCKX
Zebra MildLiner Complete Set 25 Vibrant Colors Great for Text Highlighting| Kids| Office| College| School (WKT7-5C WKT7-5C-NC WKT7-5C-RC WKT7-N-5C WKT7-5C-HC),B07JZ1Z643
ZEBRA BLEN Emulsion ballpoint pen White body 0.5mm (blue ink) pack of 3 with DAVINCIPEN Acrylic Pen Holder clear,B07X42S6FD
Zebra Sarasa Clip Pen 0.7| Blue Black (JJB15-FB),B0018RHUDO
Zebra Z-Grip Plus Mechanical Pencil| 0.7mm| Bonus Lead and Erasers| Black Barrel| 2-Count,B079Q5ZFZV
ZEBRA 5 X Spoon Pack of 12 Thai Chinese Asian Stainless Steel Rice Soup Spoons,B01251NTN6
Zebra GK420d Direct Thermal Desktop Printer Print Width of 4 in USB and Ethernet Port Connectivity GK42-202210-000,B005J038LE
Zebra GX430t Thermal Transfer Desktop Printer Print Width of 4 in USB Serial and Parallel Port Connectivity GX43-102510-000,B00EUNAC4W
Zebra gel ballpoint pen extra lead JF-0.5mm Black (10 pieces) B-RJF5-BK (japan import),B000THRY9E
Zebra Clip-on multi 1000S Multifunctional Pen| 4 Color 0.7 mm Ballpoint and 0.5 mm Mechanical Pencil| Red Barrel (B4SA3-R),B004FGMBZW
Zebra Pens Combo Pack Z-Grip Retractable ballpoint pens Medium point 1.0 mm (48 Pack),B07TP46GMH
Zebra - 4 x 2 in Thermal Transfer Paper labels| Z-Perform 2000T Permanent Adhesive Shipping labels| Zebra Industrial Printer Compatible| 3 in Core - 4 rolls - 10031656SP,B004STYHF8
Zebra F-301 Ballpoint Retractable Pen| Black Ink| Medium Point| EA - ZEB27211,B004E3HUYS
Zebra Pen Z-Grip Flight| Large Bulk Combo Pack of 6 BLACK INK & 6 BLUE INK Retractable Ballpoint Pen (Total of 12 Pens)| Bold Point 1.2mm| ink pens,B07XSB6K4H
Zebra Pen Zensations Brush Pen| Brush Tip| Black Water-Resistant Ink| 1-Pack,B0752Q39TF
Zebra Technologies 112-801-00000 Series 110XI4 4 DT/TT Tabletop Printer| RFID Ready| 203dpi Resolution| Serial/Parallel/USB 2.0/Internal Zebra net| 16 MB with ZPL II/XML| 120 VAC,B002SBPTWS
Zebra Cadoozles Starters Mechanical Pencil 2.0mm #2 + Eraser| 6-Pack (52816),B0105U1YYA
Zebra ZD420 Direct Thermal Printer Plus 4 x 6 in Z-Perform 2000D Permanent Adhesive Labels Print Width of 4 in Ethernet and USB Connectivity,B082LSTZ6C
Zebra - 3 x 2 in Direct Thermal Paper Labels| Z-Perform 2000D Permanent Adhesive Shipping Labels| Zebra Desktop Printer Compatible| 1 in Core - 6 Rolls,B01CLAG8WA
Zebra Z-Mulsion Black Ex Rt Pens (ZEB34210) by Zebra Pen,B0141MZ6H4
Zebra GK420d GK42-202210-000 Ethernet Printer W/New Adapter| Cord & Cable,B018T7GWEI
Zebra - Cable for LS2208 Series Handheld Scanner - Gray - CBA-U01-S07ZAR,B004AP9UMK
Zebra Pen Z-Grip Funky Ballpoint Pen (Pack of 5),B00GA4BRC0
Zebra ZXP Series 3 YMCKO Color Ribbon (800033-340),B00JC23Z4K
Zebra ZD420t Thermal Transfer Desktop Printer 203 dpi Print Width 4 in USB ZD42042-T01000EZ,B07KML9ZNZ
Zebra Sarasa Retractable Gel Ink Pens| Medium Point 0.7mm| Fuchsia Color| Rapid Dry Ink| 12-Count,B0055EARZY
Zebra M-301 Mechanical Pencil 0.5mm 1 Pack| Black (54011),B001HAX784
Zebra ZT411 Thermal Transfer Industrial Printer 203 dpi Print Width 4 in Serial USB Ethernet Bluetooth ZT41142-T010000Z,B089C6G38K
Zebra ZT230 Thermal Transfer Industrial Printer 203 dpi Print Width 4 in Serial USB Ethernet ZT23042-T01200FZ,B008VFWV30
Zebra ZD620d Direct Thermal Desktop Printer with LCD Screen 203 dpi Print Width 4 in Ethernet Serial USB ZD62142-D01F00EZ,B07KMJZ77N
Zebra Sarasa Gel Retractable Roller Ball Pen,B0006OM6Z2
Zebra Pen Z-Grip Retractable Ballpoint Pen| Medium Point| 1.0mm| Assorted Colors - 5 Pieces,B0006HXAVS
Zebra Thai Stainless Steel Tiffin Food Carrier,B007P2ZGGY
Zebra DS3678-SR Ultra-Rugged Cordless 2D/1D Barcode Scanner/Linear Imager Kit| Bluetooth| FIPS| Vibration Motor| Includes Cradle| Power Supply and Heavy-Duty Shielded 7 ft USB Cable (CBA-U42-S07PAR),B078VSY5DJ
Zebra ZebraNet Parallel ZebraLink PrintServer II External Print Server,B002M20QDK
Zebra G-301 Stainless Steel Pen JK-Refill| Medium Point| 0.7mm| Black Ink| 2-Count (6 Pack),B00P05OBIW
Zebra Z-Grip Retractable Ballpoint Pens - Pink| 12 Pack Ref 22270,B01DBI604C
Zebra Pen Z-Grip MAX Ballpoint Retractable Pen| Black Ink| Bold| Dozen (20510),B001RTS5N2
Zebra ZD420d Direct Thermal Desktop Printer 300 dpi Print Width 4 in USB ZD42043-D01000EZ,B07KMLDGX4
ZebraNet ZP 450 ZP450-0201-0000A Direct Thermal Barcode Label Printer Network USB Peeler 203dpi,B07GJRYJSG
Zebra 0.5mm Blue Black Ink Refill (JF-0.5)| for Zebra Sarasa Clip 0.5 Gel Ballpoint Pen(JJ15-FB)| × 5 Pack/total 5 pcs (Japan Import) [Komainu-Dou Original Package],B01N6D2VRZ
Zebra SK-0.7 0.7mm Refill (Black Ink)3 Pack/total 3 pcs (Japan Import) [Komainu-Dou Original Package],B00N2MIW62
Zebra Pen Z-Grip Flight Retractable Pen| Bold Point| 1.2mm| Assorted colors| 36-Count,B00MG5W8C0
Dead Zebra Andy Android 4'' Vinyl Figure by Andrew Bell,B077GCJ3J7
Zebra Highlighter Mildliner Brush Refined Color 5 Colors Set| WFT8-5C-RC,B07PRKZVJC
Zebra Mechanical Pencil| Del Guard| 0.7mm| Bright Blue (P-MAB85-BRB),B016JQZPMQ
Zebra F-Series Ballpoint Stainless Steel Pen Refill| Fine Point| 0.7mm| Black Ink| 2-Count,B00006IE6U
Zebra ZXP Series 3 ID Printer Cleaning Kit (105999-302),B00F0I9S4Q
Zebra GX420d Direct Thermal Desktop Printer Print Width of 4 in USB Serial and Parallel Port Connectivity Includes Cutter GX42-202512-000,B018ORIMHI
Zebra Pen Zensations Brush Pen| Fine Brush Tip| Black Water-Resistant Ink| 1-Pack,B0752WWCTC
Zebra Pen Z-Grip Plus Mechanical Pencil| 0.7mm| Bonus Lead and Erasers| Assorted Barrel Colors| Blue| Pink| Black| 3 Pack,B074JC1W5X
Zebra DS8108 Series Corded Handheld Standard Range Scanner Kit with Shielded USB Cable| Black (DS8108-SR7U2100AZW),B071J2CHP6
Zebra Delguard Mechanical Pencils - HB 0.5mm - White Barrel - Pack of 3,B07PSMXPFG
Zebra Mildliner Creative Highlighter Marker Pen - Double Ended - Blue - Single,B07L418X2X
Zebra Sarasa Clip Gel Ink Ballpoint Pen 0.5mm| Rubber Grip| Vintage Colors| 5 Colors Set 2 (JJ15-5C-VI2),B07NYN19BK
Zebra DS4308 Series Corded Handheld Standard Range Scanner with Shielded USB Cable| Black (DS2278-SR7U2100PRW),B01C6E2VC2
Zebra Pen Z-Grip Retractable Ballpoint Pen| Medium Point| 1.0mm| Black Ink - 24 Pieces (Packaging may vary),B001BZ6ZN4
Zebra Sarasa Clip 0.7 Retractable Gel Ink Pen| Rubber Grip| 0.7mm| Light Blue Ink| Value Set of 10,B073GM88R1
Zebra 4 x 6 in Thermal Transfer Paper Labels Z-Perform 2000T Permanent Adhesive Shipping Labels 3 in Core 4 rolls 10031657SP,B00VE217U0
ZEBRA 3 X Spoon Pack of 12 Thai Chinese Asian Stainless Steel Rice Soup Spoons,B01251NDM8
Zebra Technologies 10015341 Z-Select 4000D Paper Label| Direct Thermal| Perforated| 2.25 x 1.25| 1 Core| 5 OD (Roll of 2100| Case of 12 Rolls) (Pack of 12),B01CLNZFDU
Zebra brush pen brush sign superfine B-WFSS4 10 this,B00KLW9V3E
Zebra Clip-On Multi Color Multi-Functional Pen| Black Barrel (B4SA1-B) 4 Pack,B08J868YNF
Zebra LS2208 Series Corded Handheld Standard Range Laser Scanner|Twilight Black (LS2208-SR20007R),B00ZQZENB6
Zebra - 4 x 6 in Thermal Transfer Polypropylene labels| PolyPro 4000T Permanent Adhesive Shipping labels| Zebra Industrial Printer Compatible| 3 in Core - 4 rolls - 10031660SP,B01CPKCRHG
Zebra Clip-on multi 1000S Multifunctional Pen| 4 Color 0.7 mm Ballpoint and 0.5 mm Mechanical Pencil| Light Blue Barrel (B4SA3-LB),B009JYY5TU
Zebra ZT23042-D01200FZ Direct Thermal Printer 203 DPI| Monochrome| With 10/100 Ethernet,B008515SAS
Zebra Mechanical Pencil| Del Guard| 0.7mm| Black (P-MAB85-BK),B016JQZJOA
Zebra round pen-A hard Drawing (100 pieces) (japan import),B001TI820M
Zebra GX430t Thermal Transfer Desktop Printer Print Width of 4 in USB Serial and Parallel Port Connectivity Includes Peeler - GX43-102511-000,B00J0NVFKC
Zebra DelGuard Mechanical Pencil with Bonus Lead Refill| Fine Point| 0.5mm Point Size| Standard #2 HB Lead| Black Barrel| 1-Count,B01LNNZS90
Zebra - GK420t Thermal Transfer Desktop Printer for labels| Receipts| Barcodes| Tags| and Wrist Bands - Print Width of 4 in - USB| Serial| and Parallel Connectivity - GK42-102510-000,B00EUN99E6
Zebra 800085-914 iSeries 1.0 Mil Top Laminate for ZXP Series 7 Card Printers| 750 Prints,B00C5H700O
Zebra Symbol DS4308-HD Next Generation Handheld Omnidirectional Barcode Scanner/Imager (1-D| 2-D PDF417)| Includes Stand USB Cord,B0799R5MXS
ZEBRA - WR110x450C1-1ZZ4 Zebra thermal transfer ribbon 4.33 x 1476' / 110mm x 450m wax-resin,B00RYSQSM0
10pcs Zebra Sarasa NJK-0.5 0.5 mm Gel Ink Multi Pen Refill (Box Set) - Black Ink,B00ATLP30C
ZEBRA PEN Brush Pen| Super Fine Point| Assorted Colors| Count Zebra FUNWARI Cup 24/PKG| 24-Pack,B07VYVHGSL
Zebra Brand | Stainless Steel Food Carrier Premium Quality Size 12 Cm X 3 Tier by Zebra,B01N8OZ2TR
Zebra - 2.25 x 1.25 in Direct Thermal Polypropylene labels| PolyPro 4000D Permanent Adhesive Shipping labels| Zebra Desktop Printer Compatible| 1 in Core - 6 rolls - 10031644SP,B00UC5JIR4
Zebra 10110 Telescopic Ballpoint Pens (Pack of 2) 1mm| Pocket Clip,B07HNHJCZY
Zebra Clip-On Multi Color Multi-Functional Pen| Black Barrel (B4SA1-B),B0018RLLJS
Zebra 05095GS08407 – Ribbon 5095 Resin 84 MM – 74 m – 12.7 mm – Box of 12,B0071ICSVI
Zebra Surari 4C 4 Color Emulsion Ink Ballpoint Pen| 0.5mm| Black Barrel (B4AS11-BK),B007TFO04Q
Zebra Technologies ZT23042-T01200FZ Series ZT230 4 TT Tabletop Printer| 203 dpi Resolution| Tear| Power Cord with US Plug| Serial/USB/Internal net Print Server 10/100/Ethernet| ZPL,B00QUEQZ5Y
Zebra Technologies ZQ52-AUE0000-00 Thermal Printer| Portable| ZQ520| 4 Size| Bluetooth 4.0| 203 DPI,B00VQK53SW
Zebra - 1.25 x 1 in Direct Thermal Paper labels| Z-Perform 2000D Permanent Adhesive Shipping labels| Zebra Desktop Printer Compatible| 1 in Core - 6 rolls - 10031633SP,B06XWX22PS
Zebra Technologies MC4597-BAPBA0000 Series MC45 Mobile Computer| GPS| 3.5G WAN HSDPA| 802.11 A/B/G| 1D Laser| 3.2Mp Camera| WEHH 6.5| 256Mb/1G| Bluetooth| Standard Battery,B00EIIROF4
50 pcs 12x17 Metallic Glamour Cool Shield Thermal Bubble Mailers by ZebraPack,B07FXL9X1V
Zebra 0.4mm Black Ink Refill (JF-0.4)| for Zebra Sarasa Clip 0.4 Gel Ballpoint Pen(JJS15-BK)| × 5 Pack/total 5 pcs (Japan Import) [Komainu-Dou Original Package],B0176YAT1C
Zebra ZP 450 Label Thermal Bar Code Printer ZP450-0501-0006A,B07HLVSHVZ
Zebra Products - Zebra - M301/M402/Kendo/Sarasa Mechanical Pencil Eraser Refills| Rubber| 7/Pack - Sold As 1 Pack - Rubber eraser refills for Zebra mechanical pencils.,B004E2Q5Q8
Zebra TC51/TC56 1-slot USB/Charge| CRD-TC51-1SCU-01,B01N59NF26
Zebra Dymo XL Shipping Labels 4 x 6 in Compatible with Dymo LabelWriter 4XL Printer 4 Rolls 10033432SP,B07RCK7TM5
Zebra Z-Grip MAX Gel Retractable Ballpoint Rollerball Pen| Medium Point| 0.7mm| Red| 12-Count,B00485LHR8
Zebra ZP505-0503-0018 Zebra Thermal Label Printer,B07JNDHJMQ
ZEBRA ZQ310 Label Printer Direct Thermal 203 x 203 DPI,B07F8R918J
Zebra Dual Tip Extra Fine Paper Marker| Mackee| Water Base Ink| Purple - WYTS5-PU,B00777R27I
Zebra Stainless Steel Professional Wok Turner Spatula Made Thailand,B008X04KM8
Zebra DS3678-ER (Extended Range) Ultra-Rugged Cordless 2D/1D Barcode Scanner/Linear Imager Kit| Bluetooth| FIPS| Vibration Motor| Includes Cradle| Power Supply and Heavy-Duty USB Cable (CBA-U42-S07),B0799QS7YP
Zebra M/F 701 Stainless Steel Mechanical Pencil and Ballpoint Pen Set| Fine Point| 0.7mm HB Lead and 0.8mm Black Ink| 2-Count Gift Set,B0771XVCGK
Zebra F-301 Ballpoint Retractable Pen| Black Ink| Fine Point Tip| 9 Pens per Pack Refillable Pens with Refill 0.7 mm Stainless Steel| 5 Pack,B07SSFHWYH
Zebra Highlighter Mildliner Brush Noble Color 5 Colors Set| WFT8-5C-NC,B07PQRC3RP
Zebra Pen Zensations Brush Pen| Assorted Brush Tip Size| Black Water-Resistant Ink| 24-Pack,B07VXRQG2G
Zebra Pen Sarasa X20 Retractable Gel Ink Pens| Medium Point 0.7mm| Fashion Assorted Color Rapid Dry Ink| 4 Pack (Packaging may vary),B000I7THSG
Zebra Spoon Pack of 12 Zebra Thai Chinese Asian Stainless Steel Rice Soup Spoons,B009VDI5CW
Zebra - Gooseneck Stand for LS2208 Series Handheld Scanner - Twilight Black - 20-61019-02R,B002KEQ7FG
Zebra F-301 Ballpoint Retractable Pen| Black Ink| Fine Point Tip| 9 Pens per Pack Refillable Pens with Refill 0.7 mm Stainless Steel,B00NHV6VH0
Zebra Brush Sign WF1 / 10 Present,B001ADMYCS
Zebra DS3608-HP (High Performance) Ultra-Rugged Handheld Corded 2D Barcode Scanner/Imager (1D| 2D| PDF417| QR Code and OCR) with USB Cable,B07BGBWMJN
Zebra Zensations Mechanical Colored Pencils| 2.0mm Point Size| Assorted Colored Lead| 12-Count,B0752GDGVY
Zebra DS9208-SR Omni-Directional Presentation Barcode Scanner (2D| 1D| QR Code| Postal and Mobile Phones Barcode)| Comes with Heavy-Duty Shielded 7-Foot USB Cable (CBA-U21-S07ZAR),B073SZQL6K
Zebra F-301 Ballpoint Retractable Pen| Black Ink| Fine Point Tip| 9 Pens per Pack Refillable Pens with Refill 0.7 mm Stainless Steel| 3 Pack,B07SXQMWS5
Zebra thermal transfer smudge proof ribbon 4.3 x 244' / 109mm x 74m resin,B00RYSQ2C6
Zebra Sarasa Clip 0.3| 10 Color Set (JJH15-10CA) 3 Pack,B08JCLB21C
100 pcs 6.5x10.5 Metallic Glamour Cool Shield Thermal Bubble Mailers by ZebraPack,B07FX25YNL
Zebra Pen Z-Grip BCA Retractable Ballpoint Pen| Medium Point| 1.0mm| Pink Ink| 7-Count,B00ATZJ99E
Zebra GX430t Thermal Transfer Desktop Printer Print Width of 4 in USB Serial and Parallel Port Connectivity Includes Cutter - GX43-102512-000,B00KN65TIE
Zebra - 4 x 6 in Direct Thermal Paper labels| Z-Perform 1000D Permanent Adhesive Shipping labels| Zebra Mobile Printer Compatible| 0.75 in Core - 12 rolls - 10031661SP,B01M0JWP3W
Zebra ZD420c Ribbon Cartridge Desktop Printer 300 dpi Print Width 4 in Wifi Bluetooth USB ZD42043-C01W01EZ,B01I23S1MA
Zebra Pen Z-Grip Retractable Ballpoint Pen| Medium Point| 1.0mm| Black Ink - 24 Pieces | Correction Tape,B0822Z2M6V
Zebra ZP500 Plus ZP500-0103-0017 Direct Thermal Barcode Label Printer USB/Peeler,B082851PTM
Zebra ZD620t Thermal Transfer Desktop Printer 300 dpi Print Width 4 in Ethernet Serial USB ZD62043-T01F00EZ,B07KMLD7G4
Zebra TC70X data collection terminal Win 10 IOT Mobile Enterprise 16,B06XQ18Y29
Zebra Mildliner Soft Color Double-Sided Highlighter Pens 20 Color Set(Standard 15 Color + New Sunny 5 Color) with Original Vinyl Pen Case,B07JF16QK6
Zebra ZD420d Direct Thermal Desktop Printer 203 dpi Print Width 4 in USB Ethernet ZD42042-D01E00EZ,B07KMKNYMR
Zebra F-301 - Stainless Steel Retractable Ballpoint Pen - 0.7mm Medium - BLUE Ink - Blue| Green and Maroon Barrel - Pack of 6,B07ST2FD69
Zebra 0.5mm Blue Ink Refill (JF-0.5)| for Zebra Sarasa Clip 0.5 Gel Ballpoint Pen(JJ15-BL)| × 5 Pack/total 5 pcs (Japan Import) [Komainu-Dou Original Package],B01NBGSKOM
ZEBRA (Mini Ballpoint Pen T-3| Black Ink| 0.7mm with Refill + (Mini Mechanical Pencil) TS-3| 0.5mm| with Spare Erasers & Our Sticky Note! /Good Value,B072QT66VL
Zebra ZM400 Thermal Label Industrial Printer| 10 in/s Print Speed| 203 dpi Print Resolution| 4.09 Print Width| 110/220V AC,B0041BILEQ
Zebra Fude Brush Pen| Double Sided for Real & Hard Type (FD-502),B0018RF090
ZEBRA Barcode Scanner snap-on Trigger Handle and Rugged Boot kit TC51| TC52| TC56| TC57,B01N9OIJ8M
Zebra ZD500t Thermal Transfer Desktop Printer 300 dpi Print Width 4 in WiFi Ethernet Parallel Serial USB ZD50043-T01A00FZ,B00QWG7NKG
Zebra Mildliner Brush Double Ended Brush and Fine Tip Pen| Assorted Colors| 15 Count with Original Vinyl Pen Case,B0826XTN76
Zebra ZT230 Thermal Transfer Industrial Printer 300 dpi Print Width 4 in Serial USB Ethernet ZT23043-T01200FZ,B00GH2ZZGE
Zebra DS9208 Series Handsfree Standard Range Scanner Kit with Shielded USB Cable (DS9208-SR4NNU21Z),B01C65YOE4
Zebra Series Rugged Corded Handheld Standard Range Linear Imager with High-Current Shielded USB Cable| Industrial Green (LI3608-SR3U4600VZW),B073SNW3RK
Zebra TrueColours YMCKO - f P310i,B0050CKZFI
[ZD50042-T012R1FZ] Zebra ZD500R Thermal Transfer RFID Printer,B00Q6SSQHY
Zebra QL 220 Plus - Label Printer - B/W - Direct Thermal (U82633) Category: Label Printers,B0036ZYPLG
Zebra ZP505-0503-0017 Direct Thermal,B07H8P3P9Q
Zebra Sarasa Clip Rapid Dry Ink Gel Retractable Pen| 0.4mm| 20 Colors Set with Original Vinyl Pen Case,B01LZ2I1CR
Zebra F-301 Ballpoint Stainless Steel Retractable Pen| Medium Point| 1.0mm| Blue Ink| 1-Count,B001B0F44K
Zebra Mechanical Pencil| Del Guard| 0.3mm| White (P-MAS85-W),B016JQZJJU
Zebra Sarasa Clip Gel Ink Pen| Extra Fine Point| 0.3 mm| 20 colors set (Japan Import),B00YVHHWRW
Zebra Ct18499-1 Spare Battery for Zebra P4t Printer,B005J002IG
Zebra Compatible Technologies P1058930-009 Print Head| ZT410 Print Head 203 DPI,B00QWG3FZI
Zebra B4SA1 Clip-on multi 0.7mm Multifunctional Pen| Fresh Blue Body & 4 Color(Black/Blue/Red/Green) Refills 8 Total Value Set,B072R3378X
Zebra Eltron P320i ID COLOR Card Printer Photo ID Magnetic Encoder,B00K7JERHQ
Zebra ZD620t Thermal Transfer Desktop Printer 203 dpi Print Width 4 in Ethernet Serial USB ZD62042-T01F00EZ,B07KML6YCL
Zebra - 2.25 x 1.25 in Direct Thermal Paper labels| Z-Perform 2000D Permanent Adhesive Shipping labels| Zebra Desktop Printer Compatible| 1 in Core - 6 rolls - 10031635SP,B01CP08CNE
Zebra PM-701 Stainless Steel Permanent Marker - 1mm Line + Free Refill - Black Ink,B07VT7V6SS
Blue Zebra Wooden Train Set and Montessori Toy for Toddlers. Toy Train Sets for Kids Toddler Boys and Girls,B07Z3ZJQ3K
Zebra - Serial Module Adapter for ZD410 Direct Thermal Desktop Printer - Field Installable - P1079903-034,B01D1DNMXY
Zebra F301| F301 Ultra| F402| 301A| Spiral Ballpoint Pen Refills| 0.7mm| Fine Point| Black Ink| 2/Pack| Sold as 3 Packs| Total of 6,B00P05MKVC
Zebra Ax7 Liq Ink Rollerball Pen - Blue,B009LIFG6K
Zebra Sarasa Grand| Retractable Gel Ink Pen| Gold Barrel| Medium Point| 0.7mm| Black Ink| 1-Count (3| Gold| Navy| Rose Gold),B07N31QQVM
Zebra - 2 x 1.25 in Thermal Transfer Polyester labels| Z-Ultimate 3000T Permanent Adhesive Shipping labels| Zebra Desktop Printer Compatible| 1 in Core - 8 rolls - 10031645SP,B00VE21M0K
ZEBRA Highlighter MILD LINER [Mild 5 Colors set] x 2 pieces (Japan Import),B073YLR9SK
Zebra Clip-on multi 1000S Multifunctional Pen| 4 Color 0.7 mm Ballpoint and 0.5 mm Mechanical Pencil| Pink Barrel (B4SA3-P),B009JYY5T0
Zebra Technologies 800077-742 True Colors IX Series Color Ribbon for ZXP Series| 7 Compatible| Ymcko| 750 Labels per Roll,B00BGH35S0
Zebra MC92N0-G Handheld| Laser Barcode Scanner| Wifi| Windows Ce 7.0| 53 Key| MC92N0-GA0SYEYA6WR,B01B9YWOMC
Zebra ZT23042-T01A00FZ Thermal Transfer Printer| 203 DPI| Monochrome| With Wi-Fi,B00A8M56PO
ZEBRA HEMP Natural Oil – USA Made - Pure Organic Oil Drops in Tincture for Discomfort & Stress Relief| Sleep and Mood Support (2 Pack),B0815BK4X8
Zebra SK-0.7 0.7mm Refill (Blue Ink)| BR-6A-SK-BL ×3 Pack/total 3 pcs (Japan Import) [Komainu-Dou Original Package],B018CBHL64
Zebra Sarasa Clip 0.5mm Black| JJ15-BK| 10 pens per Pack| With one refill (Japan Import),B075YNTT8S
ZebraPack #5 10.5X16 Poly Bubble Mailers Padded Envelopes 100 pcs,B0748249VT
Zebra - ZD410 Direct Thermal Desktop Printer for labels| Receipts| Barcodes| Tags| and Wrist Bands - Print Width of 2 in - USB| Bluetooth| and Wifi Connectivity - ZD41022-D01W01EZ,B01LWUULRJ
Zebra Sarasa Fineliner Pen| Needle Point| 0.8mm| Assorted| 8-Count,B076687B6G
Zebra Knock Oil-Based Ink Ballpoint Pen| TapliClip| 1.6| Blue Ink,B0018RLMSI
Zebra Delguard Mechanical Pencils - HB 0.5mm - 1 of Each Colour Barrel - 5 Pack of 3,B08NF67J4H
Zebra DS4308-XD (Extreme Density) 1D/2D Handheld Omni-Directional Barcode Scanner/Imager| Includes Stand and USB Cord,B0799RCK7W
ZEBRA 0.5 Gel Ballpoint Pens Sarasa x Baskin-Robbins 4 colors A JJ29-BR-4C-A,B01N9H4FP6
Zebra TLP2824 Plus Thermal Transfer Desktop Printer Print Width of 2 in Serial and USB Port Connectivity 282P-101110-000,B00EUN8LBI
Zebra Sarasa Clip 1.0 Retractable Gel Ink Pen| Rubber Grip| 1.0mm| Blue Ink| Value Set of 10,B073GMWV4L
Zebra F-301 Ballpoint Retractable Pen| Black Ink| Fine Point Tip| 9 Pens per Pack Refillable Pens with Refill 0.7 mm Stainless Steel - 4 Pack,B08HV9MX1P
Zebra - 4 x 6 in Thermal Transfer Paper labels| Z-Perform 2000T Permanent Adhesive Shipping labels| Zebra Desktop Printer Compatible| 1 in Core - 6 rolls - 10031652SP,B01CLAFLH8
Zebra - ZD500t Thermal Transfer Desktop Printer for Labels and Barcodes - Print Width 4 in - 203 dpi - Interface: Ethernet| Parallel| Serial| USB - ZD50042-T01200FZ,B00NK0WZD2
Zebra Pen DelGuard Mechanical Pencil HB#2 Lead Refills| 0.5mm| Fine Point| 1 Tube (Contains 12 Pcs Lead),B01LNNTM5G
Zebra Mini Ballpoint Pen T-5| Black Ink| Silver with Gold Accent (T-5),B0018RGF08
Zebra Sarasa Clip 0.7 Retractable Gel Ink Pen| Rubber Grip| 0.7mm| Purple Ink| Value Set of 10,B073GLQ8HV
Zebra Clip-on multi 1000S Multifunctional Pen| 4 Color 0.7 mm Ballpoint and 0.5 mm Mechanical Pencil| White Barrel (B4SA3-W),B004FGMC10
Zebra Sharbo X ST3 Pen Body Component - Black,B0010WMWTE
4 Zebra F-301 Compact Ballpoint Pens (2 Packs of 2)| Black,B00KCY5MH0
Zebra High-Performance Black Wax/Resin Ribbon Cartridge for ZD420C Thermal Transfer Desktop Printer 4.33in x 242ft 05555CT11007,B01J5JNMII
Zebra Technologies ET55AT-W22E ET55 Tablet 101 Inch Display Win81 Americas WAN,B01DYC9ZWE
Zebra - 3 x 1 in Direct Thermal Paper labels| Z-Perform 2000D Permanent Adhesive Shipping labels| Zebra Industrial Printer Compatible| 3 in Core - 6 rolls - 10031653SP,B06XWTZ7GG
Zebra G-301 Stainless Steel Retractable Gel Pen| Medium Point| 0.7mm| Blue Ink| 12-Count,B07DK59T6Z
Zebra Z-Grip Smooth Ballpoint Pen - 1.0mm - Black Ink - 1 of Each Pastel Barrel - Pack of 5,B082YCRWZ7
3 - Zebra F-701 Ballpoint Pens| Stainless Steel with Knurled Grip| Pk of 3 Pens,B00KCY5OC8
Zebra Instruments| UZ-1 / UZ1 Universal Zebra - Basic ECM Motor Testing and Troubleshooting,B00H84E264
Zebra Technologies ZT23042-T01000FZ ZT230 Label Printer| Monochrome| Direct Thermal/Thermal Transfer,B00U1ISNA0
Zebra ZD620t Thermal Transfer Desktop Printer with LCD Screen 300 dpi Print Width 4 in WiFi Bluetooth Ethernet Serial USB with Peeler ZD62143-T11L01EZ,B07KMJKHLN
Zebra F-301 Ballpoint Retractable Pen| Black Ink| Fine Point Tip| 9 Pens per Pack Refillable Pens with Refill 0.7 mm Stainless Steel - New,B08HVK6M71
Zebra Technologies 800012-601 Clear True Colors I Series Transfer Film| ZXP Series 8 Compatible| 1825 Labels per Roll,B00QUE44WU
Zebra Liquid Rollerball Pens| Needle Point 0.5mm| Assorted Color| 4-Count,B07JZN4L13
ZEBRA Z7 Trophy Split Cables| 32.5-Inch,B009W7VOFW
Zebra Sarasa Clip Rapid Dry Ink Gel Retractable Pen| 0.7mm| 20 Colors Set with Original Vinyl Pen Case,B01LXEPCSB
Zebra Smoke Series: 22 1 Hose Hookah (C8) Complete Set Combo KIT Set w/Instant Charcoal (Green),B00NQBBFO0
Zebra - 4 x 6 in Thermal Transfer Polypropylene labels| PolyPro 3000T Permanent Adhesive Shipping labels| Zebra Desktop Printer Compatible| 1 in Core - 4 rolls - 10031650SP,B01CLNZUFI
Zebra G-301 JK-Refill 0.7mm| Black| 2 Refills (Pack of 3),B00P05OLDW
Zebra Multi Ballpoint Pen Body Sarasa Select 5 Color Hlder (White Body) S5A15-W,B07HGXZVCT
Zebra M-301 Stainless Steel Mechanical Pencil| 0.7 mm| Black Barrel| 1-Pack (54310),B004I2GPJQ
ZEBRA Mechanical Pencil| Del Guard| 0.3mm| Luminou Pink (P-MA85-LMP),B016JQZJR2
Zebra Z-Mulsion EQ-Refill| 1.0mm| Black Ink| 2-Count,B00ABFTCM6
Zebra Sarasa Rapid Dry Ink Gel Retractable Pen| 0.7mm| Blue| 2 Pack (46822),B001BQFJ08
F-301 Ballpoint Retractable Pen| Black Ink| Fine Point Tip| Refillable Pens with Refill 0.7 mm Stainless Steel,B07ZS6F6Q3
Zebra ZD620t Thermal Transfer Desktop Printer with LCD Screen 300 dpi Print Width 4 in Ethernet Serial USB ZD62143-T01F00EZ,B07KM8VCST
Zebra Standard Black Wax Ribbon Cartridge for ZD420C Thermal Transfer Desktop Printer 4.33in x 242ft 02000CT11007,B07NZ1NNMK
Zebra ZT411 Thermal Transfer Industrial Printer 203 dpi Print Width 4 in Serial USB Ethernet Bluetooth Peeler with Full Rewind ZT41142-T410000Z,B089BVCQSR
Zebra - GC420d Direct Thermal Desktop Printer for labels| Receipts| Barcodes| Tags - Print Width of 4 in - USB| Serial| and Parallel Port Connectivity - GC420-200510-000,B00EUN8F82
Zebra Fine Writing Instrument Mechanical Pencil (DM3-300),B0018RF0HM
Zebra Fine Writing Instrument Mechanical Pencil (DM9-300) 2 Set,B07PCHG68F
10 The Zebra Sarasa Clip 0.5mm Blue Black (japan import),B0035J3V6I
ZEBRA ZD410 Label Printer Direct Thermal 203 x 203 DPI,B07FLJWPW9
Zebra ZC350 LT Single-Sided ID Card Printer with Long Life Ribbon & Cards & CloudBadging Software Trial,B07YYNKVVM
6 PACK - 12 REFILLS/Zebra JK Refills for G301Gel Rollerball Pens| Medium Point| 2/Pack| Black Ink| PK - ZEB88112,B00R4IR6PS
Zebra 301A Ballpoint Aluminum Retractable Pen| Fine Point| 0.7mm| Blue Barrel| Black Ink| 2-Count,B005SB08U8
Zebra LS2208 Series Corded Handheld Standard Range Laser Scanner Kit with Gooseneck Stand and Cable Twilight Black LS2208-SR20007R-NA,B00L3HITDO
Zebra F301| F301 Ultra| F402| 301A| Spiral Ballpoint Pen Refills| 0.7mm| Fine Point| Blue Ink|Pack of 24,B07KB79B4M
Zebra Enterprise PWR-BGA12V50W0WW Power Supply Adaptor| Power Brick| AC/DC| 4.16A| 12V| 50W,B01LWVEEL7
Zebra - Cutter Attachment for ZD410 Direct Thermal Desktop Printer - Field Installable - P1079903-021,B01BFCIQ5M
Zebra Sarasa Clip 0.7| 3 Color Set (JJB15-3CA),B00TUQDIC2
Zebra Ballpoint Pen| Retractable| 0.7mm|Blue Ink| Stainless Steel (ZEB29220),B000YF686Q
ZEBRA Gel Ballpoint Pen| Sarasa Grand 0.5mm Vintage Color| Blue Gray (P-JJ56-VBGR),B084T58VHR
Zebra ZC100 LT ID Card Printer - Complete Supplies Package with CloudBadging Software| Blank Cards| and Ribbon,B07XLV9JMD
Zebra ZT41043-T010000Z ZT410 Industrial Thermal Transfer Table Top Printer| 300 DPI| Monochrome| With 10/100 Ethernet| Bluetooth 2.1| USB Host,B00N3MZH9G
Industrial Imaging Products - Zebra Compatible OEM Printhead 79800M-EQV for Zebra Desktop ZM400 Printers (203 dpi) - Full Manufacturer Warranty Home & Office Supply,B01K9HTFM2
Zebra Technologies CS4070-SR00004ZMWW Series CS4070 Companion Scanner| 2D Imager| Cordless Bluetooth| Includes Micro USB Cable| Black,B01CLO41PC
Zebra Highlighter Mildliner| 5 Bright Color Set (WKT7-5C-HC),B07H9Y8TCB
Zebra Pen Z-Grip Retractable Ballpoint Pen| Medium Point| 1.0mm| Assorted Fashion Colors - 24 Pieces (Packaging may vary),B000ZPQ8YW
Zebra Steel M Mechanical Technical Pencil Eraser Refills (2 Pack of 7),B07K6SLD3T
Zebra GX420d Direct Thermal Desktop Printer Print Width of 4 in USB Serial and Ethernet Port Connectivity Includes Cutter GX42-202412-000,B00FJWB5MG
Zebra Airfit Light| 0.5mm Mechanical Pencil| Pearl Blue,B006CQU394
[05095GS06407] Zebra 2.5 x 244ft Black Resin Ribbon 0.5-inch Core Qty: 24,B00EPFT1FG
Zebra Technologies ZQ52-AUN1000-00 Series ZQ520 Mobile Printer| Direct Thermal| Dual Radio| Bluetooth 3.0| WLAN| Linerless Platen| English| Grouping 0,B00X8CQEPM
Zebra Pen Z-Grip Flight Stick Ballpoint Pen| Bold Point| 1.2mm| Assorted Fashion Colors| 5-Count,B00ECZVPIA
Zebra JLV-0.4 Black Ink Refill (RJLV4-BK)| 0.4mm| for Sarasa dry| × 5 Pack/total 5 pcs,B01NAPEWPC
Zebra Emulsion Ink Ballpoint Pen Surari 300 0.5mm Point| Silver Body (BAS38-S),B00KRTIR22
Zebra ZD620t Thermal Transfer Desktop Printer 300 dpi Print Width 4 in WiFi Bluetooth Ethernet Serial USB ZD62043-T01L01EZ,B07KMKQWXH
Zebra Fude Brush Pen| Extra Fine (WFSS4),B0018RGGHA
Zebra F-Series Ballpoint Stainless Steel Pen Refill| Fine Point| 0.7mm| Red Ink| 2-Count,B075VG8V8T
Zebra Peeler Attachment for ZD410 Direct Thermal Desktop Printer Field Installable P1079903-022,B06WV7Y8LF
Zebra Pen 41312 G-301 Stainless Steel Retractable Gel Pen| Medium Point| 0.7mm| Black Ink| 2-Count,B002JG7736
Zebra Delguard Mechanical Pencils - HB 0.5mm - 1 of Each Colour Barrel - Pack of 3,B07PSNPQF4
ZEBRA DelGuard Mechanical Pencil 0.5mm| 4 Color Body (Honeycomb gray| Square Blue Green| White|Honeycomb Green) & DelGuard Mechanical Pencil Leads 0.5mm HB| 4-pack/total 160 Leads Value Set,B07JC3SL4Y
Zebra - GX420t Thermal Transfer Desktop Printer for labels| Receipts| Barcodes| Tags| and Wrist Bands - Print Width of 4 in - USB| Serial| and Ethernet Port Connectivity - GX42-102410-000|Black,B00EUNAJC2
Zebra F-301 Ballpoint Retractable Pen| Black Ink| Fine Point Tip| 9 Pens per Pack Refillable Pens with Refill 0.7 mm Stainless Steel - 5 Pack,B08HV9BN2J
Zebra 6 Inch Length Hair Cutting Scissors - Japanese Stainless Steel Hairdressing Barber Cosmetologist Salon Shears Razor Sharp Edge Adjustable Tension Screw Professional Quality Haircut Scissors,B07M5ZC9F8
Zebra True Colours Ribbon Cartridge - YMCKO (800017-240),B00B78R4EO
5 pieces P-MO-120-MC-BK5 zebra McKie extra-fine permanent marker black (japan import),B0060RXCWU
Zebra - 3 x 1 in Thermal Transfer Polypropylene labels| PolyPro 3000T Permanent Adhesive Shipping labels| Zebra Desktop Printer Compatible| 1 in Core - 8 rolls - 10031648SP,B01CP08L5I
Zebra F301| F301 Ultra| F402| 301A| Spiral Ballpoint Pen Refills| 1.6mm| Bold Point| Black Ink| Pack of 12,B00P05N48K
ZEBRA Gel Ballpoint Pen| Sarasa Grand 0.5mm Vintage Color| Cassis Black (P-JJ56-VCB),B084T5NSHG
Zebra ZT410 Direct Thermal/Thermal Transfer Printer - Monochrome - Desktop - Label Print ZT41042-T410000Z,B00LUI546G
Zebra Z-Grip Smooth Ballpoint Pen - 1.0mm - Funky Flame - Stripe Barrel - Blue| Pink| Violet - Pack of 6,B083P6S1ZR
ZEBRA 79501-011 Zebra ZM400 ZM600 Xi4 Internal Ethernet Card 79823 79501-011,B017O327K6
Zebra Technologies ZT41042-T01A000Z Standard ZT410 Label Printer| 203 DPI| 802.11 a/b/g/n,B00U78F2NK
Zebra brand| Stainless steel food carrier 14cm x 2 tier premium quality,B00EOV7Y50
Zebra Clip-On Multi Color Multi-Functional Pen| Black Barrel (B4SA1-B) 2 Pack,B08J7QVXFD
Zebra Technologies DA-402 Direct Thermal Label and Receipt Printer,B00005153Y
Zebra Emulsion Ink Ballpoint Pen Surari 300 0.7mm Point| Blue Body (BA38-BL),B00KRTO2R6
Zebra Cadoozles Mechanical Pencil| 0.9mm Point Size| Standard HB Lead| Assorted Woodlands Barrel Patterns| 10-Count,B000U3SFIG
Zebra Comic G Model Chrome Pen Nib| 10 Nibs (New Version) (PG-6B-C-K),B0843S6DVJ
Zebra F-0.7mm Ballpoint Pen Refills - 0.7mm Fine Point - Black Ink - Pack of 4,B084RLWGST
Zebra QL420 Plus Monochrome LCD Direct Thermal Portable Label Printer with USB Port| 3 in/s Print Speed| 203 dpi Print Resolution| 4.09 Print Width| 7.2V,B003I8AL96
ZebraPack #2 8.5x12 Poly Bubble Mailers Padded Envelopes 200 pcs,B07482Y2JD
Zebra F301| F301 Ultra| F402| 301A| Spiral Ballpoint Pen Refills| 1.6mm| Bold Point| Black Ink| Pack of 6,B00P05N6S8
Zebra Pen 1 Zebra KIRARICH Set 5/PKG| Assorted,B07Z8KRRS2
Value Pack of 4 - Zebra(R) Ballpoint F-Refills For F-301 Ultra|F-301 Pen| F-301 Compact| F-402 Pen| Fine Point| 0.7 mm| Black| 4 Pack = 8 refills,B00HDE06K0
Zebra Sarasa Push Clip Gel Ink Pen - Metallic Colors - 1.0 mm - 9 Color Set,B004VKJ9X4
Zebra Style #2 Mechanical Pencil 0.7mm Point Size Assorted Geometric Patterns 8 Count,B08CQVTHPR
ZEBRA Handheld Screen Protector (Pack of 3) TC51| TC52| TC56| TC57,B071XM85QD
Zebra Cadoozles Mechanical Pencil| 0.9mm Point Size| Standard HB Lead| Assorted Woodlands Barrel Patterns| 28-Count,B001BZB5HU
Zebra DS2208-SR Handheld 2D Omnidirectional Barcode Scanner/Imager (1D| 2D and PDF417) with USB Cable| DS2208-SR7U2100AZW,B06WGW816Y
Zebra 46881 Sarasa Retractable Gel Ink Pens| Medium Point 0.7mm| Assorted Color Rapid Dry Ink| 10-Count,B0000AQNW5
2 Pack Steel Mechanical Pencil M-301 Bonus Lead and Erasers Total 18 Count,B07X7JNWVZ
ZEBRA Bowstring Wax,B00N0PWKX2
ZEBRA F-301 (Pack of 12 Pens),B001TJ3C9W
Zebra Clickart Water-Based Pen Calm Dark 12 Colors Set| Wyss22-12Cdk,B07PX5D1RV
50 pcs 24X20 Metallic Glamour Cool Shield Thermal Bubble Mailers by ZebraPack,B07FXBJWBV
Zebra Z-Grip Smooth Mini Retractable Ballpoint Pens - 1.0mm - 2 of Each Colour - Pack of 14,B0849TM7YG
Zebra LP 2844 Direct Thermal Label Printer 2844-20300-0031,B007OX4ZX4
Zebra Dymo XL Shipping Labels 4 x 6 in Compatible with Dymo LabelWriter 4XL Printer 8 Rolls 10033433SP,B07RCXFMN6
Zebra Pen Zebra Z-Grip MAX Gel Retractable Pens (ZEB42210),B000V7TK5S
Zebra - 3 x 1 in Thermal Transfer Polyester labels| Z-Ultimate 3000T Permanent Adhesive Shipping labels| Zebra Desktop Printer Compatible| 1 in Core - 8 rolls - 10031646SP,B01CLNZXA0
Zebra Gel Ball Pen Replacement core JLV - 0.7 core B - RJLV 7 - BK Black 10,B01M7X3NCR
Zebra smoke :Cube Coconut Shell Hookah Charcoal 72 PCS (2pack),B00UIKKLJC
Zebra DS3608-ER (Extended Range) Ultra-Rugged Handheld Corded 2D Barcode Scanner/Imager (1D| 2D| PDF417| QR Code) with USB Cable,B07C8KRD5N
Zebra Refills for Zebra JK G-301Gel Rollerball Pens,B004SU7IH6
Zebra 2 x 1 in Direct Thermal Paper Labels Z-Perform 2000D Permanent Adhesive Shipping Labels 1 in Core 6 rolls 10031634SP,B01CLAG9QA
ZEBRA HEMP Mint Oil – USA Made - Pure Organic Oil Drops in Tincture for Discomfort & Stress Relief| Sleep and Mood Support – 2 Pack,B0815Y47KZ
Zebra Telescopic Stylus Ballpoint Pen - 1.0mm Nib - BLUE Ink - Pink Barrel - Pack of 2 + 2 x 4C Refills - Black Ink,B07SS1ND69
Zebra Sarasa Grand| Retractable Gel Ink Pen| Rose Gold Barrel| Medium Point| 0.7mm| Black Ink| Sold as 3 Pack,B07MQLLTLX
Zebra Technologies Zebra ZT410 Thermal Transfer Printer - Monochrome - Desktop - Label Print,B00XWJNZL2
Zebra Smoke Series: 22 1 Hose Hookah (C8) Complete Set Combo Kit Set w/ Instant Charcoal and Hookah Mouth Tips (Pick Your Color) Black,B00RDMD79E
Zebra Mechanical Pencil| Del Guard| 0.7mm| Bright Pink (P-MAB85-BRP),B016JQZVIO
Zebra Peeler Attachment for ZD420d and ZD620d Direct Thermal Desktop Printers Field Installable P1080383-418,B07KML4S7S
ZEBRA Premier PVC Card 30 mil (5 x 100 Packs),B004KO97WO
Zebra Instruments| Zebra Stat - Analyzer| Remote Control & Multi-Mode Tester (ZS-2),B00H84E5HK
Zebra - 4 x 2 in Thermal Transfer Polypropylene labels| PolyPro 3000T Permanent Adhesive Shipping labels| Zebra Desktop Printer Compatible| 1 in Core - 4 rolls - 10031649SP,B001DPPCDG
Zebra SL-F1 Mini Ballpoint Pen 0.7 mm Pink Body Black Ink (BA55-P)+ Refill BR-8A-4C-BK (Black) x 3 Set,B07SSHSDNM
Zebra MC55X WLAN| LED Imager SE4710| Camera| 512MB/2GB| QWERTY| MC55E0-PM0S3QQA9WR (Camera| 512MB/2GB| QWERTY| WEHH 6.5| 3600MAH Battery| Row),B079D7NK3Q
ZEBRA 4 X Spoon Pack of 12 Thai Chinese Asian Stainless Steel Rice Soup Spoons,B01251NMO2
ZEBRA Z7 Trophy Strings| 86.875-Inch,B009NT3466
Zebra ZP 450 Label Thermal Bar Code Printer ZP450-0501-0000A,B081TT2QCT
Zebra ZD420d Direct Thermal Desktop Printer 300 dpi Print Width 4 in WiFi Bluetooth USB ZD42043-D01W01EZ,B07KMLBYH5
Zebra DS3678-DP (Direct Part Marking) Ultra-Rugged Cordless DPM 2D/1D Barcode Scanner/Linear Imager Kit (DPM| 1D| 2D| PDF417| and QR Code)| Bluetooth| FIPS| Includes Cradle| Power Supply and USB Cable,B07CDFBSN5
Zebra F-301 Ballpoint Retractable Pen| Black Ink| Fine Point Tip| 9 Pens per Pack Refillable Pens with Refill 0.7 mm Stainless Steel - 3 Pack,B08HVQFBC6
Zebra ZC300 Color 300dpi Double Sided USB LAN ID Card Printer ZC32-000CQ00US00,B084H4YFCL
Zebra Sarasa Clip 0.3 Gel Ballpoint Pen Blue Ink Refills| 0.3mm| Set of 5 (Japan Import) [Komainu-Dou Original Package],B012EXGW7K
Zebra Technologies TC700H-KC11ES-NA Series TC70 Enterprise Handheld Touch Mobile Computer| Wan 802.11 ABGN/Android KitKat 4.2.2| Standard Range 1D/2D Imager| Front & Rear Cameras| 4620 Mah Battery,B01CQRDI58
Zebra Smoke Series: 11 1 Hose Pumpkin Hookah with Cage- Complete Set- Pick Your Color (Purple ),B01CTFLOIK
Zebra Technologies 79800M Printhead for ZM400 Printer| 4| 203dpi Resolution,B001PAX22W
Zebra 4C Ink Pen Refill| 0.7mm Fine Point| Black Ink (2-Pack),B0032JWV3U
Zebra permanent marker McKee extra fine B-MO-120-MC-BK Black 10 pieces,B003M6AICY
Only SB23-CTGR holder zebra Scharbeutz X CB8 carbon titanium gray (japan import),B001QSN4N0
ZebraPack #0 6x10 Poly Bubble Mailers Padded Envelopes 250 pcs,B07481NWRL
Zebra Mechanical Pencil| Del Guard| 0.7mm| Bright Green (P-MAB85-BRG),B016JQZPIK
Zebra Fude Brush Pen| Fine (WF1),B0018RGGHK
Zebra Technologies 79801M 300 DPI Print Head for ZM400,B00296LODK
Zebra thermal transfer smudge proof ribbon 2.5 x 244' / 64mm x 74m resin,B00RYSQ2MQ
Zebra 5319 Performance Wax-Resin Ribbon (Case of 12 Rolls),B01N97KNHI
ZEBRA P1031031 S 414 KIT EXTERNAL PRINTSERVER below zebra p1031031 zebranet extended parallel print server kit zebra,B017O27MRA
Pink Zebra Fireside Vanilla 3.75 oz. Jar Sprinkles,B07RN8TN5J
Zebra F-Series Ballpoint Stainless Steel Pen Refill| Fine Point| 0.7mm| Black Ink| 2-Count (12 PACK),B07KT3KWQV
Zebra F-Refill| 0.7 Millimeter| Blue Ink| 2 Count (Pack of 3),B00P05MQ0W
Zebra JK-0.5 Blue Ink Refill (RJK-BL)| 0.5mm| for Sarasa Multicolor gel ballpoint pen| × 5 Pack/total 5 pcs (Japan Import) [Komainu-Dou Original Package],B01E4ANECM
Zebra Sarasa Push Clip Gel Ink Pen - 0.5 mm - 10 Color Set,B000IGTQKQ
Zebra GK420d Direct Thermal Desktop Printer Print Width of 4 in USB Serial and Parallel Port Connectivity GK42-202510-000,B00EUN90SG
Zebra - 3 x 1 in Direct Thermal Paper labels| Z-Perform 2000D Permanent Adhesive Shipping labels| Zebra Desktop Printer Compatible| 1 in Core - 6 rolls - 10031636SP,B01IQG3KQU
Zebra - 4 x 2 in Direct Thermal Paper labels| Z-Perform 2000D Permanent Adhesive Shipping labels| Zebra Desktop Printer Compatible| 1 in Core - 6 rolls - 10031640SP,B00UC5JNME
Zebra Clip-On Multi Color Multi-Functional Pen| Black Barrel (B4SA1-B) 5 Pack,B08J7WSHZZ
Z-GripMINI SIZE Retractable Ballpoint Pen - Economy Pack of 36 - Assorted Colours,B01G5KG6II
Zebra Delguard Mechanical Pencils - HB 0.5mm - 1 of Each Colour Barrel - 4 Pack of 3,B08NF4HJFJ
Zebra GX430t Thermal Transfer Desktop Printer Print Width of 4 in USB Serial Parallel and Ethernet Connectivity GX43-102410-000,B00EUNAMCE
ZEBRA ZT61042-T010100Z,B07P7HTQ7D
Zebra G-301 Stainless Steel Retractable Gel Pen| Medium Point| 0.7mm| Black Ink| 12-Count,B07DK2KL47
Zebra Pen F-301 Bold Ballpoint Retractable Pens| 1.6mm Point Size| Black Ink| Pack of 2 (27312),B003VNJ1B2
ZebraPack #2 8.5x12 Kraft Bubble Mailers Padded Envelopes 200 pcs,B07482Q8DB
Zebra Sarasa Clip 0.3| 10 Color Set (JJH15-10CA) 2 Pack,B08JCG4K8S
Zebra Z-Grip MAX BOLD Retractable Ballpoint Pen| 1.2mm| Black with Pink Ribbon| 24-Pack (32577),B00MG5W86G
Zebra Z-Grip Smooth Ballpoint Pen - 1.0mm - Black Ink - 2 of Each Pastel Barrel - Pack of 10,B082YCPB6X
Zebra 03200GS08407 Thermal Transfer Wax/Resin Ribbon (3.3 x 244') 3200 High Performance| 12 Rolls,B002FOUN1K
Zebra SL-F1 Mini Ballpoint Pen 0.7 mm Black Ink (BA55-BK)+ Refill BR-8A-4C-BK (Black) x 3 Set,B07S7LTJ3Q
Zebra Gel Ballpoint Pen| Sarasa Grand 0.5mm Vintage Color| Matte Black (P-JJ56-MTBK),B084T58VHJ
Zebra Printhead Cleaning Pen,B001V89MFE
Zebra MILD Liner Double Sided Highlighter Noble Color 5 Set (WKT7-5C-NC) 2 Set,B07V3YYJMV
Zebra DS2278 Series Cordless Handheld Standard Range Area Imager Kit with Presentation Cradle and USB Kit| Black (DS2278-SR7U2100PRW),B076N6FMFJ
Zebra Mildliner Soft Color Double-Sided Highlighter Pens Deep| Warm & Cool| 15 Color Full Set with Original Vinyl Pen Case,B01LXWPN0U
Zebra (Formerly Motorola Symbol) LS3578-FZ| Rugged| Cordless Barcode Scanner with integrated Bluetooth| with Charging Cradle and USB Cord,B00U3B0OZM
ZEBRA 13831-002 B 1810| Software| ZEBRADESIGNER PRO V2 Amazon.com 13831-002 Software : Office Products,B00PH99WKI
Zebra Ball Point Pen F-301 (27 Pack),B081TF18J5
Zebra Clickart Water-based Pen Standard 12 Colors Set| WYSS22-12CST,B07PVZWG3V
Zebra Sharbo - 0.5mm Dual - Function Ballpoint Pen and Mechanical Pencil - Silver,B00777R0CA
10pcs Zebra SK-0.7 0.7mm Refill - Black Ink,B000THWTVC
Zebra Pen Orbitz Gel Retractable Rollerball Pen| Medium Point| 0.7mm| Red Ink| 12-Count,B0055EB5C8
Zebra Sarasa Clip 0.3 Retractable Gel Ink Pen| Rubber Grip| 0.3mm| Gray Ink| Value Set of 10,B073GNSG1Y
Zebra JK-0.5 Green Ink Refill (RJK-G)| 0.5mm| for Sarasa Multicolor gel ballpoint pen| × 5 Pack/total 5 pcs (Japan Import) [Komainu-Dou Original Package],B01E4BAGSG
Zebra Sarasa RDI JF-Refill 0.7mm Blue| 2 Refills (Pack of 6),B00P05NWFA
Zebra MZ 220 2 Mobile Direct Network Thermal Receipt Printer with Bluetooth,B002JF3XUS
Zebra Pen Clip-On Ballpoint Pen| Pink BCA Ribbon| Fine Point| 0.7mm| Black and Red Ink,B002NTKD2G
Delguard Mechanical Pencils - HB 0.5mm - 1 of Each Colour Barrel - 1 Pack of 3,B08NF7KNXD
Zebra QLn420 Direct Thermal Printer - Monochrome - Portable - Label Print QN4-AUCB0M00-00,B00QUEME72
Zebra 03200GS11007 TT Ribbon Wax/Resin,B002FOT82A
Zebra Pen 29411 F-701 Ballpoint Stainless Steel Retractable Pen| Fine Point| 0.8mm| Black Ink| 1-Count,B002L6RB80
Zebra 05095BK11045 Ribbon 5095 Resin 110 mm 450 m| 25 mm| Box of 6,B0040GCRDI
Zebra brush pen brush sign fine print P-WF1 (1),B0060RYNH8
Zebra Zq320 Direct Thermal Printer - Monochrome - Receipt Print - 2.83 Print Width - 3.94 in/s Mon,B07P7HTSR2
Zebra BA92 Fortia 0.5mm Mini Ballpoint Pen - Silver Barrel (Black Ink),B00FMGHSHA
Zebra Glitter Highlighter Kirarich Pack of 5 (WKS18-5C) 2 Set,B07L3KL1CQ
Zebra Technologies 800033-840 IX Series Color Ribbon for ZXP3 Card Printer,B00G3PZH0E
Zebra's F-301 Stainless Steel Retractable Ballpoint Pen 0.7mm| 2-pack (27122),B00HDDRC3U
Zebra 800011-140 YMCKO Load-N-Go Color Ribbon for ZXP Series 1 printers,B00E6IZ5IO
Zebra Pen 72762 Telescopic Brights Ballpoint - Light Green,B00CMPUEUW
Zebra G-301 Gel Stainless Steel 9 Pack w/ 6 Refill Cartridges,B00CKC3CRE
Zebra Steel M Mechanical Technical Pencil Eraser Refills 7-Count,B000GAXRGS
Zebra Sarasa Clip 0.3 Retractable Gel Ink Pen| Rubber Grip| 0.3mm| Blue Black Ink| Value Set of 10,B073GMMQX9
Zebra ZD420d Direct Thermal Desktop Printer 203 dpi Print Width 4 in USB ZD42042-D01000EZ,B07KML7BZT
Zebra ZD420t Thermal Transfer Desktop Printer 203 dpi Print Width 4 in Bluetooth Ethernet USB ZD42042-T01E00EZ,B07DKQV11Q
Zebra Enterprise BTRY-LS42RAA0E-01 Replacement Battery for LS4278| LI4278| and DS6878 Handheld Imager Scanner,B00E7ME8IM
Zebra 29411 F-701 Ballpoint Stainless Steel Retractable Pen| Fine Point| 0.8mm| Black Ink (4),B082DGY7JD
Zebra Sarasa Clip 1.0 Retractable Gel Ink Pen| Rubber Grip| 1.0mm| Black Ink| Value Set of 10,B073GMSZNR
ZEBRA MILDLINER Highlighter pen markers| 3-Pack (WKT7-5C / WKT7-5C-NC / WKT7-5C-RC) 15 Color Full Range Set with Original vinyl pen case,B07DTGQ7BJ
Zebra Steel Mechanical Pencil 9 Pack M-301 Bonus Lead and Erasers,B00RHET9ZE
Zebra Funky Cadoozles Mechanical Pencils - 0.7mm Lead - Economy Pack of 30 - Assorted Barrel Colours,B07MTGLGJL
ZEBRA Refill for Ballpoint Pen Surari (EQ-1.0) [Black] x 10 pieces (Japan Import),B00NF3U8YC
Zebra Mechanical Pencil| Del Guard Type Lx| 0.3mm| Black (P-MAS86-BK),B01MZ67YJT
Zebra Gel Ballpoint Pen| Sarasa Grand 0.5mm Vintage Color| Bordeaux Purple (P-JJ56-VBP),B084TBXWCT
Zebra Smoke Series: 22 1 Hose Hookah (C8) Complete Set - Pick Your Color (BLUE),B00NQBBFN6
Zebra GX420d Direct Thermal Desktop Printer Print Width of 4 in USB Serial and Parallel Port Connectivity GX42-202510-000,B01LBIIMRW
Zebra ZT411 Thermal Transfer Industrial Printer 203 dpi Print Width 4 in Serial USB Ethernet Bluetooth WiFi ZT41142-T01A000Z,B089C3TZVF
Zebra Sarasa Clip 0.5mm Brown ballpoint pen 5 pcs,B01B9KJQWM
Sparepart: Zebra TC51/TC56 Exoskeleton Rugged Boot with handstrap| SG-TC5X-EXO1-01 (Rugged Boot with handstrap),B01NBKI6WK
Zebra M-701 Stainless Steel Mechanical Pencil| 0.7mm Point Size| Standard HB Lead| 1-Count,B003G4SSLK
Zebra Ball Point Pen F-301 (36 Pack),B081THDYLX
Zebra Symbol DS2278-SR Wireless 2D/1D Bluetooth Barcode Scanner/Imager| Includes Cradle and USB Cord,B07Z45YB3R
Zebra - Ethernet-Module-Adapter for ZD410 Direct Thermal Desktop Printer - Field Installable - P1079903-032,B01BFCIUOO
Zebra MC92N0-GA0SXGRA5WR MC9200 Wireless Mobile Computer MC92N0 SE965 1D 512MB2GB 53-Key VT WM65 No IST,B01GCNXZ4Q
Zebra S4M Direct Thermal Label Printer with USB| Serial and Parallel Ports| 6 in/s Print Speed| 203 dpi Print Resolution| 4.09 Print Width| 110/220 VAC,B00EUN8VZ4
Zebra - Sarasa Multi 0.5 - Four Colors (Black| Red| Blue| Green) Gel Ballpoint Pen 0.5mm + Mechanical Pencil 0.5mm - Blue Green (Japan Import),B00IXGJQCQ
Zebra - 4 x 2 in Thermal Transfer Paper labels| Z-Perform 2000T Permanent Adhesive Shipping labels| Zebra Desktop Printer Compatible| 1 in Core - 6 rolls - 10031651SP,B00EIJ57N4
Zebra TC20| 2D| USB| BT (BLE)| Wi-Fi| PTT| GMS| Android,B0771KML4K
Zebra Ball Point Pen - 29411| Pack of 6,B07KT7QRKM
Zebra ZC350 LT Dual-Sided ID Card Printer with CloudBadging ID Card Printer Software & CloudBadging Software Trial,B07XYG283Q
Zebra ZT410 Direct Thermal/Thermal Transfer Printer - Monochrome - Desktop - Label Print - 4.09 Print Width - 14 in/s Mono - 300 dpi - Bluetooth - USB - Serial - Ethernet - LCD,B00KDM8X04
Zebra 7 Inch Length Hair Cutting Scissors - Japanese Stainless Steel Hairdressing Barber Cosmetologist Salon Shears Razor Sharp Edge Adjustable Tension Screw Professional Quality Haircut Scissors,B07F49WDLC
Zebra G-402 Stainless Steel Retractable Gel Pen| Fine Point| 0.5mm| Black Ink| 12-Count,B0771YTM9C
Zebra Premium Black Resin Ribbon for Industrial Thermal Transfer Printers 4.33 in Wide 1476 ft Long 1 in Core 6 Rolls 10031731SP,B07G1SR553
Zebra Sarasa Clip 0.3| 10 Color Set (JJH15-10CA) 5 Pack,B08JCSBH6N
Zebra F-301 Ballpoint Retractable Pen| Black Ink| Fine Point Tip| 9 Pens per Pack Refillable Pens with Refill 0.7 mm Stainless Steel - 2 Pack,B08HVRKCHK
Zebra Short Finder Tool # ZSPRT Used to Quickly Locate Shorts in 24 VAC Circuits Zebra Short Finder Tool # ZSPRT Used to Quickly Locate Shorts in 24 VAC Circuits,B00H862DCM
Zebra Ethernet Module Adapter for ZD420 Cartridge Ribbon Desktop Printer Field Installable P1080383-033,B07KMKM3JS
Zebra DS3678-SR (Standard Range) Ultra-Rugged Industrial Grade Cordless Barcode Scanner/Linear Imager Kit (2D| 1D| PDF417| QR Code| Postal Codes)| Bluetooth| FIPS| Vibration Motor| IP67 Sealing,B07KVN9367
Zebra Orbitz Gel Retractable Roller Ball Pen,B001BZ4RNO
Variable Speed Zebra- ECM Diagnostics,B008HQ6P26
Zebra board marker EZ fine print round core B-YYSS17-R red 10 pieces,B00IJ4THRG
Zebra Zensations Mechanical Pencils| 2.0mm| 2 Graphite Lead| 2-Count,B0752WWCTB
Zebra TC56 Rugged Scanner| Android| 2D/1D Barcode Reader (Charger Included),B088VN4Q59
Zebra B4SA3 Clip-on multi 1000S Multifunctional Pen (0.7mm Black| Blue| Red and Green + 0.5mm mechanical pencil) - Light Pink Barrel,B0018REZWI
Zebra Sarasa Clip 0.4| 10 Color Set (JJS15-10CA),B00TEXLCI8
Zebra WA4L110A0100120W Workabout Pro 4 Wireless Mobile Computer Long CE 6 SE1524ER End Cap 80211ABGN PGRIP 4400MAH WW,B01GCO37SE
StarZebra Unique Artisan Handcarved Rosewood Wooden Jewelry Box From India,B00PZU29BS
Zebra Sarasa Dry Gel Ink Pen Black (JJ31-BK)| 0.5mm Fine| 5 pens per Pack (Japan Import),B01N6N34KO
Zebra(R) Z-Grip(TM) Mechanical Pencils| 0.5 mm| Clear/Black Barrels| Pack Of 7,B002VL92G4
Zebra ZXP Series 3 Single Side ID Card Printer,B00QXLWS8C
Extra Large Size 7.5 Liter Zebra Polished Mirror Finish Stainless Steel Whistling Canister Stovetop Teakettle Tea Kettle Teapot| Gas Electric Induction Compatible,B00VUVYX7E
Zebra Z4M| Z4M Plus 300 DPI Compatible Printhead| Replaces Part # G79057M,B01K9HTEF0
Zebra F-Series Ballpoint Stainless Steel Pen Refill| Fine Point| 0.7mm| Black Ink| 1-Count,B0026SD99S
Zebra| Twilight Retractable Ballpoint Pen| 1.0mm| Assorted Barrel| Black Ink| 5 Pack (26205),B001TJBL0Y
Zebra GX420d Direct Thermal Desktop Printer Print Width of 4 in USB Serial and Ethernet Port Connectivity Includes Peeler GX42-202411-000,B007MOPKFM
Zebra Cutter Attachment for ZD420d and ZD620d Direct Thermal Desktop Printers Field Installable P1080383-417,B07KML5CDB
Zebra - 3 x 3 in Direct Thermal Paper labels| Z-Perform 2000D Permanent Adhesive Shipping labels| Zebra Desktop Printer Compatible| 1 in Core - 6 rolls - 10031638SP,B01CLAG9GA
ZEBRA TC56| 2D| BT (4.1)| Wi-Fi| 4G| NFC| PTT| GMS| Android,B071RCZWHX
Zebra YMCKO 350 ImageTrue Colors Card Printer Ribbon 800015-340 for P310C| P420C| P520C| P720C,B003TL19IY
Zebra True Colours 800033-848 Ribbon Cartridge - YMCKOK - Dye Sublimation Thermal Transfer - 165 Card,B00GOHUKIK
Zebra Z-Grip Smooth - Retractable Ballpoint Pen - Limited Edition Funky Flame Stripe Design - Pack of 10 - Black Ink,B07DY4J3Z8
Zebra Sarasa Clip 0.5mm Ballpoint Pen| Milk White (JJ15-MKW),B00Z9OWJT2
Zebra Technologies G41400M Printhead for S4M Printer| 203 dpi Resolution,B002DVXCHM
Zebra SL-F1 Mini Ballpoint Pen 0.7 mm Navy Body Black Ink (BA55-NV)+ Refill BR-8A-4C-BK (Black) x 3 Set,B07SSJHJBP
Zebra Symbol DS2278-SR Wireless 2D/1D Bluetooth Barcode Scanner/Imager| Includes Cradle and Heavy-Duty Shielded 7FT USB Cable (CBA-U21-S07ZAR),B07K9QCXG1
Zebra Fude Brush Pen| Medium (WF3),B0018RJLVI
Zebra - 4 x 3 in Direct Thermal Paper labels| Z-Perform 2000D Permanent Adhesive Shipping labels| Zebra Desktop Printer Compatible| 1 in Core - 6 rolls - 10031641SP,B01CLAG8R0
Zebra TC51| 2D| Android 6.0| GMS 5.0| 2GB| 16GB| WLAN| TC510K-1PAZU2P-A6 (5.0| 2GB| 16GB| WLAN| 4300 MAh| MM| PTT| VOIP Ready| NFC| Row),B01NCI0NLZ
Zebra JLV-0.5 Black Ink Refill (RJLV5-BK)| 0.5mm| for Sarasa dry| × 5 Pack/total 5 pcs,B01N1YK6AY
Zebra Mini Ballpoint Pen 0.7 mm| Silver Body| Black Ink (T-3),B0018RHUM0
Zebra TC51 Rugged USB cable| CBL-TC51-USB1-01,B01MU0JOXG
800017-240 YMCKO Zebra Color Ribbon 200 prints- P110i and P120i only,B002JEZR3A
Zebra - ZD420c-Ribbon-Cartridge Desktop Printer for Labels and Barcodes - Print Width 4 in - 300 dpi - Interface: Ethernet| USB - ZD42043-C01E00EZ,B01LYHHE7J
Zebra MZ 320 3 4mb Direct Mobile Thermal Receipt Printer with Bluetooth,B002JFXRIG
Zebra ZXP Series 7 Single-Side ID Card Printer (Z71-000C0000US00),B00BGH3DYQ
Zebra Standard Black Wax Ribbon for Thermal Transfer Desktop Printers Width 4.33 in Length 242 ft 0.5 in Core 6 Rolls 10031723SP,B07FX3PJ2M
Zebra Pen Z-Grip Retractable Ballpoint Pen| Medium Point| 1.0mm| Assorted Fashion Colors - 7 Pieces,B003QUX7WY
Zebra ZT23042-D01000FZ Direct Thermal Printer 203 DPI| Serial USB| Monochrome,B008515ROA
Zebra Color Flight 0.5mm Lead Mechanical Pencil| Coral Pink Body,B002U0R0LK
Zebra ZD500t Thermal Transfer Desktop Printer 203 dpi Print Width 4 in WiFi Bluetooth Ethernet Parallel Serial USB with Peeler ZD50042-T11A00FZ,B00QWG7J0U
FOR BEGINNERS/Set of 3 kinds of Arts Brush Pen-Zebra| Superfine| Fine| Medium & Our Sticky note! /GOOD VALUE,B07167VN7W
Zebra - GK420t Thermal Transfer Desktop Printer for labels| Receipts| Barcodes| Tags| and Wrist Bands - Print Width of 4 in - USB and Ethernet Port Connectivity - GK42-102210-000,B005J037F6
Zebra Sarasa Clip 0.3 Gel Ballpoint Pen Blue black Ink Refills| 0.3mm| Set of 5 (Japan Import) [Komainu-Dou Original Package],B012EZBTDU
Zebra Ballpoint Pen F-Refill 85412| 1.0mm| Medium Point| Black| 4 Pack| 8 Refills,B00HDSO9W2
Zebra Zt610 Direct Thermal/Thermal Transfer Printer - Monochrome - Label Print - ZT61042-T210100Z,B07P9RMQP1
Zebra DS3678-SR Series Cordless Standard Range Kit - Shielded USB Cable| Standard Cradle| Power Supply| Line Cord| Industrial Green DS3678-SR3U4210SFW,B01LWJQR8B
Zebra F-0.7 Black Ink Refill (BR-1B-F-BK)| for NuSpiral CC 0.7mm Ballpoint Pen (BA51)| × 6 Pack/total 6 pcs (Japan Import) [Komainu-Dou Original Package],B0175D9SZC
Zebra Fine Writing Instrument Mechanical Pencil (DM9-300),B0018RHWAA
Zebra F-301 Stainless Steel Retractable Ballpoint Pen| 0.7mm| BCA Pink Barrel| Black Ink| 1-Count,B017PFGH3G
Hookah4sale Charcoal Zebra Smoke Hookah Charcoal 50 Tablets| Hooka Huka Sheesha Nargila Coals for Shisha Smoking-Instant Light Coals,B00BFEKN66
Zebra Gel Ballpoint Pen| Sarasa Grand 0.5mm Vintage Color| Dark Gray (P-JJ56-VDG),B084T5HNMK
Zebra Dymo Shipping Labels 2 5/16 x 4 in Compatible with Dymo LabelWriter Printer 8 Rolls 10033431SP,B07RCK7FQ5
Zebra Classic Rose Gold Ballpoint Pens Black Ink Pack of 3,B07DW6QRCD
2Q00179 - Zebra ZM600 Thermal Label Printer,B002N82CAS
Zebra Stainless Steel Lunchbox,B0038MQA4M
ZEBRA PENS| bulk pack of 24 ink pens| Z-Grip Retractable ballpoint pens Medium point 1.0 mm| 12 black pens & 12 Blue pens combo pack,B07PLL76SR
Zebra RFD8500 Bluetooth Handheld UHF RFID Sled (902-928 MHz),B01JZO7PA4
Zebra Z-Grip Smooth Retractable Ballpoint Pen - 1.0mm - Floral Barrel - Black - Pack of 3,B07X1TGV2Y
Zebra 2pack-800033-840 True Colours iX Series YMCKO Color Ribbon for ZXP Series 3 Card Printers. 200 Prints.,B01MSM0BWZ
Zebra F-Series Ballpoint Stainless Steel Pen Refill| Medium Point| 1.0mm| Black Ink| 2-Count,B001AFLKT4
Zebra Clickart Water-Based Pen Bright Light 12 Colors Set| Wyss22-12Clt,B07PY9MGGT
ZEBRA Gel Ballpoint Pen| Sarasa Grand 0.5mm Vintage Color| Dark Blue (P-JJ56-VDB),B084T5PN9Z
Zebra - 4 x 6 in Direct Thermal Paper labels| Z-Perform 2000D Permanent Adhesive Shipping labels| Zebra Industrial Printer Compatible| 3 in Core - 4 rolls - 10031655SP,B000H9TWIK
Zebra Mildliner - FULL 25 Colour Set (Includes New WKT7-N-5C & WKT7-5C-HC Sets),B07K3XR7TT
ZEBRA PEN Brush| Super Fine Point| Assorted Colors| 6-Count Zebra FUNWARI Pen ST 6/PKG| 6-Pack,B07TB22V6Y
Zebra Pen X-701 Tactical Ballpoint Pen with Bonus Refills| Fine Point| 0.7mm| Black Ink| 1-Count (29811),B07H7QNKBM
Zebra LP 2824 Plus Printer 282P-201510-000 W/New Adapter| Cables & Print,B007MOOU0S
2 X Zebra Spoon Pack of 12 Zebra Thai Chinese Asian Stainless Steel Rice Soup Spoons,B01251N5G2
Zebra Sarasa Clip 0.5mm Ballpoint Pen| Marble Color 5 Colors Set (JJ75-5C-MB),B07K834Y9P
Zebra Sarasa Retractable Gel Ink Pens| Medium Point 0.7mm| Black Rapid Dry Ink| 5-Count,B002IUEKEC
Zebra GX420D 802.11 Wireless WiFi Direct Thermal Label Printer (GX42-202710-000),B07HLT5XMT
ZEBRA Surari 0.7mm [Black] (Japan Import),B003S9VIQ0
Zebra - 4 x 6 in Direct Thermal Paper labels| Z-Perform 2000D Permanent Adhesive Shipping labels| Zebra Desktop Printer Compatible| 1 in Core - 6 rolls - 10031643SP,B00VE21LZQ
Zebra Sarasa Clip 0.3 Retractable Gel Ink Pen| Rubber Grip| 0.3mm| Black Ink| Value Set of 20,B073GKFZ8K
Zebra P1031365-059 Power Precision 2450mAh Li-ion Rechargeable Battery Power Supply,B00C2072WK
Zebra Mechanical Pencil| Del Guard Type Lx| 0.3mm| Red (P-MAS86-R),B01MS3T0QB
Zebra gel ballpoint pen Sarasa 1.0 black 10 pieces,B00AQTSYSK
Zebra Mildliner highlighter pen set| 25 Pastel Color set,B07K7XZXTY
Zebra 105SL PLUS Printer with Internal Rewind,B00466VYKY
Zebra Technologies ZQ51-AUE0000-00 Portable Barcode Printer| ZQ510| 3 Size| Bluetooth 4| 203 DPI,B00XZ5ACJQ
Zebra F-701/M-701 Pen & 0.7 mm Pencil Set| Stainless Steel with Knurled Grip,B00LOAUHLC
Zebra Clickart Water-Based Pen 36 Colors Set| Wyss22-36C,B07PV2P3K7
Zebra F-301 Ballpoint Stainless Steel Retractable Pen| Fine Point| 0.7mm| Blue Ink| 2-Count,B001LBKNZO
Zebra Point of Sale/POS Thermal Jewelry Tags Without Flap 2.2 x .5 (Single Roll),B00DRLMLJ2
Zebra G-301 Stainless Steel Pen JK-Refill| Medium Point| 0.7mm| Black Ink| 2-Count,B0013C7N0Y
Zebra ZD420d Direct Thermal Desktop Printer 300 dpi Print Width 4 in Ethernet USB ZD42043-D01E00EZ,B07KML4J53
Zebra 800350-550 Ymcko Color Ribbon for ZC350,B0835SG326
Zebra 54012 Stainless Steel Mechanical Pencil| 0.5mm Point Size| Standard HB Lead| Black Grip| 2-Count,B003BLC7FG
Zebra Gel Ballpoint Pen Sarasa Clip 0.5 Jj15-20ca 20 Color Set,B015FCSKV8
Zebra Sharbo X LT3 Pen Body Component - Silver,B004NRF89Y
Zebra - 4 x 1 in Direct Thermal Paper labels| Z-Perform 2000D Permanent Adhesive Shipping labels| Zebra Desktop Printer Compatible| 1 in Core - 6 rolls - 10031639SP,B00QUEVSP6
Zebra Sarasa Clip 0.3| 10 Color Set (JJH15-10CA),B00TEXLIHI
Zebra Blue Masking Tape | 2-inch (1.88 Inch x 60 Yard) | Pack of 3 Rolls | Painter's Tape | No Residue | Multi Use | UV/Sunlight Resistant | Reliable | Made in Europe,B083PWQJGJ
Zebra Technologies MC40N0-SCJ3R00 Series MC40 Handheld Mobile Computer| WLAN 802.11 A/B/G/N| VGA Display| 2D Imager| Android 4.X Jellybean| 1/8Gb| Standard 2680 Mah Battery,B01CQIIY7E
Sarasa Grand Gel Pen - Zebra Pen Black,B07F2TDLML
Zebra 1.0mm Black Ink Refill (JF-1.0)| for Zebra Sarasa Clip 1.0 Gel Ballpoint Pen(JJE15-BK)| × 5 Pack/total 5 pcs (Japan Import) [Komainu-Dou Original Package],B019V18AHS
Zebra R4D-0UBA000N-00 RW 420 Direct Thermal Mobile Receipt and Label Printer| 203 DPI| With Bluetooth 2.0 Connection,B0036UHVJE
Zebra ZM400 ZM400-2001-0000T Monochrome Direct Thermal/Thermal Transfer Desktop Label Printer| 203 DPI| 4.09 Print Width| 10 in/sec Print Speed,B00EUN7AJM
Zebra DelGuard Mechanical Pencil Eraser Refills 5-Count,B075VG7MPG
Zebra Sarasa Clip 0.3 Gel Ballpoint Pen Black Ink Refills| 0.3mm| Set of 5 (Japan import) [Komainu-Dou Original Package],B012EW6RDU
Zebra Z-Grip Mini Ballpoint Pen - Pack of 12 - Black Ink,B009YVVBE0
Color Zebra 10 inch Latex Balloons 100pcs Assorted Color Party Balloons for Party Decoration Birthday Wedding Graduation Christmas Baby Shower Party Supplies Multicoloured,B0855BRPVX
Zebra ZD420t Thermal Transfer Desktop Printer 300 dpi Print Width 4 in WiFi Bluetooth USB ZD42043-T01W01EZ,B07KMMMTL6
Highlighter| Fluorescence color 5 Colors Set,B08FWVGQP8
Zebra Pen Zebra Lettering Set 12/PKG| Assorted Colors & Styles,B07NDZDWQ9
F-301 Ballpoint Retractable Pen| Black Ink| Fine Point Tip| Refillable Pens with Refill 0.7 mm Stainless Steel,B07ZS6KPJH
StarZebra Traditional Hand Carved Wooden Jewelry Box From India,B01LXEMF1G
Zebra Sarasa Clip 0.4 Retractable Gel Ink Pen| Rubber Grip| 0.4mm| Black Ink| Value Set of 10,B073GLRPZV
Zebra ZT400 Label Printer ZT41042-T010000Z,B014Q5KQ2Q
Zebra DS3608-SR Ultra Rugged Handheld Digital Barcode Scanner (1D| 2D| PDF417 and QR Code) with USB Cable,B073BYCKF7
Zebra Sarasa Retractable Gel Ink Pens| Medium Point 0.7mm| Bulk Combo Pack of 6 BLUE Gel Pens & 6 BLACK INK Zebra Gel Pens (Black/Blue),B07W6M3LLJ
Zebra G-301 Stainless Steel Retractable Gel Pen| Medium Point| 0.7mm| Black Ink| 4-Count,B07VYVHFBX
Zebra 5.5 Inch Length Hair Cutting Scissors - Japanese Stainless Steel Hairdressing Barber Cosmetologist Salon Shears Razor Sharp Edge Adjustable Tension Screw Professional Quality Haircut Scissors,B07PLJW9PT
Zebra 0.7mm Black Oil-based Ink Refill (BR-8A-4C-BK)| for Zebra Multi Function Pen Shabo X Ballpoint Pen| × 5 Pack/total 5 pcs (Japan Import),B01GRK9ZK2
Zebra High-Performance Black Wax/Resin Ribbon for Thermal Transfer Desktop Printers 4.33 in Wide 242 ft Long 0.5 in Core 6 Rolls 10031725SP,B07FX6P15K
Zebra G-402 Stainless Steel Pen JK-Refill| Fine Point| 0.5mm| Black Ink| 2-Count,B075ZJ4T15
Zebra ZD620 Direct Thermal Printer Plus 4 x 6 in Z-Perform 2000D Permanent Adhesive Labels Print Width of 4 in Ethernet Serial USB Connectivity,B082LZYZXK
Zebra V-301 Stainless Steel Fountain Pen Refill Cartridge| Black Ink| 2-Count,B0055EAZO2
Zebra Fine Writing Instrument Mechanical Pencil (DM5-300),B0018RGGHU
Zebra - GC420t Thermal Transfer Desktop Printer for labels| Receipts| Barcodes| Tags| and Wrist Bands - Print Width of 4 in - USB| Serial| and Parallel Port Connectivity - GC420-100510-000,B00EUN953G
Zebra DS4308 Series Corded Handheld High Density Area Scanner Kit with Shielded USB Cable| Black (DS4308-HD7U2100AZW),B011KJ6HQA
Zebra Fuente Disposable Fountain Pen - Black (Pack of 12),B00ET2RXI2
Zebra R-301 Stainless Steel Rollerball Pen Refill| Black Ink| 2-Count,B0055EAZZG
Zebra Smoke Series: 32 1 Hose Hookah (B1) Complete Set - Pick Your Color (BROWN),B00RC6FW9E
Ribbon Cartridge Silver for Zebra Card Printer| 553-730 (for Zebra Card Printer P300i/P330i/P430i| 1000 Prints per Roll),B00SWJCSW4
Zebra Clip-On Multi Color Multi-Functional Pen| Black Barrel (B4SA1-B) 3 Pack,B08J7NYZPL
Zebra #2 Mechanical Pencil| 0.7mm Point Size| Standard HB Lead| Yellow Barrel| 10-Count,B0013RO3LQ
100 pcs #0 6x10 Metallic Glamour Cool Shield Thermal Bubble Mailers by ZebraPack,B07KNZDH3S
Zebra Highlighter Mild Liner| 3 Color Set (WKT7-3C),B0027M4F4G
Zebra Symbol Tc7x Snap On Usb Cable Charge and co,B013J7O1FK
Zebra Pens Fine Point F 301| Combo Pack of 2 BLACK INK & 2 BLUE INK metal pens (Total of 4 Pens)| Ballpoint Stainless Steel Retractable 0.7mm fine point ink pens,B07ZPDY2X6
Zebra Pen BCA F-301 Stainless Steel Ballpoint Pens,B01HYMJBA6
Zebra ZXP Series 7 Dual Sided ID Card Printer Package (Z72-000C0000US00) USB and Ethernet connectivity,B00H8AC3X2
ZEBRA THAILAND Improved 16cm Loop Handle Pot| Silver,B011D16NP0
Zebra Classic Z-Grip Flight Ballpoint Pens - 1.2mm - Purple - Pack of 3,B0855P3MX9
Zebra Sarasa RDI LV-Refill| Medium Point| 0.7mm| Blue Ink| 2-Count,B001P47OS6
Zebra ZQ610 Mono Direct Thermal Bluetooth 203dpi Label Printer ZQ61-AUFA000-00,B0835W6V7N
ZEBRA ZT51042-T010000Z,B07P8N68NB
Zebra QLn420 Direct Thermal Printer - Monochrome - Portable - Label Print,B00UPNADAE
Zebra QLn320 Mobile Printer- 3 Inch printer with USB| 802.11g Radio and Ethernet connectivity| 128MB/256MB| CPCL| LCD| DT| Linered Platen,B00EUN7XBC
Zebra Z-Grip Smooth Mini Retractable Ballpoint Pens - 1.0mm - Black - Pack of 6,B0848GFZ7S
Zebra F-301 Stainless Steel Retractable Ballpoint Pen| 0.7mm| BCA Pink Barrel| Black Ink (6),B07P8BLCYX
Zebra OPTEX CARE WKCR1-10C Fluorescent Marker 10 Colors (Japan Import),B0018RJM2G
Zebra Comic Pen Nib- Type Professional - G Model Hard Type - Chrome - 10 Pack (PG-8B-C-K),B012VTRE2E
Never Exhale Zebra Smoke Glass Hookah Shisha,B0032YS3VO
Zebra Dymo Address Labels 1 1/8 x 3 1/2 in Compatible with Dymo LabelWriter Printer 8 Rolls 10033430SP,B07RDZ2QLH
Zebra Comic Pen Nib| Mapping Pen (Maru Pen) | Pack of 10 (PM-1C-A-K),B006CQW4CI
10pcs Zebra 4C-0.7 0.7mm Refill - Red Ink,B002U0ITGU
Zebra ZD410 Direct Thermal Desktop Printer Print Width of 2 in USB Connectivity ZD41022-D01000EZ,B01BPJU48M
10pcs Zebra Sarasa JJH15-FB Push Clip Gel Ink Pen - 0.3 mm - Blue Black,B00AQTTG0U
Zebra Z-Grip Smooth Mini Retractable Ballpoint Pens - 1.0mm - Blue - Pack of 12,B084BVN9NK
Zebra Emulsion Ink Ballpoint Pen Surari 300 0.5mm Point| Pink Body (BAS38-P),B00KRTK2B6
Zebra Technologies P1037974-001 Internal Zebranet Print Server 10/100 for ZT200 Series,B00B2VPPEM
Zebra E29612 0.7mm 4C Pen Refill - Blue (Box of 10),B003VVZX66
Zebra ZD620t Thermal Transfer Desktop Printer with LCD Screen 300 dpi Print Width 4 in WiFi Bluetooth USB Serial Ethernet ZD62143-T01L01EZ,B07KMLHB79
Zebra B4SA1 Clip-on multi Multifunctional Pen (0.7mm Black| Blue| Red and Green + 0.5mm mechanical pencil) - Blue Barrel,B000IGVTGK
Value Pack of 2 Zebra MLP2 Square Lead Mechanical Pencil| 0.9mm| Assorted| 2 Pack (55301),B00HYNEWKA
Zebra Surari Emulsion Ink Pen - 0.5 mm - Dark Black Body - Black Ink,B003SBIXUW
Zebra F-301 Ballpoint Stainless Steel Retractable Pen| Fine Point| 0.7mm| Black Ink| Combo Pack of 6 BLACK INK Metal Pens with 3 BLACK INK REFILLS| 0.7mm fine point pens with .7 mm F-301 Pen Refill,B08998S1BV
ZebraPack #1 7.25x12 Kraft Bubble Mailers Padded Envelopes 200 pcs,B0748259YV
Zebra ZD620d Direct Thermal Desktop Printer with LCD Screen 203 dpi Print Width 4 in WiFi Bluetooth USB Serial Ethernet ZD62142-D01L01EZ,B07KMKP4KK
Zebra 800015-107 Silver Monochrome Ribbon for the Zebra PXXX Printers. 1|000 prints.,B078MJ366W
Zebra Orbitz Retractable Ballpoint Pen| Medium Point| 1.0mm| Blue Ink| American Flag Print| 1-Count,B079NZ7FX9
Zebra Sarasa Clip 0.3| 10 Color Set (JJH15-10CA) 4 Pack,B08JD4KQSB
Zebra F-Series Ballpoint Stainless Steel Pen Refill| Fine Point| 0.7mm| Blue Ink| 1-Count,B0042QHILW
Zebra Mechanical Pencil| Del Guard Type ER| 0.5mm| White (P-MA88-W),B01M2A7SKK
Zebra Smoke 30 Lot Healthy Hose Disposable Hookah Shisha Hose Nargile Sterile Huka Pipe 60,B015G40B4Y
Zebra Emulsion Ink Ballpoint Pen Surari 300 0.5mm Point| Orange Body (BAS38-OR),B00KRTMB0G
Zebra M-301 Stainless Steel Mechanical Pencil| 0.5mm Point Size| Standard HB Lead| Black Grip| 12-Count,B001CRS4EY
Zebra - ZD420c-Ribbon-Cartridge Desktop Printer for Labels and Barcodes - Print Width 4 in - 203 dpi - Interface: Wifi| Bluetooth| USB - ZD42042-C01W01EZ,B01DKPKAXI
Zebra Mechanical Pencil| Del Guard| 0.7mm| White (P-MAB85-W),B016JQZQ4I
Zebra Mechanical Pencil Delguard Type Lx 0.5mm| Blue Body (P-MA86-BL),B0182MJ530
Zebra - TLP2824 Plus Thermal Transfer Desktop Printer for labels| Receipts| Barcodes| Tags| and Wrist Bands - Print Width of 2 in - USB and Ethernet Port Connectivity - 282P-101510-000,B0036CBYKE
Zebra JF-0.5 Gel Ink Pen Refill| 0.5 mm| Black| 5 Refills per Pack (Japan Import) [Komainu-Dou Original Package],B00VS2YIG6
Zebra DS4308-XD (Extreme Density) 1D/2D Handheld Barcode Omni-Directional Scanner/Imager with USB Cable,B0738WCN7M
Zebra Z-Grip Smooth Retractable Ballpoint Pen - 1.0mm - Rose Gold Barrel - Black Ink - Pack of 6,B07W5FRGYS
Zebra - ZD420c Ribbon Cartridge Desktop Printer for Labels and Barcodes - Print Width 4 in - 203 dpi - Interface: Ethernet| USB - ZD42042-C01E00EZ,B01JJCR8AO
Zebra F-701 Stainless Steel Ballpoint Retractable Pen & Ballpoint F-Refills| Black Ink| 1 Pen & 6 Refills,B01C4FYA1S
Zebra LI3678-SR Ultra-Rugged Cordless 1D Barcode Scanner/Linear Imager Kit| FIPS| Vibration Motor| Includes Cradle| Power Supply and USB Cord,B073R8PFRR
