#whetstone - 10oz Frosted Coffee Mug Cup| Frosted,B08CTRLKTD
Chosera 600 Grit Stone - with Base,B001TPH9BS
Sharpening Stone - 1000 3000 5000 Fine Grit Sharpening Stone Natural Grindstone Home Sharpener Stones - Leather Gauge Plane Trend Tray India Side Grey 6000 Portable Sink Travel Pebble Car,B07P3T9NP8
Chosera 600| 2K| 5K Edge Pro Stone Set| 1x6 x 5mm with Aluminum Mounting,B00IBXKX50
NANIWA: Chosera Super Ceramic Whetstone #1000 with Nagura Japan import [SS-1000] ~ITEM #GH8 3H-J3/G8327711,B01JQFPNAQ
Chosera Mens Running Shoes Cushioning Technology Men's Sports Shoes Fashion-Sneakers,B08KD5JCC2
JAPANESE EBI Chosera Ceramic Sharpening Stone Flatstone whetstones #400 SS-400,B07Q2FWQ8Z
got whetston? - 16oz Beer Pint Glass Cup,B0826D2R85
800 / 1000 Grit Naniwa Chosera Waterstones by Naniwa,B00YFU4AKC
Zholudeva L.I. Uteshenie filosofiej Bojeciya v perevodah Zhana de Mena i Dzheffri Chosera: Vklad starofrancuzskoj pismennoj tradicii v formirovanie anglijskogo literaturnogo yazyka./Zholudeva LI. Utes,B072PD3SWC
Trevelyan Dzh. M. Istoriya Anglii ot Chosera do korolevy Viktorii./,B072F7XF3P
Yattafasion Sharpening Stone Tool Kitchen Knife Sharpening Stick Kitchen Gadget,B07MXH998P
Saprykin Ju. M. Ot Chosera do Shexpira: jeticheskie i politicheskie idei v Anglii./Saprykin Yu. M. From Chaucer to Shakespeare: ethical and political ideas in England.,B071994XBB
Gardner D. Zhizn i vremya Chosera./Gardner D. life and Times of Chaucer.,B071Z25KW6
Naniwa KME Sharpener Full Chosera Stone Set - 1x4x0.25,B00JPDMYKM
Chosera 5|000 Edge Pro Stone| 1x6 with Aluminum Backing by Naniwa Chosera,B013S1QGNM
CHoser,B007XJ0JD4
Long Live whetstone - 11oz Ceramic Colored Handle and Inside Coffee Mug Cup| Red,B07VNCFWLP
Whetstone - Sports & Outdoor - 1PCs,B07GH4Y8XC
Trevelyan Dzh. Socialnaya istoriya Anglii. Obzor shesti stoletij ot Chosera do korolevy Viktorii./Trevelyan J.. social history of England. Review of the six centuries| from Chaucer to Queen Victoria.,B07283PYZK
Long Live whetstone - 11oz Ceramic Colored Handle and Inside Coffee Mug Cup| Maroon,B07V664RKM
Naniwa Chosera Custom 1x4 inch Stone| 400 grit| fits KME Knife Sharpeners| at least 4mm thick,B010U5POEG
On Point whetstone - 16oz Frosted Beer Mug Stein| Frosted,B07VQNL7KN
Saprykin Ju. Ot Chosera do Shexpira./Saprykin Yu. from the Middle Ages Chaucer to Shakespeare.,B072P1FSBN
Double Side Sharpener - 3000 10000 Double Sided Sharpener Stone Razor Whetstone Polishin Grit Red White - Dental Pocket Barber Backpacking Guide Thin Stone Camping Non-slip Natural Lubri,B07X39YJ3W
Naniwa Chosera 4 x 1 x 0.25 Sharpening Stone for KME 10|000 grit,B075PS8WHW
KmeroK 3000 10000 Double Sided Sharpener Stone Razor Whetstone Polishin Grit Red White - Dental Pocket Barber Backpacking Guide Thin Stone Camping Non slip Natural Lubri,B08KWP1B84
#whetstone - 12oz Latte Coffee Mug Cup,B08CTS2MZM
got whetston? - Sturdy 12oz Stainless Steel Camping Mug| Black,B086XJW43X
Whetstone - Sports & Outdoor - 1PCs,B07GH57431
Sharpening Stone - 1000 3000 5000 Fine Grit Sharpening Stone Natural Grindstone Home Sharpener Stones - Leather Gauge Plane Trend Tray India Side Grey 6000 Portable Sink Travel Pebble Car,B07P2NT9H4
#whetstone - 11oz Ceramic White Coffee Mug| White,B08D7ZYSY4
Naniwa Chosera 400 800 1000 3000 5000 Grit Stone Set with Base for Kitchen Knife #400#800#1000#3000#5000 SS-400 SS-800 SS-1000 SS-3000 SS-5000 from Japan,B07S29GPPP
Naniwa Chosera 5|000 Grit Stone - with Base,B001TPE2CC
Whetstone - Sports & Outdoor - 1PCs,B07GH48PCD
#Whetstone - LED USB Rechargeable Edge Lit Sign,B08CMVPCQ1
NANIWA: Chosera Super Ceramic Whetstone #3000 with Nagura Japan import [SS-3000] ~ITEM #GH8 3H-J3/G8327713,B01JQFQ71K
Chosera 800 Grit Stone - No Base by Naniwa Chosera,B0186MGFH0
Whetstone - Sports & Outdoor - 1PCs,B07GH3MS2S
got whetston? - 11oz Ceramic White Coffee Mug| White,B08CTT25NP
1|000 Grit Super Ceramic Water Stone with a Base (Japan Import),B000CNOXGC
Naniwa Chosera 800 Grit Stone for The KME Sharpener| 1 x 4 x 0.25,B07H2N6HJ9
Chosera 3000 Japanese Naniwa Whetstone Ceramic 10K Knife Sharpener w/ Nagura Stone,B01D3LOLAC
Naniwa GoukenARATA (Evolution Ver. of Naniwa Chosera) Whetstone from Japan FS (＃400),B01M29WI7N
Naniwa Chosera 2000 Grit Sharpening Stone with Stand,B00L08THDW
Naniwa Chosera Custom 1x4 inch Stone| 2000 grit| fits KME Knife Sharpeners| at least 4mm thick,B010U5PL7Q
Naniwa Chosera Custom 1x4 inch Stone| 5000 grit| fits KME Knife Sharpeners| at least 4mm thick,B010U5PJWI
Touch Down whetstone - 15oz Ceramic Colored Handle and Inside Coffee Mug Cup| Pink,B07V1CZK8Q
Once More whetston - 11oz Ceramic White Coffee Mug Cup| White,B07VYB1MHL
Long Live whetstone - 11oz Ceramic Colored Handle and Inside Coffee Mug Cup| Golden Yellow,B07V9SRTTF
Naniwa Chosera 4 x 1 x 0.25 Sharpening Stone for KME 1|000 grit,B075PX31CF
Chosera Mens Running Shoes Cushioning Technology Men'S Sports Shoes Fashion-sneakers,B08KDC4KW5
OKSLO Chosera 600 Edge Pro Stone| 1x6 x 5mm with Aluminum Mounting,B07H2M1CJB
No Sweat whetstone - 10oz Frosted Coffee Mug Cup| Frosted,B07VQR2Q8K
got whetston? - 20oz Stainless Steel Water Bottle| White,B08D851BN9
Saprykin Ju.M. Ot Chosera do Shexpira: jeticheskie i politicheskie idei v Anglii./Saprykin Ju.M. from the Middle Ages Chaucer to Shakespeare: ethical and political ideas in England.,B072HTKXG7
Whetstone - Sports & Outdoor - 1PCs,B07GH3MGXQ
NANIWA: Chosera Super Ceramic Whetstone #400 with Nagura Japan import [SS-400] ~ITEM #GH8 3H-J3/G8327707,B01JQFOVNG
Slide Forward whetstone - 14oz Stainless Steel Hashtag Travel Coffee Mug| White,B08BJT5C3J
Touch Down whetstone - 15oz Ceramic Colored Handle and Inside Coffee Mug Cup| Red,B07TX684R3
Naniwa Chosera 400 Grit Sharpening Stone with Stand,B00L08TIM2
Chosera 600 Edge Pro Stone| 1x6 x 5mm with Aluminum Mounting,B00IBX5YT0
got whetston? - 12oz Ceramic Latte Coffee Mug Cup| White,B083HP5BMY
got whetston? - 8oz Hip Drinking Alcohol Flask,B086HWZFQF
Naniwa GoukenARATA (Evolution Ver. of Naniwa Chosera) Whetstone from Japan FS (＃1000),B01MCYYZNU
Naniwa Chosera 5000 Grit Sharpening Stone with Stand,B00BA60T4K
got whetston? - 17oz Ceramic Latte Coffee Mug Cup| White,B0846DGD8T
#whetston - 12oz Hashtag Ceramic Latte Coffee Mug Cup| White,B083ZHYFP8
Naniwa Chosera 5000 stones 6x1x1/4 for Edge Pro Sharpeners,B01D4G011Y
Naniwa Chosera 400 stones 6x1x1/4 for Edge Pro Sharpeners,B01D3FOWZC
Naniwa Chosera 3000 stones 6x1x1/4 for Edge Pro Sharpeners,B01D4FN1GW
Touch Down whetstone - 15oz Ceramic Colored Handle and Inside Coffee Mug Cup| Orange,B07TZD9WXS
got whetstone? - 15oz Ceramic White Coffee Mug| White,B08DVGYSZB
Geometriya strekoz. Stihotvoreniya,5917632766
#whetstone - 14oz Ceramic White Statesman Coffee Mug| White,B08DW4CLPM
OKSLO Chosera 2|000 Edge Pro Stone| 1x6 x 5mm with Aluminum Mounting,B07H2LYZB5
2000 / 3000 Grit Naniwa Chosera Waterstones,B006WRH67K
got whetston? - 11oz Magic Color Changing Mug| Matte Black,B082Z8YVHK
got whetston? - 11oz Magic Color Changing Mug| Blue,B082Z9Q1P4
Slide Forward whetstone - 14oz Stainless Steel Hashtag Travel Coffee Mug| Silver,B08BJTM58K
Trevelyan Dzhordzh. Istoriya Anglii ot Chosera do korolevy Viktorii ./Trevelyan George. History of England from Chaucer to Queen Victoria.,B071NH7XBS
Consolation Philosophy Boethius translated by Jean de Mena and Geoffrey Chaucer The contribution of the Old French literary tradition in the formation of English literary language / Uteshenie filosofiey Boetsiya v perevodakh Zhana de Mena i Dzheffri Chosera Vklad starofrantsuzskoy pismennoy traditsii v formirovanie angliyskogo literaturnogo yazyka,5397016306
Naniwa Chosera 1000 Grit Sharpening Stone with Stand,B00BA5WQJM
400 / 600 Grit Naniwa Chosera Waterstones by Naniwa,B016OXWAJU
#whetstone - 17oz Latte Coffee Mug Cup,B08CTS8WLD
#whetstone - 16oz Frosted Beer Stein| Frosted,B08CTRKYDF
Istoriya Anglii ot Chosera do korolevy Viktorii,581380286X
Sleep Tight whetstone - 11oz Ceramic White Coffee Mug Cup| White,B07VX92M6K
Naniwa Chosera 800 Grit Sharpening Stone with Stand,B00L08TXYK
Naniwa Chosera Custom 1x4 inch Stone| 600 grit| fits KME Knife Sharpeners| at least 4mm thick,B010U5PIRE
Naniwa Chosera 600 Grit Sharpening Stone with Stand,B00BA5VNI2
got whetstone? - 12oz Latte Coffee Mug Cup,B08CTR74MP
Naniwa Chosera 4 x 1 x 0.25 Sharpening Stone for KME 800 grit,B075PSHHQ4
Naniwa Chosera Custom 1x4 inch Stones| 600 + 2000 + 5000 grit set| fits KME Knife Sharpeners| at least 4mm thick,B010U7NDHE
#whetstone - Sturdy 12oz Hashtag Stainless Steel Camping Mug| Black,B086XKS5M8
NANIWA: Chosera Super Ceramic Whetstone #600 with Nagura Japan import [SS-600] ;TM79F-32M UGBA286642,B01LVU5PFQ
got whetstone? - Sturdy 12oz Stainless Steel Camping Mug| Black,B086XJR8C9
Naniwa Chosera 4 x 1 x 0.25 Sharpening Stone for KME 3|000 grit,B075PSKSB8
got whetstone? - 14oz Ceramic White Statesman Coffee Mug| White,B08DVFTSRP
Let Go whetstone - 16oz Frosted Beer Mug Stein| Frosted,B07VQPN7DY
Naniwa Chosera 800 1000 3000 Grit Stone Set with Base for Kitchen Knife #800#1000#3000 SS-800 SS-1000 SS-3000 from Japan,B07P9FW73D
Sharpening Stone - Knife Sharpener Folding Double Sided 400 600 Gird Sharpening Stone Pocket Vegetable - Chisel Backpac Mini Grit Blades Truing Kitchen Combination Level Aluminum Double Leveler M,B07PHV6FC2
#whetston - 11oz Hashtag Magic Color Changing Mug| Matte Black,B082ZJD4BW
got whetstone? - 11oz Silver Coffee Mug Cup,B08CTRL57P
#whetstone - 15oz Ceramic White Coffee Mug| White,B08DVG1BMY
Naniwa Chosera 3000 Grit Sharpening Stone with Stand,B00BA5Y5K0
Gardner Dzhon. Zhizn i vremya Chosera./Gardner John. life and Times of Chaucer.,B07115XFQQ
Zhizn i vremya Chosera,5458354397
Your Style whetstone - 12oz Ceramic Latte Coffee Mug Cup| White,B07VRNVT23
Naniwa Chosera Custom 1x4 inch Stone| 800 grit| fits KME Knife Sharpeners| at Least 4mm Thick,B010U5PMMA
Naniwa Chosera 4 x 1 x 0.25 Sharpening Stone for KME 2|000 grit,B075PSK7Y1
Naniwa chosera 2000 JAPANESE Naniwa Ebi Chosera ceramic whetstones 10K Uchigumori + Nagura stone,B01D4HV5BI
5000 / 10000 Grit Naniwa Chosera Waterstones,B006WRH5UI
got whetston? - 14oz Stainless Steel Travel Mug| White,B08GZRYVNZ
Naniwa GoukenARATA (Evolution Ver. of Naniwa Chosera) Whetstone from Japan FS (＃10000),B01MQ1SXRF
Naniwa GoukenARATA (Evolution Ver. of Naniwa Chosera) Whetstone from Japan FS (＃5000),B01MCYZ7JI
#2000 Grit Super Ceramic Water Stone,B001TPFTG0
You Rock whetstone - 17oz Ceramic Latte Coffee Mug Cup| White,B07VPMM8KS
got whetstone? - 10oz Frosted Coffee Mug Cup| Frosted,B08CTQDGRM
#whetston - Sturdy 12oz Hashtag Stainless Steel Camping Mug| Black,B086ZPTKY4
Long Live whetstone - 11oz Ceramic Colored Handle and Inside Coffee Mug Cup| Pink,B07VP9GS9D
Naniwa GoukenARATA (Evolution Ver. of Naniwa Chosera) Whetstone from Japan FS (＃800),B01MPXTLL8
Long Live whetstone - 11oz Ceramic Colored Handle and Inside Coffee Mug Cup| Black,B07VL74CQ4
Chosera 5|000 Edge Pro Stone| 1x6 with Aluminum Backing by Edge Pro,B01N6PMCV9
Long Live whetstone - 11oz Ceramic Colored Handle and Inside Coffee Mug Cup| Orange,B07VL721Q2
got whetston? - 10oz Frosted Coffee Mug Cup| Frosted,B08382PVFQ
Touch Down whetstone - 15oz Ceramic Colored Handle and Inside Coffee Mug Cup| Deep Purple,B07TW3JHDL
#whetston - 16oz Frosted Beer Mug Stein| Frosted,B08386H6TD
800 / 1000 Grit Naniwa Chosera Waterstones by Naniwa,B01N8W96BQ
Sleep Tight whetston - 11oz Ceramic White Coffee Mug Cup| White,B07VX8QGH3
400 / 600 Grit Naniwa Chosera Waterstones,B006WRH6TI
Touch Down whetstone - 15oz Ceramic Colored Handle and Inside Coffee Mug Cup| Light Blue,B07TW3P3KP
Alexandrov L. Ot Chosera do Svifta:magiya i astrologiya v literature 14-17 vekov./Alexandrov H. From Chaucer to Swift :magiya and astrology in the literature 14-17 centuries.,B0725J37LK
800 / 1000 Grit Naniwa Chosera Waterstones,B006WRH6JI
Naniwa Chosera 4 x 1 x 0.25 Sharpening Stone for KME 400 grit,B075PS7RKX
Naniwa 8000 Chosera stones 6x1x1/4 for Edge Pro Sharpeners,B01D3JOVVI
Naniwa Sharpening Stone Sink Bridge,B00BA684CE
Chosera Full Edge Pro Stone Set| 1x6 x 5mm with Aluminum Mounting,B00IBXOJZA
Dream High whetstone - 11oz Silver Coffee Mug Cup| Silver,B07VPMPMQT
Touch Down whetstone - 15oz Ceramic Colored Handle and Inside Coffee Mug Cup| Light Green,B07TZDW8Y1
NANIWA: Chosera Super Ceramic Whetstone #5000 with Nagura Japan import [SS-5000] ~ITEM #GH8 3H-J3/G8327716,B01JQFQQLG
Once More whetstone - 11oz Ceramic White Coffee Mug Cup| White,B07VYBBL26
Naniwa GoukenARATA (Evolution Ver. of Naniwa Chosera) Whetstone from Japan FS (＃3000),B01MQ1KAYD
#whetston - 11oz Ceramic White Coffee Mug| White,B08D83M57G
OKSLO Chosera 10|000 Edge Pro Stone| 1x6 with Aluminum Backing,B07H2LY7DG
got whetston? - 20oz Stainless Steel Water Bottle| Silver,B08D84Q4Q7
Naniwa GoukenARATA (Evolution Ver. of Naniwa Chosera) Whetstone from Japan FS (＃600),B01MDRDEWH
Naniwa Chosera 10|000 Grit Sharpening Stone with Stand,B00L08TFZW
got whetstone? - 17oz Latte Coffee Mug Cup,B08CTRZ7G1
NANIWA: Chosera Super Ceramic Whetstone #2000 with Nagura Japan import [SS-2000] ~ITEM #GH8 3H-J3/G8327712,B01JQFPTW8
#whetstone - 11oz Silver Coffee Mug Cup,B08CTS84RJ
Naniwa Chosera 4 x 1 x 0.25 Sharpening Stone for KME 600 grit,B075PSB6NH
Long Live whetstone - 11oz Ceramic Colored Handle and Inside Coffee Mug Cup| Light Blue,B07VPCQ114
Naniwa 320 GritPro Stone for the KME Sharpener| 1 x 4 x 0.25,B083WFFMYZ
Naniwa chosera 1000 stones 6x1x1/4 for Edge Pro Sharpeners,B01D4DNAIS
NANIWA: Chosera Super Ceramic Whetstone #800 with Nagura Japan import [SS-800] ~ITEM #GH8 3H-J3/G8327708,B01JQFP4DC
got whetstone? - 16oz Frosted Beer Stein| Frosted,B08CTXT7YF
Make History whetstone - 12oz Ceramic Latte Coffee Mug Cup| White,B07VLDB3S3
GuguLove 3000 10000 Double Sided Sharpener Stone Razor Whetstone Polishin Grit Red White - Dental Pocket Barber Backpacking Guide Thin Stone Camping Non slip Natural Lubri,B07YXNNKT2
Long Live whetstone - 11oz Ceramic Colored Handle and Inside Coffee Mug Cup| Cambridge Blue,B07VKR6VRV
Naniwa Chosera Custom 1x4 inch Stone| 1000 grit| fits KME Knife Sharpeners| at least 4mm thick,B010W0917K
Comfecto Whetstone Sharpening Stone Holder Sink Bridge with Anti Slip Rubber Material| Adjustable from 5-1/2 to 9 Inch Works with Water Diamond Oil Stones,B01EVPYIQ6
Whetstone - Sports & Outdoor - 1PCs,B07GH56RVP
Long Live whetstone - 11oz Ceramic Colored Handle and Inside Coffee Mug Cup| Yellow,B07VL73CZ9
Trevelyan Dzhordzh. Istoriya Anglii ot Chosera do korolevy Viktorii./Trevelyan George. History of England from Chaucer to Queen Victoria.,B071NSHWH4
got whetstone? - 11oz Ceramic White Coffee Mug| White,B08CTTM51T
got whetston? - 16oz Frosted Beer Mug Stein| Frosted,B083TPNFVM
got Whetstone? - LED USB Rechargeable Edge Lit Sign,B08CMVDF9W
Gardner Dzh. Zhizn i vremya Chosera./Gardner J.. life and Times of Chaucer.,B071KVSG9M
Naniwa GoukenARATA (Evolution Ver. of Naniwa Chosera) Whetstone from Japan FS (#2000),B01MDRJG1D
#whetston - 17oz Hashtag Ceramic Latte Coffee Mug Cup| White,B0846DN9JM
Megabogi Party Orations Pirat - Nocm Indoor And Outdoor Halloween Hanging Door Orations Wall Signs School Office Party Pirat - Pirat Orations Party,B08D6C8NHV
Chosera 800 Edge Pro Stone| 1x6 x 5mm with Aluminum Mounting,B00IBX81JU
#whetston - 11oz Hashtag Magic Color Changing Mug| Blue,B083842291
Limeto Party Orations Pirat - Pirat Orations Party - Nocm Indoor And Outdoor Halloween Hanging Door Orations Wall Signs School Office Party Pirat,B082DGDXJ2
Feels Real whetstone - 11oz Silver Coffee Mug Cup| Silver,B07VLWLYWJ
got whetston? - 14oz Stainless Steel Travel Mug| Silver,B08GZS87C5
#whetston - 16oz Beer Pint Glass Cup,B082GJMCNV
Long Live whetstone - 11oz Ceramic Colored Handle and Inside Coffee Mug Cup| Green,B07VPD9RKJ
Love It whetstone - 10oz Frosted Coffee Mug Cup| Frosted,B07VMJP1TK
Naniwa Chosera Chosera 10|000 Edge Pro Stone| 1x6 with Aluminum Backing,B013S2KJQ6
Naniwa Chosera 4 x 1 x 0.25 Sharpening Stone for KME 5|000 grit,B075PSB6WS
Trevelyan D.M. Istoriya Anglii ot Chosera do korolevy Viktorii./Trevelyan DM. History of England from Chaucer to Queen Victoria.,B072HTGZP2
Chosera 3|000 Grit Stone - with base,B000EBFWY4
Aim High whetstone - 17oz Ceramic Latte Coffee Mug Cup| White,B07VMK2LXR
Kenterberiiskie rasskazy. Perelozhenie poemy Chosera,5170851537
Zhizn' i vremia Chosera.. Per.s angl./Predisl. Z.Gachechiladze; Komment. V.Voronina.,B012HKLJZK
Touch Down whetstone - 15oz Ceramic Colored Handle and Inside Coffee Mug Cup| Black,B07V1CT5G6
Naniwa 2000 Chosera stones 6x1x1/4 for Edge Pro Sharpeners,B01D3EQIO6
Naniwa 600 Chosera stones 6x1x1/4 for Edge Pro Sharpeners,B01D3GJRLK
