merupe-ru Spoon & Towel Handkerchief Mascot Set of 7 770 – 205 ,B001T6LYVI
merupe-ru Cat One Push Stainless Bottle (Black) 770 – 903 ,B0145ZZ02I
merupe-ru Spoon| Fork & Towel Handkerchief 7P set (Nested Wind) 770 – 216 ,B004KJ2MVW
merupe-ru Cat Tritan Clear Bottle 500ml (Dancing) 770 – 933 ,B01K43GWZ4
Meruperu-cat Santoku Knife 170mm from Japan cute kawaii Gift　（770-305）,B074P2W757
Meruperu cat santoku Hawatari about 170mm [entitled sharpener gift sharpening original cat picture-filled kitchen knife],B01M8FUV9J
merupe-ru Cat wappa Bent Wood Lunch Box (Fish) 770 – 331 ,B01LWI4R92
Somme Meruperu baguettes Set de sept 770-211 (Japon import / Le paquet et le manuel sont ?crites en japonais),B003A4SG8G
Meruperu cat Petty knife (fruit knife) [entitled cat picture containing handy kitchen knife sharpener sharpener gift],B01M6UENNE
merupe-ru Cat Tritan Clear Bottle 500ml (Flowerly koneko) 770 – 403 ,B06W9LNBCY
Meruperu cat Santoku pair set [Original cat picture-filled kitchen knife sharpening sharpener gift entitled],B00TYGYSS6
Meruperu cat small Santoku knife (Hawatari about 14cm) 770-307,B01M2URD8H
merupe-ru Cat| Santoku| Large & from Slicing Japanese Cypress Cutting board All Star Set [Original Cat Pictures Knife Sharpener with],B016KWQDVQ
merupe-ru Cat Tritan Clear Bottle 500ml (Included in – ) 770 – 934 ,B01K43GWWC
Toa Metal 770-305 Meruperu Cat Kitchen Santoku Knife (F/S with Tracking Number) ~ITEM #GH8 3H-J3/G8321601,B01JQFH35Y
Meruperu santoku 770-305 Hawatari about 170mm Home & Kitchen cookware knife knife [parallel import goods],B01MAU5ECN
merupe-ru Spoon Fork Pack of 10 & Towel Handkerchief Mascot Set of 12 770 – 206 ,B001T6PU5Y
[40 pcs set buying] Meruperu-eraser with pencil [children meeting little gift giveaway party pencil],B00UJ2OG4A
Meruperu cat Santoku Hawatari [Original cat picture-filled kitchen knife sharpening sharpener gift entitled] about 170mm,B00U3GSR6A
Mere pere-3306 Japanese merupe-ru・ Chopsticks Spoons 12 Pcs Set 770 – 213 ,B003A4W39Y
[With the wrapped message card] [women toward gift] Meruperu cat santoku,B01M8FUSX8
Toa metal Meruperu Santoku Knife (Blister Pack) 770-315,B01MCWAPAL
Optimum Meruperu stylish cat (cat) design of cat santoku molybdenum steel stainless steel to Mother's Day Gift gifts,B01MECFV45
Meruperu cat Santoku knife (japan import),B00BHU46T8
