POSCA Colouring - PC-3M Essential Colours Set of 8 - In Gift Box,B073BJNZJG
Uni Posca Paint Marker Pen PC-1M | Extra Fine Point| Light Green Ink| Value Set of 20,B073HSSHTL
3 X Uni-posca Paint Marker Pen - Fine Point - Set of 8 (PC-3M8C),B013LIUI2M
Uni Posca Paint Marker PC-8K White| 2 pens per Pack(Japan Import) [Komainu-Dou Original Package],B00N3J0SIE
POSCA Colouring - PC-5M Fluorescent Paint Marker - Set of 4 - in Wallet,B01N35RMC9
UNI POSCA PC-5M MARKER PEN - BRIGHT YELLOW (PACK OF 12),B00IXIXBCA
Uni-Posca Paint Marker Pen - Fine Point - Set of 15 (PC-3M15C) - Pack 5,B08FQVMLRN
Fasterfish(TM) Uni Posca Paint Marker Pc-8K White 2 Pens Per Pack(Japan Import) [Komainu-Dou O,B07DMBTYJW
Uni Posca Paint Marker Mitsubishi Poster Color 22 Marking Pen Medium Point PC-5M 15 Standard & 7 Natural Colors Set With Kanji LOVE Sticker,B08GX475B2
Posca PC-1M Paint Art Marker Pens - Fabric Glass Metal Pen - Set of Black + White (1 of Each),B072JZPDWD
posca PX152660000 Art Paint Marker| Orange,B0037XNLXA
Uni Posca Spare Nibs PCR-1 For Posca Paint Marker PC-1M| ×4 Packs/Total 12 pcs(Japan Import) [Komainu-Dou Original Package],B01FE81BRI
Uni Posca Paint Marker Pen| Fine Point| Set of 7 Natural Color (PC-3M 7C)| 5 Pack,B0882SGZCW
Uni Posca Paint Marker Pen PC-5M| Medium Point| Pastel Orange Ink| 20-Pack| Sticky Notes Value Set,B079DNJKNG
Uni Posca PC-3M Paint Pen Art Marker Pens - Fabric Glass Metal Pens - Set of The 6 Most Popular Colours,B071WQ9X4G
Uni Posca Medium Marker| Gold (PC5M.25),B004C5Z0LI
4 X Uni-posca Paint Marker Pen - Extra Fine Point - Set of 8 (PC-1M8C),B0161VG7VW
Uni Signo Gel Ink Pen| 1.0mm White (3 pack) & Uni Posca Marker PC-1M Extra Fine| 0.7mm White (3 pack) &monoc Sticky note set(Japan Import),B07YGTCXGX
UNI POSCA Gift Box 24 pieces assorted cap Yellow,B089WJ1NDM
Uni Posca Glitter Paint Marker Pen PC-3ML| Fine Point| Pink Ink| 20-Pack| Sticky Notes Value Set,B07D55VCFP
Uni Do! Posca Extra Fine Shiny Colors| Shiny Sky Blue (PC1MDS.48),B008Z74R4K
UNI POSCA PC-8K CHISEL TIP MARKER PEN- ORANGE (BOX OF 6),B00IYLAMNM
Uni Posca Paint Marker Pen| Medium Point| 7 Colors (PC-5M 7C),B08L8Y12B4
UNI-BALL POSCA MARKER PEN PC-3M - YELLOW - 3 PACK OF PENS,B00L7ZK9ZI
Uni Posca Glitter Paint Marker Pen PC-1ML| Extra Fine Point| Red Ink| 20-Pack| Sticky Notes Value Set,B07D54WJ8K
Posca Acrylic Paint Marker| Ultra-Fine| Red,B002BDXOW0
UNI POSCA PC-8K CHISEL TIP MARKER PEN- WHITE (BOX OF 6),B00IYKH9UC
Uni poster color marker Posuka POSCA bold PC-8K green 10 piece,B002CKDJMM
UNI-BALL POSCA PC-1MR RED PACK OF 12 PENS,B00IS4RDVE
Uni POSCA PC-3M Paint Marker Art Pens - 0.9-1.3mm - Aqua Green - Single,B07WWZLTNT
Uni Posca Paint Marker Pen| Mitsubishi Poster Color Marking Pen Extra Fine Point (PC-1M) 4 Colors| Set of 4 (Yellow| White| Light Blue|Light Green) Japan Import,B07X35P36F
UNI-BALL POSCA MARKER PEN PC-5M - GREEN - Single Pen,B00L5C8GLW
3 X Uni-posca Paint Marker Pen - Fine Point - Set of 15 (PC-3M15C),B015ZKYQTU
Uni Posca Black Color Paint Markers Set of 3|Medium tip(1.8~2.5 mm) / Fine tip(0.9~1.3 mm)/ Extra Fine tip (0.7 mm) with MIYABI Stationery Store Original Gift Package(PC1M|3M|5M.24),B07QL1H8X6
Mitsubishi Pencil Co.| Ltd. Paint Markers Pen Bold Point (4-Pack),B08232FVHY
Uni Posca Paint Marker PC-5M - Light Green,B0091Y9KWK
Mitsubishi Posuka 8-color set very thick character PC17K8C,B000IGSE1S
Uni Posca Paint Marker Pen PC-5M| Medium Point| Pastel Green Ink| 10-Pack| Sticky Notes Value Set,B079DP9P8V
2Set X Uni-POSCA PC8K15C -Paint Marker Pen -Bold Point -Set of 15 (Japan Import),B071Z2XGRZ
Uni Posca Paint Marker Pen PC-1M | Extra Fine Point| Pastel Yellow Ink| Value Set of 10,B073HTSVPM
Uni Posca Paint Marker Pen PC-3M| Fine Point| Pastel Purple Ink| 30-Pack| Sticky Notes Value Set,B079DN4F75
Uni Posca Extra Fine Marker White (PC1M.1) 2 Set,B075WZDMH1
Uni Posca Paint Marker PC-3M - Bright Yellow,B009KFUB6E
Posca PX107573000 Acrylic Paint Marker| Broad Chisel| Fluorescent Green,B0046Z6PT0
uni Posca Paint Marker Pen - Medium Point - Set of 15 (PC-5M15C)| Assorted(2-Pack),B08DMQCY61
Uni Posca Paint Marker Pen PC-1M| Extra Fine Point| Brown Ink| 20-Pack| Sticky Notes Value Set,B079DQ584Y
Uni Posca Paint Marker PC-5M Gold and Silver| 2 pens per Pack(Japan Import),B0137E49SE
Posca Marker 8mm - Gold/silver/white/yellow/light Blue/ivory/red/black (pack Of,B01CUEUVMU
Uni Posca Paint Marker Pen| Medium Point| dark color| set of 8 With Halloween template,B01LKV6XJE
Mitsubishi Pencil [Red|Blue|White & Black Set!!] uni Posca Poster color marker Thick size PC-17K from Japan,B01LZUD6RC
POSCA Colouring - PC-3M Warm Tones - Set of 8 - in Gift Box,B07798D715
Uni POSCA PC-1MR Paint Marker Art Pens - 0.7mm - Sunshine Yellow - Pack of 12,B07WT5DVW2
Uni Posca Paint Marker Pen PC-1M| Extra Fine Point| Pastel Yellow Ink| 30-Pack| Sticky Notes Value Set,B079DNLTDS
Uni-ball Posca Color Metallic Marking Pen - 1.0 mm - Set of 7 by Uni,B01IQ883GU
Uni poster color marker Posuka POSCA bold PC-8K purple 10 piece,B002CKFE0W
Diy Wool Felt - Wool Felt Bottom Brush Diy Blue - Doll Tool Felt WoolAccessory Yarn Felt Waterproof Marker Rubber Shoe Sole Craft Resin Fiber Thread Fabric Gold Knit Paint Decor,B07Q6Q3LBN
Uni Posca Paint Marker PC-3M - Black,B009KFTD7M
Uni Posca Paint Marker Pen PC-3M| Fine Point| Black Ink| 10-Pack| Sticky Notes Value Set,B079DNPHBL
UNI POSCA PC-17K PACK OF 5 - GREEN,B00J5GDCDM
PC-8K Posca Broad Chisel Tip 4 Piece Pack Fluorescent Assorted,B00JR7TVIE
Uni Posca Marker PC-17K Paint Glass Pen Broad Chisel Tip 15mm Pink,B00CKWXNQ4
Uni Posca PC-8K Black Colour Paint Marker Pen Fabric Metal Glass 8mm Broad Chisel Nib Tip Writes On Any Surface Glass Metal Wood Plastic Fabric (Pack Of 3),B00MWSU9ZE
Uni Posca Paint Marker Pen PC-3M | Fine Point| Red Ink| Value Set of 20,B073HSVBKZ
Posca PX364224000 Acrylic Paint Marker| Extra Broad| Black,B000N6KEYS
Uni Posca Paint Marker PC-1M Gold| 2 pens per Pack (Japan Import) [Komainu-Dou Original Package],B00L99TEN0
Uni poster color marker De! Posuka POSCA superfine PC-1MD light blue 10 piece,B002CKMOYG
Artgecko A4 Freestyle Sketchbook - White Bleedproof Paper - 250gsm - 30 Sheets + PC-3M Skin Tones Set of 8 Pens,B08F576TP8
Posca Acrylic Paint Marker| Brush| Black,B0046Z8ZTI
Mitsubishi Pencil UNI Posca 50 pen Set (PC-1M| PC-8K| PC-5M| PC17K）＋ OH My Goodness memo pad,B08DQW7NJD
Uni : Posca Marker Pen : Bullet Nib : Fine 0.9-1.3mm : White,B00F9EJU3U
Uni POSCA - PC-3ML Art Paint Markers - Set of 4 - In Plastic Wallet - Glitter Berry Tones,B07XTNGB1S
uni Posca Glitter Marker Pc-1ml 7C| Extra Fine Point| 7 Colors Set,B001MTCAEM
Uni Posca Paint Marker PC-1M - Brown,B009KG6HCA
Uni Posca Extra Fine Marker| White (PC1M.1),B001B2OKHU
UNI Posca Medium Character Round core 7 Colors Set (PC-5M 7C) + Medium Character Round core Fuchsia (PC5M.11)| Khaki green (PC5M.7)| Navy blue (PC5M.9)| Dark red (PC5M.14)| Dark brown (PC5M.22)|,B085H8VD95
UNI POSCA PC-8K CHISEL TIP MARKER PEN- FLUORESCENT YELLOW (BOX OF 6),B00IXQKKIA
UNI-BALL POSCA PC-3M LIGHT ORANGE (PACK OF 12),B00ITVK1S8
Uni-Posca Paint Marker Pen - Fine Point - Set of 15 (PC-3M15C) - Pack 2,B08FR4S4D2
Uni Posca Paint Marker Pen| Extra Fine Point(PC-1M)| 21 Colors Set with Original Vinyl Pen Case,B06WGSR42D
Uni poster color marker De! Posuka POSCA superfine PC-1MD black 10 piece,B002CKHBDK
Uni Posca Paint Marker Pen| Fine Point (PC-3M)| 24 Colors Set with MIYABI Original Pen Case Set(PC-3M24C),B082XV3GMZ
Uni Posca Bold Marker| Light Orange (PC8K.54) by Uni,B018ORFFFA
Uni POSCA PC-1M Paint Marker Art Pens - 0.7mm - Sunshine Yellow - Single Pen,B07WSFWPF4
Uni Posca PC-1MR Yellow Colour Paint Marker Pens Ultra Fine 0.7mm Calibre Tip Nib Writes On Any Surface Glass Metal Wood Plastic Fabric (Pack of 3),B00MWSXI8E
Uni-posca Paint Marker Pen SPECIAL SET (b-set) | Mitsubishi Pencil Uni Posca Poster Color Marking Pens Fine Point 15 Colours (PC-3M15C)| Gold and Silver -Japan Import,B01M0MRHNV
uni-ball Posca 3M 0.9-1.3 mm Bullet Shaped Markers (8 Colors| 8 Pcs),B08HVGYSG7
Uni Posca Paint Marker Mitsubishi Poster Color Marking Pen PC5M Medium Point & PC3M Fine Point 7 of each Natural Color Set With Kanji LOVE Sticker,B08JGMJVSB
Uni-posca Paint Marker Pen| White| 1-Count,B00007MIKH
UNI POSCA PC-8K CHISEL TIP MARKER PEN- FLUORESCENT PINK (BOX OF 6),B00IYM1834
Uni Posca PC-1MR Red Colour Paint Marker Pens Ultra Fine 0.7mm Calibre Tip Nib Writes On Any Surface Glass Metal Wood Plastic Fabric (Pack of 3),B00MWSWTKC
Uni Posca Paint Marker PC-1M - Black,B009KG66QM
POSCA Colouring - PC-3M Cool Tones - Set of 8 - in Gift Box,B0779D82Q3
Uni Posca PCF-350 White Colour Paint Marker Pen 0.1mm - 10mm Brush Nib Tip Writes On Any Surface Wood Plastic Fabric Glass Metal Stone (Pack of 3),B00MX2236C
Uni Posca Paint Marker Pen PC-5M| Midium Point| Dark Red Ink| 30-Pack| Sticky Notes Value Set,B07D543BQW
Uni Posca Marker PCF-350 Paint Glass Pen Brush Tip 8mm Blue,B00CKXKA46
Uni-ball 186390 – Replacement Tip for Uni Posca Markers with Extra Wide Square Tip,B004OR7WH4
Uni-ball Posca PC-3M Japan Marker Pen| 15 Color Set,B008LXIIIO
Uni Posca PCF-350 White Colour Paint Marker Pen 0.1-10mm Brush Nib Writes On Any Surface Metal Glass Wood Fabric Plastic Stone (Pack of 1),B00MWVA6RC
Uni Posca PC-5M Orange Colour Paint Marker Pens 2.5mm Medium Bullet Tip Nib Writes On Any Surface Metal Glass Wood Fabric Plastic Stone (Pack of 1),B00MWV7QWK
Brand New. uni Posca PC5M Marker Medium Tip Line Width 1.8-2.5mm Red Ref 9002102 [Pack 12],B004QN8VLM
Uni Posca Paint Marker PC-85F - Fluorescent Yellow,B0091XXZTK
Uni Posca Paint Marker PC-17K - Silver,B07DRWM6D3
Posca PC-3M Acrylic Paint Marker Pen| Dark Tones 4 Piece Set. Fine 0.9mm-1.3mm Tip| Fantastic Starter Set| 4 Pens| Exclusive to easichalk.,B08KGXFJM5
Uni Posca Paint Marker Pen PC-5M| Medium Point| Light Yellow Ink| 10-Pack| Sticky Notes Value Set,B079DNFGTG
Uni Posca Paint Marker Pen| Mitsubishi Poster Color ALL COLOR Marking Pen Fine Point (PC-3M) 3 Colors| Set of 6(American flag colors) Japan Import,B07WTD1M3B
UNI-Ball POSCA Marker Pen PC-1MR - Pink - Pack of 3 PENS,B00PUH6ORQ
Uni Posca PC-1MR Black Colour Paint Marker Pens Ultra Fine 0.7mm Calibre Nib Tip Writes On Any Surface Glass Metal Plastic Fabric Stone Wood (Pack of 6),B00MX2CERK
Uni Posca Paint Marker Pen PC-17K| Broad Point| Black Ink| 10-Pack| Sticky Notes Value Set,B07BKRFMQR
Uni Posca Paint Marker PC-1MD - White,B079QDNDD9
Uni Posca Marker PC-5M Paint Glass Pen Fine Bullet Tip 2.5mm Metallic Blue,B00CK6P9NU
Uni-posca Paint Marker Pen| Bold Point| White| 1-Count by_avalonteam,B01N43XXAF
UNI POSCA PC-8K CHISEL TIP MARKER PEN- LIGHT BLUE (BOX OF 6),B00IXQUOIQ
UNI POSCA PEN pack 5 pieces,B07MN9SJ3T
Uni Posca Paint Marker Pen PC-1M| Extra Fine Point| Pastel Purple Ink| 10-Pack| Sticky Notes Value Set,B079DMDZ5N
Uni POSCA PC-1M Paint Marker Art Pens - 0.7mm - Apricot - Single Pen,B07WQYGT4R
Uni-Posca Paint Marker Pen - Medium Point - Set of 16 (PC-5M16C)| 3 Pack,B08HYW42WK
POSCA PC-3m by Uni-Ball - [Pack of 3] Khaki Green,B01MUCSINL
uni POSCA White = 3 Different Point Sizes per Pack: PC-1M(0.7 mm)| 3M(0.9~1.3 mm)| 5M(1.8~2.5 mm) with 20 pieces of Black Card,B07QM9GSRP
Mitsubishi Pencil [3 Pens Set!!] uni Posca Poster color marker Super Thin PC-1M Purple from Japan,B01EUG7D3Q
Uni Posca Paint Marker Pen PC-1M| Extra Fine Point| Gold Ink| 30-Pack| Sticky Notes Value Set,B07D57BFK7
Mitsubishi Pencil [3 Pens Set!!] uni Posca Poster color marker Super Thin PC-1M Green from Japan,B01CZH9PWE
uni-ball Posca Broad Chisel Tip Marker - Fluorescent Yellow by uni-ball,B01MTMA8OM
Uni Posca Paint Marker Pens Set with MIYABI Stationery Store Original Gift Package (PC3M24C),B07JB8VK5X
Uni Posca Extra Fine Marker| Pink (PC1M.13),B00ANZ7QYK
Uni Posca Medium Marker| Purple (PC5M.12),B004C5T546
Uni Posca Paint Marker PC-1M - Pink,B009KG781O
Uni Posca PC-1MR White Colour Paint Marker Pens Ultra Fine 0.7mm Calibre Tip Nib Writes On Any Surface Glass Metal Wood Plastic Fabric (Pack of 6),B00MWTAYY4
4 Set X Uni Posca Paint Marker PC-1M White - Total 12 Pens Set,B01M8L70IM
[Uni] Posuka in di pastel purple,B00ZC91NQ4
UNI-BALL POSCA MARKER PEN PC-8K BLUE - SINGLE PEN,B00LB1F4TO
Uni Posca Paint Marker PC-8K - Light Blue,B00A8VD2UG
Uni POSCA PC-3M Paint Marker Art Pens - 0.9-1.3mm - Sunshine Yellow - Pack of 3,B07WX1QLHX
Uni POSCA Extra Fine Marker x10 Pack! White (PC1M.1),B07W1FK88R
PXR21,B004OR6E5A
UNI-BALL POSCA MARKER PEN PC-5M - RED WINE - Single Pen,B00L5H2GD6
Uni-ball Posca Marker with Broad Chisel Tip,B013NMZ82Q
Uni Posca Extra Fine Marker| Green (PC1M.6) by Uni,B018OQ6B7C
Uni Posca Extra Fine Marker| Pastel Orange (PC1MP.4),B01BY0UJIM
POSCA Black & White - Full Set of 14 Pens (PC-17K| PC-8K| PC-5M| PC-3M| PC-1M| PC-1MR| PCF-350),B01IVR0170
POSCA Acrylic Paint Markers - Black - PC-3M Fine,B00CJBMXRQ
UNI-Ball POSCA Marker Pen PC-1MR - White - Pack of 3 PENS,B00PUGU14E
Posca Acrylic Paint Marker| PC-17K Extra Broad tip| Yellow (PX364174000),B00CKX55ZU
Posca Acrylic Paint Marker| Medium| Ivory,B0037XMFBY
The Mitsubishi Pencil poster color marker Posuka POSCA PC-8K PX-30 for replacement core 10 piece,B002CKHFJA
Uni POSCA PC-5M Paint Marker Art Pens - 1.8-2.5mm - Sunshine Yellow - Single Pen,B07WRM6B5V
Uni Posca Paint Marker PC-5M - Orange,B0091YBLUY
Mitsubishi Pencil [3 Pens Set!!] uni Posca Poster color marker Medium Size PC-5M Yellow from Japan,B01DDDXUCK
Uni Posca PC-5M Light Pink Colour Paint Marker Pens 2.5mm Medium Bullet Tip Nib Writes On Any Surface Metal Glass Wood Fabric Plastic Stone (Pack of 1),B00MWV7FSK
2 X Uni Posca Paint Marker Pen| Medium Point| Set of 8 (PC-5M8C),B015ZP7IOA
Uni Posca Paint Marker PC-1M - Yellow,B009KG89A8
Uni Posca Paint Marker Pen PC-3M| Fine Point| Silver Ink| 30-Pack| Sticky Notes Value Set,B07D58LXMS
Uni Posca Aqueous character in PC-5M Blue,B00CM73MMM
UNI-Ball POSCA Marker Pen PC-8K - Gold - Pack of 3 PENS,B00PUKAAE6
Uni Posca Paint Marker PC-1M White| 2 pens per Pack(Japan Import) [Komainu-Dou Original Package],B00KK64Y2Y
Posca Acrylic Paint Marker| Medium| Sky Blue,B0026IXDDK
4 X Uni Posca Extra Bold Marker| Blue (PC17K.33),B0164JFP4G
POSCA Colouring - PC-5M Assorted Set of 8 - In Gift Box,B06WV7G1RX
White Extra Fine Marker (1 set),B08GLNMDJM
Uni Posca Paint Marker PC-1M Silver| 2 pens per Pack(Japan Import) [Komainu-Dou Original Package],B00M16HKWW
Uni Posca Bold Marker| Pink (PC8K.13),B000THW04S
POSCA PC-3m by Uni-Ball - [Pack of 3] Apple Green,B01NAVA132
UNI-BALL POSCA MARKER PEN PC-5M - BLUE - PACK OF 3 PENS,B00L7R69E6
uni-ball 181719 Marker Uni POSCA Extra Fine Tip 0.7mm Line Light Pink,B07YQ993P8
Mitsubishi Pencil [5 Pens Set!!] uni Posca Poster color marker Super Thin PC-1M Blue from Japan,B01CS2I6G2
Uni Posca Paint Marker PC-1M Silver| 4 pens per Pack(Japan Import) [Komainu-Dou Original Package],B01N51KGAK
Uni-posca Paint Marker Pen - Medium Point - Set Of 15 (PC-5M15C) by_aztonline,B01N66S2MO
Uni-ball Posca PC-5M Japan Marker Pen| 8 Color Set,B008LXI0QY
UNI POSCA PC-8K CHISEL TIP MARKER PEN- PINK (BOX OF 6),B00IXQPZQM
Uni POSCA PC-1MR Paint Marker Art Pens - 0.7mm - Lavender - Pack of 3,B07WW6QWV4
Uni-POSCA PC8K15C Paint Marker Pen Bold Point Set of 15 (Japan Import) (Fоur Расk),B08JQG9T24
Uni POSCA PC-1M Paint Marker Art Pens - 0.7mm - Apple Green - Pack of 3,B08428PX6D
Once More uni- - 11oz Ceramic White Coffee Mug Cup| White,B07VWBN3MK
POSCA PC-8K Art Marker - PC-8K Metallic Set of 8 - in Gift Box,B06W2G5BS9
Uni Posca Paint Marker Pen PC-3M | Fine Point| Purple Ink| Value Set of 20,B073HRRPBX
Uni Posca Paint Marker Pen PC-3M| Fine Point| Purple Ink| 10-Pack| Sticky Notes Value Set,B079DMQJQG
UNI POSCA PC8K BRD MARKER AST PK4,B001QLM4I8
UNI POSCA PC-8K CHISEL TIP MARKER PEN- RED (BOX OF 6),B00IXQZ19I
Posca Acrylic Paint Marker| PC-1M Extra Fine tip| Orange (PX17772000),B00CJ7PE6W
Uni Posca PC-5M White Colour Paint Marker Pens 2.5mm Medium Bullet Tip Nib Writes On Any Surface Metal Wood Plastic Fabric Glass Stone (Pack of 1),B00MX2AKN0
Posca Acrylic Paint Marker| PC-1MR Ultra Fine tip| Yellow (PX89797000),B00CJ8IX7I
Uni-posca Paint Marker Pen - Extra Fine Point - Set of 12 (PC-1M12C),B001VB4T86
Uni Posca Paint Marker Pen PC-1M| Extra Fine Point| Gold Ink| 10-Pack| Sticky Notes Value Set,B079DM6JSH
posca PX89888000 Art Paint Marker| Line Width 0.7 mm| Metal Green,B002BDO1V8
Uni Posca Marker PCF-350 Paint Glass Pen Brush Tip 8mm Light Blue,B00CKY1NC8
Uni Posca Paint Marker PC-3M - Navy Blue,B07DRRWJ3G
Uni Posca Extra Fine Marker| Pastel Yellow (PC1MP.2),B01BY0SC9K
UNI-Ball POSCA Marker Pen PC-8K - Black - Pack of 3 PENS,B00PUK3IY0
POSCA PC-8K ART MARKER PENSPACK OF 8 Assorted Colours,B00ATQXNPO
UNI-BALL POSCA MARKER PEN PC-8K LIGHT ORANGE - SINGLE PEN,B00LC9EWKM
Uni POSCA PC-1MR Paint Marker Art Pens - 0.7mm - Apricot - Pack of 3,B07WW7386X
Posca Acrylic Paint Marker| Extra Broad| Light Blue,B000N6MHO8
POSCA PC-1MR TWIN PACK MARKER PENS by Uni-Ball GOLD & SILVER - 1 of each,B00A1C7BI6
Uni Posca Paint Marker - PC-3M - White / Total 4 Pens Set,B01N5HGY0X
Uni-Posca Bold Square core 15 Colors Set（ PC-8K 15C ）＋Medium Character Round core Gold（.PC5M.25）＋Medium Character Round core　 Silver（PC5M.26） ＋ OH My Goodness 　memo pad 173mm×90mm,B07YWHQMXL
UNI POSCA PC-8K CHISEL TIP MARKER PEN- METALLIC PINK (BOX OF 6),B00IYKCZ5Q
Uni Posca PC-5M White Colour Paint Marker Pens 2.5mm Medium Bullet Tip Nib Writes On Any Surface Metal Glass Wood Fabric Plastic Stone (Pack of 1),B00MWV84NU
Uni Posca Paint Marker Pen PC-3M| Fine Point| Blue Ink| 30-Pack| Sticky Notes Value Set,B079DP9RR7
Uni-ball - PCXR 8 - Replacement Tips for Posca PC-8K - (2 Pack),B004OR7WKG
Uni Posca PC-5M White Colour Paint Marker Pens 2.5mm Medium Bullet Tip Nib Writes On Any Surface Metal Wood Plastic Fabric Glass Stone (Pack of 12),B00MX2B89A
Uni Posca Paint Marker Pen|Extra Fine (0.7mm) SPECIAL SET!- WHITE/BLACK/GOLD/SILVER|　With lihitlab pencil case(Black) and Our Original Sticky Notes,B07TBFH8MS
UNI-Ball POSCA PCF-350 Brush Tipped Marker PENS - Pack of 10 = All 10 Colours,B00FNQQCL2
Uni Posca Marker PC-8K Paint Glass Pen Broad Chisel Tip 8.00mm Metallic Violet,B00CKSLA8Q
Mitsubishi Pencil UNI Posca [ PC-3M ] Gold&Silver（ PC3M.25）|（PC3M.26) / [ PC-5M ] Gold&Silver（ PC5M.25）|（PC5M.26）,B08DQTZDT4
Uni Posca Paint Marker Mitsubishi Poster Color 14 Marking Pen Extra Fine Point PC-1M 12 Standard & Gold|Silver Set With Kanji LOVE Sticker,B08J6K1PH4
Uni Posca Paint Marker Pen| Medium Point| 8 Colors (PC-5M 8C),B07GH2Y5FK
Uni Posca Paint Marker PC-85F - Fluorescent Orange,B0091XWGR2
UNI-BALL POSCA MARKER PEN PC-5M - GREEN - PACK OF 3 PENS,B00L7RJVHS
Uni Blackboard Posca Bold| Red (PCE2508K1P.15),B009AM8J6Q
Uni Posca PC-8K Paint Pen Art Marker Pen - Professional 12 Pen Set - Extra Black + White,B0747TFXL7
Uni Blackboard Posca Bold| Green (PCE2508K1P.6),B009AM7OT4
Uni Posca Paint Marker PC-5M - Emerald Green,B0091Y82F6
Uni Posca Marker PC-5M Paint Glass Pen Fine Bullet Tip 2.5mm Light Orange,B00CK6G4YI
Mitsubishi Pencil [Red|Blue|White & Black Set!!] uni Posca Poster color marker Thick size PC-8K from Japan,B01LY7OG3N
Uni POSCA Paint Marker Pen - Extra Fine Point - Nonalcohol - odorless water resistant pen maker - Set of 14 (PC-1M12C & Gold & Silver),B07D6P564C
Posca PC-3M Paint Art Marker Pens - Fabric Glass Metal Pen - Set of Gold + Silver (1 of Each),B07215G36Y
Uni Posca Marker PC-85F(63834) Paint Glass Pen Broad Chisel Tip 8.m Fluorescent Orange,B00CKQXJSC
UNI-BALL POSCA MARKER PEN PC-8K LIGHT GREEN - SINGLE PEN,B00LC9C4IY
Uni Posca Paint Marker Pen PC-3M | Fine Point| Black Ink| Value Set of 5,B06XBQHCH2
Uni Posca Paint Marker Pen PC-5M| Midium Point| Black Ink| 10-Pack| Sticky Notes Value Set,B079DN8ZKC
4 Set Mitsubishi Pencil uni Posca Poster color marker Super Thin PC-5M Black from Japan,B08LBNHN7Q
Uni POSCA PC-1MR Paint Marker Art Pens - 0.7mm - Aqua Green - Single Pen,B07WV49KCJ
Uni-ball 186512 Uni Posca Fine Bullet Tip Marker – Set of 4 Glitter Cold Colours,B01B7XAO0O
Uni Posca PC-5M Bronze Colour Paint Marker Pens 2.5mm Medium Bullet Tip Nib Writes On Any Surface Metal Glass Wood Fabric Plastic Stone (Pack of 1),B00MWVADU2
Uni Posca Marker PC-17K Paint Glass Pen Broad Chisel Tip 15mm Red,B00CKWZR9K
Uni : Posca Marker : PC-3M : Fine Bullet Tip : 0.9-1.3mm : Red,B00F9EJP2Q
Uni Posca Paint Marker Pen| Extra Fine Point| Set of 7 Natural Color (PC-1M 7C)| 2 Pack,B08HDMFZSL
Uni-Posca Paint Marker Pen - Extra Fine Point - Set of 8 (Pc-1M8C)| Model:PC-1M 8C - 4 Pack,B08HVPJHLQ
UNI-BALL POSCA PC-3M SLATE GREY (PACK OF 12),B00ITTMDXQ
Posca Acrylic Paint Marker| Ultra-Fine| Green,B002BDMAFW
Posca Acrylic Paint Marker| PC-1MR Ultra Fine tip| Orange (PX89805000),B00CJ9INK4
Uni Posca Paint Marker Pen PC-1M | Extra Fine Point| Pink Ink| Value Set of 20,B073HQSJNM
Uni Posca Paint Marker PC-5M - Sky Blue,B0091YD9DQ
UNI-BALL POSCA MARKER PEN PC-5M - YELLOW - PACK OF 3 PENS,B00L7RH1RU
Uni Posca Marker PC-3M Paint Glass Pen Fine Bullet Tip 1.3mm White,B00CJCU7ZU
POSCA PC-1M Set - 5 Colours in wallet + a free Light Orange PC-1M,B06VSP877B
uni Posca Paint Marker Pen - Medium Point - Set of 15 (PC-5M15C)| Assorted - Case 2,B08H1634GC
Uni Posca Fine Marker| Yellow Green (PC3M.5),B001HATVIO
3 Set Mitsubishi Pencil uni Posca Poster color marker Super Thin PC-5M Black from Japan,B08LBN1SCP
POSCA MARKER PEN PC-1MR FULL RANGE 16 Pen Set - All Colours,B01JJ2L60M
Uni Posca Paint Marker Pen PC-3M| Fine Point| Blue Ink| 20-Pack| Sticky Notes Value Set,B079DLLM1B
POSCA Acrylic Paint Markers - Beige - PC-3M Fine,B00CJDGXYS
Uni poster color marker Posuka POSCA fine print PC-3M gray 10 piece,B002CKHDQA
Uni Posca Paint Marker Pen PC-3M | Fine Point| Light Orange Ink| Value Set of 30,B073HS9R4P
Uni POSCA - PC-3ML Art Paint Markers - Set of 4 - In Plastic Wallet - Glitter Primary Tones,B07XTMSS5B
[3 pcs set] Uniball Kingdom Posca PC-8K marker 8 mm Black from Japan,B01LWTSZ9G
uni POSCA PC-8K 8mm Broad Chisel Tip Paint Marker Metallic Violet 8113677 NEW supplier_markerpop,B01N0GUPEL
POSCA PC-3m by Uni-Ball - [Pack of 3] Metallic Bronze,B01NBWCVQK
Uni-Ball Posca PC5M M Uni 10C to Paint Marker| Assorted| Round| 1. 8-2.5 mm (Pack of 10),B00ABJQ6I0
Artgecko A4 Shady Sketchbook - Jet Black Card - 200gsm - 40 Sheets + PC-5M Metallic Set of 8 Pens,B08C35W9WJ
Uni Posca Paint Marker FULL RANGE Bundle Set | Mitsubishi Poster Colour ALL COLOR Marking Pen Fine Point ( PC-3M ) 24 Colours ( 17 Standard & 7 Natural ) Japan Import,B06ZYTZXG2
POSCA PC-3ML GLITTER PAINT MARKER - Sparkling Orange,B00AGH80A4
Uni Posca Paint Marker FULL RANGE Bundle Set| Mitsubishi Poster Colour ALL COLOR Marking Pen Medium Point (PC-5M) 29 Colours (22 Standard & 7 Natural) Japan Import - Pack 5,B08FR6TH18
Uni Posca Marker PCF-350 Paint Glass Pen Brush Tip 8mm Red,B00CKXYQAU
Uni POSCA - PC-3M Art Paint Markers - Set of 8 - In Gift Box - Citrus Tones,B07Y8D9VRB
Uni Posca Paint Marker Pen PC-3M | Fine Point| Green Ink| Value Set of 10,B073HS6XZT
Uni Posca Paint Marker Pen PC-1M| Extra Fine Point| White Ink| 20-Pack| Sticky Notes Value Set,B07D52W35K
Uni Posca Glitter Paint Marker Pen PC-3ML| Fine Point| Green Ink| 10-Pack| Sticky Notes Value Set,B07BKT8F6T
UNI POSCA PC-17K FULL RANGE ALL 8 COLOURS,B00J5EN108
Uni Posca Fine Marker| Green (PC3M.6) by Uni,B018OQD16G
Uni Pc-1mr Posca Gold And Silver Blister,B00MBFSPWW
Uni Posca Extra Fine Marker| Pastel Purple (PC1MP.11),B01BY0M3CW
Uni POSCA PC-7M Paint Marker Art Pen - Large Bullet Nib - Full Range Set of 15,B078J8HBDD
Uni poster color marker De! Posuka POSCA superfine PC-1MD yellow 10 piece,B002CKKO8Y
Uni Posca Glitter Paint Marker Pen PC-3ML| Fine Point| Blue Ink| 20-Pack| Sticky Notes Value Set,B07D54LR86
UNI-BALL POSCA MARKER PEN PC-8K GREEN - SINGLE PEN,B00LB1P6E2
UNI-BALL POSCA MARKER PEN PC-3M - IVORY - SINGLE PEN,B00L7W6MX4
UNI POSCA PC-17K PACK OF 5 - WHITE,B00J5GLBZI
UNI-BALL POSCA MARKER PEN PC-5M - IVORY - Single Pen,B00L5H15VA
UNI POSCA PC-8K CHISEL TIP MARKER PEN- VIOLET (BOX OF 6),B00IXQTKZE
Uni-ball uni Posca Medium Bullet Tip Revolutionises 182505 – Marker| Set of 4 Neon,B017SMU2BE
UNI POSCA PC-8K CHISEL TIP MARKER PEN- GREEN (BOX OF 6),B00IYK83OI
PXR20,B004ORBATA
4 X Uni Posca Paint Marker PC-1M Black| 3 pens per Pack(Japan Import) [Komainu-Dou Original Package],B0164F0R0W
Uni-posca Paint Marker Pen - Extra Fine Point - Set Of 12 (PC-1M12C) supply:homesales,B01MXO8XZP
UNI POSCA PC-8K CHISEL TIP MARKER PEN- BLACK (BOX OF 6),B00IXQWSAI
uni Posca Black Board Marker -Medium Point-8 Colors Set (PCE2005M8C),B009AM0SCE
2 X Uni Posca Extra Fine Marker| White (PC1M.1),B0163I1LDW
Posca Art Paint Marker (PX89789000),B0046ZAH9E
Uni Posca Paint Marker Pen PC-1M | Extra Fine Point| Blue Ink| Value Set of 20,B073HTQSGB
Uni poster color marker Posuka POSCA superfine PC-1M Fri 10 piece,B002CKHD3I
Uni Posca Paint Marker PC-1M Black| 2 pens per Pack(Japan Import) [Komainu-Dou Original Package],B00KK627OG
uni POSCA PC-8K 8mm Broad Chisel Tip Paint Marker Pink 9002210 NEW supplier_markerpop,B01MTQJZJ2
UNI-BALL POSCA MARKER PEN PC-1M - BLACK - SINGLE PEN,B00L82WC4Q
Uni Posca Paint Marker Pen PC-3M | Fine Point| Light Orange Ink| Value Set of 10,B073HV22KG
Uni POSCA - PC-3M Art Paint Markers - Set of 4 - in Plastic Wallet - Grey Tones,B07CVHWHF2
Uni poster color marker Posuka POSCA thick PC-17K light blue 10 piece,B002CKKPQA
Uni Posca Paint Marker Pen PC-1M| Extra Fine Point| Orange Ink| 20-Pack| Sticky Notes Value Set,B079DN9QZ5
Uni Posca Paint Marker PC-5M - Lilac,B0091YB4TW
UNI-BALL POSCA MARKER PEN PC-3M - GREY - SINGLE PEN,B00L7TK4XQ
Mitsubishi Pencil [5 Pens Set!!] uni Posca Poster color marker Super Thin PC-1M Red from Japan,B01CS2MM0I
uni-ball Uni POSCA 181738 Marker with Extra Fine Nib 0.7 mm Line Width Lavender Purple,B07YQ9C2Z5
UNI-BALL POSCA MARKER PEN PC-5M - LIGHT ORANGE - Single Pen,B00L5D27PC
Uni Posca Paint Marker Pen PC-5M | Medium Point| White Ink| Value Set of 3,B06XBLV957
Uni Posca Paint Marker PC-5M - Silver,B0091YD0L2
POSCA Colouring - PC-3M Earth Tones - Set of 8 - in Gift Box,B0779B44SH
Uni POSCA PC-1MR Paint Marker Art Pens - 0.7mm - Sunshine Yellow - Single Pen,B07WW4TD7X
Uni Posca PC-1MR Silver Colour Paint Marker Pens Ultra Fine 0.7mm Calibre Tip Nib Writes On Any Surface Glass Metal Wood Plastic Fabric (Pack of 3),B00MWSWY0C
Uni Posca Marker PC-3M Paint Glass Pen Fine Bullet Tip 1.3mm Emerald Green,B00CJD4XG8
UNI-BALL POSCA MARKER PEN PC-1M - SILVER - SINGLE PEN,B00L98ODZU
Uni POSCA PC-5M Paint Marker Art Pens - 1.8-2.5mm - Sunshine Yellow - Pack of 3,B07WTMJCX8
Uni Posca Paint Marker PC-3M - Red,B009KG152W
Uni-ball POSCA - PC-3M Art Paint Markers - Set of 8 - In Gift Box - Ocean Tones,B07Y8DDCS4
Uni Posca Marker PC-17K Paint Glass Pen Broad Chisel Tip 15mm Green,B00CKWSZIA
POSCA - PC-5M and PC-3M - Essential Set of 20 - in Limited Edition Canvas Wrap,B01F7LE9EO
Artgecko A4 Freestyle Sketchbook - White Bleedproof Paper - 250gsm - 30 Sheets + PC-5M Classic Set of 8 Pens,B08LL2FB6F
Uni Posca Paint Marker Mitsubishi Poster Color All Color Marking Pen Fine Point PC-3M 31 Color Set 17 Standard & 7 Natural & 7 Glitter With Kanji LOVE Sticker,B08GS96H29
Uni Posca 3 Gold Paint Markers = 3 Different Point Sizes per Pack: PC-1M(0.7 mm)| 3M(0.9~1.3 mm)| 5M(1.8~2.5 mm),B075FWDDD2
Uni Posca Paint Marker Pen PC-3M | Fine Point| Bright Yellow Ink| Value Set of 10,B073HVMY2C
UNI Posca Briefcase 24 Pieces - Acrylic Paint Markers,B0842QLR44
Uni Posca Fine Marker| Red (PC3M.15),B001D7WPFW
Uni : Posca Marker : PC-3M : Fine Bullet Tip : 0.9 - 1.3mm : Blue,B00F9EJOHM
POSCA Acrylic Paint Marker| Medium,B0046Z8Z20
UNI POSCA Gift Box 24 pcs assorted cap Red,B089WKMSM6
Uni Posca Paint Marker Pen PC-1M | Extra Fine Point| Blue Ink| Value Set of 30,B073HSCPNK
Uni Posca PC-1MR Yellow Colour Paint Marker Pens Ultra Fine 0.7mm Calibre Nib Tip Writes On Any Surface Glass Metal Plastic Fabric Stone Wood (Pack of 1),B00MX28KGO
posca PX89920000 Art Paint Marker| Silver,B002BDXOV6
MITSUBISHI PENCIL CO.LTD| Uni Posca Paint Marker PC3M 15C| Premium Quality| 15 Multicolor Fine Point Pen| 3 Packs of Original Translucent Sticky Notes| Non Toxic Material| Best Birthday Gift,B07DXC63J9
Uni Posca Fine Marker with Lame| Violet (PC3ML.12),B001HAOBDE
uni Markers - Medium Points (2-Pack),B07PT9WW23
POSCA Colouring - PC-5M Skin Tone Set of 4 - In Wallet,B06X3RG7YP
Uni Posca Paint Marker PC-7M - Green,B07L45MT9L
Uni Posca PC-1MR Orange Colour Paint Marker Pens Ultra Fine 0.7mm Calibre Tip Nib Writes On Any Surface Glass Metal Wood Plastic Fabric (Pack of 3),B00MWSWE6G
Uni poster color marker Posuka POSCA superfine PC-1M blue 10 piece,B002CKKPWO
Uni Posca Paint Marker Mitsubishi Poster Color 7 Marking Pen Fine Point PC-3M 7 Glitter Color Set With Kanji LOVE Sticker,B08J437DNX
Uni Posca Paint Marker Pen PC-1M| Extra Fine Point| Pastel Purple Ink| 30-Pack| Sticky Notes Value Set,B079DNLKLR
Posca Acrylic Paint Marker| PC-1MR Ultra Fine tip| Metallic Red (PX89904000),B00CJ9OJN4
Uni Posca Extra Bold Marker| Blue (PC17K.33),B001GR4DYK
UNI-BALL POSCA PCF-350 BRUSH TIP MARKER - WHITE - SINGLE PEN,B00L81RNAA
posca PX36855000 Art Paint Marker| Apple Green,B002BW5YB0
Uni-ball Posca PC5MT10C Paint Marker Pen - Medium Point - Set of 10,B004ORYZ1A
UNI-BALL POSCA PC-3M BRIGHT YELLOW (PACK OF 12),B00ITVK8O0
Uni Posca Paint Marker Pen New Dark colors| Medium Tip Line Width 1.8-2.5mm| set of 8 (5 new dark color & 3 basic colors) Japan Import,B07BZMN8YT
Uni Posca Marker PC-8K Paint Glass Pen Broad Chisel Tip 8.00mm Metallic Green,B00CKT3A60
Uni Posca Paint Marker Mitsubishi Poster Color 17 Marking Pen Medium Point PC-5M 15 Standard & Gold|Silver Set With Kanji LOVE Sticker,B08HHX751N
Uni POSCA PC-5M Paint Marker Art Pens - 1.8-2.5mm - Apricot - Single Pen,B07WSQ8PM8
Uni Posca Paint Marker PC-5M - Metallic Green,B009KFJ37W
Posca PX152686000 Acrylic Paint Marker| Medium| Green,B000H6UPAW
Uni-Ball Uniball POSCA PC-1MR Ultra Fine Marker Pens GOLD & SILVER PACK of 2,B00JVUWMSS
Uni POSCA PC-1MR Paint Marker Art Pens - 0.7mm - Sunshine Yellow - Pack of 3,B07WP5TZ2L
uni-ball Posca PC-8K Broad Chisel Tip Marker - Yellow| Pack of 6,B001QJIQHS
Posca Pens Fine Surf Pen- Silver,B000N6MHJI
uni-ball Uni POSCA 186747 Marker with Extra Fine Bullet Tip 0.7 mm Line Width Sky Blue Blue,B07YQ9X4N5
posca PX364208000 Art Paint Marker| Pink,B0046Z36TM
UNI-BALL POSCA MARKER PEN PC-3M - VIOLET - SINGLE PEN,B00L7SRFOI
Uni Posca Paint Marker Pen PC-3M| Fine Point| Gold Ink| 20-Pack| Sticky Notes Value Set,B07D569PR3
Uni Posca Paint Marker Pen PC-5M | Medium Point| Sky Blue Ink| Value Set of 10,B073HSFL18
Mitsubishi Pencil [Red|Blue|White & Black Set!!] uni Posca Poster color marker Thin PC-1M from Japan,B01LXK9XQR
Uni Posca Pen - Fine Bullet Tip - Emerald Green (PC-3M) by Uni-ball,B01IQGP2IE
Uni Posca Black Board Marker -Medium Point-8 Colors with MIYABI Stationery Store Original Pen Case set(PCE2005M8C),B08F4TVM8X
POSCA PC-3m by Uni-Ball - [Pack of 3] Glitter Yellow,B01NBWHKNP
Uni Posca Paint Marker FULL RANGE Bundle Set| Mitsubishi Poster Colour ALL COLOR Marking Pen Medium Point (PC-5M) 29 Colours (22 Standard & 7 Natural) Japan Import - Pack 3,B08FR19CJT
Uni Posca Paint Marker Pen PC-3M| Fine Point| Brown Ink| 10-Pack| Sticky Notes Value Set,B079DP5MZP
Uni Posca PC-1MR Assorted Colour Pack Paint Marker Pens Ultra Fine 0.7mm Calibre Tip Nib Writes On Any Surface Glass Metal Wood Plastic Fabric (1 of Each Colour - 16 Pens),B00MWSQKTS
Uni Posca Marker PC-5M Paint Glass Pen Fine Bullet Tip 2.5mm Light Pink,B00CKK5F2Q
Uni-POSCA PC8K15C Paint Marker Pen Bold Point Set of 15 (Japan Import) (Thrее Расk),B089NWNJV6
Uni Posca Medium Marker| Green (PC5M.6),B000THX894
Uni Posca Paint Marker Pen| Mitsubishi Poster Color Marking Pen Extra Fine Point (PC-1M) 3 Colors| Set of 3(White| Pink| Light Blue) Japan Import,B07X45Q5CV
Uni Posca Paint Marker Pen PC-3M| Fine Point| Pink Ink| 10-Pack| Sticky Notes Value Set,B079DM6PBW
Uni-posca Pc5m8 Paint Marker Pen Medium Point Set of 8 (Japan Import),B00DBTE7LA
UNI POSCA Gift Box 24 assorted cap Green,B089WJYX8S
Uni Posca Paint Marker Pen PC-3M| Fine Point| Silver Ink| 20-Pack| Sticky Notes Value Set,B07D56FDWD
uni-ball Posca PC-1MR Ultra Fine Bullet Tip Marker - Black| Pack of 12,B00GOTPEFW
POSCA Colouring - PC-5M Full Spectrum Set of 16 - in 2 Gift Boxes,B01MUQ0Q36
Uni Posca Paint Marker Pen PC-5M| Medium Point| Green Ink| 30-Pack| Sticky Notes Value Set,B079DPRDQ8
UNI Posca Briefcase Set of 60 - Acrylic Paint Markers,B0842Q5L4F
Posca Art Paint Marker (PX146621000),B00AOGKHGW
Uni Posca Pen - Fine Bullet Tip - Sky Blue (PC-3M) by Uni-ball,B01IQGMRJG
Uni Posca Extra Fine Marker%¶ÝÏ% White (PC1M.1) 4 set,B075WW7BWF
Uni Posca Extra Fine Marker| Sliver (PC1M.26),B001BFU3UK
Uni Posca Extra Bold Marker| Red (PC17K.15),B001GR8C7Y
Uni : Posca Marker : PC-7M : Bullet Tip : 4.5 - 5.5mm : Starter Set of 8 Assorted Colours,B079JTK4SS
Uni Posca Marker PC-17K Paint Glass Pen Broad Chisel Tip 15mm Light Blue,B00CKWVET2
PC-3M Uni Posca White Paint Marker Pens Medium Bullet Tip 1.5mm Nib Writes On Any Surface Fabric Glass Stone Metal Wood Plastic (Pack of 3),B00MX26RRS
POSCA PC-3m by Uni-Ball - [Pack of 3] Dark Brown,B01MUCSINJ
UNI-BALL POSCA MARKER PEN PC-3M - RED - SINGLE PEN,B00L7S9MQC
UNI POSCA PC-8K CHISEL TIP MARKER PEN- FLUORESCENT RED (BOX OF 6),B00IXQJ20W
Uni : Posca Marker : PC-1MR : Ultra-Fine Pin Tip : 0.7mm : Assorted Colours Set of 16,B015UD2L58
got uni-? - 10oz Frosted Coffee Mug Cup| Frosted,B08382NW6X
Uni poster color marker Posuka POSCA bold PC-8K fluorescent orange 10 piece,B002CKHF1I
Uni Posca Paint Marker Pen PC-1M | Extra Fine Point| Orange Ink| Value Set of 10,B073HVBHSB
Uni Posca Paint Marker Pen PC-3M| Fine Point| Orange Ink| 10-Pack| Sticky Notes Value Set,B079DNL72T
Uni Posca PCF-350 Brush Tipped Paint Marker Art Pen - Fabric Glass Metal Pen - Gold + Silver Set (1 of Each),B07214Q2B1
Uni Posca Paint Marker Pen PC-3M | Fine Point| Orange Ink| Value Set of 10,B073HT6LGY
UNI-BALL POSCA PC-3M BEIGE (PACK OF 12),B00ITVK1JM
Uni Posca Paint Marker Pen PC-3M | Fine Point| Pastel Purple Ink| Value Set of 30,B073HTG2WT
Posca PC-3M Paint Marker Pens - Glass Metal Pen - Set of White| Gold and Silver,B071WQBFJQ
Uni-Ball POSCA PC-5M [8 Pen Set] includes 1 of each - Black| White| Pink| Red| Yellow| Green| Blue and Light Blue,B00I9BZYQC
UNI POSCA Gift Box 24 assorted caps Blue,B089WJS2Z2
Uni poster color marker Posuka POSCA in di PC-5M peach 10 piece,B002CKFDDK
Uni PC-5M Posca Paint Pen Pink,B0037XKCU0
1 x Ivory Uni Posca PC-5M Paint Marker Glass Pen Bullet Tip 2.5mm,B004BF08LQ
Uni Posca Paint Marker Pen PC-1M | Extra Fine Point| White Ink| Value Set of 3,B06XC1T5MJ
5 Set X Uni-posca Paint Marker Pen - Fine Point / PC-3M15C,B01M10PF4C
POSCA Colouring - PC-1MR and PC-5M - 32 Pen Range - In Artist Carry Case,B01J41ZJGU
Posca Acrylic Paint Marker| Medium| Red Wine,B0037XRGP4
UNI-BALL POSCA MARKER PEN PC-3M - SILVER - SINGLE PEN,B00L7TLRYG
Uni Posca Marker PC-3M Paint Glass Pen Fine Bullet Tip 1.3mm Yellow,B00CJCD0TA
Uni Posca Paint Marker PC-3M - Light Orange,B009KFZ76I
Posca Acrylic Paint Marker| Broad Chisel| White,B000N6ON72
UNI POSCA PC-17K PACK OF 5 - PINK,B00J5GHMXI
Artgecko A5 Freestyle Sketchbook - White Bleedproof Paper - 250gsm - 10 Sheets + PC-1MR Basics Set of 5,B08LNDLMBG
Uni Posca Marker PCF-350 Paint Glass Pen Brush Tip 8mm Green,B00CKYCA5W
Uni Posca Paint Marker PC-8K Black(Japan Import),B000TI132C
Uni Posca PCF-350 Black Colour Paint Marker Pen 0.1mm - 10mm Brush Nib Tip Writes On Any Surface Wood Plastic Fabric Glass Metal Stone (Pack of 1),B00MX2A4EA
UNI POSCA Paint Marker Pen Fine Point Brown Ink PC1M21 Set of 5 with Davinci Pen Acrylic Holder,B082DBM4K3
Uni Posca 60 Piece Case,B077FZXDKX
Uni POSCA PC-3M Paint Marker Art Pens - 0.9-1.3mm - Apricot - Single,B07WWXNQMJ
Uni Posca Paint Marker Pen| Extra Fine Point| Set of 7 Natural Color (PC-1M 7C) With original pen case,B07FYXVNZ2
UNI POSCA Gift Box 24 pcs assorted cap Pink,B089WKB1VQ
Uni Posca Paint Marker Pen PC-5M| Medium Point| Red Ink| 20-Pack| Sticky Notes Value Set,B079DP6ZW8
UNI-BALL POSCA MARKER PEN PC-5M - STRAW YELLOW - Single Pen,B00L5HO3JQ
uni POSCA White = 3 Different Point Sizes per Pack: PC-1M(0.7 mm)| 3M(0.9~1.3 mm)| 5M(1.8~2.5 mm),B07CHHG5XN
Uni Posca FULL RANGE Set| Bold Point 15 Colours PC8K15C| Medium Point 29 Colours PC-5M| Fine Point 24 Colours PC-3M| Extra Fine Point 21 Colours PC-1M With Original Plastic Case,B07SPK6PJK
Uni Posca Marker PC-3M Paint Glass Pen Fine Bullet Tip 1.3mm Grey,B00CJD0IC6
Uni Posca Extra Fine Marker with Lame| Blue (PC1ML.33),B000H6UOYO
Uni Posca Paint Marker Pen| Mitsubishi Poster Color All Color Marking Pen Fine Point (PC-3M) 7 Colors| Set of 7(Warm Colors) Japan Import,B07X1C7DVL
Uni Posca Paint Marker Pen PC-5M | Medium Point| Pastel Yellow Ink| Value Set of 30,B073HT3CLD
UNI POSCA PC-5M MARKER PEN - APPLE GREEN (PACK OF 12),B00IXJNW3M
4 X Uni Posca Fine Marker| Light Orange (PC3M.54),B0164FJFWS
Uni PC-3M POSCA Permanent Marker Pen 0.9-1.3 mm. Pink Ink| Pack 2 pcs.,B08675VSFY
Posca Acrylic Paint Marker| Ultra-Fine| Yellow,B002BDXOR0
Posca Art Paint Marker (PX146654000),B00ANZ7N0M
uni Posca PC8K Marker Broad Tip Line Width 8mm White Ref 9002204 [Pack 6] [per Pack: 6],B001QL3SDS
Uni-ball Posca (186590) Replacement Tips Fine Bullet Tip Marker – Set of 3,B00EYTJTN2
Uni-posca PC-1M Paint Marker Pen - Extra Fine Point - Set of 12&Uni-Ball Gel Impact UM-153 White [Pack of 3] Broad 1.0mm Rollerball,B07BWBYP32
UNI POSCA PC-5M MARKER PEN - EMERALD GREEN (PACK OF 12),B00IXK4OXI
Uni Posca Paint Marker FULL RANGE Bundle Set | Mitsubishi Poster Colour ALL COLOR Marking Pen Extra Fine Point ( PC-1M ) 21 Colours ( 14 Standard & 7 Natural ) Japan Import,B071DHGPBP
Uni Posca Marker PC-3M Paint Glass Pen Fine Bullet Tip 1.3mm Gold,B074QSLX1P
Uni Posca Pen - Fine Bullet Tip - Ivory (PC-3M) by Uni-ball,B01IQGLMF6
Mitsubishi Pencil Co.| Ltd. Paint Markers Pen Bold Point (3-Pack),B082314QL8
Uni Posca Paint Marker Pen PC-1M| Extra Fine Point| Red Ink| 20-Pack| Sticky Notes Value Set,B079DMPR5C
Uni Posca Paint Marker FULL RANGE Bundle Set | Mitsubishi Poster Colour ALL COLOR Marking Pen Medium Point ( PC-5M ) 29 Colours ( 22 Standard & 7 Natural ) Japan Import,B06ZYKRQJQ
UNI POSCA PC-8K CHISEL TIP MARKER PEN- BROWN (BOX OF 6),B00IXQHB1Y
Uni-Ball Uniball POSCA PC-5M medium Marker Pens THE SET OF 8 BEST SELLERS,B00LZRZARK
Uni poster color marker Posuka POSCA in di PC-5M fluorescent green 10 piece,B002CKDJAO
Artgecko A4 Shady Sketchbook - Jet Black Card - 200gsm - 40 Sheets + PC-5M Pastel Set of 8 Pens,B08C34WZKM
Uni Do! Posca Extra Fine Pastel Colors| Pastel Blue (PC1MDP.33),B004NO4K8M
Uni Posca PC-3M Slate Grey Colour Paint Marker Pen 1.5mm Fine Bullet Nib Writes On Any Surface Plastic Glass Wood Fabric MetaL (Pack Of 1),B00MX25OP4
uni Posca PC3M Marker Fine Tip Line Width 0.9-1.3mm Black Ref 9002000 [Pack 12] by Uni-ball,B01IQF0UQY
Mitsubishi Pencil [5 Pens Set!!] uni Posca Poster color marker Super Thin PC-8M Black from Japan,B01IZNQRLO
UNI-BALL POSCA MARKER PEN PC-3M - PINK - SINGLE PEN,B00L7SSGBE
posca PX152728000 Art Paint Marker| Pink,B00ANZ7VIQ
Uni Do! Posca Extra Fine Shiny Colors| Blue (PC1MDS.33),B008Z748E4
POSCA PC-3ML GLITTER PAINT MARKER - Sparkling RED,B00AGHHSJ8
Uni Posca Glitter Paint Marker Pen PC-3ML| Fine Point| Pink Ink| 30-Pack| Sticky Notes Value Set,B07D5539XD
Uni Posca Paint Marker Pen| Fine Point (PC-3M)| 24 Colors Set with Japanese Stationery Store Original Pen Case Set(PC-3M24C),B07W7H13CJ
Mitsubishi Pencil Water-based Pen-Poska Medium letter round core 8 colors PC5M8C Japan,B077L3F7JN
Posca Uni Paint Marker Pen - Medium Point - 29 Color Set| Japanese stationery original packaged (PC-5M29C),B07JD2P8K4
UNI-Ball POSCA Marker Pen PC-8K - White - Pack of 3 PENS,B00PUK4LPA
Uni-ball 186808 Marker UNI POSCA Case with 60 Pens| Multicoloured,B078JSKTV1
Posca Acrylic Paint Marker| PC-1MR Ultra Fine tip| Metallic Pink (PX89847000),B00CJ9PICK
Uni Posca Marker PC-8K Paint Glass Pen Broad Chisel Tip 8.00mm Pink,B00CKQADJU
Posca Extra-fine 1M 12 Color Set + Original memopad,B085XLTHJL
Uni Posca Pen - Ultra Fine Bullet Tip - Light Blue (PC-1MR) by Uni-ball,B01IQGJN0C
Uni Pc-3m Posca Marker Blue,B00UXM01Y0
Posca Acrylic Paint Marker| PC-1MR Ultra Fine tip| Green (PX89813000),B00CJ8252C
Uni Posca Extra Fine Marker -White -PC1M.1/Total 3Pen Set,B071NH8X45
Uni Posca Paint Marker PC-5M Medium Bullet Tip Slate Grey,B00CK6MQTK
UNI-BALL POSCA MARKER PEN PC-3M - SILVER - 3 PACK OF PENS,B00L7ZVW86
Uni-ball Posca PC-8K Japan Marker Pen| 8 Color Set,B008LXML46
Posca Acrylic Paint Marker| Extra Broad| Blue,B000N6QRGW
Uni Posca Aqueous character in PC-5M Yellow,B000TI13G8
Mitsubishi Pencil [5 Pens Set!!] uni Posca Aqueous felt-tip pen Thin and Round core PC-3M Blue from Japan,B01CS2BZBA
Posca Acrylic Paint Marker| PCF-350 Brush tip| Yellow (PX146613000),B00CKY4QX6
UNI POSCA PC-17K PACK OF 5 - BLACK,B00J5G0N7U
Uni Posca Paint Marker PC-1M - Light Green,B009KG6WKC
Posca Acrylic Paint Marker| Ultra-Fine| Gold,B002BDO1YU
Uni-Posca（ PC-3M ）Fine print Gold（ PC3M.25）＋ Fine print Silver（PC3M.26）10 PEN SET (Gold 5pen + Silver 5pen,B085HS6QQV
UNI-BALL POSCA MARKER PEN PC-1M - LIGHT BLUE - SINGLE PEN,B00L83C7PE
Uni Posca PC-1MR Metallic Blue Colour Paint Marker Pens Ultra Fine 0.7mm Calibre Nib Tip Writes On Any Surface Glass Metal Plastic Fabric Stone Wood (Pack Of 1),B00MX21HXC
Uni POSCA PC-1M Paint Marker Art Pens - 0.7mm - Lavender - Pack of 3,B07WSDD9K8
POSCA PC-3ML Glitter Paint Marker - Full Range Set of 7 Pens,B00AGHKRHI
Uni Posca Paint Marker Pen PC-3M| Fine Point| Purple Ink| 20-Pack| Sticky Notes Value Set,B079DNP7JV
UNI-BALL POSCA BRUSH MARKER PEN PCF-350 - BLACK - PACK OF 3 PENS,B00PUKV3YC
Uni Pc-8k Posca Marker Beige,B0046ZAJVK
Uni Posca Paint Marker Pen PC-3M| Fine Point| Sky Blue Ink| 20-Pack| Sticky Notes Value Set,B079DN22Q2
UNI-BALL POSCA PCF-350 BRUSH TIP MARKER - PINK - SINGLE PEN,B00L81VBX0
Uni Do! Posca Extra Fine| White (PC1MD.1),B004FY8QQM
Uni Posca Extra Fine Marker| Coral Pink (PC1M.66),B01BY1233K
Uni-Posca Paint Marker Pen - Fine Point - Set of 15 (PC-3M15C) - Pack 3,B08FQRKDRH
Uni Posca Paint Marker Pen PC-5M | Midium Point| 29 Color Set,B073XG3KGC
Uni Posca Paint Marker PC-5M Gold(Japan Import),B001HATVKW
Uni Posca Fine Marker| Purple (PC3M.12),B001HAS4RI
Uni Posca Medium Marker| Sky Blue (PC5M.8),B001GR8C74
Uni Posca PC-7M Bright Yellow,B07GNXLBRZ
Uni Posca - PC-5M - 17 Pack - Water Based Pigment Ink Markers - 2.5mm Nib,B00MY626NM
UNI-BALL POSCA MARKER PEN PC-5M - WHITE - PACK OF 3 PENS,B00L5I2O4G
Uni Posca PC-5M Black Colour Paint Marker Pens 2.5mm Medium Bullet Tip Nib Writes On Any Surface Metal Glass Wood Fabric Plastic Stone (Pack of 1),B00MWVACQW
Mitsubishi Pencil [3 Pens Set!!] uni Posca Poster color marker Super Thin Highlight|fluorescence Type PC-5M Green from Japan,B01H1HNTGG
POSCA Colouring - PC-3M Midnight Tones - Set of 8 - in Gift Box,B0779C1YVR
Uni Posca Marker Pc-8k Paint Glass Pen Broad Chisel Tip 8.00mm Metallic Blue,B00UXM2A62
4 X Uni Posca Extra Bold Marker| Red (PC17K.15),B0164F7IAO
Uni Posca Medium Marker| Pink (PC5M.13),B000TI13I6
Uni Posca Glitter Paint Marker Pen PC-1ML| Extra Fine Point| Blue Ink| 10-Pack| Sticky Notes Value Set,B07BKW62RG
Uni Posca Paint Marker Pen PC-3M | Fine Point| Light Blue Ink| Value Set of 10,B073HSCMZD
got uni-? - 17oz Ceramic Latte Coffee Mug Cup| White,B083ZHCZC4
NEW Uni Posca Marker Thin 15 Colors Set PC-3M 15C Import Japan,B075KFGLSK
Uni Pc-1MR Posca Marker Ultra Fine Black by Uni-ball,B01AVVJU58
Uni Posca Paint Marker Pen| Mitsubishi Poster Color ALL COLOR Marking Pen Fine Point (PC-3M) 6 Colors| Set of 6(Brown| Pink| orange| yellow| Skin color original set) Japan Import,B07WS89P9T
5 X Uni Posca Paint Marker Pen| Medium Point| Set of 8 (PC-5M8C),B015ZP7SZY
UNI-BALL POSCA MARKER PEN PC-3M - LILAC - SINGLE PEN,B00L7URZKK
Uni Posca Paint Marker Pen PC-3M | Fine Point| Gold Ink| Value Set of 10,B06XBP5ZXW
posca Acrylic Paint Marker| Medium| Yellow,B000H6UP84
Uni Posca Fine Marker| Green (PC3M.6),B001D7ZYQO
POSCA Black & White - Full Set of 16 Pens (PC-17K| PC-8K| PC-7M| PC-5M| PC-3M| PC-1M| PC-1MR| PCF-350),B078HQZYL8
Posca Acrylic Paint Marker| PC-5M Medium tip| Grey (PX152769000),B00CK6CMVC
Uni Posca Marker PC-5M Paint Glass Pen Fine Bullet Tip 2.5mm Lilac,B00CKK4504
Uni Posca Bold Marker Fluorescence Colors| Orange (PC8KK.4),B0091GA0U4
Uni Posca Paint Marker PC-5M - Brown,B0091Y106E
Uni Posca Paint Marker Pen PC-3M | Fine Point| Orange Ink| Value Set of 30,B073HT9Y8M
Uni Posca Paint Marker PC-17K - Yellow by Uni-ball,B01AVVJDH8
Uni Posca Paint Marker Pen PC-5M | Medium Point| Pastel Orange Ink| Value Set of 30,B073HQXTSD
7 X Uni-posca Paint Marker Pen - Extra Fine Point - Set of 8 (PC-1M8C),B0161VGB6I
Posca Acrylic Paint Marker| Medium| Metal Red,B0036TD1BC
Uni POSCA Mixed Marker Pack - 7 Paint Markers In Various Sizes - Brush| 1Mr| 1M| 3M| 5M| 8K| 17K (Black),B00TSCGN20
Uni POSCA PC-1MR Paint Marker Art Pens - 0.7mm - Apricot - Single Pen,B07WV5DC89
Mitsubishi Pencil [3 Pens Set!!] uni Posca Poster color marker Super Thin PC-1M Gold from Japan,B01CZHDI72
UNI-BALL POSCA MARKER PEN PC-3M - BEIGE - SINGLE PEN,B00L7W16GC
Uni Posca PC-1M Paint Art Marker Pens - Fabric Glass Metal Pen - Full Range Set of all 21 Colours,B071GYSJ1F
Uni Posca PC-1MR Gold Colour Paint Marker Pens Ultra Fine 0.7mm Calibre Tip Nib Writes On Any Surface Glass Metal Wood Plastic Fabric (Pack of 3),B00MWSVTTY
Uni Posca Paint Marker Mitsubishi Poster Color 12 Marking Pen Medium Point PC-5M 7 Natural & 5 Dark Colors Set With Kanji LOVE Sticker,B08JCCNH87
Uni Posca Paint Marker Pen PC-3M | Fine Point| Light Green Ink| Value Set of 20,B073HSFFXS
UNI POSCA PC-5M MARKER PEN - BROWN (PACK OF 12),B00IXKB9K4
Uni Do! Posca Extra Fine Shiny Colors| Shiny Baby Pink (PC1MDS.68),B008Z764JG
Uni Posca Paint Marker Mitsubishi Poster Color 7 Marking Pen Fine Point PC-3M 7 Natural Color Set With Kanji LOVE Sticker,B08J3ZG1MJ
uni Posca Black Board Marker -Bold Point-8 Colors Set (PCE2508K8C),B009AM1RKQ
Evolve E19 Water Based Acrylic Paint Marker Set of 14 with Round Nylon Nib. Similar to Krink| Posca| Decocolor| Uni-Paint| Prisma,B08L3V41WT
UNI-BALL POSCA MARKER PEN PC-3M - EMERALD GREEN - SINGLE PEN,B00L7UMN0C
Uni Posca Paint Marker PC-17K Black (Japan Import),B001GR0DF8
Uni Posca PC-1MR Yellow Colour Paint Marker Pens Ultra Fine 0.7mm Calibre Nib Tip Writes On Any Surface Glass Metal Plastic Fabric Stone Wood (Pack of 6),B00MX2945K
Uni-ball - PC-3ML - Posca - Fine Bullet Tip - Sparkling Green,B01B7XCR90
Uni-posca Paint Marker Pen SUPECIAL SET (c-set) Mitsubishi Pencil Uni Posca Poster Color Marking Pens Medium Point 15 Colours (PC-5M15C)| Gold & Silver,B01LZC81WB
UNI-Ball POSCA Marker Pen PC-1M - Gold - Pack of 3 PENS,B00PUHTOEQ
UNI-BALL POSCA MARKER PEN PC-3M - BLACK - 3 PACK OF PENS,B00L7XF464
Uni POSCA Paint Marker Pen Pack of 10 Black Pen Set (PC1M.24) with DAVINCIPEN Silicon Pen Holder color black,B07WZNTXX8
Posca PC-3M Paint Art Marker Pens - Fabric Glass Metal Pen - Set of Black + White (1 of Each),B072JY9TZF
Uni Posca Paint Marker PC-5M - Black,B0091XZAAW
UNI-BALL POSCA MARKER PEN PC-3M - RED WINE - SINGLE PEN,B00L7VQ5W8
Uni-POSCA PC8K15C Paint Marker Pen Bold Point Set of 15 (Japan Import) (Twо Расk),B08JQF9ZGM
Uni Posca Paint Marker Pen PC-5M| Medium Point| Pink Ink| 10-Pack| Sticky Notes Value Set,B079DP2NZK
uni-posca Paint Marker Pen - Fine Point - Set of 15 (PC-3M15C) (2-pack),B07G72D3DH
Uni Posca PC-1MR Black Colour Paint Marker Pens Ultra Fine 0.7mm Calibre Tip Nib Writes On Any Surface Glass Metal Wood Plastic Fabric (Pack of 3),B00MWSVFDY
Uni Posca Paint Marker PC-1M Gold & Silver| 2 pens per Pack(Japan Import) [Komainu-Dou Original Package],B00LE8F70K
Markal B-Paintstik Solid Paint Ambient Surface Marker| 11/16 Diameter| 4-3/4 Length| Red (Pack of 12),B004N84B1Y
Uni Posca Paint Marker Pen PC-5M| Medium Point| Yellow Ink| 10-Pack| Sticky Notes Value Set,B079DNT9FV
Sanweller(TM) Uni-posca PC-1M Paint Marker Pen - Extra Fine Point - Set of 12| Free Shipping,B013HV2BTQ
Uni Posca Paint Marker Pen PC-1M| Extra Fine Point| Silver Ink| 30-Pack| Sticky Notes Value Set,B07D525JT4
Uni-posca Pc17k8c Paint Marker Pen Extra-bold Point Set of 8 (Japan Import),B00HEHGV1O
Uni poster color marker Posuka POSCA bold PC-8K fluorescent peach 10 piece,B002CKHEZU
Posca Acrylic Paint Marker| Ultra-Fine| Light Blue,B002BDVRXI
Uni Posca PC-5M White Colour Paint Marker Pens 2.5mm Medium Bullet Tip Nib Writes On Any Surface Metal Wood Plastic Fabric Glass Stone (Pack of 6),B00MX2AZ58
Mitsubishi Pencil [3 Pens Set!!] uni Posca Poster color marker Medium Size PC-5M Sky Blue from Japan,B01DDD31O2
UNI POSCA Paint Marker Pen Fine Point Blue Ink PC1M33 Set of 5 with Davinci Pen Sticky Note,B082C7RTKG
uni POSCA PC-8K 8mm Broad Chisel Tip Paint Marker Ivory 8107508 NEW supplier_markerpop,B01N66SARC
UNI POSCA PC-8K CHISEL TIP MARKER PEN- FLUORESCENT ORANGE (BOX OF 6),B00IXQOUFO
Uni Posca Paint Marker Pen| Mitsubishi Poster Color Marking Pen Extra Fine Point (PC-1M) 5 Colors| Set of 5 (Light Green| Green| Light Blue| Blue|Purple) Japan Import,B07X5KLJ6W
2 Set Mitsubishi Pencil uni Posca Poster color marker Super Thin PC-5M Black from Japan,B08LBMB1V1
Posca PX152702000 Acrylic Paint Marker| Medium| Blue,B000H6UP9S
Uni : Posca Marker : PC-3M : Fine Bullet Tip : 0.9 - 1.3mm : Bright Yellow,B00F9EJVGG
Uni POSCA PC-1M Paint Marker Art Pens - 0.7mm - Coral Pink - Pack of 3,B07WSDHM6V
Uni Posca Paint Marker Pen PC-3M | Fine Point| Brown Ink| Value Set of 10,B073HT7PND
Uni-Paint Paint Marker Pen| Extra-Broad Point| Yellow| 5-Count,B079WQBJTK
Uni Posca Paint Marker Pen PC-5M | Medium Point| Orange Ink| Value Set of 10,B073HSFFXF
Uni Posca Paint Marker Pen PC-3M| Fine Point| Pastel Green Ink| 10-Pack| Sticky Notes Value Set,B079DNC1M9
Uni Posca Paint Marker Pen PC-1M| Extra Fine Point| Pink Ink| 20-Pack| Sticky Notes Value Set,B079DMK9N9
Uni Posca Aqueous Aqueous bold PC-8K　Yamabuki,B003FGIL3E
Posca PC-1MR Anime Set - 6 Pens in Plastic Wallet - Red| Yellow| Green| Black| White| and Gold,B01IW1394W
Uni POSCA PC-1M Paint Marker Art Pens - 0.7mm - Aqua Green - Single Pen,B07WSFZLFF
UNI POSCA PC-5M MARKER PEN - LIGHT PINK (PACK OF 12),B00IXJMAMG
Uni Posca PC-3M Assorted Colour Pack Colour Paint Marker Pen 1.5mm Fine Bullet Nib Writes On Any Surface Glass Metal Wood Plastic Fabric (1 Of Each Colour - 27 Pens),B00MWSYEBE
Mitsubishi Pencil [3 Pens Set!!] uni Posca Poster color marker Super Thin PC-1M Black from Japan,B01CZHYJG6
#uni - 16oz Beer Pint Glass Cup,B082GKCMFN
Uni Posca Glitter Paint Marker Pen PC-1ML| Extra Fine Point| Red Ink| 10-Pack| Sticky Notes Value Set,B07BKW54T6
Set of 3 kinds of White Pen - Uni Ball Signo Broad Point Gel Impact Pen/Uni Posca Extra Fine Marker/Sakura Color ball sign souffle,B01CBHL4FE
uni-ball Posca Medium Bullet Tip Marker - Orange (Pack of 12) by Uni-ball,B00YJFGWAY
Uni POSCA PC-3M Paint Marker Art Pens - 0.9-1.3mm - Coral Pink - Single,B07WTX6G6P
UNI-BALL POSCA BRUSH MARKER PEN PCF-350 - RED - PACK OF 3 PENS,B00PUKZJHY
Uni Posca Paint Marker PC-1M Gold & Silver /Each 2 Pens Set - Total 8 Pens,B071Z666R2
Uni Posca PC-1M Ivory,B00IUKNRJS
Uni POSCA PC-1M Paint Marker Art Pens - 0.7mm - Lavender - Single Pen,B07WSG4Y4R
Uni Posca Paint Marker PC-8K - Gold,B009KFKEQ6
Uni Posca Glitter Paint Marker Pen PC-3ML| Fine Point| Blue Ink| 30-Pack| Sticky Notes Value Set,B07D531FBS
Posca Acrylic Paint Marker| Broad Chisel| Fluorescent Yellow,B0046Z5QEK
UNI POSCA PC-5M MARKER PEN - SLATE GREY by posca,B01IQGW016
uni-ball Uni Posca 181705 Marker with Extra Fine Nib 0.7 mm Line Width Light Yellow,B07YQB8VB1
uni-ball Uni POSCA 181767 Marker with Extra Fine Nib 0.7 mm Line Width Aqua Green,B07YQB7YLV
Uni Posca PC-5M Emerald Green Colour Paint Marker Pens 2.5mm Medium Bullet Tip Nib Writes On Any Surface Metal Wood Plastic Fabric Glass Stone (Pack of 1),B00MX2A8VE
Uni Posca Paint Marker PC-3M - Light Green,B0046Z37YQ
Posca Acrylic Paint Marker| Ultra-Fine| Blue,B002BDXOP2
Uni-ball - Multi craft pen kit,B07K7S2JJ6
Uni Posca Bold Marker Fluorescence Colors| Red (PC8KK.15),B0091G9424
3Set X Uni Posca Paint Marker PC-1M White - Total 6 Pens Set,B01M4S177H
Uni Posca Paint Marker Pen PC-1M | Extra Fine Point| Pastel Yellow Ink| Value Set of 30,B073HTDFL7
Uni poster color marker De! Posuka POSCA superfine PC-1MD metallic silver 10 piece,B002CKKOFC
Uni Posca Paint Marker Pen PC-3M | Fine Point| Light Pink Ink| Value Set of 10,B073HRK8CV
UNI-BALL POSCA PC-1MR METALLIC RED PACK OF 12 PENS,B00IS5P310
UNI POSCA PC-8K CHISEL TIP MARKER PEN- LIGHT GREEN (BOX OF 6),B00IYLG6GE
Uni Posca Medium Marker| Navy blue (PC5M.9),B01LKUYU4K
Uni Posca PC-1MR Blue Colour Paint Marker Pens Ultra Fine 0.7mm Calibre Tip Nib Writes On Any Surface Glass Metal Wood Plastic Fabric (Pack of 3),B00MWSVON0
UNI-BALL POSCA BRUSH MARKER PEN PCF-350 - GREEN - PACK OF 3 PENS,B00PUL0KP4
UNI-BALL POSCA MARKER PEN PC-3M - WHITE - 3 PACK OF PENS,B00L7X6NQO
Uni Posca Paint Marker Pen| Super Fine Point (PC-1M)| 21 Colors Set with MIYABI stationery store original gift package(PC-1M21C),B07JD3LJKP
Uni Posca PC-5M White Colour Paint Marker Pens 2.5mm Medium Bullet Tip Nib Writes On Any Surface Metal Wood Plastic Fabric Glass Stone (Pack of 3),B00MX2ATN6
Uni Posca PC-1MR Black Colour Paint Marker Pens Ultra Fine 0.7mm Calibre Nib Tip Writes on Any Surface (Single Pen),B00MX2BZW0
Posca PC-1MR 18 Pen Set - in Limited Edition Plastic Wallet - Extra Black and White,B00UVWMFN2
POSCA Acrylic Paint Markers - Gold - PC-1M Extra-Fine Tapered,B01N7IBF37
Uni Posca Paint Marker Pen PC-5M | Medium Point| Sky Blue Ink| Value Set of 30,B073HTHRKD
POSCA MARKER PEN PC-8K REFILL TIPS SPARE NIBS PACK of 2 - ALSO FITS PX-30,B007YQ250Q
Uni Posca Paint Marker Pen PC-5M | Medium Point| Orange Ink| Value Set of 30,B073HT9ZKD
Uni Posca Paint Marker| Medium tip (1.8~2.5 mm) - 2 Pens Set〈Black/White〉 with MIYABI Stationery Store Original Gift Package(PC5M-1-24),B07QLT5VZK
Uni Posca Aqueous character in PC-5M Black,B000TI36TA
Uni Do! Posca Extra Fine Shiny Colors| Shiny Emerald (PC1MDS.31),B0091FRZ8A
Uni PC-5M Posca Paint Pen Lilac,B0037XKCSC
Uni Posca Paint Marker PC-1MDS - Shiny Baby Pink,B079Q9XGCZ
Uni Posca Paint Marker Pen PC-5M| Midium Point| Silver Ink| 30-Pack| Sticky Notes Value Set,B07D57F661
POSCA Black & White - Fine to Medium Set of 8 Pens (PC-5M| PC-3M| PC-1M| PC-1MR),B01IVXPWUA
Uni Posca Paint Marker Pen PC-5M | Medium Point| Green Ink| Value Set of 10,B073HV3F1J
Uni poster color marker Posuka POSCA bold PC-8K black 10 piece,B002CKKRGI
Uni Posca Kit Halloween Medium Tip Marker + Personalised Bags,B08DKTQXR2
Uni Posca Paint Marker PC-17K White| 2 pens per Pack(Japan Import) [Komainu-Dou Original Package],B00L86HVES
Uni Do! Posca Extra Fine Pastel Colors| Pastel Yellow (PC1MDP.2),B004NO7XEK
Uni Posca Marker PC-5M Paint Glass Pen Fine Bullet Tip 2.5mm Emerald Green,B00CKK78NA
Evolve E20 Water Based Acrylic Paint Marker Set of 14 with Extra Fine Round Nylon Nib. Similar to Krink| Posca| Decocolor| Uni-Paint| Prisma,B08L3VM1BP
UNI-BALL POSCA MARKER PEN PC-5M - SLATE GREY - Single Pen,B00L5HBW9U
Uni Posca Paint Marker PC-5M - Light Blue,B0091Y9CAU
Uni Posca Paint Marker Pen PC-3M| Fine Point| Gray Ink| 30-Pack| Sticky Notes Value Set,B079DPL3MN
Uni Posca Extra Fine Marker| Gold (PC1M.25) by Uni,B018OQDK30
Uni-ball uni Posca 181709 – Markers with Calibrated Tips| Set of 8 Metallic,B01B7TXHZC
Uni Pc-5m Posca Marker Grey,B0037XPQK6
Uni Posca PCF-350 Brush Tipped Paint Marker Art Pen - Fabric Glass Metal Pen - The 6 Most Popular Colours,B071G5ZGB4
UNI-BALL POSCA MARKER PEN PC-5M - LILAC - Single Pen,B00L5HJIJ6
Uni Posca Paint Marker PC-5M - Red,B0091YCIGU
Uni-Posca Paint Marker Pen - Medium Point - Set of 16 (PC-5M16C)| 5 Pack,B08HV2C7B7
Uni POSCA - PC-3M Art Paint Markers - Set of 4 - In Plastic Wallet - Pastel Primary Tones,B07XTQK9W1
Uni Posca Bold Marker| White (PC8K.1),B001GR6BT0
Uni-Ball POSCA PC-5M 'Brazil World Cup 2014 Colours' [5 Pen Set] includes 1 of each - Black| White| Red| Yellow| Green.,B00KW5BPWA
UNI-BALL POSCA MARKER PEN PC-5M - BRONZE - Single Pen,B00L5H9X4Q
POSCA - PC-5M Skin Tone Set of 4 - in Wallet,B01C4JPCSY
Posca PC-1M Acrylic Paint Marker Pen| Spring Tones 8 Piece Set. Extra Fine 0.7mm-1mm Tip| Fantastic Starter Set| 8 Pens| Exclusive to easichalk.,B08L859PB3
Uni POSCA Black & White| Extra fine| Fine| Medium| Special Set of 6 Pens (PC-5M| PC-3M| PC-1M) with Original Pen case multiuse Pouch Japan Import,B07XF7R1G4
UNI POSCA PC-5M MARKER PEN - LIGHT ORANGE (PACK OF 12),B00IXI8MUG
POSCA Colouring - PC-3ML Full Range of 8 Glitter Paint Markers - in Gift Box,B00T6911CC
Uni Posca Paint Marker Pen PC-3M| Fine Point| Light Pink Ink| 10-Pack| Sticky Notes Value Set,B079DNFTL6
Uni Posca Paint Marker Pen PC-5M | Medium Point| Brown Ink| Value Set of 20,B073HTT8M5
Uni Posca Paint Marker PC-17K - Pink,B000N6QRGC
uni-posca Paint Marker Pen - Fine Point - Set of 8 (PC-3M8C)| Multicolor,B000IGU27W
Uni-Posca Paint Marker Pen - Medium Point - Set of 16 (PC-5M16C)| 2 Pack,B08HTZDSWK
Uni Posca Paint Marker PC-8K - Green by Uni-ball,B0145T4AWK
Uni Posca Glitter Paint Marker Pen PC-1ML| Extra Fine Point| Orange Ink| 20-Pack| Sticky Notes Value Set,B07D57LDQB
POSCA Marker Pen PC-1MRFull Range 16 Pen Set - All Colours,B00AFZ3160
Uni poster color marker Posuka POSCA superfine PC-1M purple 10 piece,B002CKKPRE
Posca Acrylic Paint Marker| Medium| Metal Green,B0036TKH3W
Uni poster color marker Posuka POSCA fine print lame PC-3ML Pink 10 pieces,B002CKHMW0
Uni Posca Bold Marker Fluorescence Colors| Yellow (PC8KK.2) by Uni,B018ORA5J6
Uni PC-5M Posca Paint Pen Light Orange,B0046Z6QIU
Uni-POSCA PC8K15C Paint Marker Pen Bold Point Set of 15 (Japan Import),B001AS6P4G
POSCA Glitter Paint Markers PC-3ML - Full Range Set of 8 Glitter Paint Markers - in Gift Box,B01LXV3EIF
UNI-BALL POSCA PCF-350 BRUSH TIP MARKER - GREEN - SINGLE PEN,B00L81LU8G
Uni-Ball Uniball POSCA PC-1MR Ultra Fine Marker Pens THE SET OF 8 BEST SELLERS,B00JVV1PX0
Uni Posca Paint Marker Mitsubishi Poster Color 15 Marking Pen Fine Point PC-3M Standard Color Set With Kanji LOVE Sticker,B08K32882R
6 X Uni Posca Paint Marker Pen| Medium Point| Set of 8 (PC-5M8C),B015ZP7U02
uni POSCA PC-8K 8mm Broad Chisel Tip Paint Marker Metallic Green 8113653 NEW supplier_markerpop,B01N0GULVD
sanford Uni-posca PC-85F Paint Marker Pen - Bold Point - Fluorescent Pink (63832),B00MKUOGD0
UNI-Ball POSCA Marker Pen PC-17K - XXL Chisel Tip for Large Backgrounds - 3 x Silver,B01MRKSPBE
UNI POSCA PC-8K CHISEL TIP MARKER PEN- GREY (BOX OF 6),B00IYL9LHA
Uni Posca Marker PCF-350 Paint Glass Pen Brush Tip 8mm White,B00CKYGQ02
Uni Pc-8K Posca Marker Grey Slate,B004BF6374
Uni Blackboard Posca Medium| Green (PCE2005M1P.6),B009A961XW
Uni Blackboard Posca Medium| White (PCE2005M1P.1),B009A93I0G
Uni-posca Paint Marker Pen BUNDLE SET | Mitsubishi Pencil Uni Posca Poster Colour Marking Pens Extra Fine Point 12 Colours | Fine 15 | Medium 15 | Bold 15 - Japan Import,B017SZYDEI
PC-8K Posca Broad Chisel Tip 4 Piece Pack Fluorescent Yellow/Pink,B00IKH6KIG
uni-ball Posca PCF-350 Brush - Blue| Pack of 5,B00BRGSS1Y
Posca PC-3M Acrylic Paint Marker Pen| Skin Tones 4 Piece Set. Fine 0.9mm-1.3mm Tip| Fantastic Starter Set| 4 Pens| Exclusive to easichalk.,B08KHP4Z7G
POSCA Colouring - PC-3M Skin Tones - Set of 8 - in Gift Box,B0779CXGM5
POSCA PC-3m by Uni-Ball - [Pack of 3] Beige,B01MR85C84
Uni Posca PCF-350 Brush Tipped Paint Marker Art Pen - Fabric Glass Metal Pen - Silver| Gold & White Set (1 of Each),B072151NKZ
Uni Posca PC-1MR Gold Colour Paint Marker Pens Ultra Fine 0.7mm Calibre Tip Nib Writes On Any Surface Glass Metal Wood Plastic Fabric (Pack of 6),B00MWT8VB2
Uni Posca Marker PC-8K Paint Glass Pen Broad Chisel Tip 8.00mm Ivory,B00CKQKG0Q
Posca Art Paint Marker (PX113589000),B0036TD1DA
UNI-BALL POSCA MARKER PEN PC-8K WHITE - SINGLE PEN,B00LEGTMF8
Uni Posca PC-3M Gold Colour Paint Marker Pen 1.5mm Fine Bullet Nib Writes On Any Surface Metal Glass Wood Fabric Plastic Stone (Pack of 1),B00MWV9H0Y
4 X Uni-posca Paint Marker Pen - Extra Fine Point - Set of 12 (PC-1M12C),B013LIUVII
Uni Posca Extra Fine Marker| Blue (PC1M.33),B001BFOPHW
UNI-BALL POSCA MARKER PEN PC-3M - RED - 3 PACK OF PENS,B00L7ZS2E8
Uni Posca Paint Marker PC-1M - Light Blue,B009KG6UN6
POSCA PC-3m by Uni-Ball - [Pack of 3] Light Green,B01MZBXAVX
POSCA PC-3m by Uni-Ball - [Pack of 3] Light Blue,B01NBW8X77
Uni Posca Paint Marker PC-3M Gold & Silver| 2 pens per Pack(Japan Import) [Komainu-Dou Original Package],B00WB167DU
Uni Posca Paint Marker Pen PC-3M| Fine Point| Pastel Purple Ink| 10-Pack| Sticky Notes Value Set,B079DNGN1Z
Uni Posca Paint Marker PC-7M - Violet,B07L45252V
Uni Posca Paint Marker Pen PC-1M| Extra Fine Point| Pastel Green Ink| 10-Pack| Sticky Notes Value Set,B079DP3TPY
Uni Posca Paint Marker PC-17K Black| 2 pens per Pack(Japan Import) [Komainu-Dou Original Package],B00L8CAAG8
Uni Posca PC-5M Bronze Colour Paint Marker Pens 2.5mm Medium Bullet Tip Nib Writes On Any Surface Glass Metal Wood Plastic Fabric (Pack Of 1),B00UXM19VE
UNI-BALL POSCA MARKER PEN PC-5M - APPLE GREEN - Single Pen,B00L5HK6L0
uni-ball uni Posca PC8K8C Paint Marker Pen Set| Large Tip| 8 Pieces - Assorted Colours,B000IGW784
UNI-Ball POSCA Marker Pen PC-17K - XXL Chisel Tip for Large Backgrounds - Set of Gold & Silver,B01N0E6217
Uni Posca Marker PC-3M Paint Glass Pen Fine Bullet Tip 1.3mm Ivory,B00CJDIM7E
Uni Posca Bold Marker| Red (PC8K.15),B000TI134A
Uni Posca Paint Marker Pen PC-5M | Midium Point| Black Ink| Value Set of 5,B06XBLQN5P
Uni Posca Paint Marker PC-1M - Violet,B009KG7LWK
Uni Posca Paint Marker Pen PC-5M | Medium Point| Light Yellow Ink| Value Set of 30,B073HVYQNB
Uni Posca Paint Marker Pen PC-5M| Medium Point| Brown Ink| 30-Pack| Sticky Notes Value Set,B079DN3G1X
Uni Posca PC-8K Grey Colour Paint Marker Pen Fabric Metal Glass 8mm Broad Chisel Nib Tip Writes On Any Surface Metal Glass Wood Fabric Plastic Stone (Pack of 1),B00MWV8OLM
Posca Acrylic Paint Marker| PCF-350 Brush tip| Black (PX146662000),B00CKXEPQ0
2 X Uni Posca Paint Marker PC-1M Black| 3 pens per Pack(Japan Import) [Komainu-Dou Original Package],B0164F0MKC
Uni poster color marker Posuka POSCA fine print PC-3M blue 10 piece,B002CKJ18S
Uni Posca White Color Paint Markers Set of 3|Medium tip(1.8~2.5 mm) / Fine tip(0.9~1.3 mm)/ Extra Fine tip (0.7 mm) with MIYABI stationery store original gift package(PC1M|3M|5M|1),B07QLW2WTQ
Uni POSCA PC-1M Paint Marker Art Pens - 0.7mm - Sky Blue - Pack of 12,B07WTML82M
Sanweller(TM) Uni-posca PC-5M Paint Marker Pen - Medium Point - Set of 15|| New,B013HUY9BU
Davitu Electrical Equipments Supplies - Beekeepers Queen marker pen - WHITE,B089W8DLB4
UNI-BALL POSCA MARKER PEN PC-5M - BROWN - Single Pen,B00L5CFTX0
Uni Pc-1MR Posca Marker Ultra Fine Gold by Uni-ball,B00YJF2UQO
posca PX152694000 Art Paint Marker| Light Blue,B0037XTJ7W
Uni Posca PC-1MR Violet Colour Paint Marker Pens Ultra Fine 0.7mm Calibre Tip Nib Writes On Any Surface Metal Glass Wood Fabric Plastic Stone (Pack of 1),B00MWV8D36
UNI POSCA PC-5M MARKER PEN - SKY BLUE (PACK OF 12),B00IXKZN1U
UNI-Ball POSCA Marker Pen PC-8K - Silver - Pack of 3 PENS,B00PUKB6WQ
Posca PC-1M Paint Art Marker Pens - Fabric Glass Metal Pen - Set of White + Gold + Silver (1 of Each),B072JZC9LF
Mitsubishi Pencil [5 Pens Set!!] uni Posca Poster color marker Super Thin PC-8M Blue from Japan,B01IZNZUJY
Uni POSCA PC-1M Paint Marker Art Pens - 0.7mm - Apple Green - Single Pen,B08428MBYL
uni POSCA PC-8K 8mm Broad Chisel Tip Paint Marker Brown 9002208 NEW supplier_markerpop,B01MSP370T
UNI-BALL POSCA PC-3M EMERALD GREEN (PACK OF 12),B00ITUQLPQ
Uni Posca Bold Marker| Pink (PC8K.13) by Uni,B018OQ2TT6
Uni Posca Fine Marker| Orange (PC3M.4),B001HAOBBQ
Uni Do! Posca Paint Marker Pen| Extra Fine Point(PC-1MD)| 24 Colors Set with Original Vinyl Pen Case,B07C6STPLY
Uni poster color marker Posuka POSCA bold PC-8K light blue 10 piece,B002CKMSC4
POSCA - PC-8K Skin Tone Set of 4 - in Plastic Wallet,B01C4JZREI
Case of Touch Uniposca Slim Soft for The iPhone 5/5S| Red,B00P2G926U
Uni-posca Paint Marker Pen BUNDLE SET | Mitsubishi Pencil Uni Posca Poster Colour Marking Pens Fine Point 15 Colours (PC-3M15C)| Medium Point 15 Colors (PC-5M15C) | 5 Color Sticky Notes -Japan Import,B017T14FD0
POSCA Colouring - PC-3M Spectrum Set of 8 [Pack B] - in Gift Box,B00XA30DCE
Uni Posca Paint Marker Pen PC-5M | Medium Point| Pastel Yellow Ink| Value Set of 20,B073HS33L7
Uni Posca Paint Marker Pen PC-1M| Extra Fine Point| Coral Pink Ink| 20-Pack| Sticky Notes Value Set,B079DP3893
Uni POSCA PC-3M Paint Marker Art Pens - 0.9-1.3mm - Lavender - Single,B07WRSD5NX
Uni Posca PCF-350 Brush Tipped Paint Marker Art Pen - Fabric Glass Metal Pen - Black & White Set (1 of Each),B071WPZDG1
UNI-BALL POSCA MARKER PEN PC-3M - ORANGE - SINGLE PEN,B00L7T0MM4
Uni Blackboard Posca Bold| White (PCE2508K1P.1),B009AM2VH4
Uni Posca Marker PC-3M Paint Glass Pen Fine Bullet Tip 1.3mm Apple Green,B00CJD76JO
Uni Posca PC-5 M Bullet Tip Fine Marker – White/for POSCA PC-5 M with/3 m Bullet hintofainma-ka- – White,B0046Z5P82
POSCA Colouring - PC-5M Metallic Set of 8 - in Gift Box,B06WCZLMMP
Uni Posca Extra Fine Marker| Orange (PC1M.4)| 5 x 3.6 x 1.6 Inch,B001BFM510
Uni poster color marker Posuka POSCA superfine lame PC-1ML Orange 10 piece,B002CKMQLC
Uni Posca Water-Based Fine Marker| Yellow (PC3M.2),B001D7Y2MQ
UNI-BALL POSCA PC-3M APPLE GREEN (PACK OF 12),B00ITTHH5A
Uni Do! Posca Extra Fine Pastel Colors| Pastel Purple (PC1MDP.11) by Uni,B018OR14SC
Posca Acrylic Paint Marker| Brush| Gold,B00ANZ7OZG
UNI-Ball POSCA Marker Pen PC-17K - XXL Chisel Tip for Large Backgrounds - 3 x Gold,B01N0ELVY9
Uni-posca Paint Marker Pen BUNDLE SET | Mitsubishi Pencil Uni Posca Poster Colour Marking Pens Extra Fine Point 12 Colours (PC-1M12C) | Fine 15 Colors (PC-3M15C) - Japan Import,B017T0DQK4
Uni Posca Paint Marker Pen PC-5M | Medium Point| Red Ink| Value Set of 30,B073HV4BW5
Mitsubishi Pencil [3 Pens Set!!] uni Posca Poster color marker Super Thin PC-1M Green from Japan,B01EUDY7E2
Uni Posca Black Board Marker -Thick Point-6 Colors Set (PCE50017K6C),B00E5SL0HA
UNI POSCA PC-8K CHISEL TIP MARKER PEN- BLUE (BOX OF 6),B00IYKOZS6
Mitsubishi Pencil [3 Pens Set!!] uni Posca Poster color marker Medium Size PC-5M Light Orange from Japan,B01DDGL4A2
UNI-BALL POSCA BRUSH MARKER PEN PCF-350 - BLUE - PACK OF 3 PENS,B00PUKXZTS
Uni POSCA Paint Marker Pen - Extra Fine Point - Non Alcohol - odorless water resistant pen maker - Set of 12 (PC-1M12C),B07CZSQFM6
Uni Posca Extra Fine Marker| Purple (PC1M.12),B001B2MRWA
Uni Posca Paint Marker PC-5M - Metallic Violet,B009KFJ7RI
Uni Posca Pen - PC-1MR 8 Piece Starter Pack,B076MWFG1Z
3 kinds of Uni Posca 【WHITE】 Paint Marker Pen Extra Fine 0.7mm/Fine Point 0.9-1.3mm/Medium Point 1.8-2.5mm & Our Shop Sticky note/VALUE SET!!!,B07261NVLW
Uni Posca Paint Marker Pen Fine to Medium Point White Ink| PC-1MD/PC-1M/PC-3M/PC5M/PC-8K/PC-17K| 6-pack| Sticky Notes Value Set,B079JXWWN1
Uni Posca Extra Bold Marker| Pink (PC17K.13),B001MTCA10
Uni Posca Medium Marker| Red (PC5M.15),B000THZNSI
POSCA Black & White - Medium to Broad Set of 8 Pens (PC-17K| PC-8K| PC-5M| PC-3M),B01IVXUFOS
Posca Acrylic Paint Marker| PC-1M Extra Fine tip| Blue (PX17921000),B00CJ80B2S
Uni Posca Paint Marker Mitsubishi Poster Color 15 Marking Pen Medium Point PC-5M Standard Color Set With Kanji LOVE Sticker,B08JCM5D28
Uni POSCA PC-1M Paint Marker Art Pens - 0.7mm - Aqua Green - Pack of 3,B07WRDN6HJ
Uni Posca Glitter Paint Marker Pen PC-3ML| Fine Point| Blue Ink| 10-Pack| Sticky Notes Value Set,B07BKRJ2RS
Uni Posca Paint Marker Pen PC-1M| Extra Fine Point| Yellow Ink| 10-Pack| Sticky Notes Value Set,B079DN3G1M
Posca Acrylic Paint Marker| Ultra-Fine| Orange,B002BDO2BW
Uni Posca Paint Marker PC-5M - Straw Yellow,B009KFJHFU
Uni Posca Paint Marker Pen| Extra Fine Point| Set of 7 Natural Color (PC-1M 7C)| 5 Pack,B08HDN3DGG
POSCA PC-3m by Uni-Ball - [Pack of 3] Emerald Green,B01N6T2OHL
Uni Posca Extra Bold Marker| Green (PC17K.6),B001GR4DZE
Uni Posca Glitter Paint Marker Pen PC-1ML| Extra Fine Point| Violet Ink| 30-Pack| Sticky Notes Value Set,B07D57ZDSX
Uni POSCA PC-3M Paint Marker Art Pens - 0.9-1.3mm - Aqua Green - Pack of 3,B07WSXGL4Z
UNI-BALL POSCA MARKER PEN PC-3M - YELLOW - SINGLE PEN,B00L7SEDQG
Posca 153544867 0.7mm Ultra-fine Tip Waterbased Paint Marker - Assorted,B07661R33X
Uni Posca Paint Marker Pen PC-17K| Broad Point| White Ink| 20-Pack| Sticky Notes Value Set,B07D52QRZ9
Uni Posca Paint Marker Pen PC-3M | Fine Point| Silver Ink| Value Set of 10,B06XC4DF15
Uni Posca Marker PC-8K Paint Glass Pen Broad Chisel Tip 8.00mm Green,B00CKQ47PG
Uni Posca Paint Marker Pen| Mitsubishi Poster Color Marking Pen Extra Fine Point (PC-1M) 5 Colors| Set of 5 (Yellow| Orange| Light Blue|Light Green|Pink) Japan Import,B07X5KXQSB
UNI POSCA PC-5M MARKER PEN - IVORY (PACK OF 12),B00IXK8ZJM
Posca Acrylic Paint Marker| PC-1MR Ultra Fine tip| Gold (PX89912000),B00CJ8QAZA
Uni Blackboard Posca Medium| Red (PCE2005M1P.15),B009A97EKG
UNI-Ball POSCA Marker Pen PC-17K - XXL Chisel Tip for Large Backgrounds - Full Range of 10 Colours,B01N41PGE6
Uni Posca Paint Marker Mitsubishi Poster Color 7 Marking Pen Medium Point PC-5M 7 Natural Color Set With Kanji LOVE Sticker,B08GXZYCK6
Uni Posca Fluorescent Neon Orange Paint Marker Pen Fabric Metal Glass 8mm Broad Chisel Nib Tip (Pack Of 12),B00MWTFNBS
Uni Posca Marker PC-3M Paint Glass Pen Fine Bullet Tip 1.3mm Red Wine,B00CJDF8I0
posca PX146639000 Art Paint Marker| 1-10mm| Blue,B00ANZ7NDY
POSCA - PC-5M - Aqua Green - Single,B01N9R6T29
UNI-BALL POSCA PC-1MR METALLIC PINK PACK OF 12 PENS,B00IS5P4UK
Uni Posca Paint Marker Pen PC-3M| Fine Point| Light Blue Ink| 20-Pack| Sticky Notes Value Set,B079DNLSXG
Uni Posca Paint Marker PC-3M Fine Bullet Tip Sky Blue,B00CJD93WW
Uni Posca Paint Marker Pen PC-5M | Medium Point| Light Blue Ink| Value Set of 30,B073HT3F28
Posca Acrylic Paint Marker| PC-1MR Ultra Fine tip| Red (PX89854000),B00CJ811TU
Uni Posca Glitter Paint Marker Pen PC-3ML| Fine Point| Orange Ink| 10-Pack| Sticky Notes Value Set,B07BKRK6DW
UNI-BALL POSCA MARKER PEN PC-5M - RED - Single Pen,B00L5AOABY
Posca Art Paint Marker (PX152710000),B0037XPQR4
Uni Posca Paint Marker PC-1MD - Pink,B079QNK5VT
Uni Posca spro0612999 – Pack of 8 Pens,B07CMKG36D
Uni Posca Black Board Marker -Bold Point-8 Colors with MIYABI Stationery Store Original Pen Case Set(PCE2508K8C),B08F4WD3YM
Uni Posca Marker PC-8K Paint Glass Pen Broad Chisel Tip 8.00mm Light Green,B00CKS8PKW
Uni Posca Medium Marker| Orange (PC5M.4),B004C5X43E
Posca Acrylic Paint Marker| PC-8K Broad tip| Light Orange (PX707695000),B00CKRYSKY
POSCA Colouring - PC-8K Skin Tone Set of 4 - in Plastic Wallet,B06W2G3TBT
Uni Posca Fine Marker| Pink (PC3M.13),B001D7V5Y4
Posca Colouring - PC-5M - Pack of 10 Best Selling Markers,B00IF7RJUY
Uni Posca Bold Marker| Green (PC8K.6),B000TI36OK
Uni POSCA - PC-1M Art Paint Markers - Set of 4 - in Plastic Wallet - Grey Tones,B07D7FG2CJ
POSCA White - Full Set of 7 Pens (PC-17K| PC-8K| PC-5M| PC-3M| PC-1M| PC-1MR| PCF-350),B01IW1XH9E
Uni poster color marker Posuka POSCA fine print lame PC-3ML Blue 10 piece,B002CKFM1S
Uni Posca Paint Marker Pen PC-1M | Extra Fine Point| Red Ink| Value Set of 30,B073HT7PNQ
Posca PX89896000 Acrylic Paint Marker| Ultra-Fine| Metal Pink,B002BDPV4Y
Uni Posca Paint Marker FULL RANGE Bundle Set| Mitsubishi Poster Colour ALL COLOR Marking Pen Medium Point (PC-5M) 29 Colours (22 Standard & 7 Natural) Japan Import - Pack 2,B08FQYTZ7Z
Uni POSCA PC-5M Paint Marker Art Pens - 1.8-2.5mm - Lavender - Single Pen,B07WTP2KKH
Uni-Posca Paint Marker Pen - Extra Fine Point - Set of 8 (Pc-1M8C)| Model:PC-1M 8C,B001MT893I
Uni Posca Paint Marker PC-5M - Metallic Red,B009KFJ5WU
Uni POSCA - PC-3M Art Paint Markers - Set of 8 - In Gift Box - Red Tones,B07Y8BV3H9
Mitsubishi Pencil Co.| Ltd. Paint Markers Pen Bold Point (2-Pack),B082323V7T
UNI POSCA Gift Box 24 assorted cap White,B089WJKQC4
Uni poster color marker Posuka POSCA superfine PC-1M black 10 piece,B002CKKPTW
Uni Posca Paint Marker PC-3M White| 2 pens per Pack (Japan Import) [Komainu-Dou Original Package],B00LJF0JEW
Uni-Posca Paint Marker Pen - Fine Point - Set of 15 (PC-3M15C) - Pack 4,B08FQZRMWH
POSCA Colouring - PC-3M Full Range Set of 32 - In Clear Plastic Tub,B00J3Z0Z5S
uni POSCA PC-8K 8mm Broad Chisel Tip Paint Marker Pen Blue 9002201 NEW supplier_markerpop,B01N66SGQ5
4 X Uni Posca Paint Marker PC-1M White| 2 pens per Pack(Japan Import) [Komainu-Dou Original Package],B0164FK19Y
6 X Uni Posca Fine Marker| Gray (PC3M.37),B01634OITA
Uni poster color marker Posuka POSCA bold PC-8K yellow 10 piece,B002CKDJFO
Posca PC-3M Acrylic Paint Marker Mega Pack| Full Set of All 37 Colours| Fine 0.9-1.3 Millimetre Tip| Fantastic Art Set| 37 Pens| Exclusive to easichalk.,B07ZQPKBK4
UNI POSCA PEN pack 5 pieces,B07M9CZR9X
Uni Posca Paint Marker PC-3ML Glitter - Red,B009KG5DM0
Uni Posca Pen - PC-1MR - Ultra Fine Bullet Tip - Metallic Green (32),B01GRXNBZO
Uni POSCA PC-1MR Paint Marker Art Pens - 0.7mm - Apricot - Pack of 12,B07WV4GHMR
POSCA - PC-5M Fluorescent Paint Marker - Set of 4 - in Wallet,B01M1GT2ZI
UNI-BALL POSCA MARKER PEN PC-5M - WHITE - SINGLE PEN,B00L995GUU
Uni Posca Marker PC-5M Paint Glass Pen Fine Bullet Tip 2.5mm Light Blue,B00CK6EAHQ
UNI-BALL POSCA MARKER PEN PC-8K BEIGE - SINGLE PEN,B00LEH5ET0
Uni Posca PC-5M Paint Pen Art Marker Pen - Professional 12 Pen Set - Extra Black + White,B0747RJ7SX
UNI-Ball POSCA Marker Pen PC-8K - Light Blue - Pack of 3 PENS,B00PUK9KWE
Uni POSCA - PC-3M Art Paint Markers - Set of 4 - in Plastic Wallet - Green Tones,B07CVKSG2G
Uni Posca Paint Marker Pen| Mitsubishi Poster Color Marking Pen Extra Fine Point (PC-1M) 6 Colors| Set of 6 (White|Light Green| Green| Light Blue| Blue|Purple) Japan Import,B07X5JQZRZ
Uni Posca Paint Marker Mitsubishi Poster Color 17 Marking Pen Fine Point PC-3M 15 Standard & Gold|Silver Set With Kanji LOVE Sticker,B08J3S3C86
Uni-ball - PC-3M - Posca - Fine Bullet Tip - Blue (15),B0046Z5PAU
Uni Posca Paint Marker Pen| Fine Point| Set of 7 Natural Color (PC-3M 7C)| 4 Pack,B0882VXXGT
Uni Posca PC-3M Fine Tip Paint Marker Set,B08HGLCTK5
Posca - 1MR Black and White - 2 Pack,B089YMJT1T
Uni Posca Extra Fine Marker| Yellow Green (PC1M.5),B001B2OKL6
Posca Acrylic Paint Marker| Broad Chisel| Green,B000N6ON4U
Art Markers|Marker Pens Highlighters|Brush Markers| Uni Posca PC-1M Paint Marker- Extra Fine Bullet Tip-0.7mm 12 colors set By KALLAR,B07Q98KWKV
Uni : Posca Marker : PCF-350 : Brush Tip : Assorted Colours Set of 10,B000J6DN6S
Uni Posca Aqueous character in PC-5M Orange,B001HAS4S2
Uni Posca Paint Marker Pen PC-5M | Midium Point| Gold Ink| Value Set of 5,B06XBP3PM8
Uni Posca Paint Marker Pen PC-5M| Medium Point| Blue Ink| 30-Pack| Sticky Notes Value Set,B079DPC2R1
Uni Posca PC-1MR Yellow Colour Paint Marker Pens Ultra Fine 0.7mm Calibre Nib Tip Writes On Any Surface Glass Metal Plastic Fabric Stone Wood (Pack of 3),B00MX28TUG
Uni Blackboard Posca Medium| Orange (PCE2005M1P.4),B009A94B8E
Uni POSCA - PC-3M Art Paint Markers - Set of 4 - in Plastic Wallet - Skin Tones,B07CVHJ7V9
UNI POSCA PC-17K PACK OF 5 - RED,B00J5GMTM2
Uni POSCA PC-1MR Paint Marker Art Pens - 0.7mm - Aqua Green - Pack of 3,B07WT5MC86
Uni-Posca Paint Marker Pen - Medium Point - Set of 16 (PC-5M16C)| 4 Pack,B08HV4X98Q
Mitsubishi Pencil [ALL COLOR Set!!] uni Posca Poster color marker Thick Size PC-8K from Japan,B01M0HQDEF
Uni Posca Pc-5m Bullet Tip Medium Marker - Light Green,B0046ZALWM
POSCA Colouring - PC-8K - Assorted Wallet of 4,B01N12P5PU
Uni-posca Paint Marker Pen Medium Point Set of 15 PC-5M15C NEW supplier_mnmdiscount1,B01N43WBDO
Uni poster color marker Posuka POSCA fine print lame PC-3ML Green 10 piece,B002CKHMS4
Mitsubishi Pencil [3 Pens Set!!] uni Posca Poster color marker Medium Size PC-5M Green Yellow (Light Green) from Japan,B01DDDT8FI
Uni Posca Paint Marker Pen PC-3M| Fine Point| Pastel Yellow Ink| 10-Pack| Sticky Notes Value Set,B079DP6CYL
uni-ball Uni POSCA 186538 Marker Fine Bullet Tip 0.9-1.3mm Line Width Lavender Purple,B07YQ9DF3L
Uni POSCA PC-1MR Paint Marker Art Pens - 0.7mm - Glacier Blue - Single Pen,B07WT5S271
Uni Posca Paint Marker PC-3M|Aqueous fine| Special Set| 3 Black| White Ink pens Each & 1 Gold| Silver Ink pens Each with Original Pen case multiuse Pouch Japan Import,B07XD2K9MW
Uni Posca PC-1M Paint Pen Art Marker Pen - Professional 12 Pen Set - Extra Black + White,B0747T85ZW
Uni POSCA PC-3M Paint Marker Art Pens - 0.9-1.3mm - Sunshine Yellow - Single,B07WTX44N5
Uni Posca Paint Marker FULL RANGE Bundle Set| Mitsubishi Poster Colour ALL COLOR Marking Pen Medium Point (PC-5M) 29 Colours (22 Standard & 7 Natural) Japan Import - Pack 4,B08FQMML92
Uni-ball Do! Posca Super Fine 0.7mm| PC1MD.1| White| 3 Pens (Japan Import),B01N0EHDU0
Uni Do! Posca Extra Fine| Green (PC1MD.6),B004FY6LO6
Uni Posca Paint Marker PC-5M White| 2 pens per Pack (Japan Import) [Komainu-Dou Original Pakage],B00L92WJ5W
Uni Posca Paint Marker Pen| Extra Fine Point| Set of 7 Natural Color (PC-1M 7C),B01BY14SLA
UNI POSCA PC-5M MARKER PEN - METALLIC BLUE (PACK OF 12),B00IXJIIGI
Uni Posca Paint Marker Pen PC-3M | Fine Point| Pink Ink| Value Set of 20,B073HTB1FL
Mitsubishi Pencil [Red|Blue|White & Black Set!!] uni Posca Poster color marker Super Thin PC-3M from Japan,B01M0THIDU
UNI-Ball POSCA Marker Pen PC-17K - XXL Chisel Tip for Large Backgrounds - Set of Gold| Silver & White,B01MRKRSQ9
UNI-BALL POSCA MARKER PEN PC-1M - GOLD - SINGLE PEN,B00L837ZXI
Uni-ball 186704 Uni Posca Extra Fine Bullet Tip Marker – Set of 4,B01B7XAXNW
POSCA PC-3m by Uni-Ball - [Pack of 3] Navy Blue,B01N5RFTT2
POSCA Colouring - PC-5M Pastel Coloured Set of 8 - in Gift Box,B01N9ZZSTN
POSCA Colouring - PC-3M Full Spectrum Set of 16 - in 2 Gift Boxes,B01MUSIGIE
Uni Posca Spare Nibs PCR-5 For Posca Paint Marker PC-5M| ×4 Packs/Total 12 pcs(Japan Import) [Komainu-Dou Original Package],B01FE7LVPG
Uni Posca Extra Fine Marker -White -PC1M.1/Total 5Pen Set,B0713SJPVH
UNI Posca（ PC-5M ）Medium Character Round core Gold（ PC5M.25）＋ Medium Character Round core Silver（PC5M.26）10 PEN SET (Gold 5pen + Silver 5pen),B085HNWH75
Uni poster color marker Posuka POSCA bold PC-8K gray 10 piece,B002CKJ2F0
Uni Posca Fine Marker| Gold (PC3M.25),B001HAOBC0
Uni Posca PC-5M Paint Marker Pen Medium Point Set of 15(Japan Import),B00TO3OYLA
Uni Posca Paint Marker PC-1MD - Blue,B079Q95B4F
[3 set] Uni-posca Paint Marker Pen - Fine Point - Set of 15 (PC-3M15C) with an Original Paperclip.,B079HNRK3N
Uni POSCA PC-1MR Paint Marker Art Pens - 0.7mm - Lavender - Single Pen,B07WP5ZYZW
Uni Posca Medium Marker| Silver (PC5M.26),B001HAOBCU
uni-ball Posca PC-5M Medium Tip Marker - Yellow| Pack of 12,B0020KITJW
Uni Posca Marker PC-8K Paint Glass Pen Broad Chisel Tip 8.00mm Violet,B00CKQW3I4
Uni Posca Paint Marker PC-5M - Light Orange,B0091Y9VCO
Uni-posca PC-5M Paint Marker Pen - Medium Point - Set of 15,B001ANVDMU
Uni Posca Extra Fine Marker| Red (PC1M.15),B001B2OKJ8
UNI-BALL POSCA MARKER PEN PC-3M - WHITE - SINGLE PEN,B00L7TFDOQ
