ZEROJAPAN Saturn teapot M 520cc white BBN-17M WH (japan import),B000PK30JI
ZEROJAPAN Salt Box (Blue Berry),B0046ZT6JQ
ZEROJAPAN pa-simontexi-potto,B005JQI36S
ZEROJAPAN Gift Set Universal Teapot for 3 People & Tea Cup Wide 2 Bananas ZG-001 BA (japan import),B00AIE6N7W
ZEROJAPAN teacup wide,B005MMHEUA
ZEROJAPAN cafe mag small artichokes (japan import),B00E4FM2CG
ZEROJAPAN tea cup tall a-texizankurakkuru,B00J4GZ6HS
ZEROJAPAN Gift Set Coffee Dripper L & Cafe Meg Mineral ZG-007 MI (japan import),B01G8BE8VQ
ZEROJAPAN Gift Set Coffee Dripper L & Cafe Mug (with Tray) Rose DMZ - 16 CBR/ROS (japan import),B073S24Q84
ZEROJAPAN kafemagu su-puo-ganikkukara-,B00ES4MXUE
ZEROJAPAN Gift Set Universal Teapot for 3 People & Tea Canister Yellow Pepper ZG - 005 YP (japan import),B01G8BD41G
ZEROJAPAN Gift Set Universal teapot 4 Person Picnic Basket Hamper & 2 texi-kapputo-ru White ZG – 004 WH,B01G8BDLAU
ZEROJAPAN Hook Pack 01 Aqua Mist NP-01 AM (japan import),B0040X3HMG
ZEROJAPAN Herb Tea Pot 600cc White BBN-09S,B00200TU22
ZEROJAPAN syrup pot white BRM-41 WH,B002011844
ZEROJAPAN Gift Set Coffee Dripper L & Cafe Mug (with Tray) Rose DMZ-16 TG/ROS (japan import),B073S2RG42
ZEROJAPAN teapot and canister gift set white ZG-005 WH (japan import),B00AIE6EVW
ZEROJAPAN canister M Wooden Spoon with,B006GJ7EMQ
ZEROJAPAN Hook Pack 02 White NP-02 WH (japan import),B0040X3HSU
ZEROJAPAN Salt Box (Pink),B004OA7M4O
ZEROJAPAN Saturn teapot S 300cc Black BBN-17S BK (japan import),B004H0MCXW
ZEROJAPAN Stackable TeapotsM White BBN-81M WH (japan import),B00J4H08RU
ZEROJAPAN kafemagu Small,B00E4FM2NA
ZEROJAPAN Free Cup Kikko,B00J4GZH5Y
ZEROJAPAN Saturn Teapot L 1350cc Blueberry Milk BBN-17L BBM (japan import),B004H0MCLY
ZEROJAPAN canister M Artichoke with wooden spoon CP-05M AR (japan import),B006GJ7GVU
ZEROJAPAN Herb Mortar with a Wood Roller (Sakura) White KTZ-002 WH (japan import),B00J4H02HG
ZEROJAPAN Universal Teapot 580cc Mint (japan import),B00HIUWYAY
ZEROJAPAN SAKEBAR SK-03 WH (japan import),B0020115O2
ZEROJAPAN Stainless Steel Lid with Clip S Mini Long Tea Set P-SL P-MLI (japan import),B007OZE4XS
ZEROJAPAN Cafe Mug Large (Blueberry),B00E4FMC9Y
ZEROJAPAN Gift Set Coffee Dripper L & Cafe Mag Hyacinth ZG-007 HY (japan import),B01G8BEN3Y
Blueberries with ZEROJAPAN butter dish knife BYK-12 BB,B00472MCXK
ZEROJAPAN 15oz Round Teapot with SLS Lid and Infuser (carrot),B003RU78J6
ZEROJAPAN kafemagu su-puo-ganikkukara-,B00ES4N2DQ
410cc banana BBN-14S BA without ZEROJAPAN ice tea strainer teapot retro S (japan import),B0051SAEVG
ZEROJAPAN kitchen tools chopsticks fresh artichoke BKH-01 AR,B00LGKKI0U
ZEROJAPAN SAKE BAR wine cup GA - 09 WH (japan import),B01N1828A4
ZEROJAPAN Universal teapot 580cc a-texizankurakkuru,B00J4GZ43E
ZEROJAPAN round container M Black with spoon BKK-03 BK,B005MMH2UC
ZEROJAPAN Universal teapot 350cc lavender ink penetration BBN-01 SKL (japan import),B00B8I3CIA
ZEROJAPAN Universal teapot 580cc egg plant BBN-03 EG (japan import),B003QUNJF4
ZEROJAPAN Gift Set Coffee Dripper L & Cafe Mug Oolong Tea ZG-007 OOG (japan import),B01G8BDUFQ
ZEROJAPAN Gift Set for Universal Teapot 4 People & Tea Cup Wide 2 Blueberries ZG-003 BB (japan import),B01G8BEN6G
ZEROJAPAN tea cup Ink 貫入,B00HIUWFAI
ZEROJAPAN Square Canister M Ceramic Spoon Included White SCS-43 WH (japan import),B0046ZT6SW
ZEROJAPAN pa-simontexi-potto,B005JQI2SM
ZEROJAPAN Universal teapot 350cc Rose BBN-01 ROS (japan import),B00LGKKA5S
ZEROJAPAN tea cup tall,B00472MCR6
ZEROJAPAN Stackable TeapotsS Tomato BBN-81S TO (japan import),B00J4H0AOG
Tasse de th? ZEROJAPAN large L White TC-07 WH (Japon import / Le paquet et le manuel sont en japonais),B006GJ77ZA
ZEROJAPAN Stackable Teapots White BBN-80 WH (japan import),B00J4H08GQ
ZEROJAPAN Universal teapot 450cc green ink penetration BBN-02 SKG (japan import ~ITEM #GH8 3H-J3/G8353403,B01JQGPVAC
ZEROJAPAN Universal teapot 350cc white BBN-01 WH (japan import) by Bee House (Zero Japan),B01MU9E4FQ
ZEROJAPAN desktop Tea Mug Square tomato DP-01 TO (japan import),B005MMHDN8
ZEROJAPAN Cafe Mug Large (Artichoke),B00E4FMCI0
ZEROJAPAN Stainless Tong 2 Set YK-06 (japan import),B01G6PR9UQ
ZEROJAPAN Gift Set Universal Teapot for 3 People & Teacup Tall 2 Artichokes ZG-002 AR (japan import),B01G8BE8O8
Zero jam u0026 marmalade round spoon with BKK-05 [ for business ] [ ZEROJAPAN [ zero Japan ] Put sugar pot sugar ],B00N2O4ZW0
ZEROJAPAN 15oz Round Teapot with SLS Lid and Infuser (Tomato) by Zero Japan,B01N024RC7
ZEROJAPAN teacup wide,B00472MCKI
ZEROJAPAN persimmon teapot 800cc white BBN-36 WH (japan import),B003LR221O
ZEROJAPAN kafemagu sumo-ruo-ganikkukara-,B00E4FM7NA
ZEROJAPAN canister S with wooden spoon Artichoke CP-05S AR (japan import),B0046ZT6O6
ZEROJAPAN Coffee Dripper Stand DS-15 (japan import),B01BLZYJJA
ZEROJAPAN Round Creamer White PMZ-06 WH (japan import),B005MMH6E4
ZEROJAPAN Universal teapot 350cc green ink penetration BBN-01 SKG (japan import),B00B8I3DCK
ZEROJAPAN Universal teapot 450cc lavender ink penetration BBN-02 SKL (japan import),B00AH6HX9I
Tomato with ZEROJAPAN Oval Sugar spoon BBN-22 TO,B005MMH6EY
ZEROJAPAN Salt Box - White,B0046ZT6KA
ZEROJAPAN Square canister XL (ceramic with a spoon) SCS-41 WH (White) (japan import),B0046ZT6SC
ZEROJAPAN Hook Pack 04 Banana Milk NP-04 BAM (japan import),B0040X3I34
ZEROJAPAN Gift Set Universal teapot 3 Person Picnic Basket Hamper & 2 texi-kapputo-ru Tomato ZG – 002 to,B01G8BE8P2
ZEROJAPAN Hook Pack 04 White NP-04 WH (japan import),B0040X3I7A
ZEROJAPAN cafe mug soup mineral (japan import),B00ES4MV3S
ZEROJAPAN raundokyanisuta-,B00J4H06K4
ZEROJAPAN Gift Set Universal Teapot for 3 People & Tea Canister Blueberry ZG-005 BB (japan import),B01G8BEN5C
ZEROJAPAN vinaigrette S pilon avec du blanc BYK-07S WH (Japon import / Le paquet et le manuel sont en japonais),B00200Z4N6
ZEROJAPAN Persimmon Teapot S 450cc Yellow Pepper BBN-56 YP (japan import),B005JQI372
ZEROJAPAN Gift Set Coffee Dripper L & Cafe Mag (with Tray) Rose DMZ - 16 JB / ROS (japan import),B073S2RG4L
ZEROJAPAN persimmon teapot 800cc turquoise BBN-36 TR (japan import),B005JQI2T6
ZEROJAPAN Regular Short Tea Strainer Set of 2 P-RSI-2 (japan import),B007OZE5LO
ZEROJAPAN Universal teapot CC Antique,B003G3DH5S
ZEROJAPAN Gift Set Universal Teapot for 3 People & Tea Canister Sencha ZG-005 SEN (japan import),B01G8BEFT6
ZEROJAPAN Gift Set Coffee Dripper L & Cafe Mug (With Tray) Ivory DMZ - 16 WH / IV (japan import),B073S2LX8V
ZEROJAPAN Gift Set Coffee Dripper L & Cafe Mag Olive ZG-007 OL (japan import),B01G8BE16I
ZEROJAPAN Round container M with a spoon artichoke BKK-03 AR (japan import) by Zero Japan,B013RPO4QA
ZEROJAPAN Universal Teapot 350cc Brown (japan import),B00HIUWI5K
ZEROJAPAN Soap dish M Banana with wooden gypsum Boiled BCB - 04 M BA (japan import),B01MTG73E2
ZEROJAPAN Universal teapot 350cc Sencha BBN-01 SEN (japan import),B00LGKK3OG
ZEROJAPAN round container M tomatoes with spoon BKK-03 TO,B005MMH432
ZEROJAPAN DesktopTea Mug Square Sencha Green DP-01 SEN (japan import),B00472MC0S
ZEROJAPAN Universal teapot 680cc egg plant BBN-04 EG (japan import) ;TM79F-32M UGBA284596,B01LW89OB5
ZEROJAPAN classic teapot S 450cc artichoke BBN-46 AR (japan import),B004H0MCZU
ZEROJAPAN cafe mag small mineral (japan import),B00E4FM5NW
ZEROJAPAN Hook Pack 02 Aqua Mist NP-02 AM (japan import),B0040X3HU8
ZEROJAPAN Saturn teapot M 520cc orange milk BBN-17M ORM (japan import),B000F3JS00
ZEROJAPAN Universal teapot 580cc Ink 貫入,B00AH6I0KO
ZEROJAPAN Box Container 2~2 BST-15 (japan import),B0046ZT6LE
ZEROJAPAN (Zero Japan) Coffee Dripper + Pot + Mug Cup Set White ZG - 010 (japan import),B01MTZEI40
ZEROJAPAN teapot Saturn L 1350cc tomato BBN-17L TO (japan import),B004H0MCO6
ZEROJAPAN Round container M with a spoon banana BKK-03 BA (japan import),B005MMH2SE
ZEROJAPAN Coffee Mug Egg Plant MC-02 EG (japan import),B004VIW9RE
ZEROJAPAN Gift Set Universal Teapot for 4 People & Teacup Wide 2 Pieces Carrot ZG-003 CA (japan import),B01G8BF2J8
ZEROJAPAN Tea Warmer White TW-01 WH (japan import),B004H0MDDG
ZEROJAPAN Gift Set for Universal Teapot 3 People & Teacup Tall 2 Pieces Kiwi ZG-002 KW (japan import),B00AIE6EYE
ZEROJAPAN tea cup tall,B00472MCMG
ZEROJAPAN classic teapot 680cc turquoise BBN-26 TR (japan import),B004H0MD7C
ZEROJAPAN Soap dish M with tomato wooden gypsum brush BCB - 04 M TO (japan import),B01N29IQDG
ZEROJAPAN Gift Set Coffee Dripper L & Cafe Mag Banana ZG-007 BA (japan import),B01G8BD3UI
Tasse de th? ZEROJAPAN large L Noir Noble TC-07 NBK (japon importation),B006GJ77VO
ZEROJAPAN Gift Set Universal Teapot for 3 People & Teacup Tall 2 Aquamist ZG-002 AM (japan import),B00AIE6K3O
ZEROJAPAN Antique green for three BBN-02 universal teapots Japan used like new,B07FLFFRDS
ZEROJAPAN soy sauce & Source,B005MMH7JS
ZEROJAPAN SAKE BAR jug pot with tea strainer GA-01 (japan import),B000PIMDRU
ZEROJAPAN Stainless Cocktail Stirrer L 2 Set YK-07L (japan import),B01G6PRFPU
ZEROJAPAN Gift Set Coffee Dripper L & Cafe MG White ZG - 007 WH (japan import),B01G8BEV72
ZEROJAPAN SAKE BAR delicacy GA - 06 WH (japan import),B01N4UZFVA
ZEROJAPAN Round Creamer Black PMZ-06 BK (japan import),B005MMH590
ZEROJAPAN classic teapot 680cc blueberry BBN-26 BB (japan import),B004H0MD4K
ZEROJAPAN Soap dish M Carrots with wooden gratefuls BCB - 04 M CA (japan import),B01MTG72WW
ZEROJAPAN Round container M with a spoon Carrot BKK-03 CA (japan import),B005MMH2UW
ZEROJAPAN Universal teapot 450cc Sencha BBN-02 SEN (japan import) by Zero Japan,B013RPIODE
ZEROJAPAN Universal Teapot 350cc Mint (japan import),B00HIUWSO6
ZEROJAPAN Universal teapot 580cc Kiwi BBN-03 KW (japan import),B003QULCV2
ZEROJAPAN Oval creamer tomato BBN-23 TO,B005MMH7KW
ZEROJAPAN Gift Set Coffee Dripper L & Cafe Meg Violet ZG-007 VI (japan import),B01G8BEN84
ZEROJAPAN jumbo jar 1350cc white BBN-16 (japan import),B0084XZR12
ZEROJAPAN Hook Pack 01 Orange Milk NP-01 ORM (japan import),B0040X3HK8
ZEROJAPAN Square Canister S Wooden Spoon Included White SC-46 WH (japan import),B0046ZT6T6
ZEROJAPAN teapot and teacup two gift set pink ZG-001 PI (japan import),B00AIE6K0M
ZEROJAPAN Round container M with a spoon blueberry BKK-03 BB (japan import),B005MMH2RK
ZEROJAPAN SAKE BAR Goblet GA - 08 WH (japan import),B01N3B2LYG
ZEROJAPAN Salt & Pepper White KTZ-001 SP,B00LGKKHHE
ZEROJAPAN Round container with a spoon S Black BKK-04 BK (japan import) (japan import),B005MMH5B8
ZEROJAPAN gift set for 4 people & tea cup wide for 2 person Yellow pepper ZG-003 YP (japan import),B01G8BF2WA
ZEROJAPAN ice teapot retro M 750cc artichoke BBN-14M AR (japan import),B0051SAENE
ZEROJAPAN teapot and green tea canister gift set ZG-005 SEN (japan import),B00AIE6HUK
ZEROJAPAN SAKEBAR Cup SK - 01 WH (japan import),B01N29G3G7
ZEROJAPAN pa-simontexi-potto,B005JQI2YQ
ZEROJAPAN Universal teapot 580cc Carrot BBN-03 CA (japan import),B000PIH42O
ZEROJAPAN Stackable Teapots Lake Blue BBN-80 LAB (japan import),B00J4H08QQ
ZEROJAPAN tea cup Ink 貫入,B00HIUWFCQ
ZEROJAPAN Universal teapot 350cc YellowPepper BBN-01 YP (japan import),B00LGKK396
ZEROJAPAN Gift Set Coffee Dripper L & Cafe Mug Black ZG-007 BK (japan import),B01G8BEUZ0
ZEROJAPAN Honey Canister with Honey Stick White HC-01 WH (japan import),B007OOVJYG
ZEROJAPAN Gift Set Universal Teapot for 3 People & Teacup Tall 2 Carrot ZG-002 CA (japan import),B00AIE6K3E
ZEROJAPAN Tulip Teapot,B00LGKKZGW
ZEROJAPAN Salt Box (Banana),B0046ZT6JG
ZEROJAPAN Oil Dospenser Ceramic Pot 500cc Bottle - White - BRM50WH (Japan Import),B00FCMHUMM
ZEROJAPAN Salt Box (Artichoke),B0046ZT6I2
ZEROJAPAN Tea Canister 50 White TEA-50 WH (japan import),B0046ZT6RS
ZEROJAPAN Butter Dish with Knife Pink BYK-12 PI (japan import),B00472MCZ8
ZEROJAPAN Gift Set Universal Teapot for 4 People & Tea Cup Wide 2 Turquoise ZG-003 TR (japan import),B01G8BENC0
ZEROJAPAN Gift Set Coffee Dripper L & Cafe Mug (with Tray) Ivory DMZ - 16 AGN/IV (japan import),B073S2LXQ5
ZEROJAPAN Saturn teapot S 300cc orange milk BBN-17S ORM (japan import),B000PIFSQ8
ZEROJAPAN Gift Set Pour Over Coffee Dripper L iero-peppa- & kafemagu (with tray) DMZ – 16 YP/,B073S29YHS
ZEROJAPAN Universal teapot CC Antique,B00HIUWI0K
ZEROJAPAN gift set for 4 people & tea cup tall 2 pieces Yellow pepper ZG - 004 YP (japan import),B01G8BDLFU
ZEROJAPAN Saturn teapot M 520cc orange milk BBN-17M ORM (japan import) by Zero Japan,B01CFLRTE6
ZEROJAPAN Stainless Steel Lid with Clip Large P-LL (japan import),B007OZE4GK
ZEROJAPAN Gift Set Universal Teapot for 4 People & Tea Cup Wide 2 Tomatoes ZG-003 TO (japan import),B01G8BE8UM
ZEROJAPAN Butter Dish with Knife Aqua Mist BYK-12 AM (japan import),B00472MCTO
ZEROJAPAN Oil & Vinegar Oval with Receiving Disk White KTZ-008 (japan import),B00LGKKS82
ZEROJAPAN Wooden dripper stand (Sakura) WDS - 15 (japan import),B01MTG71S0
ZEROJAPAN teapot and teacup two gift set Sencha ZG-001 SEN (japan import),B00AIE6PO8
ZEROJAPAN insensuhoruda- Round Blue Gray Goldfish C – 02 BG Goldfish,B0051SAFSS
ZEROJAPAN Universal teapot 580cc Gelato,B00HIUWZWQ
ZEROJAPAN classic teapot 680cc Carrot BBN-26 CA (japan import),B004H0MD54
ZEROJAPAN Gift Set Coffee Dripper L & Cafe Mug (With Tray) Ivory DMZ - 16 BK / IV (japan import),B073S2C35Q
ZEROJAPAN persimmon teapot S 450cc egg plant BBN-56 EG (japan import),B005JQI2Z0
ZEROJAPAN Oval sugar spoon with white BBN-22 WH (japan import),B005MMH6BM
ZEROJAPAN Saturn L 1350cc white teapot BBN-17L WH (japan import),B000PK50O6
ZEROJAPAN Gift Set Universal Teapot for 3 People & Tea Cup Tall 2 Sencha ZG-002 SEN (japan import),B01G8BDUUQ
ZEROJAPAN Universal teapot 350cc banana BBN-01 BA (japan import),B000PIH41U
ZEROJAPAN Forming Bottle White BRM-38 WH (japan import),B01G6PO20G
ZEROJAPAN Gift Set Universal teapot 3 Person Picnic Basket Hamper & 2 texi-kapputo-ru Egg Plant ZG – 002 EG,B00AIE6HQO
Syrup pot zero syrup pot BRM-41 [ for business ] [ ZEROJAPAN [ zero Japan ] Put sugar pot sugar ],B00N2O5510
ZEROJAPAN kitchen tools chopsticks Fresh Carrot BKH-01 CA,B00LGKKRVA
ZEROJAPAN ZEN Tea Pot 500cc White BBN-18,B00200TUKE
ZEROJAPAN (Zero Japan) Dripper Stand DS - 15 (japan import),B06VX4CKHF
ZEROJAPAN Stackable Teacups Lake Blue TC-08 LAB (japan import),B00J4H0CPS
ZEROJAPAN Universal teapot 580cc Carrot BBN-03 CA (japan import) by Zero Japan,B013RQMPG0
ZEROJAPAN crochet 03 pack de lait orange NP-03 ORM (Japon import / Le paquet et le manuel sont ?crites en japonais),B0040X3HZ8
ZEROJAPAN persimmon teapot S 450cc Sencha BBN-56 SEN (japan import),B005JQI304
ZEROJAPAN Universal Teapot 350cc Pink BBN-01 ACPI (japan import),B00J4GYVAQ
ZEROJAPAN KYOTO Teapot 950cc White BBN-30 (japan import),B00LGKLCOQ
ZEROJAPAN Teacup Wide White TC-01 WH (japan import),B00472MCBM
ZEROJAPAN Jam & Mermaid Square Jam with Spoon White BKK - 07 (japan import),B00200Y5F4
ZEROJAPAN Jam & Mermarado Round Jam with Spoon White BKK-05 (japan import),B0020117VS
ZEROJAPAN syrup pot banana BRM-41 BA,B0051SAE70
ZEROJAPAN DesktopTea Mug Square Aqua Mist DP-01 AM (japan import),B00472MBV8
ZEROJAPAN Round S container with a spoon white BKK-04 WH (japan import) by Zero Japan,B013RPJKK0
ZEROJAPAN Gift Set Universal teapot 4 Person Picnic Basket Hamper & texi-kappuwaido 2 Pcs Black ZG – 003 BK,B01G8BF2S4
Tasse de th? blanc ZEROJAPAN MT-01 WH (japon importation),B000PIL1L4
ZEROJAPAN gift set 4 persons & tea cup wide 2 teaspoon tea cups ZG-003 SEN (japan import),B01G8BDM3G
ZEROJAPAN ice teapot retro 1500cc blueberry BBN-14 BB (japan import),B0051SAENO
ZEROJAPAN teapot and teacup two gift set Carrot ZG-001 CA (japan import),B00AIE6NCC
ZEROJAPAN Gift Set for Universal Teapot 4 People & Tea Cup Wide 2 Artichokes ZG-003 AR (japan import),B01G8BE8N4
ZEROJAPAN kafemagu Soup,B00ES4MV1A
ZEROJAPAN Gift Set Universal Teapot for 3 People & Tea Cup Wide 2 Turquoise ZG - 001 TR (japan import),B00AIE6PAM
ZEROJAPAN kafemagu su-puo-ganikkukara-,B00ES4N0JC
ZEROJAPAN persimmon teapot 800cc Sencha BBN-36 SEN (japan import),B005JQI2TG
ZEROJAPAN Gift Set Universal Teapot for 3 People & Tea Canister Tomato ZG - 005 TO (japan import),B01G8BEG6S
ZEROJAPAN teapot Saturn L 1350cc banana milk BBN-17L BAM (japan import),B004H0MCKA
ZEROJAPAN Universal teapot 450cc Kiwi BBN-02 KW (japan import) by Zero Japan,B0196Z40IC
ZEROJAPAN coffee mug Carrot MC-02 CA (japan import),B000PIJ3KK
ZEROJAPAN Saturn teapot M 520cc melon milk BBN-17M MEM (japan import),B004H0MCSM
ZEROJAPAN kafemagu su-puo-ganikkukara-,B00ES4MXVS
ZEROJAPAN Saturn teapot S 300cc tomato BBN-17S TO (japan import),B004H0MCYG
ZEROJAPAN ice teapot retro M 750cc Carrot BBN-14M CA (japan import),B0051SAEV6
ZEROJAPAN teapot and teacup two gift set yellow pepper ZG-001 YP (japan import),B00AIE6PAC
ZEROJAPAN 15oz Round Teapot with SLS Lid and Infuser (sen cha),B003R0P3PM
ZEROJAPAN classic teapot 680cc Rose BBN-26 ROS (japan import),B006GJ7GX8
ZEROJAPAN Gift Set Coffee Dripper L & Cafe Mug Pink ZG-007 PI (japan import),B01G8BEGFO
ZEROJAPAN classic teapot S 450cc banana BBN-46 BA (japan import),B004H0MD0O
ZEROJAPAN Gift Set Universal Teapot for 3 People & Tea Canister Egg Plant ZG - 005 EG (japan import),B01G8BD3TO
ZEROJAPAN Herb Teapot Square 670 cc White BBN-11 (japan import),B00LGKKZJY
ZEROJAPAN crochet 03 paquet bleuets lait NP-03 BBM (Japon import / Le paquet et le manuel sont ?crites en japonais),B0040X3HWG
ZEROJAPAN Gift Set Coffee Dripper L & Cafe Mug (With Tray) Ivory DMZ - 16 JB / IV (japan import),B073S24Q88
ZEROJAPAN Universal Teapot 350cc Kiwi BBN-01 KW (japan import),B00LGKK3QY
Zero square container deep [ for business ] BYK-06 with tongs [ ZEROJAPAN [ zero Japan ] Put sugar pot sugar ],B00N2O4TW6
ZEROJAPAN Gift Set Universal Teapot for 3 People & Tea Canister Aquamist ZG - 005 AM (japan import),B01G8BE1PO
ZEROJAPAN Box Container 2S BST-16S (japan import),B0046ZT6KU
ZEROJAPAN Gift Set Universal teapot 3 Person Picnic Basket Hamper & texi-kappuwaido 2 Pcs Black ZG – 001 BK,B01C2FGJRS
ZEROJAPAN wall hanging Salt & Pepper White BSP-01 SP,B00LGKKAGW
ZEROJAPAN gift set for 4 people & 2 tea cup talls Rose ZG - 004 ROS (japan import),B01G8BDUPQ
ZEROJAPAN INSENSE HOLDER SQUARE WHITE BASS C-01 WH Bamboo (japan import),B0051SAF6U
ZEROJAPAN Honey Canister with Honey Stick BlueberryHC-01 BB (japan import),B007OOVK04
ZEROJAPAN Free Cup Kikko,B00J4GZITO
ZEROJAPAN crochet 04 pack de lait orange NP-04 ORM (Japon import / Le paquet et le manuel sont ?crites en japonais),B0040X3I66
ZEROJAPAN kafemagu ra-zio-ganikkukara-,B00E4FMN0W
ZEROJAPAN round creamer tomato PMZ-06 TO,B005MMH6EO
ZEROJAPAN tea cup tall a-texizankurakkuru,B00J4GZ6KA
ZEROJAPAN raundokyanisuta-,B00J4H06CW
ZEROJAPAN color mug banana (japan import),B00J4GZRP4
ZEROJAPAN Stainless Ladle SS-18 (japan import),B01G6PRAFK
ZEROJAPAN Gift Set for Universal Teapot 4 People & Tea Cup Tall 2 Tomatoes ZG - 004 TO (japan import),B01G8BDLLY
ZEROJAPAN Gift Set for Universal Teapot 4 People & Teacup Tall 2 Aquamist ZG - 004 AM (japan import),B01G8BE1WM
ZEROJAPAN TeacupS White BKK-20S WH (japan import),B006GJ77XM
ZEROJAPAN Round container M with a spoon white BKK-03 WH (japan import) by Zero Japan,B00Y1CAUAI
ZEROJAPAN tea cup tall,B00472MCNA
ZEROJAPAN coffee canister 150 white CO - 150 WH (japan import),B01N3AZYU6
ZEROJAPAN Cup & Saucer Tomato TCS-03 TO (japan import),B006GJ7J44
ZEROJAPAN Saturn teapot R 800cc Black BBN-37 BK (japan import),B004H0MCPK
ZEROJAPAN Gift Set Coffee Dripper L & Cafe M blueberry ZG-007 BB (japan import),B01G8BDLBE
ZEROJAPAN persimmon teapot 800cc egg plant BBN-36 EG (japan import),B005JQI2SC
ZEROJAPAN persimmon teapot 800cc tomato BBN-36 TO (japan import),B005JQI30E
ZEROJAPAN Coffee Dripper S White BKK-15L WH MADE IN JAPAN ;#G344T3486G 34BG82G433148,B01M0NQVHT
ZEROJAPAN Gift Set Coffee Dripper L & Cafe Mug (With Tray) Rose DMZ - 16 BK / ROS (japan import),B073S2JX85
ZEROJAPAN Universal teapot 450cc white BBN-02 WH (japan import) ~ITEM #GH8 3H-J3/G8352876,B01JQH3OBY
ZEROJAPAN honey pot white BRM-40 WH (japan import),B00200W0NI
ZEROJAPAN Coffee Mug Tomato MC-02 TO (japan import),B005MMHDJW
ZEROJAPAN Salt Box (Carrot),B0046ZT6K0
ZEROJAPAN Universal teapot 350cc yellow ink penetration BBN-01 SKY (japan import),B00B8I3E9M
ZEROJAPAN kitchen tools chopsticks fresh melon milk BKH-01 MEM,B0046ZT6NC
ZEROJAPAN Gift Set Universal teapot 3 Person Picnic Basket Hamper & 2 texi-kapputo-ru Banana ZG – 002 Ba,B00AIE6HWS
ZEROJAPAN Gift Set Coffee Dripper L & Cafe Mag Dark Chocolate ZG-007 DCH (japan import),B01G8BD4HK
ZEROJAPAN Universal teapot 350cc white ink penetration BBN-01 SKW (japan import),B00B8I3JG0
ZEROJAPAN crochet 01 paquet banane lait NP-01 BAM (Japon import / Le paquet et le manuel sont ?crites en japonais),B0040X3HFI
ZEROJAPAN Stackable TeapotsM Lake Blue BBN-81M LAB (japan import),B00J4H0ALY
ZEROJAPAN Universal teapot 580cc yellow pepper BBN-03 YP (japan import) by Zero Japan,B013RPJN5M
ZEROJAPAN Saturn teapot L 1350cc melon milk BBN-17L MEM (japan import),B004H0MCMS
ZEROJAPAN dripper tray KTZ-15 WH,B006GJ7GVA
ZEROJAPAN square container Deep Spoon with White BYK – 05 WH,B00200TVHG
ZEROJAPAN teapot and canister gift set pink ZG-005 PI (japan import),B00AIE6FV6
ZEROJAPAN Moon Teapot 1300 cc White BBN-71 (japan import),B00LGKLJMG
ZEROJAPAN gift set 4 persons & tea cup tall 2 turquoise ZG - 004 TR (japan import),B01G8BE8V6
ZEROJAPAN Soup Dish M Wooden Grates Included White BCB-04M WH (japan import),B01G6PO1YI
ZEROJAPAN Gift Set Universal Teapot for 3 People & Tea Cup Wide 2 Pieces Aquamist ZG-001 AM (japan import),B00AIE6NE0
ZEROJAPAN canister M with wooden spoon White CP-05M WH (japan import),B006GJ7ELW
ZEROJAPAN Stainless Steel Lid with Clip S Mini Long Tea Set P-SL P-MI (japan import),B007OZE4FG
ZEROJAPAN crochet 03 paquet banane lait NP-03 BAM (Japon import / Le paquet et le manuel sont ?crites en japonais),B0040X3HVW
ZEROJAPAN Gift Set Universal Teapot for 3 People & Tea Canister Black ZG-005 BK (japan import),B01G8BEVCM
ZEROJAPAN Free Cup Kikko,B00J4GZIRQ
ZEROJAPAN Gift Set for Universal Teapot 4 People & Teacup Tall 2 Artichokes ZG-004 AR (japan import),B01G8BEFMS
ZEROJAPAN jera-tokara-magu,B00J4GZNGM
ZEROJAPAN teacup wide,B00472MCFI
ZEROJAPAN kafemagu ra-zio-ganikkukara-,B00E4FMN02
Zero square container deep [ commercial ] spoon with BYK-05 [ ZEROJAPAN [ zero Japan ] Put sugar pot sugar ],B00N2O4SOA
ZEROJAPAN Gift Set Coffee Dripper L & Cafe Mug (with Tray) Ivory DMZ-16 TO/IV (japan import),B073S272YH
ZEROJAPAN Round S container with a spoon banana BKK-04 BA (japan import),B005MMH41Y
ZEROJAPAN 15oz Round Teapot with SLS Lid and Infuser (Turquoise),B003R0NG2Y
ZEROJAPAN Universal teapot 450cc turquoise BBN-02 TR (japan import) by Zero Japan,B01C85DGXC
Tasse de th? ZEROJAPAN large L vert antique TC-07 AGN (Japon import / Le paquet et le manuel sont ?crites en japonais),B006GJ77XC
ZEROJAPAN Tea bag container S TB - 01 WH (japan import),B01N181T8Q
ZEROJAPAN tea cup tall a-texizankurakkuru,B00J4GZ902
ZEROJAPAN Coffee Mug Aloe MC-02 AL (japan import),B004VIW99M
ZEROJAPAN Stackable Teapots Tomato BBN-80 TO (japan import),B00J4H08FW
ZEROJAPAN Round S container with a spoon white BKK-04 WH (japan import),B005MMH59U
ZEROJAPAN Regular Tea Strainer Set of 2 P-RI-2 (japan import),B007OZE4GA
ZEROJAPAN Saturn teapot M 520cc banana milk BBN-17M BAM (japan import),B000F3HP5U
ZEROJAPAN Universal teapot CC a-texizankurakkuru,B00J4GYVPG
Zero square container [L] [ commercial ] BYK-02 [ ZEROJAPAN [ zero Japan ] Put sugar pot sugar ],B00N2O4OSK
ZEROJAPAN Gift Set for Universal Teapot 3 People & Tea Cup Wide 2 Pieces White ZG-001 WH (japan import),B00AIE6LFG
ZEROJAPAN Tulip Teapot 500 cc White BBN - 25 WH (japan import),B00CZ6VP42
ZEROJAPAN Gift Set Coffee Dripper L & Cafe Mug (With Tray) Rose DMZ - 16 AGN / ROS (japan import),B073S2RNSX
ZEROJAPAN Gift Set for Universal Teapot 3 People & Teacup Tall 2 Pieces Yellow Pepper ZG-002 YP (japan import),B01G8BD3SK
ZEROJAPAN Square canister S wooden spoon with SC-46 TO (japan import),B005MMHDM4
ZEROJAPAN Gift Set Coffee Dripper L & Cafe Mug (with Tray) Rose DMZ - 16 WH / ROS (japan import),B073S292M8
ZEROJAPAN Universal teapot 450cc white BBN-02 WH (japan import) by Zero Japan,B00Y1BYQHW
Tasse de th? ZEROJAPAN p?n?tration de l'encre verte TC-04 SKG (Japon import / Le paquet et le manuel sont ?crites en japonais),B00HIUWFSA
ZEROJAPAN Stainless Butter Knife 2 Set YK-12 (japan import),B01G6PRA9G
ZEROJAPAN SAKE BAR lock cup GA - 02 (japan import),B00200Y2RA
ZEROJAPAN Coffee Mug Artichoke MC-02 AR (japan import),B000PIL1LE
ZEROJAPAN Gift Set Universal Teapot for 3 People & Tea Cup Wide 2 Tomatoes ZG-001 TO (japan import),B00AIE6RJ6
Zero jam u0026 marmalade Square spoon with BKK-07 [ for business ] [ ZEROJAPAN [ zero Japan ] Put sugar pot sugar ],B00N2O51SW
ZEROJAPAN Cafe Mag Large Mineral (japan import),B00E4FMK7I
ZEROJAPAN Hook Pack 02 Banana Milk NP-02 BAM (japan import),B0040X3HNK
ZEROJAPAN PotL BBN-51 (japan import),B00J4H0HQC
ZEROJAPAN Saturn teapot M 520cc blueberry milk BBN-17M BBM (japan import),B000F3JSPK
ZEROJAPAN tray White BOW-01 WH,B005MMHDLK
ZEROJAPAN Universal teapot 680cc CracklePink BBN-04 SKP (Crackle Pink),B00B8I3PA0
ZEROJAPAN Coffee Canister 200 Black CO-200 BK (japan import),B01ISBTF0S
ZEROJAPAN Tulip Teapot,B00LGKL48U
ZEROJAPAN Cafe Mag Small White (japan import),B00E4FM2DA
ZEROJAPAN Cafe Mug Soup Oolong (japan import),B00ES4MXUO
ZEROJAPAN Round container S with a spoon blueberry BKK-04 BB (japan import),B005MMH42I
ZEROJAPAN Saturn teapot M 520cc Black BBN-17M BK (japan import),B004H0MCT6
ZEROJAPAN Square ContainerS White BYK-01 WH (japan import),B002011718
ZEROJAPAN raundokyanisuta-,B00J4H02PI
ZEROJAPAN SAKEBAR Nikki Sako SK-04 WH (japan import),B00200RV96
ZERO JAPAN Honey Pot White BRM-40 WH from Japan,B01NCNCZBB
ZEROJAPAN tea cup Ink 貫入,B00HIUWFSK
ZEROJAPAN Universal teapot 580cc Artisan Orange,B00J4GZ3PS
ZEROJAPAN Cafe Mug Large (tomato),B00E4FMG0O
Bo?te ZEROJAPAN r?cipient 2 BST-16 (Japon import / Le paquet et le manuel sont ?crites en japonais),B0046ZT6KK
ZEROJAPAN classic teapot 680cc Sencha BBN-26 SEN (japan import),B004H0MD6I
ZEROJAPAN Gift Set Universal Teapot for 3 People & Tea Canister White ZG - 005 WH (japan import),B01G8BDUF6
ZEROJAPAN Gift Set Coffee Dripper L & Cafe Mug (with Tray) Rose DMZ-16 SGY/ROS (japan import),B073S2C33S
ZEROJAPAN crochet 01 paquet blanc NP-01 WH (Japon import / Le paquet et le manuel sont ?crites en japonais),B0040X3HLC
ZEROJAPAN teapot and teacup two gift set artichokes ZG-001 AR (japan import),B00AIE6NA4
ZEROJAPAN Universal teapot 450cc white ink penetration BBN-02 SKW (japan import) by Zero Japan,B01AVMQX0W
ZEROJAPAN Square ContainerL Spoon Included White BYK-04 WH (japan import),B00200TVFS
ZEROJAPAN Cafe Mag Small Oolong (japan import),B00E4FM7VW
ZEROJAPAN 23 oz Round Teapot with SLS Lid and Infuser (jeans blue),B00HIUWPH6
Caf? ZEROJAPAN tasse soupe banane CFZ-03 BA (Japon import / Le paquet et le manuel sont ?crites en japonais),B00ES4MSOU
Set of 2 P-MLI-2 ZEROJAPAN mini Long tea strainer (japan import),B007OZE5JG
ZEROJAPAN Saturn teapot S 300cc banana milk BBN-17S BAM (japan import),B004H0MCVE
ZEROJAPAN crochet 01 paquet bleuets lait NP-01 BBM (Japon import / Le paquet et le manuel sont ?crites en japonais),B0040X3HHG
Cartouche ZEROJAPAN Honey Honey b?ton avec artichaut HC-01 AR (Japon import / Le paquet et le manuel sont ?crites en japonais),B007OOVJZK
ZEROJAPAN TEACUP WIDE,B004OA804A
ZEROJAPAN Tea bag container L TB - 02 WH (japan import),B01N3AUWKX
ZEROJAPAN Free Cup Kikko,B00J4GZIQC
ZEROJAPAN Universal teapot 580cc lavender ink penetration BBN-03 SKL (japan import),B00AH6I0L8
ZEROJAPAN Cup & Saucer White TCS - 03 WH (japan import),B006GJ7J3K
Zero square container [S] [ commercial ] BYK-01 [ ZEROJAPAN [ zero Japan ] Put sugar pot sugar ],B00N2O4ND6
ZEROJAPAN ice teapot retro S tea leaves 410cc blueberries BBN-14S BB (japan import),B0051SAF7Y
ZEROJAPAN Gift Set Universal teapot 4 Person Picnic Basket Hamper & 2 texi-kapputo-ru Blueberry ZG – 004 BB,B01G8BF2N4
ZEROJAPAN kafemagu su-puo-ganikkukara-,B00ES4MXQI
ZEROJAPAN Insense Holder Square White C - 01 WH (japan import),B0051SAF74
ZEROJAPAN ice teapot retro white 1500cc BBN-14 WH (japan import),B00200Y3M4
ZEROJAPAN teapot and canister gift set banana ZG-005 BA (japan import),B00AIE6ET4
ZEROJAPAN Universal teapot 350cc blue ink penetration BBN-01 SKB (japan import),B00B8I3EHE
ZEROJAPAN Stackable Tea Cups White TC – 08 WH,B00J4H0CM6
ZEROJAPAN Gift Set for Universal Teapot for 4 People & Tea Cup Wide 2 Pieces White ZG-003 WH (japan import),B01G8BD42A
ZEROJAPAN Gift Set Coffee Dripper L & Cafe Mag Carrot ZG-007 CA (japan import),B01G8BDUDS
ZEROJAPAN SAKEBAR SK-02 WH (japan import),B00200RVEQ
ZEROJAPAN Stainless Condiment spoon 2 Set BK-04 (japan import),B01G6PR9YM
ZEROJAPAN Gift Set Universal teapot 4 Person Picnic Basket Hamper & 2 texi-kapputo-ru Kiwi ZG – 004 KW,B01G8BE1U4
ZEROJAPAN Hook Pack 02 Blueberry Milk NP-02 BBM (japan import),B0040X3HPS
ZEROJAPAN Square Canister M White SC-43 WH (japan import),B00AH6I4ZK
ZEROJAPAN Saturn teapot M 520cc Black BBN-17M BK (japan import) by Zero Japan,B013RQ7TZM
ZEROJAPAN Wooden filter stand (Sakura) WFS - 01 (japan import),B01MYFCF7L
ZEROJAPAN teapot and teacup two gift set Rose ZG-001 ROS (japan import),B00AIE6OZS
ZEROJAPAN Saturn S 300cc teapot white BBN-17S WH (japan import) by Zero Japan,B013RPGXU0
ZEROJAPAN kitchen tools chopsticks freshly pink BKH-01 PI,B004OA7M5S
ZEROJAPAN Sauce Marine Blue BBN-08 MB (japan import),B005MMHA0E
ZEROJAPAN classic teapot S 450cc blueberry BBN-46 BB (japan import),B004H0MD18
ZEROJAPAN bowl (bowl) KIKKO white TC - 21 KWH (japan import),B01MSEJ7YM
ZEROJAPAN Tulip Teapot 500 cc artichokes BBN - 25 AR (japan import),B00CZ6VKOC
ZEROJAPAN Hook Pack 04 Blueberry Milk NP-04 BBM (japan import),B0040X3I48
ZEROJAPAN ko-hi-kyanisuta- 200 ,B01ISBTEK4
ZEROJAPAN Coffee Mug Banana MC-02 BA (japan import),B000PIMDT8
ZEROJAPAN Universal teapot CC Gelato,B00HIUWSQO
ZEROJAPAN Cafe Mug Large (White),B00E4FMC6M
ZEROJAPAN kafemagu Small,B00E4FM53M
ZEROJAPAN gift set 4 persons & tea cup wide 2 pieces Kiwi ZG-003 KW (japan import),B01G8BE1L8
ZEROJAPAN Universal teapot CC a-texizankurakkuru,B00J4GYY1C
ZEROJAPAN gift set 4 persons & tea cup tall 2 teaspoon teaspoon ZG-004 SEN (japan import),B01G8BEMYO
ZEROJAPAN persimmon teapot S 450cc white BBN-56 WH (japan import),B005JQI30O
ZEROJAPAN soy sauce & Source,B005MMH8UQ
ZEROJAPAN canister S with wooden spoon White CP - 05S WH (japan import),B0046ZT6PK
ZEROJAPAN Saturn teapot M 520cc tomato BBN-17M TO (japan import),B004H0MCUA
ZEROJAPAN kafemagu Soup,B00ES4MV3I
ZEROJAPAN cafe mag large oolong (japan import),B00E4FML9A
ZEROJAPAN Round container M with a spoon artichoke BKK-03 AR (japan import) (japan import),B005MMH2T8
ZEROJAPAN Square container L White BYK-02 WH,B00200W038
ZEROJAPAN kafemagu Soup,B00ES4MS90
ZEROJAPAN Tulip Teapot,B00CZ6VM1S
ZEROJAPAN crochet 03 paquet blanc NP-03 WH (Japon import / Le paquet et le manuel sont ?crites en japonais),B0040X3I1G
ZEROJAPAN Round S container with a spoon tomato BKK-04 TO (japan import),B005MMH5AE
ZEROJAPAN Gift Set Universal Teapot for 3 People & Tea Cup Tall 2 Pink ZG-002 PI (japan import),B00AIE6EXU
ZEROJAPAN Coffee Dripper Stand Set White ZG-015 (japan import),B01BLZYRH4
ZEROJAPAN gift set for 4 people & 2 tea cups wide Rose ZG-003 ROS (japan import),B01G8BDU2O
ZEROJAPAN Round container M with a spoon white BKK-03 WH (japan import),B00200Y54A
ZEROJAPAN Cafe mug soup artichokes (japan import),B00ES4MS4U
ZEROJAPAN dripper S Black BKK-15S BK (japan import),B00LGKKAFS
Zero Square container L [ commercial ] spoon with BYK-04 [ ZEROJAPAN [ zero Japan ] Put sugar pot sugar ],B00N2O4RGY
ZEROJAPAN TeacupM White BKK-20M WH (japan import),B006GJ7EIK
ZEROJAPAN Gift Set for Universal Teapot 4 People & Teacup Tall 2 Pieces Black ZG-004 BK (japan import),B01G8BEUXM
ZEROJAPAN tea cup Ink 貫入,B00HIUWI3M
ZEROJAPAN ice teapot retro M 750cc banana BBN-14M BA (japan import),B0051SAEN4
ZEROJAPAN Gift Set Universal Teapot for 3 People & Teacup Tall 2 Pieces Black ZG-002 BK (japan import),B00AIE6HQ4
ZEROJAPAN Gift Set Universal Teapot for 3 People & Tea Canister Artichokes ZG-005 AR (japan import),B01G8BE18G
ZEROJAPAN Herb Mortar with Wooden Roller (Sakura),B00J4H02LM
ZEROJAPAN Tulip Teapot,B00JM9SEPS
ZEROJAPAN sutakkaburutexi-potto Small White Bolt Beranek and Newman – 81S WH,B00J4H0ANM
ZEROJAPAN Bowl S (small bowl of hot water) KIKKO Blue TC - 21S KBL (japan import),B01N3AZGIQ
ZEROJAPAN Gift Set Coffee Dripper L & Cafe Mug Burgundy ZG-007 BUG (japan import),B01G8BF2RA
ZEROJAPAN Coffee Canister 200 White CO - 200 WH (japan import),B0177PKQY0
ZEROJAPAN Herbs Mortar with Wooden Roller (Sakura) AntiqueGreen KTZ-002 AGN (japan import),B00J4H02NU
ZEROJAPAN Pasta Canister White PA-05 WH (japan import),B00J4H06KE
ZEROJAPAN Stainless Hoeny Stick 2 Set HS-01 (japan import),B01G6PR9TC
ZEROJAPAN ice teapot retro 1500cc Carrot BBN-14 CA (japan import),B0051SAENY
Jeans tasse de th? ZEROJAPAN large L TC-07 JB (Japon import / Le paquet et le manuel sont ?crites en japonais),B00HIUWZVM
ZEROJAPAN Coffee Canister 200 Ivory CO-200 IV (japan import),B01ISBTEMM
ZEROJAPAN Gift Set Coffee Dripper L & Cafe Mug Tomato ZG-007 TO (japan import),B01G8BE8NO
ZEROJAPAN Iced Tea Pot,B0051SAEVQ
ZEROJAPAN Gift Set Universal Teapot for 4 People & Tea Cup Wide 2 Bananas ZG-003 BA (japan import),B01G8BEGK4
ZEROJAPAN Saturn teapot R 800cc tomato BBN-37 TO (japan import),B004H0MCQ4
ZEROJAPAN Round Canister M White Ceramic Spoon Included RC-35M WH (japan import),B00J4H06M2
ZEROJAPAN Universal teapot 350cc artichoke BBN-01 AR (japan import) by Bee House (Zero Japan),B01N5O3Q4G
ZEROJAPAN Tulip Teapot,B00CZ6VN62
Tasse de th? ZEROJAPAN brun antique large L TC-07 ABR (Japon import / Le paquet et le manuel sont ?crites en japonais),B006GJ77VE
ZEROJAPAN Gift Set Coffee Dripper L & Cafe Mug (with Tray) Rose DMZ-16 TO / ROS (japan import),B073S3BDJR
410cc Carrot BBN-14S CA without ZEROJAPAN ice tea strainer teapot retro S (japan import),B0051SAF6A
ZEROJAPAN Gift Set Universal Teapot for 4 People & Tea Cup Tall 2 Banana ZG-004 BA (japan import),B01G8BEG18
ZEROJAPAN SAKE BAR large bowl GA - 05 (japan import),B00200Z2N8
ZEROJAPAN Universal teapot 580cc yellow ink penetration BBN-03 SKY (japan import),B00AH6I0IQ
ZEROJAPAN Square container deep white BYK-03 WH,B00200W04C
ZEROJAPAN Gift Set Coffee Dripper L & Cafe Mug (With Tray) Ivory DMZ - 16 SGY / IV (japan import),B073S25M4K
ZEROJAPAN Honey Pot Tomato BRM-40 to,B0051SAEEI
ZEROJAPAN Round S container with a spoon artichoke BKK-04 AR (japan import),B005MMH44Q
410cc artichoke BBN-14S AR without ZEROJAPAN ice tea strainer teapot retro S (japan import),B0051SAEW0
ZEROJAPAN Soap dish M Artichoke with wooden gypsum Board BCB - 04M AR (japan import),B01N4V43DT
ZEROJAPAN tea cup tall,B00472MCMQ
ZEROJAPAN Box Container 4 BST-14 (japan import),B0046ZT6L4
ZEROJAPAN source White BBN-08 WH,B0020116VY
ZEROJAPAN kafemagu Soup,B00ES4MV38
ZEROJAPAN Gift Set Universal Teapot for 3 People & Tea Canister Pink ZG-005 PI (japan import),B01G8BEV6I
[ Commercial ] zero round container M spoon with BKK-03 [ ZEROJAPAN [ zero Japan ] Put sugar pot sugar ] Lumpur,B00N2O4V8S
ZEROJAPAN crochet 03 paquet melon lait NP-03 MEM (Japon import / Le paquet et le manuel sont ?crites en japonais),B0040X3HXK
ZEROJAPAN Stainless Jam Spoon 2 Set BK-05 (japan import),B01G6PRFLY
ZEROJAPAN Universal teapot 580cc aloe BBN-03 AL (japan import),B003QUJLNI
ZEROJAPAN tea canister 100 artichokes TEA - 100 AR (japan import),B01MTG7919
ZEROJAPAN Hook Pack 04 Melon Milk NP-04 MEM (japan import),B0040X3I5M
ZEROJAPAN Saturn Teapot L 1350cc Black BBN-17L BK (japan import),B004H0MCNC
ZEROJAPAN sutakkaburutexi-potto Small Lake Blue Bolt Beranek and Newman – 81S Lab,B00J4H0AUK
ZEROJAPAN syrup pot artichoke BRM-41 AR,B0051SAE5W
ZEROJAPAN Soy Sauce Carrot BBN-07 CA (japan import),B005MMH7MA
ZEROJAPAN SAKE BAR Shochu Cup GA - 03 (japan import),B00200TT5A
ZEROJAPAN Gift Set Universal Teapot for 3 People & Tea Canister Banana ZG-005 BA (japan import),B01G8BEN2U
ZEROJAPAN Gift Set Coffee Dripper L & Cafe Mug (With Tray) Ivory DMZ - 16 CBR/IV (japan import),B073S2MT37
ZEROJAPAN Stackable TeapotsM Tomato BBN-81M TO (japan import),B00J4H0AF0
ZEROJAPAN Soap dish M Black with wooden gypsum brush BCB-04M BK (japan import),B01N4V6J3F
ZEROJAPAN syrup pot carrot BRM-41 CA,B0051SAE6Q
ZEROJAPAN Butter Dish with Knife White BYK-12 WH (japan import),B00472MCZI
ZEROJAPAN AMANDO KTZ-101 (japan import),B01MSEJCUF
ZEROJAPAN kitchen tools chopsticks fresh banana BKH-01 BA,B00LGKKRZQ
ZEROJAPAN Teacup Tall Artisan Blue TC-02 ACBL (japan import),B00J4GZ90M
ZEROJAPAN Gift Set Universal teapot 3 Person Picnic Basket Hamper & Tea Canister Turquoise ZG – 005 TR,B01G8BEVKO
ZEROJAPAN Square lotion BRM - 16 WH (japan import),B01MYFCEQS
ZEROJAPAN kafemagu su-puo-ganikkukara-,B00ES4MV4C
ZEROJAPAN Oil & Vinegar Round with Receiving Plate White KTZ-007 (japan import),B00LGKKS7S
ZEROJAPAN Herb Mortar with Wooden Roller (Sakura),B00J4H02RG
ZEROJAPAN Universal teapot 450cc aqua mist BBN-02 AM (japan import) by Zero Japan,B017O6RXF2
ZEROJAPAN honey pot white BRM-40 WH (japan import) by N/A,B013RPS57E
ZEROJAPAN sutenresuzyakkumidorusupu-n Set of 2 BN – 22 ,B01G6PRG0O
ZEROJAPAN Gift Set for Universal Teapot 4 People & Tea Cup Wide 2 Pieces Aquamist ZG-003 AM (japan import),B01G8BE1R2
ZEROJAPAN Stick Pot,B00J4H0GEK
ZEROJAPAN Gift Set Coffee Dripper L & Cafe Mag Artichoke ZG-007 AR (japan import),B01G8BD46Q
ZEROJAPAN Stainless Cocktail Stirrer S 2 Set YK-07S (japan import),B01G6PRA1E
ZEROJAPAN Round S container with a spoon Carrot BKK-04 CA (japan import),B005MMH5C2
ZEROJAPAN Gift Set Universal Teapot for 3 People & Tea Canister Kiwi ZG-005 KW (japan import),B01G8BDLX2
ZEROJAPAN herbal teapot round 500cc white BBN-10 (japan import),B00LGKKZDK
ZEROJAPAN Free Cup Kikko,B00J4GZG64
ZEROJAPAN ice teapot 1200cc white BBN-09 WH (japan import),B0051SAF6K
ZEROJAPAN Gift Set Universal Teapot for 3 People & Tea Cup Tall 2 Blueberry ZG-002 BB (japan import),B01G8BF2XE
White with ZEROJAPAN Square container deep tongs BYK-06 WH,B00200W09M
ZEROJAPAN Universal teapot 580cc tomato BBN-03 TO (japan import),B003QUSN5K
ZEROJAPAN classic teapot 680cc banana BBN-26 BA (japan import),B004H0MD3Q
ZEROJAPAN Free Cup Kikko,B00J4GZL6O
ZEROJAPAN Soap dish M Blueberry wooden gypsum brush BCB-04M BB (japan import),B01N183ANC
ZEROJAPAN Free Cup Kikko,B00J4GZGJG
ZEROJAPAN Saturn teapot S 300cc blueberry milk BBN-17S BBM (japan import),B004H0MCWI
ZEROJAPAN Gift Set Universal Teapot for 3 People & Tea Cup Wide 2 Pieces Blueberry ZG-001 BB (japan import),B00AIE6PC0
ZEROJAPAN honey pot carrot BRM-40 CA,B004VIT5C6
ZEROJAPAN Tea Mug Aloe MT-01 AL (japan import),B004VIW6SQ
ZEROJAPAN Gift Set Coffee Dripper L & Cafe Mug Khaki ZG-007 KHI (japan import),B01G8BEUZA
ZEROJAPAN Universal teapot 450cc antique silver BBN-02 ASV (japan import) by Zero Japan,B013RQ7E20
ZEROJAPAN Universal teapot 580cc Antique,B00HIUWNKU
ZEROJAPAN Stainless Sugar Ladle Set BK-03 (japan import),B01G6PRA96
ZEROJAPAN teapot 400cc white BBN-12 (japan import),B00200RW9K
ZEROJAPAN ice teapot retro S tea leaves none 410cc white BBN-14S WH (japan import),B00200VZ52
ZEROJAPAN classic teapot S 450cc Carrot BBN-46 CA (japan import),B004H0MD1S
ZEROJAPAN Hook Pack 01 Melon Milk NP-01 MEM (japan import),B0040X3HJ4
ZEROJAPAN Gift Set Universal Teapot for 3 People & Teacup Tall 2 Turquoise ZG-002 TR (japan import),B01G8BDLNM
ZEROJAPAN Gift Set Coffee Dripper L & Cafe Mug (With Tray) Ivory DMZ - 16 TG/IV (japan import),B073S2NYCJ
ZEROJAPAN kitchen tools chopsticks holder white BKH-01 WH,B0046ZT6NW
ZEROJAPAN Saturn teapot M 520cc banana milk BBN-17M BAM (japan import) by Zero Japan,B013RQ873K
ZEROJAPAN Gift Set Coffee Dripper L & Cafe Mug (with Tray) Rose DMZ-16 YP / ROS (japan import),B073S3BDMV
ZEROJAPAN classic teapot 680cc artichoke BBN-26 AR (japan import),B004H0MD36
ZEROJAPAN SAKE BAR Hitoshi GA-07 WH (japan import),B01N4V6D1J
ZEROJAPAN ice teapot retro 1500cc artichoke BBN-14 AR (japan import),B0051SAEES
ZEROJAPAN SAKE BAR small bowl GA - 04 (japan import),B00200Z2CO
ZEROJAPAN Jumbo lotion BRM - 18 WH (japan import),B01MRD6Q0G
ZEROJAPAN Stackable Teacups Tomato TC-08 TO (japan import),B00J4H0CNA
ZEROJAPAN tea cup tall a-texizankurakkuru,B00J4GZ6FU
ZEROJAPAN gift set for 4 people & tea cup tall 2 carrot ZG - 004 CA (japan import),B01G8BEFXM
ZEROJAPAN Oval Creamer White BBN - 23 WH (japan import),B005MMH6FI
ZEROJAPAN Gift Set Universal Teapot for 3 People & Tea Cup Tall 2 Rose ZG-002 ROS (japan import),B01G8BDUD8
