Adult wore it! Dan ball armor date Masamune costume ~ 180 cm,B01DJYBXU4
Trunk Can Watch Specter Memo Containing,B00KCHCDJC
5 books pack JL-8-1 8 trout cross leader entering Showa note japonica learning book B5 size language (japan import),B00FOHG9WW
Pokemon mimi pen (Pikachu) XY,B00IJOJXM0
Eight Horses-S Sports Watch/Fitness Activity Tracker Bracelet/Smart Wristband for Men Women - Heart Rate Blood Pressure Sleep Monitor Pedometer Waterproof,B07QLPMN4C
Motorcycle 22MM Fork Preload Adjusters For Ducati 1098 748 916 996 998 999 Triumph SPEED TRIPLE 1050 2005-2010 Aprilia RSV 1000 (Red Fork Preload),B087GBTL2P
Showa note A4 Clear File A POKEMIKKE & lt; 2 & gt; 377727009,B00W52QX84
Showa note Jewel pet writing pencil B Paper Box 698359013,B004I8ZAIM
Yokai Watch Coloring Art Book Japanese Nurie Kids Study Education(B5-size)[Japan Import] by Showa Note,B01LW4EO6H
Showa note Doraemon learning book B5 size 10mm grid ruled five books pack KS-10 5,B00FOHGZSK
Motocross Air Pressure Bleeder Valve Used On Kayaba And Showa Inverted Forks With A M5x0.8 Air Bleed Screws In The Fork Cap,B07W4K2WS9
Pokémon XY Steel Pencil Box [Japan Import],B00HNR1LOM
Doraemon 50th Anniversary A5 3 Pocket Clear Plastic Folder A,B083NMN6KJ
Motorcycle Front Fork Damper Shock Absorber Oil Seal 374911mm 37x49x11mm for Honda VTR400 VTR 400,B07YV79CLT
DragonBall Official Jigsaw Puzzle - Dragon Ball Aratanaru Tatakai Brand New Battle 100 pcs Pieces Son Goku Trunks Majin Boo Cell Freeza Frost Vegeta Piccolo Z Showa Note,B01CSCQ84E
[Showa Notes] Youkai Watch Free Notes (Free Book) B5 Size,B00WAUNXUC
Aikatsu! Origami Paper,B00ITH420U
Showa note jet stream 4 & 1B Capsule Corporation 163 270 002,B00UT1HXSM
Motorcycle 22MM Fork Preload Adjusters For Ducati 1098 748 916 996 998 999 Triumph SPEED TRIPLE 1050 2005-2010 Aprilia RSV 1000 (Black Fork Preload),B087FRRFRL
CRAIGSHEN Stuffed Animal Classical Lamb Plush Toy Adorable Sheep Stuffed Toys Showa Bow Sheep Girl Sweet Heart Decoration Decora Gift for Girl birthday-17cm Pig Sheep,B08CD3FWWD
5 books pack JL-50-1 Showa note japonica learning book| B5 practice kanji characters 104 + character reader into (japan import),B00FJTUUNE
Sanrio Bonbonribbon Writing Pencil Board Shitajiki Desk pad Plastic sheets B5 Size Notebook Stationery Japan,B07NLRJHZ7
Showa note Japonica learning book B5 size language 12 Gyotate cross auxiliary line containing five books pack JL-11 5,B00FJTUN4A
Showa notebook pen case B Rider ghost 383695002,B0188M5YG6
Showa note plastic tote bag A POKEMIKKE & lt; 2 & gt; 922727001,B00W95NJBG
Pretty Rhythm Dear My Future lunch box (japan import) by Showa Note,B00B7T97QG
Showa notebook Stationery set specter watch gift set,B00R8YB794
Ballpoint pen/Sarasa Clip 4-Color Set PK A,B07ZJ18Y9C
Showa note stationery pack LINE 942710M06,B00MGAICTS
Sanrio Bonbonribbon Coloring Book A5 Size 32Page Japan,B06X9WHFZ7
Best Showa 540 High Performance Cut Resistant Glove - Small White - 540-S,B004HR91MU
HFMuQ239 22 Inch 55cm Rebirth Baby Girl Doll Realistic Looking Soft Vinyl Silicone Bdoy Reborn Doll in Pink T-Shirt Toys for Children Kids Gift,B07X5W3C96
Riverdale Merchandise Jughead Jones TV Movie Southside Serpents Costumes Fingerless Gloves Halloween Costume Cosplay- Black,B08L1Q2WPV
AgoHike Magnetic Design Card Holder Bag Business Card Package PU Leather Card Case,B07NQ64KN1
Splatoon 2 Coloring Book A5 Size 32Page Japan Anime,B07NTWN7B4
The Prince of Tennis Racket bag type Pen Case Pouch Stationery Japan Anime,B0792D94JG
Yokai Watch Bathing crayon set,B00ME1VQ4C
Showa note Japonica learning book B5 size kanji practice 200 characters 5 books pack JL-52-1 5,B00FOHGCY2
San-X| Sumikko Gurashi| a children coloring book < lizard mother>,B06Y399G6M
Sarasa Clip 4-Color Ballpoint pen Set Doraemon B,B07ZJ2DL7T
Showa note Pokemon learning book B5 size language 8 trout five books pack PL-8-1 5,B00FOHGK3K
Sexy Bride Wedding Party Fingerless Pearl Lace Satin Bridal Gloves --- Color:Red,B00LGQXNJM
Japanese Art Print - August - Lingering Heat by Watanabe Ikuharu,B00WTMD3YW
Showa note brush holder Pretty Rhythm 769392002,B0099B4AOS
Photo: Hirohito|Emperor of Japan|1901-1989|Emperor Showa|124th Emperor of Japan,B06X9MF697
Doraemon Writing Pencil Dozen Box Hexagonal Shaft 2B,B07ZJ9H79S
W puzzle of Showa ( double ) patching Dragon Ball Z,B001F0VPOO
Showa note Japonica learning book languages ??8 mass cross auxiliary line containing JL-8-1 by B. Toys,B018OQYS1S
Motorcycle 22MM Fork Preload Adjusters For Ducati 1098 748 916 996 998 999 Triumph SPEED TRIPLE 1050 2005-2010 Aprilia RSV 1000 (Red Fork Preload),B087GDB9XM
DragonBall Official Jigsaw Puzzle - Dragon Ball Son Goku & Vegeta Super Saiyan God SS 100 pcs Pieces Z Showa Note,B01CSCQ8GW
Yo-kai Watch Hexagonal axis Wood Lead Writing Pencils Core 2B 1 dozen Black Core 12pcs Stationery Japan,B07R6G9VMR
Showa note Kampen case Rider Yoroibu 768693001,B00GHHZQ4A
Lironheel Motocross Air Pressure Bleeder Valve Used On Kayaba and Showa Inverted Forks with A M5x0.8 Air Bleed Screws in The Fork Cap,B08347V5WS
AgoHike Resin Full Diamond Painting Mosaic Beadwork Embroidery Gift Diamond Pattern,B07NV7LLNK
Davitu Electrical Equipments Supplies - 3 pieces new DC 5.5x2.1mm male 90 right angle L-shaped power Connector Soldering plug for laptop adapter cable etc|,B089W8HJZ5
Showa note Japonica learning book arithmetic 14 trout JL-2-1,B0060S1GYU
1 each set of four monster watch Clear File A4 size,B00MO0K3G0
Henwave Estilo Retro Altavoz HM11 Mini altavoces Bajo pesado Bajo 3D EstÃreo Sonido USB AUX Efectos de sonido Soporte para reproductor de msica,B07T53QF8M
CRAIGSHEN Stuffed Animal Classical Lamb Plush Toy Adorable Sheep Stuffed Toys Showa Bow Sheep Girl Sweet Heart Decoration Decora Gift for Girl birthday-17cm hat Sheep,B08CD37TH9
AgoHike Creative 5D Embroidery Painting Cross Stitch Full Drill DIY Wall Painting,B07NV8TH2D
Coloring book selection Pokemon B 5 Sizes 290728001 Showa note,B01MPWX4ZZ
Tea Nostalgic Vintage Japanese Style Furniture Fridge Magnets,B00VDGTM5O
notebook,B087FZCLZ3
xiuersty Blank Engagement Ring Box| Ring Bearer Box| Wedding Ring Box Natural Wood Jewelry Dispaly Gift Boxes Jewelry Displays,B0888HSYT1
Showa note rubber Charm C POKEMIKKE3 936727003,B018RYYILC
Shingekinokyojin / ballpoint pen A (Ellen & Revival),B00MWO6NIK
Chopper 2013 freshmen stationery (B5 size) One Piece free book,B00BS11BQC
One Piece Origami　with Paper seal(Japan Import),B004RD4Q7E
Delgado Non Broken Mechanical pencil Doraemon B,B07YW7RK1H
Aikatsu! Seal A (colorful series) 807 712 016,B00LPJWJYK
5 books pack yellow Showa note japonica section B5 size 5mm grid ruled + leader ruled into (japan import),B003M8HK2I
Showa note Japonica learning book B5 size free book plain white five books pack JL-71 5,B00HHKGMGM
Yokai Watch Seal Collection BOX by Showa Notes,B00IY3AD84
Doraemon Square Sticky Note set D Dorakyan,B08HRPMXYC
Pokemon Kakikata 2b Pencil,B00GXXM2VI
Tea Nostalgic Vintage Japanese Style Furniture Fridge Magnets,B00LD6RCBA
Showa Note MagnetPencil Case Yokai Watch 197714001,B01M0A4MM3
The New Yorker Magazine February 7| 2011 (Vol. LXXXVI. No. 47) (Cover) Bloom in Love,B004M0SWMM
Doraemon Gel Ink Ballpoint Pen Sarasa Clip 4-Color Set A Pattern 860,B07ZJ2KMWX
Motorcycle FoSeal Kit One Dust One Oil Seal 4MM Showa KITB-4S,B08GWVNY9S
4pcs Automobiles Door Lock Actuator Cog Gear for Ford Falcon BA BF AU Territory Series 2 3 Chilie,B07CN7SGXQ
Lillilfairlir lillilfairlir is pencil pencil 2 B 12 pieces,B01M1V8TM7
Showa note brush holder LINE 769710001,B00H4P9W62
Disney Winnie The Pooh Coloring Book A5 Size 32Page Japan,B009S0BVEM
Crayons 16 colors Jewel pet 696-3590 (japan import),B004I8ZAMI
Aikatsu! 3 pocket clear file (colorful series) 377 712 003,B00LPJVKCM
Door Series 383214001 Even Showa Note Doraemon Pen Case Where,B00F0FGQWG
Tanny Note Showa Kam-en R-ider Round Beach Towel 59 in Microfiber Beach Towels Travel Towel|Ultra Absorbent and Compact. Suitable for Camping| Beach| Gym| Swimming|Backpacking,B0873BLMBY
Showa note B6 Ring Note Goromaru 574|560|001,B01BOQ66OM
Japanese Figured Paper Chiyogami ONE PIECE Origami Japan,B0083X3P7Q
showa-note Animation ONE Piece Metallic Sponge Sticker Sheet A by Showa Note,B00HSCPRMY
Vistaric Indicator Stalk Switch Vauxhall Astra MK4 Zafira A 98-05 13142074,B07JCJRTRC
MT CASA Masking Tape| Silver(MTCA1059),B00U2CNIJG
Sanrio Bonbonribbon Transparent Tape Scotch Tape Sellotape 1.5cm with Dispenser Stationery Japan,B07PXJVZKK
Gentle Giant Studios The Walking Dead Bookends - Logo Version,B00GEDS30Q
Showa note masking tape B 870727002,B00Q9W6Z5W
Emily Motocross Air Pressure Bleeder Valve Used On Kayaba and Showa Inverted Forks Blue,B07S8V2LQD
New semester series exciting [ Dragon Ball Z ] glue š 2014 š,B00FQABX96
Showa Notebook Puzzle Plarail 151224701,B00W2YOAQC
Inazuma Eleven GO lunch series one-touch water bottle (japan import),B00B7T9BEO
Showa note Pikachu writing case 769370003 (japan import),B00BI9JFXU
Showa Drysuit Gloves,B00OYMOY5C
Doraemon mini envelope A Dorakyan,B08HRVLKQC
Delgado Non Broken Mechanical pencil Doraemon C,B07YW4ZW3Q
Showa Note with Specter Watch Strap memo case 165684,B00NOI96HS
japan EXPORT LACQUER: REFLECTION OF THE WEST IN BLACK AND GOLD MAKIE,B002CK3YBI
Doraemon A4 Clear Plastic Folder D Dorakyan,B08HRRWGZR
Showa note jet stream 4 & 1DBS Goku F 163270006,B019I0TPHQ
Showa Note Pokemon (Best Wishes) Learning Book B5,B00GUCPBI8
KENCHIKU NENKAN Sho^wa 15-nenpan,B009GLCHWI
Mild Liner 5 Color Pen Set PK B,B07ZJ454YW
Showa Note Specter Watch Sequins Charm Strap piece's S03C0108,B00O0EDY0A
Aikatsu! Goods Coloring B5 size (japan import) by Showa Note,B01IQ6VQ8O
Pokemon Center Black & White Pocket Monsters ~12x9 Clear Plastic Filing File Folder - Zekrom Reshiram OverDrive,B0065XMXQ0
Showa note Aikatsu! Free book A Pattern 042712006,B00BBR21JE
AgoHike WS2812B 5050 RGB LED Ring 24Bit RGB LED + Integrated Drivers for Arduino,B07MZJDGCJ
Would you wear! Cardboard armor costume SanadaYukimura,B01D9JKBZ2
Black Leather Cover,B00JFC0BPI
22.00 mil PVC Chemical Resistant Gloves| Blue/Yellow| Size M| 1 PR,B07GN77ZZK
Showa note step up seal in the specter watch A YU-10 791714503,B00Q9W6EIK
Pokemon BW lesson trunk (japan import) by Showa Note,B005PUAABE
5 books pack JL-49-1 Showa note japonica learning book| B5 feel practice 91 characters cross into leader (japan import),B00FOHGCXS
Showa Note Doraemon SARASA Clip 4 Color Ballpoint Pen Set - Stationery,B08CRD3MXF
Juantin Store Stuffed Animal Classical Lamb Plush Toy Adorable Sheep Stuffed Toys Showa Bow Sheep Girl Sweet Heart Decoration Decora Gift for Girl Birthday-Rubber About 16cm,B0867LH6YL
YoKai Watch Movie edition Metal Free Book With Coloring,B00Q8KMTOG
Showa note Aikatsu! Manual pencil sharpener 695712002,B00I5G7HAW
Japan Import Tomica Limited vintage Toyota ambulance FS45V type (Tamagawa fire station) LV-20a,B07D8STN8M
Showa notebook B5 Art Coloring Ariel,B07B95J5YB
Disney Princess Ariel Little Mermaid Folding Ruler 28015,B075XRJB6R
Motorcycle 22MM Fork Preload Adjusters For Ducati 1098 748 916 996 998 999 Triumph SPEED TRIPLE 1050 2005-2010 Aprilia RSV 1000 (Blue Fork Preload),B087G74YJV
Showa notebook B5 Art Coloring Rapunzel,B07B93VRQ7
Showa note japonica learning book B5 size reasons butterfly white plain five books pack JL-72,B00HHKGMLM
Showa note manual pencil sharpener specter watch A pattern 739714001,B017NBN870
Showa notes color pencils 12 color Ｄragon Ｂall Ｓuper 240270001,B019IMJBNC
New semester stationery 2013 Piece writing pencil B (japan import),B001HAS4TG
Lillilfairlir brush put a pencil case,B01LZYDU5N
Showa note Pokemon learning book B5 size kanji practice 120 characters 5 books pack PL-50-2 5,B00FOHGZWG
Showa note fluently multiplying crayon Pokemon XY 298727001,B00IJOK7K2
Showa Note 2017 Dragon Ball Super Pencil Case (Japan Import),B075W7LZXS
Sarasa Multi 4 color ballpoint pen + Mechanical pencil 0.4 Doraemon C,B07ZGM8QBB
Showa note Jewel pet writing pencil 2B Paper Box 698 359 014,B00BBR3ZU8
Beaums Racing Car Bonnet Aluminum Alloy Black Lock Latch Kit Engine Hood Pin Set Car Accessories,B07PDB8S3K
CosCosX 10 Pcs Wooden Dolls Clothes Hangers Doll Accessory Doll Clothes Coat Dress Organizer for BJD|Pet infant Hangers Christmas Birthday Gift for Children,B0785NPX6S
Sanrio Bonbonribbon Coloring book B5 Size 32 Page with Papercraft Japan,B00KFCWEFM
Gintama 'Clear File B (Sakata Gintoki / Sakata kidney) (japan import),B00ASF5YMQ
Coloring book selection Sanrio Sanriofantasytheater B 5 Sizes 290441001 Showa note,B01MA5U15W
haninetrosty 5-6cm Small Size Handmade Unfinished Blank Wedding Ring Box Natural Wood Jewelry Dispaly DIY Lettering Rustic Ring Box,B08N12BTNH
AgoHike Black Velvet Jewelry Display Stand Holder Bracelet Chain Watch T-Bar Rack Portable Jewelry Organizer Rack,B07NY8MBKQ
Showa Note Aikatsu! Stars Coloring Book A5 Size 32Page Japan Anime,B07NTZK2BM
Pokémon XY Scissors for Kids [Japan Import],B00G835O8G
Pokemon colorear Libros,B003APEREM
Pokemon XY Kurutoga B Mechanical pencil by Showa,B018OQ7RES
Hanakappa Karuta (Japanese Traditional Card Game),B005SL8STQ
For Suzuki GSXR 750 1992-2005 GSX-R 600 2004-2005 Kawasaki ZXR 400 ZX6R ZX6RR Z1000 Motorcycle CNC 22mm Fork Preload Adjusters (Green Fork Preload),B087G3F8X1
Clear File specter watch G pattern 353714007,B00MJQDVJK
Disney Princess Ariel Little Mermaid Eraser 70211,B075XR8X3L
Doraemon (A Delgado DelGuard Mechanical Pencil 0.5 mm White 833 - 2140,B07CTGB2TD
Showa Note Pokemon Note Campus Dot B Ruled 5 Notebooks Pack 119729002,B0832QX131
Quanna Motocross Air Pressure Bleeder Valve Used On Kayaba and Showa Inverted Forks with A M5x0.8 Air Bleed Screws in The Fork Cap,B083S3RKQH
Jl-48 Leaders Cross Practice 50 Characters Feel Showa Note Japonica,B001MTFV98
Pokemon DP Diamond & Pearl Pocket Monsters ~12x9 Clear Plastic Filing File Folder - Sky Shaymin,B0065VZ9EK
FT ELECTRIC- 2Pcs Motorcycle Fork Rubber Cover Gaiters Boots Rubber 230Mm X 35Mm,B083SBH796
POKEMON Coloring Art Book Japanese Nurie Kids Study Education Pocket Monster,B004YK03WW
Gintama Rubber Mascot BOX 1box=5 Pieces （All Five）,B013JLNEJA
Showa Note Specter watch sequins Charm strap Whisper S03C0107,B00O0EE1QQ
Yeeco Digital AC Power Meter 80-300V 100A Digital Voltage Current Panel Tester Meter LCD Display Panel Voltmeter Ammeter Watt Power Energy Monitor Multimeter Volt Amp Meter with Current Transformer,B01M0K87J6
Okura Rosanjin Inspired Japanese 6 Piece Plates Set Porcelain Dinnerware for Appetizer Dessert Salad Snack Sushi Fruit Bread Dipping Sauce Made in Japan,B01AYXTWTC
Dragon Ball Z E B5 Coloring,B00LWTFLFW
Motorcycle 22MM Fork Preload Adjusters For Ducati 1098 748 916 996 998 999 Triumph SPEED TRIPLE 1050 2005-2010 Aprilia RSV 1000 (Gold Fork Preload),B087GCFK23
The Snack World Splashing Water Sound Coloring Book with Net Bag & Crayons Falling in Water,B07198YG4G
Doraemon Mechanical Pencil Delgado 0.5mm A Pattern 416214008,B0828M1WMF
Dragon Ball super manual pencil sharpener,B017NBN66S
Vintage Photos 1972 Fort Benning Horse Showa Rider On Horse is Playing Polo.10 X 8 Inches,B083SS5WCX
Alina-Shops - M5 0.8MM Fork Bleeder Valves For Kayaba Forks For Suzuki RM100 RM125 RM250 RMX250 RMX450 RMZ250 RMZ450 Bleeder Relief Valve NEW,B07R3RTSFF
Perhaps 松 sculptors I and decorum wall sticker A,B01AU87AAE
Showa note Japonica learning book B5 size 5mm grid ruled polka dots five books pack CSA-5 5,B00FOHGQ34
Monocc5 Correction Tape PK B,B07ZH42NC9
Gimax 10 pcs black Gilded 3 Poles 3.5mm Male 90 right angle/L-shaped stereo headphone Plug Repair Earphones Jack Audio Soldering,B07QF39NSK
Exciting new semester series (B pattern) 2011 [Jewel pet hologram writing case (japan import),B004I8ZAH8
One Piece Tony Tony Chopper Anime underlay [pattern] ONE PIECE / Eiichiro Oda [Discontinued records out of products] (japan import),B008XI8V34
すごろくふくわらい ドラえもん,B001FOQLAI
YoKai Watch Glow Sticker Set Specter Watch Glow-In-The-Dark,B00SUKD248
Little Mermaid Pencil Case Put hologram 184457004 D,B07YSTSGTR
Showa notes furiously ribbon colored pencils 12 colors 690 705 002,B00IJ5DWC6
Felix-Box - 2PCS Motorcycle M4x0.7mm Fork Bleeder Relief Valve For KTM SX SXF EXC SMR SMCR seals with o-ring seal Replaces OEM,B07Q9YYQ5K
Five books pack Showa note japonica section B5 size 10mm blue squares ruled line (japan import),B003M8HK9Q
Perhaps æ¾ sculptors I and decorum wall sticker E,B01AU87DV0
Showa Note Delguard Pocket Monster Mechanical Pencil Violet 0.5mm 833 7280 04-750B,B07QQR8SZ1
Crayon touche Pong Showa note 12 couleurs Bonbon ruban 979705001 (japon importation),B00GH4L5X4
Showa note Doraemon learning book B5 size 5mm grid ruled Doraemon five books pack KDS-5 5,B00FOHGPYE
Showa note japonica section B5 size 5mm grid ruled + leader ruled into,B001MTHXV2
Pretty Rhythm Dear My Future one-touch water bottle (japan import) by Showa note,B00B7T99FA
Doraemon of business card size mini message card D Dorakyan,B08HRQMBCC
Showa Notes Disney Princess Ariel Little Mermaid Color Pencils 12 Color Set,B07KY69BKP
Showa note 2015 school scissors Specter watch [812 7140 01],B00QW4Q598
Davitu Electrical Equipments Supplies - 2 pcs Good DC 5.5x2.1mm Female to 7.9x5.5mm Male 8.0 / 7.9 5.5 with pin Power Plug For Lenovo IBM laptop adapter connector,B089W91LDQ
2010 2011 2012 2013 CRF250R motorcycle motocross graphics kit DECALS stickers for honda CRF 250R CRF250 moto dirt pit bike,B07Y9Y1PX8
Showa note Unchiku magic ballpoint pen specter watch 714714001,B014EQLTF0
Furiously ribbon Writing Nanodaiya pencil (B),B01LX10S6U
Davitu Electrical Equipments Supplies - 3 pcs/Article 10cm Straight USB A 2.0 Female Power Supply Charging Cable to DC 4.0x1.7mm Female Connector Cord Conversion line,B089W7GRVY
For Suzuki GSXR 750 1992-2005 GSX-R 600 2004-2005 Kawasaki ZXR 400 ZX6R ZX6RR Z1000 Motorcycle CNC 22mm Fork Preload Adjusters (Red Fork Preload),B087G45P2S
Cotify 2020 Latest Upgraded 3.5W Solar Fountain Pump for Bird Bath with 1200mAh Battery Backup| Portable Floating Solar Powered Water Fountain Pump for Birdbath Garden Backyard Pond Pool Outdoor,B087J7S1KQ
A4 clear file Pokemon XY / D (Megashinka) 353 727 004,B00JAX7D08
LINE Stationery set,B01E6RXCAC
Showa notes furiously ribbon writing pencil 2B Paper Box 698 705 004,B00FQABP0I
Tea Nostalgic Vintage Japanese Style Furniture Fridge Magnets,B00P9G3MYQ
Showa Note Yokai Watch Clear File D 353714004 [Japan Import],B00MJQDRIA
Playing cards Dragon Ball Super (Super),B01HZ1J71E
Showa note melamine cup C POKEMIKKE & lt; 2 & gt; 171727003,B00W95NHR2
Hybrid Milky 4-Color Pen Set Doraemon,B081SRJF69
Doraemon Square Sticky Note set C Dorakyan,B08HRQPSDC
Showa note pencil set mysterious joker 720-4500-01,B00SUXN5XS
YoKai Watch Origami and Sticker Set Japanese Animation Specter Watch,B00U1ZYCM6
Sarasa Multi 4 color ballpoint pen + Mechanical pencil 0.5 PK C,B07ZBTVVWY
Motorcycle 22MM Fork Preload Adjusters For Ducati 1098 748 916 996 998 999 Triumph SPEED TRIPLE 1050 2005-2010 Aprilia RSV 1000 (Green Fork Preload),B087FX59SN
Lironheel Motocross Air Pressure Bleeder Valve Used On Kayaba and Showa Inverted Forks with A M5x0.8 Air Bleed Screws in The Fork Cap,B07VBFTZ8H
Doraemon A5 notebook 7mm ruled paper B Dorakyan,B08HRQQDX8
Tokyo Matcha Selection - [Heritage Set Japanese Samurai Kabuto Helmet - Tiger & Dragon [A] - Stand Base| byobu Folding Screen| etc.[Standard Ship by EMS (Expedited) with Tracking Number & Insurance],B085KW9RKJ
For Suzuki GSXR 750 1992-2005 GSX-R 600 2004-2005 Kawasaki ZXR 400 ZX6R ZX6RR Z1000 Motorcycle CNC 22mm Fork Preload Adjusters (Silver Fork Preload),B087GH5NYM
Showa Notebook Writing Pencil B Dragon Ball Super 12 Bottles 158|270|001,B015WH75KS
Bonbonribbon Pencil Cap (Total 6 Caps),B075XQXB8H
Yokai Watch Set various,B00KCHCDCE
One Piece Showa Pen by Showa Note,B018OQ8X5U
Rubsy Parrot Wooden Playground Training Perch Platform Hanging Cage Decoration Bird Grinding Claws Climbing Ladder Ramp Chew Keeps Nails and Beak in Top Condition and Stimulate Leg Muscles,B08GLY7NC3
Davitu Electrical Equipments Supplies - 2pcs DC 5.5x2.5mm Female to 5.5x2.1mm Male Power Connector Conversion Jack CCTV Laptop Adapter 5.5 2.1 2.5 Plug,B08FT8GCKK
Motorcycle 22MM Fork Preload Adjusters For Ducati 1098 748 916 996 998 999 Triumph SPEED TRIPLE 1050 2005-2010 Aprilia RSV 1000 (Red Fork Preload),B087GLCVS8
Showa note step up seal Doraemon seal KU-10,B00HJLL13I
Showa note Japonica learning book B5 size 5mm grid ruled polka dots five books pack CSC-5 5,B00FOHGSQ4
Pokemon / XY-step up seal (I tried! ï¼‰,B00K8RNB4M
Showa note Japonica learning book B5 size arithmetic 14 trout five books pack JL-2-1 5,B00FOHG9YK
Showa note Pokemon learning book B5 size writing 120 characters 5 books pack PL-40 5,B00HHKHFF4
DragonBall Official Jigsaw Puzzle - Dragon Ball Himeta Chikara! Chou Saiyan Gotenks Son Gohan Trunks Child Ver. 100 pcs Pieces Z Showa Note,B01CSCQ7EU
Doraemon Square Sticky Note set A Dorakyan,B08HRQRCYB
Showa Notes Sarasa Clip ~ Pokemon 4-Color Ballpoint Pen Set B 1.0mm,B07JQZS7K2
1936 Showa 11 Japanese Topographic of Kyoto| Japan Map|Historic Antique Vintage Reprint|Size: 18x24|Ready to Frame,B07PGWPKLT
Showa note action ballpoint pen Pokemon 199727001,B01BMAB438
Tokyo Matcha Selection - [Heritage Set Japanese Samurai Kabuto Helmet - Tiger & Dragon [B] - Stand Base| byobu Folding Screen| etc.[Standard Ship by EMS (Expedited) with Tracking Number & Insurance],B085L1VQ55
Dragon Ball Super Coloring Art Book Japanese Nurie Kids Study Education(Japan Import),B016U5CJ7K
Scissors Pikachu (Japan Import),B00BLVBFAQ
AgoHike Flower Pattern 5D Diamond Painting DIY Embroidery Cross Stitch Needlework,B07NV88H7T
WONDER MIRROR 2019 Led Lighted Trifold Makeup Mirror w/Built-in Air-Vitamin Anion Generator for Ionic Conditioning + Big 10x Magnification Mirror w/Suction-Cups + Charger w/Long 7 ft Cord,B00BLVBF3I
Detectorcatty Motocross Air Pressure Bleeder Valve Used On Kayaba and Showa Inverted Forks with A M5x0.8 Air Bleed Screws in The Fork Cap,B082YMKXNH
Dragon Ball Z Coloring Art Book Japanese Nurie Kids Study Education,B00H93GU3C
Showa Notes Kurutoga Mechanical Pencil 0.5mm LINE [B] Connie x Brown,B00HZ9FIWO
Karuta Doraemon (japan import),B0011055SU
Specter watch embroidery Dekoshiru Shura coma S03Y0518,B01A8DGA8Y
Showa note Aikatsu! Writing pencil B paper box crown pattern 698712005,B00Q9W8FJQ
Showa note Pokemon PU Leather Business Card Case / A yellow 161727001,B00K7S9SJY
Pandamama Home Sets Motocross Air Pressure Bleeder Valve Used On Kayaba and Showa Inverted Forks with A M5x0.8 Air Bleed Screws in The Fork Cap,B08GQYNXXX
YoKai Watch Big Reflective Sticker Collection Japanese Anime Specter Watch Japan Import,B00QTCW7S6
5 books pack JL-10 15 + mass character reader into Showa note japonica learning book B5 size language (japan import),B00FJTUNAO
Davitu Electrical Equipments Supplies - 3 pcs Micro usb b Female to Mini b 5 pin 90 right degrees adapter Socket connector plug for Phone Notebook etc. Tracking Number,B089W95F2D
Japonika Kanji Practice Notebook 100 Squares (Japonika Gakushucho),B00CP6WBDG
NEW Patent CD for Radio terminal apparatus equipped with battery power saving function| and,B002AO9EM4
Showa Note Doragonball Super Coloring Book B5 Size 32 Page with Papercraft Japan Anime,B01FNZZQKU
AgoHike 5D Diamond Painting Full Drill Number Pattern Diamond Embroidery Home Decor,B07N8LLNW1
Showa Note Toy Story Pencil Case Hologram 184801002 Brush it,B07YSTZ57M
Juantin Store Stuffed Animal Classical Lamb Plush Toy Adorable Sheep Stuffed Toys Showa Bow Sheep Girl Sweet Heart Decoration Decora Gift for Girl Birthday-White Plush 30cm,B0867LCD59
Showa note Japonica Friend 5mm Grid Cross Auxiliary line containing red Five Books Pack JFS-5R 5,B00Q9W5RQ0
ONE PIECE Clear Plastic Folder [Japan Import] (CHOPPER),B00FX994RI
Stevlogs Universal Blue Racing Hood Pin Aluminum Alloy Lock Kit Engine Bonnet Latch Mount Set Car Accessories,B07PN9GG1F
Showa note Jewel pet pencils 12 colors 690 359 007,B00IJ5DS1Q
Showa note Action Sharp Pen Doraemon 196214001,B01BIQWYHG
Shōwa shigakushi nōto: Rekishigaku no hassō (Shōgakkan sōzō sensho) (Japanese Edition),4098200899
Showa Note B5 Coloring Art Book Splatoon 2 with a Message Card & Message Card,B07C3SH9K2
Showa note B 5 Coloring book Splatoon,B01M8JTZ52
Showa note Doraemon learning book B5 size arithmetic 17 trout five books pack KL-2 5,B00FOHGK5S
Specter Uotchipoketto Coloring Showa Notes,B00LYSRCZI
Showa Note Dragon Ball Super Pencil Caps × 2 Packs/Total 12 pcs| 2018,B07H4KLZHB
Pokemon Pencil Case Best Wish　2013　 Japan Import,B00BI9JFXA
Showa note pastry brush holder 769412001,B00BBR42NM
Naruto Clear File [Japan Import],B00SORAH1S
Kato N-Gauge 20 Series Sleeper Express Yuduru/Hakutsuru Basic 8-Car Set [10-1518] (Japan Import),B07F9YPQPV
[Japanese anime seal] Seal tip Showa Note extreme popularity fancy goods (Japan import) with Yokai Watch BOX,B00M1O8SF2
Showa note Pokemon PU Leather ID Card Case / A yellow 169727101,B00K7S8VS8
Japanese Hiragana Practice Notebook (Medium Squares) - Set of 3 - Made in Japan,B001WUDO28
Showa note Penpochi B POKEMIKKE & lt; 2 & gt; 182727008,B00W52QBIG
WANGYUMI Ring Tray| 5-7cm DIY Natural Wood Unfinished Blank Vintage Wedding Ring BoxRustic Ring Tray,B08LGL2VTY
Lironheel Cut Lemon Round Platter Slicer Creative Kitchen Gadget Tool Fruit Separator Fruit Vegetable Separator,B085RX6959
Showa note 5mm grid notebook JS-5 4-color four books pack J origami with 002050M19,B01CQFN64I
Specter watch step up seal mini seal YU-20,B00Q9W6E1C
Showa Note Dragon Ball Karuta(Import Japan),B072TZ1FBH
Doraemon A4 Clear Plastic Folder C Dorakyan,B08HRV7D87
Monocc5 Doraemon Correction Tape A,B07ZH6X3GX
Showa note tote bag B 723727002,B00Q9W6S0Y
Showa Note Jigsaw Puzzle Boruto Naruto Next Generations Go Along My Nindou 500pcs,B07RK714NG
Showa note magnet clip and ballpoint A POKEMIKKE & lt; 2 & gt; 416727003,B00W52R3IS
[Jump Festa 2013 Exclusive] New Prince of Tennis - Big Towel C [Kuranosuke Shiraishi],B00ASVVQ22
Showa note Japonica learning book languages ??8 mass cross auxiliary line containing JL-8-1,B001MTHWA4
Showa Retro camera decorative ornaments swan bird doll 4 models into small hairpin for women girl lady,B06WP2N6S2
Showa note Pokemon learning book B5 size contact book 14 rows and 5 books pack PL-67 5,B00HHKHFEA
CosCosX 10 Pcs Wooden Dolls Clothes Hangers Doll Accessory Doll Clothes Coat Dress Organizer for BJD|Pet infant Hangers Christmas Birthday Gift for Children,B077YHVJW5
AgoHike DIY 5D Diamond Painting Cross Stitch Craft Embroidery Angel Painting for Home,B07NV9FF17
Old Resta BIG TOTE BAG SHOWA NOTE (文具女子博プロデュース商品),4865053476
Gintama ring notebook A5 size / Kamui From Japan New,B01M8PUPML
PriPara pencil 5 pieces cap [10 pairs set],B00QKLV9ZS
Showa note B6 Ring Note LINE A Pattern 615710002,B00ED76A7S
Yokai Watch embroidery Dekoshiru Bushinyan S03Y0094 by Showa Notes,B00O0EDTNC
[Youkai-watch] Pencil B,B0156LQVRI
30PCS 1 Set Creative Postcards Artistic Beautiful Postcards| Showa Akira,B077Q8BM8T
Yokai Watch Coloring Book B5 Size 32 Page with Papercraft Japan Anime,B01H4ZV2AU
Showa Note Movie Monsters Watch The Clip can Batch DX,B00OXERLJC
Davitu Electrical Equipments Supplies - 2pcs DC 5.5x2.1mm 5.52.1 female to 5.5 2.1 male for laptop / monitor power adapter plug,B089W71MR4
GREATBIGCANVAS Showa Koi and Dragonfly Gold Framed Wall Art Print| Fish Home Decor| 20x16x.75,B0847B86T7
Motocross Air Pressure Bleeder Valve Used On Kayaba and Showa Inverted Forks|Red,B08KCTLMD9
Aikatsu! Underlay (with sticker) (japan import),B00BBR4WSM
Tea Nostalgic Vintage Japanese Style Furniture Fridge Magnets,B00KHU5SQ4
Showa note Pokemon XY Gift Set (Crystal Case) 950727M01,B00NG67JL8
Showa note action sharp pen specter watch 196714001,B01CFNPUMW
Showa Note Dragon Ball Z Coloring Art Book,B004BDV73Q
Hybrid Dual Metallic 4-Color Pen Pen Set PK,B081R92863
pocket monsters popup double file,B00Q9THZ9U
Showa note pastry writing pencil 2B 698412002,B00BBCC65S
Ceramic Small Round Succulent Plant Flower Pot Planters with Bamboo Stand Holder,B088ZRM8W9
Sutanpen G knock-type series core replacement black,B00AQSXZW6
Showa note Doraemon learning book B5 size 5mm grid ruled green five books pack KS-5G 5,B00FOHGSXC
1943 or Showa 18 World War II Era Japanese of New Zealand Map|Historic Antique Vintage Reprint|Size: 18x24|Ready to Frame,B07PK4Y4NQ
Motocross Air Pressure Bleeder Valve Used On Kayaba And Showa Inverted Forks With A M5x0.8 Air Bleed Screws In The Fork Cap - Red,B07PHR97HX
Sexy Bride Wedding Party Fingerless Pearl Lace Satin Bridal Gloves --- Color:Beige,B00LGQMJ4W
Japanese Writing Notebook (One Piece),B00JQUV1Z8
Showa note B6 Ring Note LINE B Pattern 615710003,B00ED748TA
Aikatsu! - Coodinate Collection Sticker w/Card [Sakura Kitaohji],B00CC78TAM
Lironheel 5-50MM Tube Cutter Stainless Steel Ball Bearing Pipe Cutter Shear Brass Copper Aluminium PVC Plastic Plumbing Cutting Tools,B087MW62SL
AgoHike Christmas Plastic Tree Stand Ornaments Model Props Tree for Home Party Decor,B07NQ56R55
1 X Japonika Kanji Practice Notebook 200 Squares (Japonika Gakushucho) by Showa Note,B018OR18L0
Showa note flat case (M) B POKEMIKKE & lt; 2 & gt; 642727002,B00W52QMEO
Serendipityy Motocross Air Pressure Bleeder Valve Used On Kayaba and Showa Inverted Forks with A M5x0.8 Air Bleed Screws in The Fork Cap,B07PGQ52SQ
2 of DRAGON BALL SUPER Coloring Books [A5 size],B01LX71L2A
HistoricalFindings Photo: Hirohito|Emperor Showa|Japan|1901-89|Traditional Order,B005QDNK1C
Doraemon (A) Delgado DelGuard mechanical pencil 0.5 mm Purple 833-2140-02,B07CTC3H8X
SANRIO Rilu Rilu Fairilu Type-A Coloring Book B5Size 32Page with Papercraft Japan,B01MCRSENT
Showa note Japonica learning book B5 size 150 characters ruled five books pack JC-K150 5,B00HHKGWUS
Doraemon - Pencil Case,B001PKUKZO
One Piece Reversi (japan import) by Showa note,B008N9ABH2
Showa notebook stand pen pouch B Pokemikke 3 478727002,B018I2VCHQ
Showa Note Yokai Watch RedBlue Pencil 2This Pair 228714001,B017NBLSD6
Gintama Chara Pos Collection 2 (8pcs) by Showa Note,B0027FEW82
Udele-Store - 53mm 7 Degree CNC Clip-On HandleBars For Ducati 748 749 848 1098 1198 916 996 999 Silver,B07R138VSZ
PFBSCU Showa Rider Two - Chibi Classic UnisexAdjustable Ear Loops Facial Decorations Face Mouth Anti Pollution Washable with 6 Filters,B089LW5GBS
Motocross Air Pressure Bleeder Valve Used On Kayaba And Showa Inverted Forks With A M5x0.8 Air Bleed Screws In The Fork Cap,B08HGPLD4B
Udele-Store 53mm CNC High Lift 1 Raised Riser Clip-On Handlebars Universal Fits For 53mm Forks,B07R4SJMBP
Pocket Monsters Sun&Moon Coloring Book B5 Size 32 Page with Papercraft Japan Anime,B072Q55HQ3
Davitu Electrical Equipments Supplies - 3 piece black 4 Poles 3.5mm Male 90 right angle L-shaped for 2.5mm stereo headphone Plug Repair Earphones Jack Audio Soldering,B089W8XDXY
Showa note Japonica learning book B5 size arithmetic 27 rows and 5 books pack JL-7 5,B00HHKGCYE
Showa Note Specter Watch Sequins Charm Strap Meramera ion S03C0110,B00O0EDY5K
Unchikuma mechanical pencil Yo-kai Watch,B014EQLRVG
Showa notebook stationery gift set Dragon Ball Super 950270 M06 Crystal case type,B01M19BMYS
Thomas & Friends Go Ahead! Coloring Book A5 Size 32Page Japan,B003CFMQBQ
UNIMAX 1/72 Challenger British Challenger Baghdad 2003,B00GWYA0FI
Show Note|,B001HAS4T6
Occus Grips 53mm CNC High Lift 1 Raised Riser Clip-On Handlebars Universal Fits for 53mm Forks,B07VS6D4L5
Showa note Japonica learning book B5 size composition book 120 characters 5 books pack JL-40 5,B00HHKGILQ
1930 Map of |World Flight Routes (All in Japanese)|Title: World Flight Routes (All in Japanese).,B07YYQD872
Stuffed Animals Classical Lamb Plush Toy Adorable Sheep Stuffed Toys Showa Bow Sheep Girl Sweet Heart Decoration Decora Gift for Girl birthday-17cm Frog Sheep,B08KCXXP4V
Pokémon XY Pencils [B] Pack of 12pcs [Japan Import],B00IJ5DL36
Showa note specter watch settled kun eraser 754714M01,B00Q9W5K30
Davitu Electrical Equipments Supplies - (1pair / 2pcs) Micro b Male 90 Left + Right Angle Degrees to USB A 2.0 Female Adapter Connector Plug for Notebook Cable etc.,B089W7QVQL
CRAIGSHEN Stuffed Animal Classical Lamb Plush Toy Adorable Sheep Stuffed Toys Showa Bow Sheep Girl Sweet Heart Decoration Decora Gift for Girl birthday-17cm red Sheep,B08CD2YXBT
Showa notes furiously ribbon electric pencil sharpener 740705002,B00G4TWA40
AgoHike Dragon Pattern 5D Diamond Painting DIY Embroidery Cross Stitch Needlework,B07N8MMS7Z
ショウワノート ポンキーペンシル12色 ポケモンXY 979727001,B00GH4L5V6
Shashinshu^ Sho^wa 22-nen - 32 Nen SENGO WO IKITA KODOMOTACHI,B0010XRERI
Motorcycle 22MM Fork Preload Adjusters For Ducati 1098 748 916 996 998 999 Triumph SPEED TRIPLE 1050 2005-2010 Aprilia RSV 1000 (Silver Fork Preload),B087GDFCJK
Doraemon Character mild Liner 5pcs Set 7068,B07ZBVPQTX
SHOWA NOTES (SHOWA NOTE) Shouwanoto Exciting New Semester Series Products 2018 Pokettomonsuta Sang Electr,B01M1L2KVR
Showa note Pokemon PU Leather ID card case / C blue 169727103,B00K7S9JB6
DORAEMON Coloring Art Book Japanese Nurie Kids Study Education,B00FX54R24
NEW Patent CD for Thermo-siphon and manufacturing method of thermo-siphon and information,B002A8K1CM
[] Jewel Pet sugoroku Fukuwarai (japan import),B009UQ7XVE
Pretty Rhythm Playing Cards by Showa note,B009KE270S
Japan Animation ONE Piece Metallic Sponge Sticker Sheet A,B00DAQ9XV8
5 Star Drywipe Board Lightweight with Fixing Kit and Pen Tray W900xH600mm,B000SHOWAE
One Piece Stamp TYG?020 by Beverly,B004CQ58B4
Yokai Watch Twinkle light pen 2 pcs set,B00MNZF68Q
Topclouds 10 Piece New Small Federation Hand Waving National Flag Russia/Germany 2114cm,B07X8PST6B
Showa note Pokemon BW writing pencil B 698370007,B00BBR409S
Pokemon / Pokemon XY E step up seal (medium seal / Pikachu ),B00K8RKV7W
Motorcycle 22MM Fork Preload Adjusters For Ducati 1098 748 916 996 998 999 Triumph SPEED TRIPLE 1050 2005-2010 Aprilia RSV 1000 (Silver Fork Preload),B087G8HZDX
Aikatsu!Jiyucho Blank Note,B00ITGTLRA
Showa note Japonica learning book B5 size 7mm grid five books pack JS-7 5,B00HHKGOMY
Showa Note ColorPencil12Color Yokai Watch APattern 240714001,B017NBLP8E
Showa notes Stein Pencil core replacement/refill PK B pattern,B07Q3T8LQX
Showa notebook pen case B 618727002,B00Q9W762S
Stationery Inazuma Eleven pencil case set (japan import),B004W5VKU8
Onepiece Pencil Sharpner (Japan),B007CPU3DA
Rider Foreign Yoroibu pencil cap,B00JJIDOTS
Sutanpen G expression knock bush beans Hanko with ballpoint pen 9mm round,B008O05VB6
YONGYAN Simple Round Antlers 6 Inch Picture Frame Decoration Swing Table Artwork Display Frame Metal Exquisite Photo Frame,B08CTBLX14
Yokai Watch| A4 Clear File ( 353714009-120 ),B00WR5EL8I
かるた シナモロール,B001FOQL9O
Japonika Kanji Practice Notebook 50 Squares (Japonika Gakushucho),B0795CDYSK
One Piece Stamp Sensei no Gohoubi,B004CQ3PTQ
Kamen Rider 15 Bottle Cap Mini-Figures Collection Boxset - Showa Series,B005PGA2PM
Quanna Motocross Air Pressure Bleeder Valve Used On Kayaba and Showa Inverted Forks with A M5x0.8 Air Bleed Screws in The Fork Cap,B083S4HBP5
Showa note stationery set Goromaru 309048,B01BOQ66WE
Showa note B5 Coloring spoon pet,B014PGEOHE
Karuta Rider ghost,B01266KTAG
5 books pack 84 characters + character reader into Showa note japonica learning book B5 size feeling practice (japan import),B003M8HKH8
Aikatsu! Goods seal Pink (japan import),B00BKE8V7O
Specter Watch / pencil sharpener with a pen case level five Showa note Popularity (Penpochi) / Character Toy Store [Blue],B00NHC2R18
For Suzuki GSXR 750 1992-2005 GSX-R 600 2004-2005 Kawasaki ZXR 400 ZX6R ZX6RR Z1000 Motorcycle CNC 22mm Fork Preload Adjusters (Silver Fork Preload),B087GFKDGV
Davitu Electrical Equipments Supplies - 1pcs Black DC 5.5x2.1mm female to 3 pins orifice power connector conversion jack Laptop Adapter Plug for DELL,B089W8YG14
Specter watch Osaka limited clear files takoyaki pattern,B00NE8PM1C
Showa note Fusen A 978727001,B00Q9W762I
[Japanese anime seal]] Yokai Watch ghost watch wooden reward stamp (Japan import),B00M3OYEGC
Stuffed Animals Classical Lamb Plush Toy Adorable Sheep Stuffed Toys Showa Bow Sheep Girl Sweet Heart Decoration Decora Gift for Girl birthday-17cm Pig Sheep,B08KD432RF
Notes and practice patent law revision to revision 2006 from '50 revised Showa - transition operational description of the specification| on division and correction (2007) ISBN: 488600105X [Japanese Import],488600105X
Piece writing case (japan import),B009F58T40
Showa notebook memo character attempt also cans specter watch Blue MK-038,B00NFCBNWE
Showa notebook Hand towel Pokemon / C Eevee 342370003,B00E5UHY00
Davitu Electrical Equipments Supplies - 3 piece new DC 5.5x2.5 /5.52.5mm male 90 right angle L-shaped power Connector Solder plug for laptop adapter cable etc. Free,B089W77WY4
New semester stationery 2013 Piece writing pencil B (japan import) by Showa Note,B01IQFPUA0
5 books pack JL-13 15 + character Gyotate leader entering Showa note japonica learning book B5 size language (japan import),B00FJTUQV0
Showa note B6 Slim Ring Note B POKEMIKKE & lt; 2 & gt; 480727002,B00W52QRTE
Washable Breathable Mouth Cover with Replaceable Filters| Vintage Old Godzilla Monsters The Showa 1954 Fanart Anti Smoke PM2.5 Cover for Fishing Climbing with Adjustable Ear Loops,B08LVPTPJB
Chopper (Onepiece) Pen Case (Japan),B007GG6DSE
Showa note B 5 Coloring book Super Super Mario,B01MA5BIMC
Metal Circle Pendant Women Girl Short Necklace Plating Alloy Women Necklace jewerly Women Neck Chain Jewelry Birthday Gifts,B08DTZM6VQ
Showa note sharp pen Dr.Grip B Doraemon × Kitty 903387002,B014KN67G8
Showa note LINE Pop-up Notes C (Brown) 313710003,B00D6ADSAA
Japanese Hiragana Practice Notebook (Large Squares) - Set of 3 - Made in Japan,B001WU8BGM
Black Art Coloring Notebook PK,B081SN8722
