Hatsune Miku: Project Diva [Japan Import],B002C4KRE6
Single item - (- Express line of desert sand scraper ) Hatsune Miku Vision network Tier -time cute Vol.2 Kagamine Len,B008FK6S58
Hatsune miku -Project DIVA- F Accessories set,B00AEKJ0DE
SEGA VOCALOID Hatsune Miku Vision network tier system all cute set of 4 (japan import),B003VYK7OG
Sega Hatsune Miku Head Premium Jumbo 70cm Cushion,B07GC8RJF4
SEGA Hatsune Miku -Project Diva- F 2nd mega Jumbo Kagamine Len Christmas Stuffed Soft Plush Doll Genuine,B01MQ303WD
Hatsune Miku Project Diva 2nd - Miku Pocket Watch,B079H5PW54
Sega-Plush Vocaloid Sakura Miku Hatsune Nesoberi Medium C,B08L4SH9JT
Hatune Miku Racing Miku 2011 Premium Figure Sega GOODSMILE RACING (Japan Import),B00HTUSBZK
ノーブランド品 Project Diva Arcade Future Tone Super Premium Figure “CA Hatsune Miku,B08817TVR5
SEGA Hatsune Miku Project Diva Arcade Premium PM Figure - 8.5 Kaito,B00VWXHS7C
Hatsune Miku Huge Stuffed 300mm Christmas ver. Mega Jumbo fluffy Plush,B076V53GKK
Sega Hatsune Miku Series Special Fluffy Stuffed Plush Snow Miku 2015 Japan only,B07M5VH5L5
Hatsune Miku Series Mega Jumbo Big Plush Stuffed Toy - KAITO,B01LEA9A46
Laundry bag anywhere Hatsune Miku -Project DIVA- F 2nd PSVita benefits only [ privilege] by SEGA,B00Z8A43C8
Hatsune Miku Project Diva MEGA 39's SPM Figure Hatsune Miku - Bless You,B08JCGSH9Z
Hatsune Miku beans Miku figure vol.1 Hatsune Miku separately,B00YJ8LEJ0
Japan Import Nendoroid Character Vocal Series 01: Hatsune Miku Sakura Mikudayo non-scale ABS & ATBC-PVC painted action figure,B07D8VSGHL
Sega Miku Hatsune Project Diva 2nd- PSP- NEW [Import] by Sega,B01J4JY1UM
SEGA Hatsune Miku Project Diva Arcade Premium PM 8 Megurine Luka Action Figure,B00XJ1GIYY
Hatsune Miku Series Fluffy Key Chain MascotRin & Ren & Luke Vol.2 Luka Separately,B072HGCYW4
VOCALOID Hatsune Miku Vision network tier system cute all four sets (japan import),B00320C5A8
Bushiroad Sleeve Collection High Grade Vol.468 - Miku Hatsune -Project DIVA- f [Rin Kagamine],B00BCWAJ74
Sega Hatsune Miku Super Premium Action Figure Christmas 2018| 6.7,B07HNTS96X
SEGA Hatsune Miku Series Fluffy Stuffed Soft Plush Sakura Miku 3set Japanese,B07R1NRX57
Vocaloid Project Diva F Hatsune Miku Keychain Figure - Meiko,B01LXFL55L
Japan lottery Hatsune Miku Project Diva Arcade Future Tone SPM Figure Rin - Cheerful Candy,B07MZL946Y
Love live ƒÊ's X SNOW MIKU 2016 mug Birds & amp; Umihitsuji From Japan New,B01BIXWLL8
Sega Hatsune Miku Jumbo Stuffed Plush| 12,B01FFIYWNW
Clear File Hatsune Miku Project DIVA KEI's Set of 6 (japan import),B00777TKAK
Vocaloids Hatsune Miku (Project Diva Arcade): ~7.5 Sega Premium x Figure + 1 Free Official Trading Card Bundle (1004960),B01J4N5GGQ
Monster Hunter 4G [Japan Import],B00LSLNYBW
Hatsune Miku 2018 Winter Image Version Stuffed Soft Plush Set,B07KHKKYTZ
First wave ' Hatsune Miku Project DIVA F ' mascot figure [ 5.MEIKO ] ( single),B00JB5OB2S
Hatsune Miku Vision network tier system cute Vol.2 all four sets (japan import),B0088M07WI
Japan lottery Hatsune Miku Series Special Fluffy Stuffed Snow Miku 2016,B07N82QHSM
PS4 Godzilla VS [Japan Import],B00WYI4ODU
SEGA Love Live! Μ's × Snow Miku 2016 Nishikino Maki 16cm Stuffed Soft Plush,B01BHSJSFQ
Hatsune Miku Series Fluffy KCM Sakura Miku,B08LM98YBR
Snow Miku 2012 acrylic stand,B00777FRIY
Tales of Vesperia PlayStation3 the Best,B00MHKHAXQ
Hatsune Miku and Future Stars Project mirai Earphone with Mic (Yellow) [smartphone] (japan import),B007TSU6BE
SEGA Hatsune Miku Series Three Yue Eight Days ver. Meiko Stuffed Soft Plush Doll Genuine,B016S3C492
SEGA Hatsune Miku Series Choco Nose Figure Figurine 10cm Miku & Sakura Miku 2set,B07R51FM12
Laundry bag anywhere Hatsune Miku -Project DIVA- F 2nd PSVita benefits only [ privilege],B00KIK6696
Hatsune Miku - Project Diva F 2nd Pocket Watch-Blue,B084T7SCDQ
Max Factory Hatsune Miku -Project Diva- F 2ND: Kagamine Len: Stylish Energy L Version 1: 7 Scale PVC Figure| Multicolor,B07V581CLN
Hatsune Miku -Project DIVA- F 2nd mega jumbo stuffed Hatsune Miku Christmas,B01KBDNPWA
VOCALOID Hatsune Miku figure PM,B002XN3WUC
Max Factory Hatsune Miku: Project Diva: 2nd: Mikuzukin PVC Figure (1:7 Scale) by Max Factory,B01LW4F5T7
Max Factory Hatsune Miku: Project Diva: 2nd: Hatsune Miku Orange Blossom PVC Figure (1:7 Scale),B01DDGHOQ0
ND?Toy doll hand to do animation surrounding the wholesale Genuine King girl batch sega product Hatsune Miku Tour soundscape product,B017N4Y7V8
Miku Sega Hatsune Series Petit 1.2 Figure - Nekorobi,B0765QMBPD
,B01KPHNBFI
NC56 30cm Sega Hatsune Miku Jumbo Stuffed Plush Toy Doll Birthday Gift for Friends,B08JQ7YBNG
初音ミク PMクリスマス ジャンボクッション 初音ミククッション,B00FOJI0PO
SEGA Hatsune Miku Project DIVAF 2nd Acrylic Charm vol7 Hatsune Miku Siren Separately,B01FJC8LZE
Sega Project Diva Arcade Future Tone Hatsune Miku Super Premium Action Figure White Dress| 9,B07R526T47
Hatsune Miku: Project Diva (Dekkai Ohaidoku-han) [Japan Import] by Sega,B01J4K1N3O
Hatsune Miku ~ dumplings you deformed figure all four sets (japan import),B008RK7QIY
Hatsune Miku Project Diva 2nd Keychain Mascot Plush: Christmas Miku,B01MYRWPB2
Japan lottery Hatsune Miku Series Special Fluffy Stuffed Christmas 2018,B07PR6QFK8
Hatsune Miku: Project Diva PSP Game (Japanese Version),B003RE4RBY
SEGA Hatsune Miku Vocaloid Vol. 2 Soft Stuffed 9 Plush with Ballchain - Kagamine Rin,B01BHMJGA4
Vocaloid Hatsune Miku Mikudayo Jumbo 30cm Plush Doll by Sega,B086KXC31V
Max Factory Hatsune Miku: Project Diva: 2nd: Mikuzukin PVC Figure (1:7 Scale),B00MLNJGKO
Hatsune Miku Project mirai 2 Nintendo 3DS body cover set(JAPAN IMPORT),B00EOM3H0U
Taito Original Summer Clothes 7 Hatsune Miku Action Figure (Renewal Version) (Sega Version),B07V21BFQ6
Sega Hatsune Miku Series Nesoberi stuffed Soft plush 16cm Christmas 2019 3set,B081CC4KWV
SEGA Hatsune Miku -Project Diva Arcade Future Tone SPM Figure Hatsune Miku - Pierretta,B08KVT2PXG
Hatsune miku Project DIVA Arcade PM figure premium,B01AW0B452
Sega Project Diva Arcade Future Tone Megurine Luka Super Premium Action Figure Twinkle Resort| 8.2,B07SX82W7K
Vocaloid 2 Chibi Character Figure - Miku Hatsune (Ver. B),B00404WJK6
雪ミク – プロジェクトdiva- 2 nd Mikuフード1 / 7スケールatbc-pvc-painted PVC Figure,B01KPIAWPE
Racing Miku 2011 PM Premium Figure Hatsune Miku (japan import),B00H5MJEM6
Miku Hatsune Project DIVA Premium Figuar,B002YX194M
Miku Hatsune and Future Stars Project Mirai GSR ProjectMirai BMW 2012 Fuji Round 2 (ABS Model),B00A9OUKH0
Hatsune Miku project DIVA arcade 5th anniversary premium bath towel,B01KBWHL5S
VOCALOID 初音ミク オルゴールフィギュア Ver.1.5 初音ミク・はちゅねみく　全2種セット,B003ND7YCS
Japan lottery Hatsune Miku Project Diva F Mascot Figure The First Installment 4: Luka Sega Gachapon,B07MMF6G4Y
Sega Project Diva Arcade Future Tone Hatsune Miku Super Premium Action Figure CA| 9,B07B7JCJX3
Hatsune Miku Series SPM Figure Hatsune Miku Christmas 2020,B08BNGWC8H
Vocaloid 2 Chibi Character Figure - Miku Hatsune (Ver. A),B00404YGA2
Vocaloid Hatsune Miku w/Flower GT Project Racing 2017 Nendoroid Plus Rubber Strap Mascot Charm,B07BHPL8FC
Sega Project Diva Arcade Future Tone Hatsune Miku Super Premium Action Figure Dark Angel| 9,B07MJGDP1T
5pcs/Set Eromanga Sensei Q Version Izumi Sagiri Lovely Little Girl Younger Sister PVC Action Figure Collection Model Toy 5cm,B07K6VXH7J
Good Smile Sega Project Kagamine Len (Trickster Version) Nendoroid Co-De Action Figure,B01MCXFLNK
Set of 3 Sega Hatsune Miku Vocaloid Vol. 2 Standing Plush Dolls - Luka/Rin/Len,B01MSJZXLI
SEGA Hatsune Miku SP Fluffy Stuffed Soft Plush 27cm Hatsune Miku White Dress,B07RLJC24F
SEGA Hatsune Miku Project Diva Arcade Premium PM Figure - 7.5 Male Kagamine Len,B00VWXI3C6
SEGA Hatsune Miku Series Fluffy KC Stuffed Soft Plush 15cm 3set Kawaii Cute,B07T3XRZHH
Hatsune Miku Project Diva-F 2nd SPM Figure Hatsune Miku Christmas First Edition,B07CQRTNCK
Max Factory Hatsune Miku: Project Diva: 2nd: Mikuzukin PVC Figure (1:7 Scale),B00N9S0XFW
Hatsune Miku Series MEGA Jumbo Plush Doll| Hatsune Miku feat.CHANxCO,B07DB728SH
Miku Sega Hatsune Series Petit 1.2 Figure - Nekorobi Sad,B076DW5FR2
Hatsune Miku Project DIVA Arcade Future Tone Mega Jumbo Fluffy Plush Hatsune Miku - Selfish Factory Manager,B0747RYF74
Max Factory Hatsune Miku -Project Diva- F 2ND: Kagamine Rin: Stylish Energy R Version 1: 7 Scale PVC Figure| Multicolor,B07V22FWDR
Vocaloid Project Diva Arcade Future - Hatsune Miku Stewardess Ver. Large Plush,B07L45TT66
Hatsune Miku -Project DIVA- X (Chinese Subs) for PlayStation Vita [PS Vita],B01DDGP7LY
Sega Hatsune Miku: Premium Figure -Project DIVA - extend,B008YTSFX8
Japan Import Nendoroidoko SEGA feat in ~. HATSUNE MIKU Project Hatsune Miku raspberry ism Corde non-scale ABS & PVC painted PVC Figure,B07D8TBL44
Japan lottery Hatsune Miku × Rascal The Raccoon 10th Anniversary SEGA Keychain Music! Stuffed Hatsune Miku Rin Kagamine Len Rascal 15cm [3 Type Set],B07NCHNTDY
sega Hatsune Miku Arcade Future Tone SP Fluffy stuffed Soft plush 27cm GHOST,B07X7VW2KD
Sega Miku Hatsune Project Diva- PSP- NEW [Japan Import],B003BIELSA
Hatsune Miku Project Mirai 2 Puchipuku Pack(Japan Import),B00CGVWGJO
Japan lottery Hatsune Miku Project Diva f PM Figures [Hatsune Miku (All one)],B07MZMFR5X
VOCALOID Hatsune Miku EX Figure Ver1.5 pearl collar (japan import),B002DYUSEO
Vocaloid Hatsune Miku Wink Ver. Christmas 2019 Character Nesoberi Stuffed Soft Toy Plush Key Chain Mascot Collection Sega Anime Girls Art,B086PB3FM2
Hatsune Miku series mega-jumbo fluffy stuffed MEIKO uniform ver.,B071D8G76X
Hatsune Miku Project DIVA F 2nd big plush Hatsune Miku Christmas,B017X4AUNW
SEGA Feat. Hatsune Miku Project 5th Anniversary (Famiutsu Guidebook) [JAPANESE EDITION GAME BOOK],4047302058
Japan lottery Hatsune Miku Project Diva Arcade Future Tone SPM Figure Kagamine Len - Receiver,B07MZL8HLL
Vocaloid Project Diva Arcade Hatsune Miku Wedding Dress ver. Plush SEGA,B08FX9VBTF
Hatsune Miku acrylic charm Vol.9 MEIKO Lorelei,B06XHWWM8S
All two VOCALOID Hatsune Miku Extra Figure Ver.1.5 (japan import),B002EBACKQ
VOCALOID　初音ミク　エクストラフィギュア 初音ミク　単品,B00DHBQERM
Love Live! ƒª's X SNOW MIKU 2016 acrylic stand ear ”T‰Ê & Snow Miku From Japan New,B01BIBLSUA
no no BSKTY Anime Statue SEGA Prize Figure Vocaloid Hatsune Miku Future Miku Bow Girl Second Version Garage Kit,B08K3PCHDF
Japan lottery Vocaloid Hatsune Miku Premium Figure Vocaloid PM Premium Figure Prototype Takeshi Miyagawa Yamaha Prize Sega,B07MZL9TPV
Vocaloid Hatsune Miku Racing T-shirt Teen X-small - Small- Hatsune Miku Full White| Blue,B00IB2ULMQ
Hatsune Miku -Project DIVA extend PSP Booking Bonus Special Collaboration Album VOCALOID extend REMIXIES  only [ privilege],B00J6YN98G
Snow Miku 2012 Year plate,B00777OR26
SEGA 115-1012769B Hatsune Miku Vocaloid Ballchain Sitting Kagamine Rin Plush| 5,B01MFC25DX
SEGA Preciality Hatsune Miku EX Plush Vol. 2,B08KVY18TN
Hatsune Miku Huge Stuffed 300 mm Maid ver.,B075CFXXWB
Tote bag at any time  Hatsune Miku -Project DIVA- F 2nd PS3 only benefits [ privilege],B00KIK3ICY
SEGA Hatsune Miku Sakura Miku Super Premium Figure Japan,B07SNNB7G4
JPT SEGA Shinkansen Deformation Robot Shinkalion Hatsune Miku Pilot Suit LPM Figure,B08D91H1FS
Hatsune Miku Series Mega Jumbo Big Plush Stuffed Toy - Kagamine Rin (girl),B01J34ND66
Sega Hatsune Miku Project DIVA Arcade Future Tone Hatsune Miku-Innocent SPM Super Premium Figure by segs,B01LW9IFZN
Sega-Plush Vocaloid Sakura Miku Hatsune Nesoberi Medium A,B08L4R421C
SEGA Miku SPM Figure Ribonheart,B07Z7HL3KM
Ryu ga Gotoku 3 (PlayStation3 the Best Reprint) [Japan Import],B005VACKOI
SEGA RT D102758 Miku SPM Figure SAKURAMIKU2| Multicolor,B0823F4WQV
SEGA - Figurine Vocaloid - Hatsune Miku Christmas Ver 2018 17cm - 3700936116284,B084RS3HK1
The Best PS3 HATSUNE MIKU: PROJECT DIVA F,B00PEZLB2M
Notes of Hatsune Miku learning book Future,B00HG75GF4
Hatsune Miku: Project Diva 2nd [Japan Import],B003AQBAUU
Sega Project Diva Arcade Future Tone Hatsune Miku Super Premium Action Figure Innocent| 8.6,B01JA0AWM6
Love live ƒÊ's X SNOW MIKU 2016 mug rare & amp; Eri' for ASIN From Japan New,B01BIXY3MI
Hatsune Miku Project DIVAF 2nd acrylic charm vol7 MEIKO Marine ribbon single item,B01FJD2L18
Racing Miku 2011 premium figure Hatsune Miku Racing MIKU PREMUIUM FIGURE anime music prize Sega,B00H7YHSD4
Hatsune Miku and Future Stars Project mirai multi pouch [ Yellow],B007R0U6HI
SEGA Miku Hatsune -Project DIVA- extend for PSP [Japan Import],B0060QGECQ
Hatsune Miku and Future Stars Project mirai mascot cleaner Vol.2 Hatsune Miku ( delusion sketch ) alone,B00CN9VOZ6
Japan Stuffed Toys - Love Live! ¦¬'s ¡Á SNOW MIKU 2016 stuffed Yazawa Nico 'AF27,B01BHSJYKA
Hatsune Miku Series Fluffy Stuffed Uniform Ver. ~ Miku ~ Separately,B07M7YVVX2
Hatsune Miku Projectdivaf Vita,B00M9F024I
SEGA Hatsune Miku Series mega-Jumbo Fluffy Stuffed Luka Uniform ver.,B06ZZHMZMJ
Sega Project Diva Arcade Future Tone Hatsune Miku Super Premium Action Figure Jersey| 9,B07FZNBHJ9
Japan lottery Sega Vocaloid Hatsune Miku Extra Figure Rin Prize Goods,B07MZLJ2WT
Hatsune miku 10 th Anniversary draw down multi,B0791HZD3Z
Hatsune Miku series fluffy key chain mascot Rin & Ren & Luke,B01HEEQJQI
Accessory Set for PS3 Miku Hatsune Project DIVA F,B00N9J6P2Q
Hatsune miku series MEJ sprawl bear 40 cm BIG size,B07BZFPXW2
SEGA Project Diva Arcade Future Tone SPM Figure Hatsune Miku -Ghost,B089G8FGR7
Ps3 hatsune miku : project diva f 2nd (eu),B00N77FV5M
Hatsune Miku and Future Stars Project mirai with a microphone Earphone ( White) [ Smartphones ],B007TSKUOM
Good Smile 7th Dragon 2020 Hatsune Miku Type 2020 PVC Figure [parallel import goods],B07D8V1C64
Hatsune Miku Vie network Tier -time cute Vol.2 Sakioto Meiko single item,B009A5RZEA
Hatsune Miku -Project DIVA- F 2nd premium canvas graphics Hatsune Miku single item,B0192ZQN04
VOCALOID Hatsune Miku Music Box Figure Ver. 1.5 Vocaloid design music prize Sega ( all two full set + Poster with bonus ),B003O7UMJU
Hatsune Miku -Project DIVA- X Accessories Set by Sega,B01J4JW7V2
Hatsune Miku Project DIVA Makie seal sticker Collection collection Kagamine Len separately SEGA,B017QR0IXS
Vocaloid Sega Hatsune Miku Series Petit 1.2 Figure - Nekorobi Meiko,B076FMNQM7
Miku Sega Hatsune Series Petit 1.2 Figure - Nekorobi Sleeping,B076FJ31LM
VR-014 / HD Fei-Yen HD large format tapestry Hatsune Miku,B00JVVH99Y
VOCALOID Hatsune Miku Live Stage Produser mini display figure [ Hatsune Miku ],B00EFXWU1U
Hatsune Miku-Project DIVA-BonusTrack Big Towel (japan import),B003XI4SN6
Hatsune Miku Fluffy Sprawl fluffy plush Smile Ver.,B00OCD4XJK
Hatsune Miku series UFO pinched acrylic key chain mascot all six,B06WRQVZDM
Hatsune Miku Vie network Tier -time cute Kagamine Rin ( Akunomusume ) separately,B004D2ISGE
18CM Japanese Anime Figure Hatsune Miku Pumkin Halloween Action Figure Collectible Model Toys for Boys,B07KCKKNHS
VOCALOID Hatsune Miku Hatsune Miku figure Extras & Kagamine Rin (Full set of 2) (japan import),B006CEPTK4
PS3 Hatsune Miku Project Diva F 2nd Asian version Chinese subtitle Japanese voice,B017RCRBQE
VOCALOID Hatsune Miku Hatsune Miku mini planetarium octopus Luke whole set of 2,B0030FZXH2
SnowMiku2016 snow Miku tumbler,B01M9DB9A7
Sega Hatsune Miku -Project DIVA- X HD premium big blanket,B07D71KRRT
Sega Project Diva Arcade Future Tone Hatsune Miku Super Premium Action Figure Gradation Resort| 8.2,B07SV49S6V
Hatsune Miku Project mirai DX (3DS),B00XE41KEO
SEGA Hatsune Miku Series Fluffy Stuffed Hatsune Miku Normal ver. Japan Limited,B07MZY9V6B
Sega Hatsune Miku Project Diva Arcade Future Tone SP Stuffed Hatsune Miku Dark Angel,B07MQ4BFHB
SEGA 115-1014873C Hatsune Miku Vocaloid Ballchain Vol. 2 Standing Kagamine Len Plush| 5.5,B01M31JCJU
SEGA Hatsune Miku Project Diva Arcade Premium PM 8.5 Sakine Meiko Action Figure,B00XJ1GJRK
Japan lottery Hatsune Miku Series MEJ Fluffy Stuffed Toy,B07MZLMTNG
VOCALOID Hatsune Miku Vision network Tier -time cute Hatsune Miku / Hatsune Miku ( cherry rain ) ( Poppippo ) / Luka ( Meguhime dance song ) / Kagamine Rin ( Akunomusume ) Full set of 4,B003W9B9YC
SEGA Hatsune Miku Series Fluffy Stuffed Hatsune Miku Motivation ver. Japan,B07MZYBRHZ
Sega Hatsune Miku: Project Diva Extend for PSP (Japanese Language Import),B005ZNWT4C
Danball Senki W [Japan Import],B008XF5WP2
Japan Import Nendoroidoko SEGA feat in ~. HATSUNE MIKU Project Kagamine Len Tricker Corde non-scale ABS & PVC painted PVC Figure,B07D8VNV68
Sega VOCALOID Hatsune Miku extra figure Hatsune Miku & Rin (full set of 2),B07D722ZR4
Japan Import Nendoroidoko SEGA feat in ~. HATSUNE MIKU Project Hatsune Miku suite pumpkin Corde non-scale ABS & PVC painted PVC Figure,B07D8SW8TB
Sega Vocaloid Hatsune Miku Jumbo Stuffed Plush 12 - Megurine Luka school uniform ver.,B07257ZKD8
Japan Import Character Vocal Series 01: Hatsune Miku Mikudayo (1/8 Scale ABS & PVC painted action figure),B07D8VKJQT
Sega Project Diva Arcade Future Tone Hatsune Miku Super Premium Action Figure Ribbon Girl| 9,B01N96JEQ3
SEGA Hatsune Miku Sakura Miku Smile Stuffed Soft Plush Doll Genuine 16cm,B072HSS4VB
Racing Miku Tony T2 Art Hatsune Miku Butterfly Fairy 2017 PVC Figure Collectible Model Toy,B07HQKDWBJ
Hatsune Miku Series Special Fluffy Stuffed Hatsune Miku Kuchiake Ver. Separately,B07MZL9XGF
SEGA Hatsune Miku Series Special Hatsune Miku Mouth Closed. Stuffed Soft Plush Doll Genuine,B07BWH65S3
Hatsune Miku -Project DIVA- X premium bath towel 120 ~ 60cm,B01KBW95NO
Hatsune Miku project mirai Deluxe Premium Glass Set Type-B. Imported from Japan,B016OGKY9U
Hatsune Miku-ProjectDIVA-series die cut mat Hatsune Miku (japan import),B009X3PPSM
SEGA Hatsune Miku Series Special Snow MIKU2011 Stuffed Soft Plush Doll Genuine,B07KBS479L
Sen-ti-nel 35MechatroWeGo Hatsune Miku Action Figure,B06VWGKZNR
Sega 8 Hatsune Miku: Premium Figure by Unknown,B01L4G441E
Ryu Ga Gotoku 0 Location Ryu Ga Gotoku of oath Hot-Dog with PRESS (Japan Import),B00OYMY4MU
Hatsune Miku - Ghost: 21cm Project Diva Arcade Future Tone S.P.M. Statue Figurine Bundled with 1 A.C.G. Trading Card (1033393),B089G85HHG
IPhone4 Vol.2 illustration by GAN smartphone cover Vu~oka Lloyd Vocaloid SEGA prize amusement limited edition Hatsune Miku smartphone case for (japan import),B008R8ORIS
Hatsune Miku acrylic charm Vol.9 Luke VF suit,B06ZZ7BRKY
PSP Hatsune Miku -Project DIVA- extend Booking Bonus CD Special Collaboration Album,B00FMNHH10
Miku Hatune Project mirai 2 RE,B00E0GOXTO
Hatsune Miku -Project DIVA-F 2nd [Region Free] [Asia Pacific Edition] [PlayStation Vita],B00JB3YBJS
Lovelive ! Μ's × SNOW MIKU 2016 stuffed Minami Kotori From Japan New,B01BHSJQV2
SEGA Hatsune Miku Series MEJ Wachu I Miku Stuffed Soft Plush Doll Genuine,B07L84S8CM
Sega Hatsune Miku: Extra Figure Version 1.5,B009HSXGPW
Sega Project Diva Arcade Future Tone Hatsune Miku Super Premium Action Figure Nyanko| 9,B073JCN9FT
SEGA Hatsune Miku Series Special Fluffy Stuffed Snow Miku 2016 Japan limite,B07MX59ZDV
SEGA Hatsune Miku Preciality Special 32cm SP Stuffed Soft Plush Doll Genuine,B07W4RFPJ8
Hatsune Miku Series Fluffy Plush Doll Uniform Ver. Kaito Plush Toy Doll Stuffed,B06XG6C1CS
IPhone4 Vol.2 illustration by S @ e smartphone cover Vu~oka Lloyd Vocaloid SEGA prize amusement limited edition Hatsune Miku smartphone case for <>,B008R8NRM0
Hatsune Miku Project DIVA-f Accessories Set [Japan Import],B0087NFYM6
VOCALOID Hatsune Miku Vision network tier system cute all four sets (japan import) by Miku Hatsune,B01LW1SO67
Hatsune Miku Live Stage Producer Mini Display Figure Full set of 4,B00EF8QZLG
Japan Stuffed Toys - Love Live! ¦¬'s ¡Á SNOW MIKU 2016 stuffed Sonoda Umihitsuji 'AF27,B01BHSJPDQ
Good Smile Sega Project: Hatsune Miku Nendoroid Co-De Action Figure,B01DA16TBE
Hatsune Miku Project mirai2 premium Big Green blanket ( single),B00GZ9KMOE
Japan lottery SEGA Hatsune Miku Figure Fairy of Music,B07MZL1M4C
SEGA Hatsune Miku Series Miku & Meiko & Kaito- Christmas Meiko Meiko with Ball Chain Stuffed Soft Plush Doll Genuine,B074N4BKQN
Hatsune Miku: Project Mirai DX Limited Launch Edition with Bonus Wallet Chain and 19 Double-Sided AR Cards (Nintendo 3DS) by Sega,B01J4K4VTC
Hatsune Miku Vocaloid Project Diva Produced By Sega,B00OF33B8Q
Sega Project Hatsune Miku Series Super Premium Action Figure Ribbon Heart| 8.6,B08331W8BQ
NEW Official Sega Project Diva Arcade 2nd PM Vocaloid Figure ~ 8 Hatsune Miku,B01N66XIVQ
Hatsune Miku series fluffy stuffed animals (March eight days ver.) KAITO single item,B017HKXT2G
Sega Hatsune Miku Vocaloid 1015993 Jumbo 14 Soft Plush - Kagamine Len Doll,B01LWKAYV1
Sega Project Diva Arcade Future Tone Hatsune Miku Super Premium Action Figure Pansy| 9,B0771MGCN9
Stuffed full two Nesoberi fluffy Hatsune Miku,B00KKBI150
Japan lottery Sega Hatsune Miku Project Diva Arcade Premium PM 8.5 Sakine Meiko Action Figure [Parallel Import Goods],B07MZLTD13
SEGA Hatsune Miku Halloween ver. Stuffed Soft Plush Doll Genuine,B075XQYT78
Sega Shinkalion: Hatsune Miku Pilot Suit Limited Premium Figure,B08CQSB6GW
Sega Vocaloid Hatsune Miku Special Fluffy Plush Toy Christmas 2018 About 32cm,B07JC2VCVB
Anime Hatsune Miku 10th Anniversary Costume Ver. Miku PVC Figure Collectible Model Toy,B07HQVM2VV
Sega Project Diva Reservation Benefits Nendoroid Petit Hatsune Miku Figure,B07C8GSBCF
Hatsune Miku -Project DIVA- F WonderGoo purchase bonus tapestry,B00K14NNM2
ND?Anime girl hand to do genuine batch sega View product Hatsune Miku vocaloid kaito brother King products,B017N4YCXG
Hatsune Miku Project DIVA Arcade 5th Anniversary Premium Poster (50cmX120cm),B0859MJ6C6
Hatsune Miku -Project DIVA- F special rubber strap ( strap only ),B00BSD0ZZS
Bushiroad Sleeve Collection HG Mikuapendo Hatsune - Hatsune Miku,B00BIYNMMU
Hatsune Miku: Project Mirai DX Limited Launch Edition with Bonus Wallet Chain and 19 Double-Sided AR Cards (Nintendo 3DS),B0160ZMV00
Hatsune Miku Project DIVA MEGA39's(Mega Mix) – Switch Japan Version,B07WZZWGTS
A3 Tapestry Hatsune Miku-Project DIVA-F Sega Store benefits (japan import),B00BSCYVF4
 Hatsune Miku Project DIVA Arcade Future Tone」SPMフィギュア初音ミククリスマス,B06WGP487Y
SEGA 115-1014865B Hatsune Miku Vocaloid Ballchain Standing Kaito Plush| 5,B01M713EC4
Hatsune Miku and Future Stars Project mirai mascot cleaner Vol.3 Hatsune Miku single item,B00A4BHC4M
Sega D102360 / 115-1035435 Hatsune Miku Christmas 2019 SPM Figure,B089N1HLWC
Sega 115-1014865A Hatsune Vocaloid Ballchain Standing Miku Plush 5,B06X6F9Q8R
SEGA 115-1012769A Hatsune Miku Vocaloid Ballchain Sitting Megurine Luka Plush| 4.5,B01MQ4Y1M4
Sega Hatsune Miku Plush Toys - Hatsune Miku & Meiko & Kaito - 3 Pack Set,B01DTY7SPS
Bushiroad Sleeve Collection High Grade Vol.468 - Miku Hatsune -Project DIVA- f [Miku Hatsune],B00BCWAJEC
SEGA Hatsune Miku Series Super Premium Figure Hatsune Miku Christmas 2020 Figure,B08KHH3YP4
Hatsune Miku Project mirai 2 Accessorie set(Japan Import),B00EOM3GWO
SEGA Vocaloid: Hatsune Miku Christmas 2019 Ver A: Wink Lay-Down Plush,B086VMC7J5
Japan Stuffed Toys - Love Live! ¦¬'s ¡Á SNOW MIKU 2016 stuffed starry sky Rin 'AF27,B01BHSJU04
Hatsune Miku iPhone4 iPhone4S Case Cover illustration by Yu smartphone case smartphone cover Vu~oka Lloyd Vocaloid SEGA Prize (japan import),B007ZLJQX4
Vocaloid Project Diva F Hatsune Miku Keychain Figure - Megurine Luka,B01LZ24H25
First wave ' Hatsune Miku Project DIVA F ' mascot figure [ 2 ] Kagamine Rin ( single),B00JB5O93Y
SEGA Hatsune Miku Project Diva Arcade Future Tone SPM Figure Hatsune Miku - Nyanko,B08DJ338CB
Phantasy Star Nova,B00M6P7ZVY
Hatsune Miku: Project Diva 2nd (Low Price Edition - Arcade Debut Pack) [Japan Import],B005J2LTRM
SEGA Hatsune Miku Super Premium Action Figure Sakura Miku Version 2| 9,B086QWBJ3F
Powerpuff Girls x Vocaloid Miku Hatsune PVC Keychain,B07JJYTGR1
Hatsune Miku Project DIVA Arcade Future Tone SPM figure Hatsune Miku colorful drop Rin Cheerful candy set of 2,B01DMZTGC2
Sega-Plush Vocaloid Sakura Miku Hatsune Nesoberi Medium B,B08L4TH9R3
Hatsune Miku-Project DIVA-commercial vehicles Plastic (japan import),B007IVMXAY
Hatsune Miku iPhone3G iPhone3GS Case Cover illustration by Yu smartphone smartphone case cover Vu~oka Lloyd Vocaloid SEGA Prize (japan import),B007ZLKGIS
PS3 reservation privilege Hatsune Miku Project DIVA F special rubber strap [only privilege] (japan import),B00CPZYFZY
SEGA Vocaloid Hatsune Miku Vol.3 Collection Meiko PVC Figure,B002BVYN68
Hatsune Miku -Project DIVA- X HD,B082K49757
SEGA Vocaloid Hatsune Miku Music Box Figure Ver.1.5 Hatsune Miku Single Item,B007M6DDI6
Love live ƒÊ's X SNOW MIKU 2016 mug ear ”T‰Ê & amp; snow Miku From Japan New,B01BIY124O
[Audio CD] Miku Hatsune/Live CD MIKUNOPOLIS in LOS ANGELES -Hajimemashite Hatsune Miku desu- [Japan Import],B006NZIIM8
Sega - 181041 - Hatsune Miku - Project Diva F 2nd,B00N77FV5C
Sega Hatsune Miku SPM Figure Tropical Summer,B08H85QD5D
SEGA Hatsune Miku: Premium Figure -Project Diva Arcade-,B00IRSP1T2
Hatsune Miku Project DIVA Arcade Future Tone Mega Jumbo Plush Natural Stuffed Toy,B01N5XEQN2
SEGA 115-1014873A Hatsune Miku Vocaloid Ballchain Vol. 2 Standing Megurine Luka Plush| 5.5,B01M7TYMB7
Love live ƒÊ's X SNOW MIKU 2016 mug Nico & amp; Mahime From Japan New,B01BIXZ41W
Ryu Ga Gotoku| Yakuza 5 Best Hits,B00O4YK3TG
Hatsune Miku Series Mega Jumbo Soft Plush Doll Hatsune Miku Uniform Version,B01MT6AQNH
Vocaloid Sega Hatsune Miku Series Petit 1.2 Figure - Nekorobi Len,B076DM7FKD
Hatsune Miku Project DIVA Arcade dedicated IC card case VersionB type 1 single item,B00AMXYCPE
Taito 7 Hatsune Miku Winter Live Figure Action Figure (Sega Version),B082VHR6BC
Hatsune Miku series fluffy stuffed vol.2 (March eight days ver.) Luka separately,B019T4O1PC
Vocaloid Sega Hatsune Miku Series Petit 1.2 Figure - Nekorobi Rin,B076DQKFWL
Japan Stuffed Toys - Love Live! ¦¬'s ¡Á SNOW MIKU 2016 stuffed Koizumi Kayo 'AF27,B01BHSJV3U
Hatsune Miku -Project DIVA-F 2nd [Region Free] [Asia Pacific Edition] [PlayStation 3],B00JB3LMY0
Rain of Sakura VOCALOID Hatsune Miku Vision network tier system cute prize figure separately (japan import) by Miku Hatsune,B0035ZV1BO
SEGA Hatsune Miku Series Fluffy Stuffed vol.2 (March Eight Days ver.) Kagamine Len Single Item,B019T4NCZ2
SEGA 115-1014865A Hatsune Vocaloid Ballchain Standing Miku Plush| 5,B01M5FMXTI
Hatsune Miku and Future Stars Project mirai multi pouch [ Blue],B007R0V46U
SEGA Hatsune Miku Series Mega Jumbo Hatsune Miku - Christmas Stuffed Soft Plush Doll Genuine,B0765SSLHK
JPT Vocaloid Figure SEGA SPM Ribbon Heart 2020 Miku Hatsune,B08561CJ6Y
VOCALOID Hatsune Miku EX Figure Ver1.5 pearl collar (japan import) by Miku Hatsune,B01C6M43KC
Sega Hatsune Miku: Premium Figure -Project DIVA- 2nd,B014DF3022
Sega Hatsune Miku: Premium Figure -Project DIVA-,B002YX96L0
Sega Project DIVA Arcade F 2nd PM Premium Figure - Hatsune Miku Double Peace Sign,B01EN35Y0A
Hatsune Miku-project Diva-f Bargain Version,B00FIZRA28
Hatsune Miku Series UFO Pinched Acrylic Key Chain Mascot Ver2 Whole Set of 6,B071ZBBS6J
SEGA Hatsune Miku Series Mega Jumbo Nesoberi Sakura Miku Stuffed Soft Plush Doll Genuine,B084L5LT1N
SEGA Hatsune Miku 2019 Birthday Version Stuffed Soft Plush Set,B07T4NRVTT
Hatsune Miku Project DIVA MEGA39's(Mega Mix) 10th Anniversary Collection – Switch Japan Version,B07X777HF2
Sega Hatsune Miku: Premium Figure -Angel Breeze-,B009ZNK7X8
Japan Stuffed Toys - Love Live! ¦¬'s ¡Á SNOW MIKU 2016 stuffed SNOW MIKU 2016 'AF27,B01BHSK06C
Vocaloid Hatsune Miku -Project Diva- Trading Cell Phone Strap Track 02 Box of 10,B004ASNIMA
SEGA Hatsune Miku Series mega Jumbo Hatsune Miku Maid. Stuffed Soft Plush Doll Genuine,B074GX4ZWT
REAL ACTION HEROES: hatsune miku - Project DIVA f-hanyewyp Deluxe ver.,B010U9W4OK
All two orange single item Hatsune Miku Project mirai lunch box,B00G9507ZI
Taito Original Casual Clothes 4.7 Hatsune Miku Action Figure (Sega Version),B07YZRDLPC
Sega Hatsune Miku Super Premium Action Figure Christmas 2019| 9,B07Y42YQ4J
Vocaloid Sega Hatsune Miku Series Petit 1.2 Figure - Nekorobi Kaito,B076FKTVTS
Chrsitmas Hatsune Miku Project Diva F 2nd LED Light Stand,B01AXCMQBK
Max Factory Hatsune Miku -Project DIVA-2nd Hatsune Miku Orange Blossom Ver. 1/7 Scale ABS & PVC Painted PVC Figure,B07D6ZVFFV
Hatsune Miku Series Special Fluffy Stuffed Hatsune Miku Opening Closed Ver. Separately,B07MZL7ZN6
SEGA Hatsune Miku -Project Diva- X HD Premium Big Blanket,B01N30CH44
Hatsune Miku and Future Stars Project mirai cleaner mascot Hatsune Miku Luka Rin Kagamine Len set of 4,B007SNEYFY
Hatsune Miku Project DIVA Mega Mix Korean Edition - Nintendo Switch,B084M6P8YK
Sega Vocaloid Hatsune Miku Special Fluffy Plush Toy Snow MIKU2010 About 32cm,B07JM12592
Sega Project Diva Arcade Future Tone Megurine Luka Super Premium Action Figure Amour| 8.6,B01L5A6KCK
SEGA 115-1014873B Hatsune Miku Vocaloid Ballchain Vol. 2 Standing Kagamine Rin Plush| 6.5,B01MG4F3PF
Chrsitmas SD Hatsune Miku Project Diva F 2nd LED Light Stand,B01AXCZVJY
Sega Kawaii Japan Anime Vocaloid Hatsune Miku CHANxCO Jumbo Plush,B07GF9TY8D
Sega Miku Hatsune Project Diva 2nd- PSP- [Import],B003VQQHE8
PS Vita Import Hatsune Miku: Project Diva F 2nd (voice: Japanese| Subtitle: Chinese) Game,B00WOO4T84
Project Diva Arcade Future Tone Hatsune Miku / Megurine Luka Innocent PVC Figure Collectible Model Toy (Luka),B07HQXM8QJ
Hatsune Miku mascot cleaner vol.6 all nine species set (japan import),B00BL1T57Q
Hatsune Miku: Project DIVA X HD,B01G80C8FU
Hatsune Miku Series Fluffy Stuffed Uniform Ver. ~ Meiko ~ Separately,B07MG9QPKT
Japan Stuffed Toys - Love Live! ¦¬'s ¡Á SNOW MIKU 2016 stuffed Ayase Eri 'AF27,B01BHSJWGG
Ryu ga Gotoku 1&2 HD EDITION PlayStation®3 the Best[Japan Import],B00O4YK3O6
Hatsune Miku Series Mega Jumbo Fluffy Plush Doll Megurine Luka Uniform Version,B01N313CEI
Weiss Schwarz Booster Pack Hatsune Miku -Project DIVA- F 2nd BOX,B00KILHEMI
Hatsune Miku -Project DIVA-F 2nd Crystal Art deformed Miku separately with premium LED pedestal,B018TJABV6
Hatsune Miku and Future Stars Project mirai phone card,B007J013VE
Miku Hatsune/Blu-ray MIKUNOPOLIS in LOS ANGELES -Hajimemashite Hatsune Miku desu- [Japan Import],B006NZL4FQ
Sega Hatsune Miku Special Fluffy Stuffed Plush Snow Miku 2012 27cm Japan Limited,B07K87MRQ7
Hatsune Miku -Project DIVA - X messenger bag,B01J0QLJLI
Hatsune Miku Series Fluffy Plush Doll Hatsune Miku Uniform Version (single),B06XFV8JF4
Hatsune Miku: Project DIVA F - Playstation 3,B00DCQ5A40
SEGA Hatsune Miku Vocaloid Vol. 2 Soft Stuffed 7 Plush with Ballchain - Megurine Luka,B01BHMJG8G
Hatsune Miku Project DIVA F mascot figure first step 4 : Luka Sega Gachapon,B00JBAXF4I
Hatsune Miku Project mirai2 premium big orange blanket (single) (japan import),B00GZ9NXWM
Max Factory Hatsune Miku: Project Diva F 2ND: Hatsune Miku (Vintage Dress Version) 1: 7 Scale PVC Figure,B07FHMGHNZ
FREEing Racing Miku PVC Figure (Sepang Version) (1:8 Scale),B00M1BMGK8
Hatsune Miku - Project Diva F 2nd Pocket Watch-Red,B084T7VRHF
Sega Hatsune Miku: Project Diva 2nd for PSP (Japanese Language Import),B003UHPIRU
Hatsune Miku -Project DIVA-F 2nd　[Japan Import],B00GXYECLU
Vocaloid Miku Hatsune Real Action Hero Project Diva AF 1/6,B00JG89SCI
Hatsune Miku Series SPM Figure Snow Miku -Snow Miku SKYTOWN Ver.-,B08FDRGH4B
Love Live! ƒª's X SNOW MIKU 2016 acrylic stand Rin & Kayo From Japan New,B01BIBO1TU
Miku Hatsune: Vocaloid (Figure) - Fairy of Music (SEGA),B0088W18QC
Vocaloid Hatsune Miku Half Turn GT Project Racing 2017 Nendoroid Plus Rubber Strap Mascot Charm,B07BHPXMP1
Japan Import Nendoroidoko SEGA feat in ~. Hatsune Miku Project Hatsune Miku Breath Yukode Non-Scale ABS & PVC Painted PVC Figure,B07D8XBQN4
Hatsune Miku: Project Diva f [Japanese Import] PS Vita,B007XMUJL8
SEGA Project Diva Arcade Future Tone Hatsune Miku Super Premium Action Figure| 9.5,B01BHU4ZSO
Taito 7 Hatsune Miku 2nd Season Summer Version Action Figure (Sega Version),B07SLYF2WY
Sega Project Diva MEGA39's Hatsune Miku Diva 10th Anniversary Super Premium Action Figure| 9.8,B08FCLQGYH
Hatsune Miku acrylic charm Vol.9 Miku rainbow line,B06XHMRGJG
SEGA - Figurine Hatsune Miku - Hatsune Miku Original Autumn Dress Ver. Travel 18cm - 3296580235940,B07G4J1VFG
Hatsune Miku series Mega Jumbo fluffy stuffed KAITO & MEIKO MEIKO separately,B01KUPVUWG
Hatsune Miku Project mirai2 mascot cleaner Vol.5 interviewers separately Sega VOCALOID goods project Mirai 2 strap interviewers Miku,B00OMR6CR2
Vocaloid Hatsune Miku Standing GT Project Racing 2017 Nendoroid Plus Rubber Strap Mascot Charm,B07BHPS7DM
Sega Hatsune Miku Series 15cm Plush Doll feat. CHANxCO - Kagamine Rin,B07D95LV65
Hatsune Miku Project DIVA F 2nd big 12 plush Christmas ver.,B017LTHMIU
Metal Fighter Miku [Japan Import],B000069TLR
Vocaloid Hatsune Miku w/Pony Tails GT Project Racing 2017 Nendoroid Plus Rubber Strap Mascot Charm,B07BHPTVYL
Vocaloid Small Cute Plush - Hatsune Miku 6 height,0298751526
A3 Tapestry Hatsune Miku Project DIVA F animate benefits (japan import),B00C7X19YY
SEGA Hatsune Miku -Project DIVA- 2nd (Best Price) for PSP [Japan Import],B006H7YB82
no no BSKTY Anime Statue SEGA Prize Figure Vocaloid Hatsune Miku Future Miku Infinite Ver Second Version Garage Kit,B08K333CKB
Vocaloid Hatsune Miku Smile Ver. Christmas 2019 Character Nesoberi Stuffed Soft Toy Plush Key Chain Mascot Collection Sega Anime Girls Art,B086P4SL44
Japan Stuffed Toys - Love Live! ¦¬'s ¡Á SNOW MIKU 2016 stuffed Nozomi Tojo 'AF27,B01BHSJXHE
Hatsune Miku [Christmas 2019]: 23cm Vocaloid S.P.M. Statue Figurine Bundled with 1 A.C.G. Trading Card (1035435),B089G7R923
Hatsune Miku series fluffy key chain mascot Ren,B01HEFHTCK
Sega Vocaloid Miku Hatsune Premium Figure,B0049MOHV8
Bushiroad Sleeve collection High-grade Vol. 485 Hatsune Miku,B00BIYNML6
Hatsune Miku: Project Diva Mega39's (Chinese Subs) [Asia Import],B0856YPBSY
Good Smile Sega Project: Hatsune Miku Nendoroid Co-DeAction Figure (Raspberryism Version),B01EFK0P64
Hatsune Miku ATSHNE Miku V4X Painted 1/8 Scale PVC Figure Collectible Model Toy 20cm,B07HPC5TDQ
SEGA 115-1011819 Hatsune Miku Project Diva Future Tone Colorful Drop SPM Premium Action Figure| 11,B0824DQW7T
Taito 7 Hatsune Miku Birthday 2019 Action Figure (Sega Version),B07X29B6C5
VOCALOID Hatsune Miku Vision network tier system cute prize figure single item over whiff Poppi (japan import),B004D2FOVQ
Vocaloid Hatsune Miku Stationery Set,B003M5534I
Hatsune Miku Project Divaf Ps3,B00M9F5H7K
Hatsune Miku: Project Diva Extend (Import PSP)[Japanese language][Region Free] - Asia Version,B008ND0W36
Sega Project Diva Arcade Future Tone Hatsune Miku Super Premium Action Figure Selfish Plant Manager| 9.4,B01M4RBV8F
Miku SPM Figure Tropical Summer,B087F6CB2S
Sega Hatsune Miku Super Premium Action Figure Sakura Miku| 9,B07Q5STT8Y
SEGA Miku Hatsune Miku Series Miku & Meiko & Kaito feat.CHANxCO Length 15cm Miku Meiko Kite Stuffed Soft Plush Doll Genuine,B079CH9MTM
Hatsune Miku Project DIVA Arcade Future Tone SPM Figure Colorful Drop Sega Japan & Sega Project Diva Arcade Future Tone Hatsune Miku Super Premium Action Figure| 9.5 - 2 Pack Set,B01DZ5B95G
SEGA Hatsune Miku Premium MP3 Player Luka Ver.,B01FWA570U
Hatsune Miku Series SP Lay-Down Plush Hatsune Miku,B08KVSSR3M
Hatsune Miku Project DIVA Arcade Microfiber Towel separately (horizontal),B00AR9I9UM
Taito Original Autumn Clothes 7 Hatsune Miku Action Figure (Renewal Version) (Sega Version),B07YV8SPSB
Sega Hatsune Miku Series Special Fluffy stuffed Soft plush 27cm Christmas 2019,B07YSB7847
Hatsune Miku -Project DIVA- F 2nd premium canvas graphics set (deformed) ver. Separately,B017U8A2FC
Hatsune Miku Project mirai PM stainless steel bottle orange (japan import) by SEGA,B00G6I36E2
Kozuguru Wonderland Wars Limited Edition Aime/Banapassport Amusement Character Gaming IC Card,B084NZC91G
SEGA Hatsune Miku Preciality Special Stuffed Soft Plush 32cm Original Cute,B07W49WHMT
Vocaloid Hatsune Miku Nesoberi Plush 16'',B07K4TJZ3S
Hatsune Miku: Project Diva (Dekkai Ohaidoku-han) [Japan Import] by SEGA,B01J4KRAOK
Sega Project Diva Arcade Future Tone Hatsune Miku Super Premium Action Figure Christmas| 8.9,B01MFBJ0JZ
Sega Miku Hatsune Project Diva (Best Price) with Figure for PSP [Japan Import][dekkai Okaidokuban],B003UA3DYW
Good Smile 7th Dragon 2020 Hatsune Miku Type 2020 PVC Figure,B00E9OUXUU
Japan lottery Racing Miku 2011 Premium Figure Hatsune Miku Racing Miku PREMUIUM Figure Anime Music Prize Sega,B07MZKZY58
Love live ƒÊ's X SNOW MIKU 2016 mug Rin & amp; Kayo From Japan New,B01BIY0F06
Furyu Hatsune Miku Ã— Rascal The Raccoon 10th Anniversary SEGA Keychain Music! Hatsune Miku Rin Kagamine Len Rascal 15cm [3 Set] Stuffed Soft Plush Doll Genuine,B07KDNQQSX
Vocaloid Sega Hatsune Miku Series Petit 1.2 Figure - Nekorobi Luka,B076DSBQQ6
Sega Project Diva Arcade Future Tone Hatsune Miku Super Premium Action Figure Pierretta| 9,B0778C46TY
Sega Hatsune Miku Project DIVA F 2nd: Hatsune Miku Christmas SPM Super Premium Figure,B013QKVTDW
Hatsune Miku: Project Diva [Japan Import] by Sega,B01J4K27MA
Sega Hatsune Miku Series Special Fluffy Stuffed Plush Snow Miku 2013 Japan Item,B07KBWMR7Z
Hatsune Miku Vision network tier system cute Vol.2 all four sets (japan import) by Miku Hatsune,B01C6NLO6W
Vocaloid Hatsune Miku -Project Diva- Trading Cell Phone Strap Track 02 Box of 10 by Hobby Stock,B00YQ2ESYW
Hatsune Miku-Project DIVA-F Figure With Polka Dot Style Bikini 8 inch 26066 by swga,B00GOGFOGY
Sega Project Diva Arcade Future Tone Hatsune Miku Super Premium Action Figure Ghost| 8.2,B07WTBXL1D
Monster Hunter X / Cross [3DS],B0132I6TSI
Good Smile Sega Project: Hatsune Miku Nendoroid Co-De Action Figure (Breathe Version),B01DVQO0LY
Sega Hatsune Miku Proj Diva F PS3,B00GEEG7CQ
Hatsune Miku Series Fluffy Plush Doll Uniform Ver. Meiko Plush Toy Doll Stuffed,B06XG3YDFQ
Hatsune Miku Fluffy lying plush face,B00SPJ8Q5E
SEGA Hatsune Miku Project Diva Arcade Premium PM Figure - 8 Female Kagamine Rin,B00VWXI4RU
Hatsune Miku: Project Diva (Dekkai Ohaidoku-han) [Japan Import],B003BIELSK
Thank you 1826 Days~SEGA feat.HATSUNE MIKU Project 5th Anniversary Selection~ CD + Blu-ray Limited Edition Japan,B00NK5X4Y6
Sega Hatsune Miku Series mega-Jumbo Stuffed Plush HACHUNE Miku Japan Limited,B07L7Y98YT
Hatsune Miku Series Mega Jumbo Stuffed Soft Plush Doll Figure Toy Hatsune Miku Cabin Attendant Version,B078NJKLVF
Max Factory Miku Project Diva F 2nd: Megurine Luka (Temptation Version) 1:7 Scale Pvc Figure,B0734ZZML6
Sega Project Diva X HD Hatsune Miku Super Premium Action Figure| 7.5,B01M6ACZJL
Limited 100 copies! Ukiyo-e woodblock prints Hatsune Miku diva Tokaido Hatsune future second edition,B01LJ9TGTG
Sega Hatsune Miku Project Diva Arcade Future Tone Fuwa Fuwa Special Plush Figure Toys Deep sea Girl,B07G73F8HN
Hatsune Miku and Future Stars Project mirai mascot cleaner Vol.3 whole set of 6,B0094EHPVA
Vocaloid Hatsune Miku Sitting GT Project Racing 2017 Nendoroid Plus Rubber Strap Mascot Charm,B07BHPP84S
Hatsune Miku and Future Stars: Project Mirai [Puchi Puku Pack] [Japan Import],B006D7HVRE
Hatsune Miku Project Mirai 2 Nintendo 3ds LL　Body Cover Set,B00EOM3GWE
Hatsune Miku: Project Diva 2nd(Low Price Edition) [Japan Import],B005J2LT18
Good Smile Sega Project Hatsune Miku Nendoroid Co De Action Figure,B01G1K5Q88
SEGA Hatsune Miku Project Diva Arcade Future Tone: Hatsune Miku Natural SPM Super Premium Figure,B01L3QYNHK
Sega Hatsune Miku series glutinous mascot Hatsune Miku separately,B07D71S8D5
Sega Hatsune Miku Series 15cm Plush Doll feat. CHANxCO - Megurine Luka,B07D8CGXWC
Sega Hatsune Miku: Project Diva (Japanese Language Import),B0037YVH5S
Hatsune Miku: Project Diva F [Japanese Import] Playstation 3 by Sega,B01J4K4NCW
Project Diva Arcade Future Tone Hatsune Miku / Megurine Luka Innocent PVC Figure Collectible Model Toy (Miku),B07HQWL5F2
Miku Sega Hatsune Selfish Factory Manager MEJ 30cm Plush,B074T5PD6D
Hatsune Miku: Project Diva F [Japanese Import] Playstation 3,B00A64CFIK
SEGA Project Diva Arcade 2nd Premium PM Figure - 8 Hatsune Miku,B00VWXHSC2
Vocaloid Hatsune Miku Close Eyes Ver. Christmas 2019 Character Nesoberi Stuffed Soft Toy Plush Key Chain Mascot Collection Sega Anime Girls Art,B086PB6R8M
Princess dance song round VOCALOID Hatsune Miku Vision network tier system cute prize figure separately (japan import),B004D2FRNG
SEGA Hatsune Miku Series Special Fluffy Stuffed Soft Plush Sakura Miku Japan,B07QC77SKG
Hatsune Miku Project DIVA Arcade Future Tone SPM figure KAITO Guilty Sega,B01KPHJJJU
