PILOT MR Retro Pop Collection Gel Roller Pen in Gift Box| Gray Barrel with Houndstooth Accent| Fine Point Stainless Steel Nib| Refillable Black Ink (91405),B015XIKHS8
Pilot Frixion Knock Ball Retractable Erasable Gel Ink Pen| Design Series Chequered Pattern| Black Ink|0.5mm| 6 Designs Set,B0711Z79B5
PILOT G2 Premium gel Pens| Fine Point Gel Ink Pen| 0.7 mm| Refillable & Retractable Rolling Ball| 5 Black and 5 Blue pens (Bulk pack of 10 Pens) (14784),B086Q788MQ
Pilot Fountain Pen Custom Heritage 912| Black Body| FA-Nib (FKVH-2MR-B-FA),B0042957TO
Pilot G2 Refills| Black Gel Ink 1.0mm Bold Pt| 6 Packs of Refills Plus 1 Pilot G2 1.0 Bold Pt. Black Pen and 1 Pilot B2p Black Pen,B00TCOBNLK
Pilot juice up 04 Retractable Gel Ink Pen| Ultra Fine Point 0.4mm| Pastel & Metalic| LJP-20S4| 12 Color Set,B06XTLQKD6
PILOT G2 Premium Refillable & Retractable Rolling Ball Gel Pens| Extra Fine Point| Blue| 8-Pack (15310),B089WM1N24
6 PENS Pilot Bravo Liquid Ink Marker Pen| Bold Point| Black (PIL11034),B011IC2WLI
PILOT FriXion Ball 3 Kit| Blue Barrel| Extra Fine Point| Erasable Black| Blue & Red Gel Inks Includes Eraser & Ink Refills (MPDP5002),B07DLVKNMR
Pilot Iroshizuku Mini Fountain-Pen Greenish Color Ink ( Shin-Ryoku| Syo-Ro| Chiku-Rin ) 15ml 3 Bottles Set,B0757Y7D5N
Pilot Precise V5 Stick Rolling Ball Pens| Extra Fine Point| 3 Black & 3 Blue (6 Pack),B07RHWHCMT
Pilot Refills for Frixion Erasable Gel Ink Pens| Fashion Assorted| Pack of 9 (77336),B00IT17CXK
PILOT FriXion Light Pastel Collection Erasable Highlighters| Chisel Tip| Assorted Color Inks| 3-Pack (46542),B0102OODZ6
Pilot Hi-Tec-C Coleto Gel Ink Pen Refill 0.3mm| Black| × 6 Packs/total 6 pcs (Japan Import) [Komainu-Dou Original Package],B01F4S4UEO
PILOT G2 Premium Refillable & Retractable Rolling Ball Gel Pens| Fine Point| Black Ink| 12-Pack Box (Pack of 3) (46052),B00D7S845A
PILOT Acroball Breast Cancer Awareness Collection Advanced Ink Refillable & Retractable Ball Point Pens| Fine Point| Assorted Color Barrels| Black Ink| 2-Pack (31962),B00WMDODI8
PILOT FriXion Gel Ink Refills for Erasable Pens| Extra Fine Point| Blue Ink| 3-Pack (77344),B009QYH1YO
PILOT FriXion ColorSticks Erasable Gel Ink Stick Pens| Fine Point| Blue Ink| 12-Pack (32466),B01KLLQ5JC
PILOT FriXion Ball Erasable & Refillable Gel Ink Stick Pens| Fine Point| Black/Blue/Red Inks| 36-Pack Tub (14357),B084HGCYGD
Pilot Precise V5 RT Retractable Rolling Ball Pens| Extra Fine Point| Purple Ink| 6 Pens,B01DWNJIXQ
Pilot FriXion Ball Clicker Retractable Erasable Gel Pen| Fine Point| 0.7mm| Green Ink,B084KYPM6D
Pilot Frixion Erasable Gel Ink Pen Refill - 0.5 Mm - Violet,B004KAHEO6
Pilot FriXion Point Knock-04 Erasable Ballpoint Pen 0.4mm Ultra Fine Point 8 colors & FriXion Eraser with Drawstring Bag Set,B07ZZ63SNL
Pilot G2 Refills| Blue Gel Ink 1.0mm Bold Pt| 6 Packs of Refills Plus 1 Pilot G2 1.0 Bold Pt. Blue Pen and 1 Pilot B2p Blue Pen,B00TBOVB18
Pilot V-Sign Pen - Blue,B001IVZFLE
PILOT Metropolitan Collection Fountain Pen| Silver Barrel| Classic Design| Medium Nib| Black Ink (91108),B009X9Z0OA
PILOT G2 Premium Refillable & Retractable Rolling Ball Gel Pens| Fine Point| Blue Ink| 12-Pack (31021),B011KGLHEU
Pilot Dr. Grip Ballpoint Ink Refill| 2-Refills for Retractable Pens| Fine Point| 6-Pack| Black Ink (77210),B00GYGAOZA
PILOT G2 Mechanical Pencils| 0.7mm HB Lead| Black/Clear Barrel| 2-Pack (31100),B00260V9MA
PILOT Precise V5 RT Liquid Ink Refill For Retractable Pens| Extra Fine Point (0.5mm) Blue Ink| 6-Pack (14727),B084HGC6XL
PILOT G2 Premium Refillable & Retractable Rolling Ball Gel Pens| Fine Point| Periwinkle/Lime/Caramel Inks| 3-Pack (31198),B0058NN4HK
PILOT Precise V7 RT Refillable & Retractable Liquid Ink Rolling Ball Pens| Fine Point (0.7mm) Blue| 8-Pack (15343),B089WKWZ9H
Pilot FriXion Clicker Retractable Erasable Gel Pen| Extra Fine Point| 0.5mm| Green Ink| Single Pen,B084KSJKN8
PILOT G2 Fashion Collection Colors Refillable & Retractable Rolling Ball Gel Pens| Fine Point| Silver/Orange/Blue Design Barrels| Black Ink| 3-Pack (31370),B00AQDGNY8
PILOT Dr. Grip Frosted Refillable & Retractable Ballpoint Pen| Medium Point| Green Barrel| Black Ink| Single Pen (36251),B017M5U7L2
Pilot 0.5mm Juice Gel Ink Ballpoint Pen set of 5| Coffee Brown (LJU-10EF-CB),B00R9KXHD6
Pilot G2 Gel Ink Pen Refills| Green 7 mm| 2 Refills (Pack of 3),B00P19M1I4
PILOT MR Retro Pop Collection Ballpoint Pen in Gift Box| Turquoise Barrel with Dots Accent| Medium Point Stainless Steel Nib| Refillable Black Ink (91426),B015XIKLX4
Pilot Namiki IC100 Fountain Pen Ink Cartridge (Pack of 24| Black/Blue),B07QL3TZH2
Pilot Knock Gel Ink Extra Fine Ballpoint Pen| Juice Up 0.4mm| 22 Color Assorted Set With Original Vinyl Pen Case,B01MG5G0P1
PILOT G2 Limited Refillable & Retractable Rolling Ball Gel Pen| Fine Point| Blue Barrel| Black Ink| Single Pen (31540),B00FACLKDO
Pilot G2 Pixie Black Pilot G2 Pixie Rollerball Pen 0.7mm Nib Tip 0.39mm Line Width Mini Gel Ink Retractable 207 (Pack of 6),B00LZWCUVY
Pilot Frixion Ball 4 Click Retractable 4 Color Gel Ink Erasable Murti Pen 0.5mm/ Black Body & Each 4 Color Refills (Black|Blue|Red|Green) Value Set?With Our Shop Original Product Description?,B00OPODGHQ
PILOT G2 Mosaic Collection Refillable & Retractable Rolling Ball Gel Pens| Fine Point| Assorted Grip/Ink Colors| 5-Pack (31676),B00WMDLDRM
PILOT MR Animal Collection Gel Roller Pen in Gift Box| Matte Black Barrel with Crocodile Accent| Fine Point Stainless Steel Nib| Refillable Black Ink (91235),B00EVC959U
PILOT MR Animal Collection Fountain Pen in Gift Box| Matte Plum Barrel with Leopard Accent| Medium Point Stainless Steel Nib| Refillable Black Ink (91133),B00EVC942I
Pilot Gel Ink Refills for FriXion Ball 3 Gel Ink Multi Pen & FriXion Ball Slim 038 Gel Ink Pen| 0.38mm| Black/Blue/Red Ink| 3 Packs 9 refills total Value Set,B071F4LCQ1
Pilot Juice Gel Ink Ballpoint Pen| 0.5mm| 36 Color Set (Japan Import) [Komainu-Dou Original Package],B0129XATYW
Pilot Frixion Point Gel Ink Stick Pens| Erasable| Extra Fine Point 0.5mm| Blue Ink| Pack of 3 with Bundle Refills,B00IIVA274
Pilot Precise V5 Stick Rolling Ball Pens Extra Fine Point 18-Pens Black/Blue/Red Inks,B07PVCDW64
PILOT MR Animal Collection Gel Roller Pen in Gift Box| Matte Plum Barrel with Leopard Accent| Fine Point Stainless Steel Nib| Refillable Black Ink (91233),B00EVC955O
Value Pack of 6 - Pilot Precise V5 RT Liquid Ink Refill| 2-Pack for Retractable Rolling Ball Pens| Extra Fine Point| Black Ink (77273),B00GYG3Y2K
PILOT BALLPEN FINE BLACK BPSGP01,B000J6BRXO
PILOT MR Animal Collection Fine Nib Fountain Pen| Medium Point Ball Point Pen & Extra Fine Mechanical Pencil Set in Gift Box| Matte Plum Barrel with Leopard Accent| Refillable Black Ink (91241),B01C647LHW
Value Pack of 6 - Pilot G2 Gel Ink Refills for Rolling Ball Pen| Fine Point| Pink (77253),B01N00UEKQ
Pilot® V Razor Point Pen| Extra Fine Point| 1 Dozen| Blue Ink,B002829V3U
Pilot Juice 0.7mm Gel Ink Ballpoint Pen| Yellow Ink| Value Set of 10,B073GRFHZL
Pilot Fountain Pen Converter / CON-70 / 2 Converter Set,B01MQXQSD0
Pilot Neo-Gel Rolling Ball Pen - Fine Pen Point Type - 0.7 mm Pen Point Size - Black Ink - Translucent Barrel - 12 / Dozen,B00PV0NR54
Pilot 0.38mm Black Ink Refill (LP2RF-8UF-B)| for Juice Gel Ink Ballpoint Pen| (LJU-10UF-B)| ×5 Pack/total 5 pcs (Japan Import) [Komainu-Dou Original Package],B019WF17J6
PILOT B2P - Bottle to Pen Refillable & Retractable Ball Point Pen Made From Recycled Bottles| Medium Point| Black Ink| 4-Pack (32809),B007ZYF2PC
Pilot Hi-Tec-C 03 Gel Ink Pen| Micro Fine Point 0.3mm| Black Ink| LH-20C3| Value Set of 5,B06Y3QXBC2
Pilot Iroshizuku Fountain Pen Ink - 50 ml Bottle - Ama-iro Sky Color (Sky Blue) (japan import),B009UOLDYO
Pilot Precise V5 RT Retractable Rolling Ball Pens| Extra Fine Point (12-Pack| Black/Blue),B07QP4Q891
PILOT EasyTouch Refillable & Retractable Ballpoint Pens| Medium Point| Red Ink| 12-Pack (32222),B00016ZDT6
Pilot Iroshizuku Mini Fountain-Pen Bluish Color Ink ( Kon-Peki| Ama-iro| Asa-Gao ) 15ml 3 Bottles Set,B07585LZM4
PILOT MR Retro Pop Collection Ballpoint Pen in Gift Box| Gray Barrel with Houndstooth Accent| Medium Point Stainless Steel Nib| Refillable Black Ink (91425),B015XIKM6A
Pilot G-2 Gel Ink Pen - 1.0 mm - Red 3-Pack,B0091G8MOK
Pilot Precise V5 RT Retractable Fine Point Rolling Ball Pen| 3 Each Black/Blue/Red/Green Ink| 12-Pack,B01CDW48V4
PILOT G3 GEL INK ROLLERBALL PEN BLUE,B000I6PR36
Pilot juice up 03 Retractable Gel Ink Pen| Hyper Fine Point 0.3mm| Blue Black Ink| Value Set of 10,B073GSY6ZH
Pilot G2 Retractable Premium Gel Ink Roller Ball Pens| Ultra Fine| 24 Pack| Blue,B07BHXL4NF
PILOT B2P - Bottle to Pen Refillable & Retractable Rolling Ball Gel Pen Made From Recycled Bottles| Fine Point| Green G2 Ink| 12-Pack (31620),B00FACLR1O
Pilot Cocoon oiliness ball-point pen blue (japan import),B009IKS6D6
PILOT Namiki Nippon Art Collection Fountain Pen| Crane & Turtle Design Barrel| Medium Nib (60269),B005WPT0MM
Pilot Iroshizuku Fountain Pen Ink - 50 ml Bottle - Kosumosu Fall Cherry Blossom (Pink) (japan import),B005JUA2XQ
PILOT EasyTouch Refillable & Retractable Ballpoint Pens| Medium Point| Black Ink| 2-Pack (32260),B000CD2QZ2
PILOT EasyTouch Refillable & Retractable Ballpoint Pens| Medium Point| Blue Ink| Single Pen (32241),B002XJ9PSE
Pilot B2P - Bottle to Pen - Retractable Gel Roller Pens Made from Recycled Bottles| Fine Point| Black| Pack Of 4,B019O2KM6G
Pilot Dr. Grip Center of Gravity Retractable Ball Point Pen| Medium Point| Blue Grip| Black Ink| 3 Pen (36181) with 6 Black Ink Refill,B07CQ793X1
Pilot Ballpoint Pen| Retractable| Rubber Grip| Medium Point| Blue| 12 pens (PIL32801),B0057FODCO
2 Pack Pilot Pen 43700 1oz Refill Ink for Permanent Markers - Red (SCRF-RED),B00260PUIE
Pilot G2 Retractable Premium Gel Ink Roller Ball Pens| Fine Point| Blue Ink| 16 pens,B00HV0M640
Pilot FriXion Ball Slim 038 Retractable Erasable Gel Ink Pen| Extra Fine Point| 0.38mm| 10 Color Set,B06X6LVDPF
Pilot G2 Premium Retractable Gel-Ink Rolling Ball Pens| Bold Point (1.0mm)| Assorted| 10/Pk (11887),B07RM6PH13
PILOT B2P - Bottle to Pen Refillable & Retractable Rolling Ball Gel Pen Made From Recycled Bottles| Fine Point| Purple G2 Ink| 12-Pack (31622),B00FACLR5K
Pilot Iroshizuku Fountain Pen Ink - 50 ml Bottle - Tsukushi Horsetail Plant (Reddish Brown) (Japan Import),B00G6CZ1JG
PILOT Precise V5 RT Refillable & Retractable Liquid Ink Rolling Ball Pens| Extra Fine Point (0.5mm) Black/Blue/Red Inks| 3-Pack (26053),B004J0VEJ8
PILOT The Better Ball Point Pen Refillable Ballpoint Stick Pens| Fine Point| Blue Ink| 2-Pack + 1 Bonus (35006),B0058NN5BK
Pilot G2 Refills| Purple Ink 0.7mm Fine| 6 Packs of Refills Plus 1 Pilot G2 07 Purple Pen and 1 Pilot B2p Purple Pen,B00QEC0NP0
PILOT B2P - Bottle to Pen Refillable & Retractable Rolling Ball Gel Pen Made From Recycled Bottles| Fine Point| Black G2 Ink| 2-Pack (31605),B004I2GQDQ
PILOT MR Retro Pop Collection Gel Roller Pen in Gift Box| Purple Barrel with Elipse Accent| Fine Point Stainless Steel Nib| Refillable Black Ink (91404),B015EXS0KE
PILOT B2P - Bottle to Pen Refillable & Retractable Rolling Ball Gel Pen Made From Recycled Bottles| Fine Point| Black/Blue/Red G2 Inks| 3-Pack (31608),B004M8R9FA
3 PENS: Pilot Precise V5 Retractable Green Pens,B01DWNIW42
Pilot Bravo Liquid Ink Marker Pens| Bold Point| Black Ink| 1EA (11034),B008YX69IM
Pilot 36621 Gel Pen| Retractable| Refillable| Fine Point| 5/PK| Ast,B00N3BV19M
Pilot ink bottle 30ml Blue Black,B001MT70WY
PILOT Dr. Grip Center of Gravity Refillable & Retractable Ballpoint Pen| Medium Point| Grip Color May Vary| Black Ink| Single Pen (36184),B0002Q8Z22
Pilot Namiki IC100 Fountain Pen Ink Cartridge| Black| 12 Cartridges per Pack| 5 Pack,B08235R36B
Value Pack of 6 - Pilot G2 Gel Ink Refills for Rolling Ball Pen| Fine Point| Orange (77256),B01MXBPUE5
PILOT Precise V5 Stick Liquid Ink Rolling Ball Stick Pens| Extra Fine Point (0.5mm) Navy Ink| 12-Pack (13444),B081VQPTYP
PILOT Precise V7 RT Liquid Ink Refill For Retractable Pens| Fine Point (0.7mm) Red Ink| 2-Pack (77280),B0102OOE32
PILOT MR Retro Pop Collection Ballpoint Pen Gift Box with 2 Refills| Apple Green Barrel with Marble Accent| Medium Point Stainless Steel Nib| Refillable Black Ink (91494),B01N5XIR8P
PILOT Namiki Nippon Art Collection Fountain Pen| Dragon with Cumulus Design Barrel| Fine Nib (60179),B005WPT0Q8
Pilot G2 Mini Premium Retractable Gel Roller Pen| Fine Point| 0.7mm| Assorted Colors| Pack of 5,B07CHTV5DL
PIL38617 - Pilot Precise P-700 Precision Point Fine Capped Gel Rolling Ball Pens,B0096XZMFA
Pilot FriXion Ball Slim 038 Retractable Erasable Gel Ink Pen| Extra Fine Point| 0.38mm| 10 Color Set & FriXion Eraser,B06WGTYF7K
Pilot Metropolitan Fountain Pen| Retro Pop Green| 1.0mm Stub nib,B07664HQ5T
Pilot FriXion Clicker Retractable Erasable Gel Pens Extra Fine Point (.5) Assorted Color Inks 2-pk; Make Mistakes Disappear| No Need For White Out with America’s #1 Selling Pen Brand,B00WMDKWHE
Pilot Precise V5 RT Liquid Ink Retractable Rollerball Pen Refills| 0.5mm| Extra Fine Point| Blue Ink| 6 pack with 2 refills each,B00P1PJ65E
PIL84065 - G2 Retractable Gel Ink Pens with Black Ink,B00OCPFPK4
Pilot Fountain Pen Capless Decimo| Pearl White Body| F-Nib,B001AX3SUU
PILOT Precise V5 RT Refillable & Retractable Liquid Ink Rolling Ball Pens| Extra Fine Point (0.5mm) Blue Ink| 3-Pack (26076),B00B7QW5RW
Pilot FriXion Ball Knock Retractable Erasable Gel Ink Pens| Extra Fine Point 0.5mm| Light Blue Ink| 3 Pens & 6 Refills Value Set,B06X3ZW42D
Pilot juice up 04 Retractable Gel Ink Pen| Ultra Fine Point 0.4mm| Black Ink| LJP-20S4| Value Set of 5,B06Y3XY1TP
PILOT Metropolitan Collection Fountain Pen| Gold Barrel| Classic Design| Fine Nib| Black Ink (91112),B00KRPFHIS
PILOT MR Retro Pop Collection Ballpoint Pen in Gift Box| Red Barrel with Wave Accent| Medium Point Stainless Steel Nib| Refillable Black Ink (91422),B015XIKLW0
Pilot Precise V7 RT Retractable Rolling Ball Pens| Fine Point| Blue Ink| 6 Pack,B01EB2BGD2
Pilot FriXion Point Knock-04 Erasable Ballpoint Pen 0.4mm Ultra Fine Point 3 colors & Refill Set with Drawstring Bag Set,B07ZZ5C971
Pilot EasyTouch Ball Point Stick Pens| Medium Point| Black Ink| Dozen Box (32010),B002766C9I
PILOT G2 Premium Refillable & Retractable Rolling Ball Gel Pens| Extra Fine Point| Blue Ink| 5-Pack (31298),B0058NN9AW
PILOT Precise V7 RT Refillable & Retractable Liquid Ink Rolling Ball Pens| Fine Point (0.7mm) Black| 14-Pack (15193),B089X66GPY
6 BOXES: Pilot Parallel Pen Ink Refills for Calligraphy Pens| Assorted Colors| 12 Cartridges per Pack (77312),B01BKE4D4S
Pilot Kakuno Fine-Nib Fountain Pen| White Body Soft Pink Cap (FKA-1SR-SPF),B00IOOOEC4
Pilot Prera Iro-Ai Calligraphy-Nib Transparent Pink Body Fountain Pen (FPRN-350R-TPCM),B009VUZW58
Pilot G2 pens retractable Gel Roller ballpoint 0.38 pt Black & Blue Bundle| (Pack of 6),B07D8JT84T
Pilot Iroshizuku Fountain Pen Ink - 50 ml Bottle - Asa-gao Morning Glory (Vivid Purplish Blue),B001AX7TFA
Pilot Precise V5 Stick Rolling Ball Pens| Extra Fine Point| 6 Black| 6 Blue (Dozen Combo Pack),B07RRSTM54
Pilot FriXion Ball Slim Erasable 0.38mm Extra Fine Ballpoint Pen 20 Color with FriXion 2 Eraser Set,B075G72VX8
Pilot Frixion Ball 3 3 Color Gel Ink Multi Pen|fine Point -0.5mm-black/blue/red Inks Light Blue Body &3 Colors Gel Ink Pens Refills Value Set,B00F92U3XI
Pilot Vanishing Point Metallics Collection Retractable Fountain Pen| Copper Red Barrel| Blue Ink| Medium Nib (61094),B00JJ6Q5RS
PILOT MR Animal Collection Fountain Pen in Gift Box| Matte White Barrel with White Tiger Accent| Medium Point Stainless Steel Nib| Refillable Black Ink (91134),B00EVC949Q
Pilot FriXion Ball Slim 038 Retractable Erasable Gel Ink Pen| Extra Fine Point 0.38mm| Black Ink| 3 Pens & 6 Refills Value Set,B06Y1LFQ68
PILOT G2 Metallics Refillable & Retractable Rolling Ball Gel Pens| Fine Point| Assorted Color Inks| 2-Pack (34401),B00WMDKWE2
PILOT The Better Ball Point Pen Refillable Ballpoint Stick Pens| Medium Point| Red Ink| 12-Pack (37711),B001GX6GR6
PILOT G2 Premium Refillable & Retractable Rolling Ball Gel Pens| Extra Fine Point| Blue Ink| Single Pen (31009),B00260Q4VQ
Pilot(R) G-2(TM) Retractable Gel Ink Rollerball Pen| Bold Point| 1.0 mm| Assorted Barrels| Assorted Ink Colors| Pack of 8,B0797P9DFT
Pilot Dr. Grip 4+1 Multifunction Ballpoint Pen + #2 Pencil| 0.7mm| Assorted Color Inks| Blue Barrel,B01JB7DM8Y
Pilot Frixion Ball Erasable Black Gel Ink Pens| 3 Pens with 2 Packs of Refills (315505P),B00D5BL2DK
Pilot FriXion Ball Erasable Gel Ink Refills| 1.0mm| Bold Point| Black Ink| 3 Count,B07V81WGYT
PILOT Precise V7 RT Refillable & Retractable Liquid Ink Rolling Ball Pens| Fine Point (0.7mm) Red| 8-Pack (15346) (P7RB8RED-AMZ),B089WKVL8Z
Pilot Juice Gel Ink BallpointPen| 0.5mm| Metallic Colors (LJU-60EF-6CM),B00CI1K28Y
Pilot FriXion Ball Slim 038 Retractable Erasable Gel Ink Pen| Extra Fine Point| 0.38mm| 20 Color Set & FriXion Eraser,B06WD7YGY4
PILOT MR Animal Collection Ballpoint Pen in Gift Box| Matte Black Barrel with Crocodile Accent| Medium Point Stainless Steel Nib| Refillable Black Ink (91335),B00EVC96B2
Pilot Hi-Tec-C 025 Gel Ink Pen Hyper Fine Point 0.25mm Black Ink LH-20C25 Value Set of 2,B07RRPNWPZ
PILOT Parallel Calligraphy Pen Set| 6.0mm Nib with Black and Red Ink Cartridges (90053)|Red/Blue,B002RJPLQK
Pilot Frixion Erasable Highlighter Pen 6 Colors with Frixion Eraser,B00F9N2OZW
Pilot Precise V5 RT Liquid Ink Retractable Rollerball Pen Refills| 0.5mm| Extra Fine Point| Black Ink| Pack of 12,B00P1PJ352
Pilot Fountain Pen Custom Heritage 92| Transparent Blue Body| M-Nib (FKVH-15SRS-TL-M),B007GUA4CQ
PILOT G2 Premium Refillable & Retractable Rolling Ball Gel Pens| Fine Point| Red| 8-Pack (15304),B089X4SPKR
Pilot(R) B2P Bottle To Pen Retractable Ballpoint Pens| Fine Point| 0.7 mm| 86% Recycled| Transparent Blue Barrel| Blue Ink| Pack Of 12,B00J0FUEX4
Pilot Namiki Falcon Collection Fountain Pen| Black with Rhodium Accents| Soft Extra Fine Nib (60740),B00KRPFHRO
PILOT G2 Premium Refillable & Retractable Rolling Ball Gel Pens| Fine Point| Purple/Pink/Turquoise/Burgundy Inks| 4-Pack (31065),B004YDCUBG
Pilot V Pen (Varsity) Disposable Fountain Pens| Black Ink| Small Point Value Set of 3,B00WE65AUI
Pilot Fountain Pen Converter (CON-50),B0016YWJZ8
PILOT G2 Premium Refillable & Retractable Rolling Ball Gel Pens| Fine Point| Blue| 8-Pack (15301),B089WLKPP3
Pilot Varsity Disposable Fountain Pens| Purple Ink| Medium Point| Pack of 3,B00SK465UC
Pilot FriXion Ball Knock Retractable Erasable Gel Ink Pens| Extra Fine Point 0.7mm| Orange Ink| 3 Pens & 6 Refills Value Set,B06XTGW459
Pilot Metropolitan Fountain Pen| Retro Pop Red| 1.0mm Stub nib,B07664G5SL
Pilot Frixion Ballpoint Pen| Firxion Biz 2| Black and Red Ink (LFBT-3SUF-B),B00F9K1R44
PILOT MR Retro Pop Collection Ballpoint Pen Gift Box with 2 Refills| Aquamarine Barrel with Dots Accent| Medium Point Stainless Steel Nib| Refillable Black Ink (91499),B01NB12WOD
Pilot 4 Colors Ballpoint Pen| Acroball 4 Extra Fine| Black| Red| Blue & Green (BKAB-45EF-CSP) (Clear + Refill Set),B07V5ZVKSK
PILOT Dr. Grip Center of Gravity Mechanical Pencil| 0.7mm| Barrel Color May Vary| Single Pencil (36284),B00260RQ2C
PILOT MR Retro Pop Collection Ballpoint Pen in Gift Box| Orange Barrel with Flower Accent| Medium Point Stainless Steel Nib| Refillable Black Ink (91423),B015XIKLWA
Pilot Gel Ink Refills for FriXion Erasable Gel Ink Pen| Fine Point| Red Ink| 18 total refills,B00IPSDZV0
Pilot G210 RETRCT Gel Pen Blue 043101203,B000J6F4RE
PILOT G2 Premium Refillable & Retractable Rolling Ball Gel Pens| Fine Point| Black Ink| 4-Pack of 12-Pack (48 Total) (46055),B071FGN152
PILOT EasyTouch Retractable Ball Point Pens| Fine Point| Blue Ink| 2-Pack (32251),B0058NN4Q6
Pilot FriXion Ball Slim 038 Retractable Erasable Gel Ink Pen| Extra Fine Point 0.38mm| Blue Ink| 3 Pens & 6 Refills Value Set,B06Y1LLHJT
PILOT G2 Fashion Collection Colors Refillable & Retractable Rolling Ball Gel Pens| Fine Point| Assorted Grip/Ink Colors| 4-Pack (31381),B00FACLHPU
Pilot G2 Pixie Red Pilot G2 Pixie Rollerball Pen 0.7mm Nib Tip 0.39mm Line Width Mini Gel Ink Retractable 207 (Pack of 6),B00LZWCVNG
PILOT FriXion Gel Ink Refills for Erasable Pens| Extra Fine Point| Black Ink| 3-Pack (77350),B00VPJ1TKU
Pilot Lucina Medium Nib Fountain Pen| Black Body (FL-5SR-B-M),B001AX9HXM
PILOT MR Animal Collection Fine Nib Fountain Pen| Medium Point Ball Point Pen & Extra Fine Mechanical Pencil Set in Gift Box| Matte Silver Barrel with Python Accent| Refillable Black Ink (91245),B01C647L9K
PILOT MR Animal Collection Fountain Pen in Gift Box| Matte Silver Barrel with Python Accent| Medium Point Stainless Steel Nib| Refillable Black Ink (91137),B00EVC948W
PILOT MR Retro Pop Collection Ballpoint Pen Gift Box with 2 Refills| Indigo Barrel with Elipse Accent| Medium Point Stainless Steel Nib| Refillable Black Ink (91497),B01MUP5TOU
PILOT G2 Premium Refillable & Retractable Rolling Ball Gel Pens| Extra Fine Point| Black| 8-Pack (15307),B089WK9R6S
PILOT Acroball 1000 Ultra-Premium Refillable & Retractable Ball Point Pen| Red Barrel| Fine Point| Black Ink| Single Pen (13986),B082MR1SHK
Pilot FriXion Ball Knock Retractable Erasable Gel Ink Pens| Fine Point 0.7mm| Pink Ink| 3 Pens & 6 Refills Value Set,B06XTJSWCJ
Pilot Iroshizuku Fountain Pen Ink - 50 ml Bottle - Tsutsuji Azalea (Magenta) (japan import),B001K74NOQ
(2) Pilot Frixion Clicker Erasable Pen Black| Blue and Red Gel ink. 3 pack Bold| 1.0 mm| 11393,B07W7VS2JC
Pilot Retractable Ballpoint roller pens| Black & Blue colors Fine point| 10 Count,B07CJCY6P5
Pilot G2 Premium Gel Roller| Fine 0.7mm| 20 Retractable Pens,B073NZFGYV
PILOT Precise V5 Stick Liquid Ink Rolling Ball Stick Pens| Extra Fine Point (0.5mm) Blue| 8-Pack (15325),B089X77J2Q
PILOT G-Tec-C Gel Ink Rolling Ball Pens| Hyper Fine Point (0.25mm)| Blue Ink| 12-Pack (35486),B00WMDMPG0
Pilot Iroshizuku Fountain Pen Ink - 50 ml Bottle - Tsuki-Yo| Moonlight| Teal (japan import),B0019XWYC4
PILOT MR Animal Collection Ballpoint Pen in Gift Box| Matte Plum Barrel with Leopard Accent| Medium Point Stainless Steel Nib| Refillable Black Ink (91333),B00EVC96CG
PILOT G2 Premium Refillable & Retractable Rolling Ball Gel Pens| Extra Fine Point| Black Ink| Single Pen (31008),B00260X6JY
Pilot Frixion Gel Ink Pen Refills| Fine Point 0.7mm| Navy Blue Ink| Pack of 12,B00P2QZV1A
Pilot Parallel Calligraphy Pen Set| 1.5 mm| 2.4 mm| 3.8 mm and 6 mm with Black and Assorted Colors Ink Refills,B016P07WPO
Pilot Acroball PureWhite Retractable Advanced Ink Ball Point Pens; Fine Point| Black Ink| Turquoise/Orange/Purple/Lime/Blue Accents| 2 Of Each (10 Pack),B07QN238CR
Pilot Frixion Gel Ink Pen Refills| Fine Point 0.7mm| Navy Blue Ink (3 Packs of 2 Refills each),B00P2QZWK0
Pilot 4 Colors Ballpoint Pen| Acroball 4 Fine| Black| Red| Blue & Green (BKAB-45F-CSP),B00L7MU3DE
PILOT Precise V5 Stick Liquid Ink Rolling Ball Stick Pens| Extra Fine Point (0.5mm) Blue Ink| 2-Pack (25002),B00347A86W
PILOT G2 Premium Refillable & Retractable Rolling Ball Gel Pens| Extra Fine Point| Black Ink| 14-Pack (15367),B089WLN464
PILOT FriXion Gel Ink Refills for Erasable Pens| Fine Point| Blue Ink| 2-Pack (77321),B009QYH400
Pilot G2 Breast Cancer Awareness Pink Pens with Pink Ink| Retractable Gel Ink Rolling Ball| Fine Point| 2-Pack (31312)| 3 PACK,B07MM6CG3R
PILOT G2 Premium Refillable & Retractable Rolling Ball Gel Pens| Fine Point| Black Ink| Pack of 2 Tubs (144 Total) (56020),B01GHRMC1Y
Pilot G2 Retractable Premium Gel Ink Roller Ball Pens Ultra Fine (48 Pack| Black),B07PVV2M63
PILOT MR Retro Pop Collection Ballpoint Pen Gift Box with 2 Refills| Crimson Barrel with Wave Accent| Medium Point Stainless Steel Nib| Refillable Black Ink (91495),B01N80FBCW
Pilot FriXion Point Gel Stick Pen| Extra Fine Point| Erasable| 0.5mm| Purple Ink| Single Pen,B084KHZKT5
PILOT Precise V7 RT Liquid Ink Refill For Retractable Pens| Fine Point (0.7mm) Blue Ink| 2-Pack (77279),B000UHHOH0
PILOT FriXion Ball Erasable & Refillable Gel Ink Stick Pens| Fine Point| Blue Ink| 2-Pack (31554),B002JGIQO0
PILOT G2 Fashion Collection Colors Refillable & Retractable Rolling Ball Gel Pens| Fine Point| Barrel Colors Vary| Black Ink| 2-Pack (31367),B00AQDGNXE
Pilot Frixion Knock Ball Retractable Erasable Gel Ink Pen| Design Series Chequered Pattern| Black Ink|0.5mm| 3 Designs Set(Pink|Purple|Softblue),B073PQMVHV
Pilot G2 Premium Retractable Gel-Ink Rolling Ball Pens| Extra Fine Point (0.5mm)| Assorted| 5/Pk (14132),B0845YDTN3
PILOT Precise V5 RT Refillable & Retractable Liquid Ink Rolling Ball Pens| Extra Fine Point (0.5mm) Red| 14-Pack (15427),B089XG1K4R
Pilot Better/EasyTouch/Dr Grip Retractable Ballpoint Pen Refills| 0.7mm| Fine Point| Blue Ink| 6 Packs of 2,B00P2O8T70
Pilot Kakuno Medium-Nib Fountain Pen| White Body Soft Yellow Cap Body (FKA-1SR-SYM),B00IOOOFI2
PILOT FriXion Gel Ink Refills for Erasable Pens| Fine Point| Black Ink| 4 Pack of 3 Reffils each (77330),B082QZCTLJ
Pilot Hi-Tec-C Coleto Gel Ink Pen Refill 0.4mm| 15-color Set(Japan Import) [Komainu-Dou Original Package],B00NT8LEIC
PILOT Precise V5 RT Liquid Ink Refill For Retractable Pens| Extra Fine Point (0.5mm) Black Ink| 6-Pack (14724),B084HG7Y1H
PILOT Precise V5 RT Refillable & Retractable Liquid Ink Rolling Ball Pens| Extra Fine Point (0.5mm) Red| 8-Pack (15328),B089WKWS57
PILOT G2 Premium Refillable & Retractable Rolling Ball Gel Pens| Extra Fine Point| Red Ink| Single Pen (31010),B0000CAPF5
Pilot FriXion Colors Erasable Marker Pen| 24 Colors Set & FriXion Eraser Light Blue with Original Vinyl Pen Case,B006FEGZQI
Pilot FriXion Ball Slim 038 Retractable Erasable Gel Ink Pen| Extra Fine Point 0.38mm| Light Blue Ink| 3 Pens & 6 Refills Value Set,B06Y1LWCTF
PILOT Precise V5 RT Refillable & Retractable Liquid Ink Rolling Ball Pens| Extra Fine Point (0.5mm) Red| 8-Pack (15334),B08B2RD3ZM
Pilot Frixion Fineliner Erasable Marker Pens| Fine Point| Assorted 12 Colors Set (Sffl-144F-12C),B07M96BZ5W
Pilot Frixion Erasable Highlighter Pen 18 Colors & Frixion Eraser with Drawstring Bag Set,B085BPCBSN
Pilot FriXion Point Gel Stick Pen| Extra Fine Point| Erasable| 0.5mm| Pink Ink| 6 Count,B084KSWSLJ
Pilot Gel Ink Refills for FriXion Erasable Gel Ink Pen| Fine Point 0.7mm| Green Ink| Pack of 9,B06XC52RRZ
PILOT G2 Premium Refillable & Retractable Rolling Ball Gel Pens| Fine Point| Black Ink| (36-Pack| Black),B07WFK8S8L
PILOT Precise V5 RT Liquid Ink Refill For Retractable Pens| Extra Fine Point (0.5mm) Red Ink| 6-Pack (14730),B084HG18KZ
Pilot Iroshizuku Fountain Pen Ink - 50 ml Bottle - Ina-ho Rice Ear (Ochre) (japan import),B005JUD7HO
Pilot Juice 0.38mm Gel Ink Ballpoint Pen| Blue Black Ink| Value Set of 10,B073GQ861T
Pilot juice up 04 Retractable Gel Ink Pen| Ultra Fine Point 0.4mm| LJP-20S4| 10 Color Set,B06XTCT537
PILOT Precise V5 Stick Liquid Ink Rolling Ball Stick Pens| Extra Fine Point (0.5mm) Red| 14-Pack (15409),B089WMB9ZQ
Pilot G2 Retractable Premium Gel Ink Roller Ball Pen| Fine Point| Single Pen| Blue Ink (31027),B000FDR14K
Pilot G2| Dr. Grip Gel/Ltd| ExecuGel G6| Q7 Rollerball Gel Ink Pen Refills| 0.5mm| Extra Fine Point| Black Ink| Pack of 6,B00P19M32S
Pilot Pocket Brush Pen - soft Type & Hard Type 2 Pens Arts Value set,B00KHLVN30
PILOT V Board Master Refillable Dry-Erase Markers| Bullet Tip| Assorted Color Inks| 5-Pack Pouch (43921),B003QAVMEY
6 PACK: Pilot Markliter Black Ballpoint Pen & Fluorescent Yellow Chisel-Tip Highlighter(45600) by Pilot,B01AVV3MJI
Pilot Juice 0.5mm Gel Ink Ballpoint Pen| Blue Black Ink| Value Set of 10,B073GQGRZ8
PILOT G2 Mechanical Pencils| 0.5mm HB Lead| Clear Barrel| 2-Pack (31053)|Black/Clear,B00260V9M0
Pilot Refills Parallel - 12 Colors Assorted Fountain Pen Cartridge - P77312 Pack-2,B01N9OI18Q
Pilot Pensemble Roll Pen Case 5 Pocket Cowhide Dark Brown,B005K7H7KE
Pilot G2 Pastels Gel Pens| Retractable| Rubber Grip| Fine Pt| 0.7mm| 5 pack Assorted Colors (14171),B0845ZB631
Pilot Better/EasyTouch/Dr Grip Retractable Ballpoint Pen Refills| 1.0mm| Medium Point| Black Ink| 3 Packs of 2 Refills,B00P2O82YK
Pilot FriXion Ball 3 0.38mm| Lavender Body (LKFB-60UF-LA),B00UGT6V5I
PILOT Precise V7 RT Refillable & Retractable Liquid Ink Rolling Ball Pens| Fine Point (0.7mm) Red| 14-Pack (15430),B089WKMNSN
31247 Pilot G2-7 Retractable Gel Roller Pen - Fine Pen Point Type - 0.7 mm Pen Point Size - Burgundy Ink - Translucent Barrel - 12 / Dozen,B015G89XY4
PILOT G2 Premium Refillable & Retractable Rolling Ball Gel Pens,B089WL9MM1
PILOT Precise V5 RT Refillable & Retractable Liquid Ink Rolling Ball Pens| Extra Fine Point (0.5mm) Blue Ink| 2-Pack (26051),B001BQ3IGA
PILOT G2 Fashion Collection Colors Refillable & Retractable Rolling Ball Gel Pens| Fine Point| Barrel Colors Vary| Black Ink| 2-Pack (31367),B00AQDGNX4
Pilot Gel Ink Refills for FriXion Erasable Gel Ink Pen| Fine Point| Red Ink| Total of 9(77332),B00IPSAG5I
PILOT Precise V7 RT Refillable & Retractable Liquid Ink Rolling Ball Pens| Fine Point (0.7mm) Blue| 14-Pack (15196),B089X4TBSL
Pilot Iroshizuku Fountain Pen Ink - 50 ml Bottle - Shin-kai Deep Sea (Blue Gray) (japan import),B009UOL3E4
Pilot Fountain Pen Ink iroshizuku Ink - 50 - TAK Takezumi,B00G6CZBM8
Pack of 3 Pilot Parallel Pen Ink Refills for Calligraphy Pens| Black| 12 Cartridges per Pack (77313),B0143EA0GC
Pilot Precise V5 Stick Rolling Ball Pens| Extra Fine Point| 6 Pens (Black/Blue/Red),B07X13NY42
Pilot - B2P Bottle-2-Pen Recycled Retractable Ball Point Pen| Blue Ink| 1mm| Dozen 32801 (DMi DZ,B00N3BJAU4
Pilot G2 Retractable Premium Gel Ink Roller Ball Pens| Fine Point (Black/Blue| 24-Combo Pack),B07SMMGMKV
Value Pack of 6 - Pilot G2 Gel Ink Refills for Rolling Ball Pen| Fine Point| Periwinkle (77258),B01N5KTVYE
PILOT MR Animal Collection Fountain Pen in Gift Box| Matte Black Barrel with Crocodile Accent| Fine Point Stainless Steel Nib| Refillable Black Ink (91142),B00KRPFHVA
Pilot Iroshizuku Fountain Pen Ink - 50 ml Bottle - Ajisai Hydrangea (Purple Blue) (japan import),B001AX9I5Y
Pilot Parallel Calligraphy Pen Refill - 12 Color Pack,B004JXAB2G
PILOT G2 Limited Refillable & Retractable Rolling Ball Gel Pen| Fine Point| Barrel Colors Vary| Black Ink| Single Pen (31541),B00FACLIOA
Pilot 26051 Blue Extra Fine Precise V5 Rt Retractable Rolling Ball Pen,B004STZZ2C
Pilot Frixion Ballpoint Pen| Firxion Biz 2| Black & Red Ink| Gray (LFBT-3SUF-GY),B00F9K1SKM
Pilot G2 Premium Retractable Gel-Ink Rolling Ball Pens| Bold Point (1.0mm)| Assorted| 5/Pk (12487),B07RK4PTFR
Pilot Iroshizuku Fountain Pen Ink - 50 ml Bottle - Syo-ro Pine Tree Dew (Gray Turquoise) (japan import),B001BMX22E
Pilot FriXion Ball Knock Retractable Erasable Gel Ink Pens| Extra Fine Point 0.5mm| Blue Black Ink| Pack of 5,B06XC4FW26
PILOT Precise V5 RT Refillable & Retractable Liquid Ink Rolling Ball Pens| Extra Fine Point (0.5mm) Black| 14-Pack (15421),B089WL1411
Pilot FriXion Ball Clicker Retractable Erasable Gel Pen| Fine Point| 0.7mm| Navy Blue Ink| 3 Count,B084KXPJ55
(3) Pilot Precise V10 RT Retractable Premium Rolling Ball Pens| Bold| 1.0 mm| Black Ink| 2 Pack (13548),B0829D9G9R
Pilot Namiki Yukari Royale Collection Fountain Pen| Black Urushi Design| Medium Nib (60530),B000PJB546
Pilot FriXion Ball Clicker Retractable Erasable Gel Pen| Fine Point| 0.7mm| Red Ink| 3 Count,B084L1Z7S5
Pilot G2 Retractable Premium Gel Ink Roller Ball Pens Ultra Fine (36 Pack| Blue),B07WMPB1RH
PILOT Parallel Calligraphy Pen Set| 2.4mm Nib with Black and Red Ink Cartridges (90051),B002RJLS0S
Pilot fountain pen ink INK-70-B 70 ml black,B001AX5SW6
Pilot FriXion Ball Slim 038 Retractable Erasable Gel Ink Pen| Extra Fine Point 0.38mm| Violet Ink| 3 Pens & 6 Refills Value Set,B06Y12B76B
Pilot Uni Alpha-Gel Ballpoint Pen Soft Grip| Blue (SD507GG1P.33),B001BYR9H6
Pilot Precise V5 RT Liquid Ink Retractable Rollerball Pen Refills| 0.5mm| Extra Fine Point| Blue Ink| Pack of 6,B00P1PJ7DU
PILOT Dr. Grip Limited Refillable & Retractable Gel Ink Rolling Ball Pen| Fine Point (Assorted),B0189E9KCW
Pilot Cocoon Fountain Pen Fine Nib Blue Body (FCO-3SR-L-F),B009HMXIQU
Pilot G205 Retract Gel Pen BLK 040101201,B000I6PJYS
6 PENS: Pilot Precise V5 Retractable Blue Pens| Single Pen (26063) by Pilot,B01IQG66C0
Pilot FriXion Ball Slim 038 Retractable Erasable Gel Ink Pen| Extra Fine Point 0.38mm| Green Ink| 3 Pens & 6 Refills Value Set,B06Y12B7HP
PILOT FriXion Gel Ink Refills for Erasable Pens| Extra Fine Point| Blue Ink| 3-Pack (77351),B00WMDQKU2
PILOT B2P - Bottle to Pen Refillable & Retractable Ball Point Pen Made From Recycled Bottles| Fine Point| 2 Black/2 Blue/1 Red Ink| 5-Pack (32614),B007ZYF26G
Pilot Precise V7 Stick Rolling Ball Pens| Fine Point| Red Ink| 6 Pens.,B01LYTDD80
Value Pack of 6 - Pilot Precise V5 RT Liquid Ink Refill| 2-Pack for Retractable Rolling Ball Pens| Extra Fine Point| Red Ink (77275),B01CS06C5Q
PILOT B2P - Bottle to Pen Refillable & Retractable Ball Point Pen Made From Recycled Bottles| Medium Point| Black Ink| 5-Pack (32812),B007ZYF2QG
Pilot Multi-Function Ballpoint Pen| Pink Gold (BKHDF1SFN-PG),B0788PF3P6
Pilot Fountain Pen Custom Heritage 92| Transparent Black Body| F-Nib (FKVH-15SRS-TB-F),B007GTYC2K
(3) Pilot G2 Turquoise Pens with Turquoise Ink| Retractable Gel Ink Rolling Ball| 0.7 mm| Fine Point| 2-Pack (13366),B0822XD6SX
PILOT Fineliner Marker Pens| Fine Point| Blue Ink| 12-Pack (11014),B0006OKXMA
Pilot Iroshizuku Fountain Pen Ink - 50 ml Bottle - Yama-guri Wild Chestnut (Dark Brown) (japan import),B002BURRLM
PILOT G2 Metallics Refillable & Retractable Rolling Ball Gel Pens| Fine Point| Assorted Color Inks| 4-Pack (34403),B00OIM22LQ
PIL35470 - Pilot Vball Grip Liquid Ink Roller Ball Stick Pen,B001B09HSY
PILOT FriXion Gel Ink Refills for Erasable Pens| Fine Point| Blue Ink (77331) (4),B082QPGRN2
Pilot juice up 04 Retractable Gel Ink Pen| Ultra Fine Point 0.4mm| Black Ink| Value Set,B073GTPBNX
Pilot Metropolitan Fountain Pen| Retro Pop Turquoise| 1.0mm Stub nib,B07664FVDL
Pilot V Pen - Disposable Erasable Fountain Pen - Assorted 7 Pack,B01M1SHAKH
PILOT G-Tec-C Gel Ink Rolling Ball Pens| Micro Fine Point (0.3mm)| Red Ink| 12-Pack (35490),B00WMDMZBU
Pilot Hi-Tec-C Coleto Gel Ink Pen Refill 0.4mm| Black| × 6 Packs/total 6 pcs (Japan Import) [Komainu-Dou Original Package],B01F57QD7G
Pilot Hi-Tec-C 025 Gel Ink Pen| Hyper Fine Point 0.25mm| Black Ink| LH-20C25| Value Set of 5,B06Y3P1RQG
PILOT Precise V5 RT Refillable & Retractable Liquid Ink Rolling Ball Pens| Extra Fine Point (0.5mm) Red| 8-Pack (15328) (PV5B8RED-AMZ),B089WJY4RZ
PILOT G2 Premium Refillable & Retractable Rolling Ball Gel Pens| Fine Point| Black Ink| 10-Pack (31078) (10 Pack),B07P87M9Z9
PILOT G2 Fashion Collection Colors Refillable & Retractable Rolling Ball Gel Pens| Fine Point| Silver/Pink/Blue/Green Design Barrels| Black Ink| 4-Pack (31372),B00AQDGNVG
PILOT G2 Premium Refillable & Retractable Rolling Ball Gel Pens| Fine Point| Blue Ink| 2-Pack (31032),B000Y46Y20
Pilot Gel Ink Refills for FriXion Erasable Gel Ink Pen| Extra Fine Point 0.5mm| Green Ink| Pack of 9,B06WLQ9B19
Pilot G2| Dr. Grip Gel/Ltd| ExecuGel G6| Q7 Rollerball Gel Ink Pen Refills Red 7 mm 6 Pack,B00P19MB9S
Pilot FriXion Clicker Retractable Erasable Gel Ink Pens| Fine Point| 0.7mm| Assorted Fashion Ink| Pack of 3 with Bonus 2 Packs of Refills,B00I177J1W
Pilot Metropolitan Collection Fountain Pen| Black Barrel| Classic Design| Medium Nib| Black Ink (91117),B00FACM3IA
PILOT Kakuno Fountain Pen| Clear Barrel| Extra Fine Nib (10816),B07KBN9YTK
Pilot G2 Retractable Premium Gel Ink Roller Ball Pens| Extra Fine| Dozen Box| Purple,B0006SVC9O
Pilot Hi-Tec-C Maica 0.4mm Extra Fine Point Ballpoint Pen| 12-Color Set (LHM180C4-12C),B00N92S8FA
PILOT G2 Premium Refillable & Retractable Rolling Ball Gel Pens| Fine Point| Assorted Neon Color + Black Inks| 36-Pack Tub (14560),B084HG667F
PILOT Precise V5 RT Refillable & Retractable Liquid Ink Rolling Ball Pens| Extra Fine Point (0.5mm) Blue| 14-Pack (15424),B089X5LR94
Pilot G2 Neon Gel Pens| Retractable| Rubber Grip| Fine Pt| 0.7mm| 5 pack Assorted Colors (14174),B0845VZ2Z8
PILOT G2 Premium Refillable & Retractable Rolling Ball Gel Pens| Fine Point| Black Ink| 14-Pack (15358),B089X8J7FC
PILOT The Better Ball Point Pen Refillable Ballpoint Stick Pens| Fine Point| Red Ink| 2-Pack (35007),B0058NN9F2
Pilot Metropolitan Fountain Pen| Retro Pop Orange| 1.0mm Stub nib,B07664J72D
PILOT MR Animal Collection Fountain Pen| Ball Point Pen & Mechanical Pencil Set in Gift Box| Matte Black Barrels with Crocodile Accent (91243),B01C647JTM
PILOT G2 Premium Ultimate Collection Refillable & Retractable Rolling Ball Gel Pens| Fine Point| Assorted Color Inks| 36-Pack Tub (14557),B084HG8KJK
Value Pack of 6 - Pilot G2 Gel Ink Refills for Rolling Ball Pen| Fine Point| Burgundy (77255),B01MFHOSMZ
PILOT Precise V5 Stick Deco Collection Liquid Ink Rolling Ball Stick Pens| Extra Fine Point (0.5mm) Black/Blue/Turquoise/Pink Inks| 4-Pack (38806),B01MTYFS2T
Pilot Bottle-2-Pen (B2P) Retractable Premium Gel Roller Pens Made from Recycled Bottles (3 Count) Fine Point| Black G2 Gel Ink| Refillable| Comfortable Grip (31607),B004I2GQHW
Value Pack of 6 - Pilot G2 Gel Ink Refills for Rolling Ball Pen| Fine Point| Teal (77257),B01MTDYYPR
PILOT MR Animal Collection Gel Roller Pen in Gift Box| Matte Gold Barrel with Lizard Accent| Fine Point Stainless Steel Nib| Refillable Black Ink (91236),B00EVC95B8
PILOT MR Retro Pop Collection Gel Roller Pen in Gift Box| Red Barrel with Wave Accent| Fine Point Stainless Steel Nib| Refillable Black Ink (91402),B015EXRZJG
Pilot G2-7 Retractable Gel Roller Pen| Fine Pen Point Type - 0.7 mm Pen Point Size - Turquoise Ink - Translucent Barrel - Pack of 12,B00CF6TRQU
Pilot Fountain Pen Custom Heritage 92| Transparent Blue Body| FM-Nib (FKVH-15SRS-TL-FM),B007GU71W2
Pilot Precise Grip Extra-fine Rollerball Pens PIL28802DZ- 12 Pack,B016MH0WFW
Pilot Frixion Point Gel Ink Stick Pens| Erasable| Extra Fine Point 0.5mm| Black Ink| Pack of 3 with Bundle Refills,B00IIUYT74
Pilot Sharp Pen Doctor Grip Full Black HDGFB-80R-B 0.5 mm Black,B0060S1CIK
Pilot G2 Retractable Premium Gel Ink Roller Ball Pens| Fine Point| Assorted Color Inks| 4-Pack (11870),B07TJ29GP6
PILOT Precise V5 Stick Liquid Ink Rolling Ball Stick Pens| Extra Fine Point (0.5mm) Black| 14-Pack (15403),B089X5MDV7
PILOT Precise V5 RT Refillable & Retractable Liquid Ink Rolling Ball Pens| Extra Fine Point (0.5mm) Black Ink| 4-Pack (26054),B002JFS9TS
PILOT Precise V5 RT Refillable & Retractable Liquid Ink Rolling Ball Pens| Extra Fine Point (0.5mm) Black Ink| 2-Pack (26050),B001BQADT0
Pilot Parallel Pen 2-Color Calligraphy Pen Set with Black and Assorted Colors Ink Refills| 1.5 mm Nib (90050),B014RPD3C0
Pilot 4 Colors Ballpoint Pen| Acroball 4 Fine| Black| Red| Blue & Green (Bkab-45F-BK),B00L7MU0LO
Pilot G2 Retractable Premium Gel Ink Roller Ball Pens Bold Pt (1.) Blue ; Retractable| Refillable & Premium Comfort Grip; Smooth Lines to the End of the Page| America’s #1 Selling Pen Brand| Pack Of 6,B01N1PVEVS
Pilot G2 Fashion Collection Pen White 5 Pack| Black Ink| Fine| 0.7 MM| Black/gold| black| black/silver (12505),B07Q849MLF
PILOT G2 Premium Refillable & Retractable Rolling Ball Gel Pens| Fine Point| Pink/Black Inks| Tub of 48 (59037),B00CMC59L4
PILOT FriXion Gel Ink Refills for Erasable Pens| Extra Fine Point| Black Ink| 3-Pack (77343),B009QYH88S
PILOT FriXion Gel Ink Refills for Erasable Pens| Extra Fine Point| Black Ink| 3-Pack (77340),B009QYH9D2
PILOT Precise Gel BeGreen Refillable & Retractable Rolling Ball Pens| Fine Point| Blue Ink| 12-Pack (15002),B0002LCZQY
Pilot Iroshizuku Fountain Pen Ink - 50 ml Bottle - Shin-ryoku Deep Green (Deep Green) (japan import),B001BMR8W4
Pilot Hi-Tec-C 03 Gel Ink Pen| Micro Fine Point 0.3mm| Blue Ink| LH-20C3| Value Set of 5,B06Y3DXSBK
Pilot Frixion Fineliner Erasable Marker Pens| 4 pack| Fine| Assorted (12478),B07Q86685N
(2) Pilot Frixion Clicker Erasable Pen Black Gel ink. 3 pack Bold| 1.0 mm| 11390,B081S997D6
PILOT MR Retro Pop Collection Gel Roller Pen in Gift Box| Turquoise Barrel with Dots Accent| Fine Point Stainless Steel Nib| Refillable Black Ink (91406),B015XIKHPQ
PILOT Dr. Grip 4+1 Multi-Function Ballpoint Ink Refills| Fine Point| Black Ink| 2-Pack (77151),B00WMDRBMI
Value Pack of 6 - Pilot G2 Gel Ink Refills for Rolling Ball Pen| Fine Point| Turquoise (77254),B01MSCC5VH
Pilot BPS - GP Grip Extra Broad Ballpoint 1.6 mm Tip (Box of 12) - Black,B000J6BRZW
PILOT G2 Premium Refillable & Retractable Rolling Ball Gel Pens| Fine Point| Black/Blue Inks| Pack of 2 Tubs (144 Total) (56040),B01GHRMEEO
Pilot Dr. Grip 41 4 Color 0.5 mm Ballpoint Multi Pen 0.5 mm Pencil - Series I - Lavender,B00FRV8Y50
Pilot VBall RT Retractable Rolling Ball Pens| Fine Point| Black Ink| Dozen Box (26206),B005OYW4BK
Pilot Hi-Tec-C 04 Gel Ink Pen| Ultra Fine Point 0.4mm| Black Ink| LH-20C4| Value Set of 5,B06Y3T81ZZ
PILOT Precise V5 Stick Liquid Ink Rolling Ball Stick Pens| Extra Fine Point (0.5mm) Purple Ink| 12-Pack (25106),B001FMEG5W
Pilot G2 Fashion Collection Colors Gel Roller Pens Fine Point Turquoise Ink and Barrels Dozen Box (31495) Retractable| Refillable & Premium Comfort Grip; Smooth Lines to the End of Page,B00FACLIN6
Pilot Namiki IC50 Fountain Pen Ink Cartridge| Purple 6/Pk (Total 12) (69004),B01HEQCIJI
Pilot EasyTouch Retractable Ball Point Pen| Medium Point| Black (Pack of 12 Pens),B005P3MC7G
PILOT MR Animal Collection Ballpoint Pen in Gift Box| Matte Gold Barrel with Lizard Accent| Medium Point Stainless Steel Nib| Refillable Black Ink (91336),B00EVC96A8
PILOT MR Animal Collection Fountain Pen in Gift Box| Matte White Barrel with White Tiger Accent| Fine Point Stainless Steel Nib| Refillable Black Ink (91141),B00KRPFMI8
Pilot G2 pens retractable Gel Roller ballpoint Bold pt 1.0 Black & Blue Bundle| (Total 10 COUNT),B07RYXRRM8
Pilot Dr. Grip 41 4 Color 0.5 mm Ballpoint Multi Pen 0.5 mm Pencil - Series I - Shell Pink,B00FRB86W6
Pilot Hi-Tec-C Maica 0.3mm Extra Fine Point Ballpoint Pen| 12-Color Set (LHM180C3-12C),B00N8LZBYS
Pilot Iroshizuku Fountain Pen Ink - 50 ml Bottle - Tsuyu-kusa Dayflower (Blue),B001AX5SVW
Pilot Fountain Pen Custom Heritage 92| Transparent Blue Body| F-Nib (FKVH-15SRS-TL-F),B007GU5KHU
Pilot Iroshizuku Fountain Pen Ink - 50 ml Bottle - Chiku-rin Bamboo Forest (Yellow Green) (japan import),B005JUBX7K
Pilot Frixion Erasable Gel Ink Pen Refill - 0.5 Mm - Light Blue,B004KAKTHK
Pilot Fountain Pen Converter (CON-70),B001P35A6K
Pilot G2 Retractable Gel Ink Roller Ball Pen PEN|RBALL|RT|G2|GEL|FN|GN (Pack of5),B0032JRNBU
PILOT Precise V5 Stick Liquid Ink Rolling Ball Stick Pens| Extra Fine Point (0.5mm) Blue Ink| 5-Pack (26011),B001CDBAKI
PILOT FriXion ColorSticks Erasable Gel Ink Stick Pens| Fine Point| Red Ink| 12-Pack (32467),B01KLLQAKQ
Pilot Kakuno Medium-Nib Fountain Pen| White Body Soft Blue Cap (FKA-1SR-SLM),B00IOOOD6G
Pilot FriXion Ball Knock Retractable Erasable Gel Ink Pens| Extra Fine Point 0.7mm| Light Blue Ink| 3 Pens & 6 Refills Value Set,B06XTGF43B
PILOT The Shaker Mechanical Pencil| Black Barrel| 0.5mm HB Lead| Single Pencil (50026),B0006FKBK8
G2 Premium Gel Roller Pen 20 count,B00LCR7Q0C
Pilot Frixion Ball Knock Retractable Erasable Gel Ink Pens|fine Point| 0.5mm - Blue Ink- Value Set of 3 & 3 Gel Ink Pen Refill Pack,B00F922RDW
Pilot Precise V5 RT Liquid Ink Retractable Rollerball Pen Refills| 0.5mm| Extra Fine Point| Black Ink| Pack of 3 - (6 count),B00P1PJ4EC
Pilot Metropolitan Collection Fountain Pen| Silver Barrel| Classic Design| Medium Nib| Medium Nib| Black Ink (91118),B00FACM57E
Pilot Fountain Pen Ink - 30ml Bottle - Black,B001MTA990
PILOT G2 Premium Refillable & Retractable Rolling Ball Gel Pens| Extra Fine Point| Red Ink| 14-Pack (15391),B089X8SXSS
Pilot Iroshizuku Fountain Pen Ink - 50 ml Bottle - Fuyu-syogun Winter Shogun (Light Cool Gray) (japan import),B001PWA912
PIL32456 - Pilot FriXion ColorSticks Erasable Stick Gel Pen,B07CGRHJD6
12 Pack Jumbo Marker Refill Ink| For Permanent Markers| 1 oz Ink Bottle| Black by PILOT CORP. OF AMERICA (Catalog Category: Paper| Pens & Desk Supplies / Pens / Refills),B008BW4JOC
Pilot FriXion ColorSticks Erasable Pen| Ink Color: Assorted Point: Fine| 13 Pens| 3 Packs (11875) (32446) (32442),B07W7KSY8L
Pilot G2 Gel Ink Refill| 2-Pack for Rolling Ball Pens| Ultra Fine Point| Blue Ink (77288)| Pack of 12 Refills,B01EPCC3BW
Pilot Dr. Grip G-Spec Frost Color Ballpoint Pen - 0.7 mm| Frost Pink/Black (BDGS-60R-RP),B007F8IQ5G
Pilot Namiki IC100 Fountain Pen Ink Cartridge Black| Blue| Blue/Black (69100-69101 - 69102),B01K4NAVSS
PILOT G2 Premium Refillable & Retractable Rolling Ball Gel Pen| Fine Point| Red Ink| Single Pen (31028),B0027J9M24
Pilot Metropolitan Collection Fountain Pen| Gold Barrel| Classic Design| Medium Nib| Medium Nib| Black Ink (91119),B00FACM3DA
Pilot G2 Premium Retractable Gel-Ink Rolling Ball Pens| Fine Point (0.7 mm)| Assorted| 10/Pk (13513),B086R53PQ8
PILOT G2 Gel Ink Refills For Rolling Ball Pens| Bold Point| Green Ink| 2-Pack (77361),B00WMDR1VE
Value Pack of 6 - Pilot G2 Gel Ink Refills for Rolling Ball Pen| Fine Point| Navy Blue (77252),B071HH8MFJ
PILOT Gel Ink Refills for G2| Dr. Grip| ExecuGel G6| Q7| Extra Fine Point| Blue Ink| 2-Pack (77233),B00006RVSU
Pilot FriXion ball 4 Colors Ball-point Pen| Wood Black (LKFB-3SEF-B),B00IMDHHCG
Pilot Gel Ink Refills for FriXion Erasable Gel Pen| Fine Point| Black Ink - Pack of 18 (77330),B00KKY49OY
PILOT Precise V5 Stick Liquid Ink Rolling Ball Stick Pens| Extra Fine Point (0.5mm) Assorted Ink Colors| 9-Pack (12571),B07KBPLH8S
Pilot Juice Gel Ink Ballpoint Pen Fine point 0.5 mm 16 Assorted Color| 18 Pack (3/Black ink),B01N7TGAH0
Pilot Iroshizuku Mini Fountain Pen Ink - 15 ml Bottle 3 Colors Set - AS/SNK/YB (Japan Import),B00PRCEAIO
Pilot Iroshizuku Fountain Pen Ink - 50 ml Bottle - Kiri-same Misty Rain (Gray) (japan import),B001PWDY3C
Pilot Hi-Tec-C 04 Gel Ink Pen| Ultra Fine Point 0.4mm| Black Ink| Value Set of 10,B073GRQ2Q3
PILOT Precise V5 Stick Liquid Ink Rolling Ball Stick Pens| Extra Fine Point (0.5mm) Pink/Purple/Turquoise Inks| 3-Pack (25004),B00347A88U
Pilot Gel Ink Pen Refills for FriXion Ball Slim 038 Gel Ink Pen| Extra Fine Point| 0.38mm| 20 Color Refill Set,B06W5DW8GR
Pilot G-Tec-C Black Ultra Fine 0.4mm - 12 Pack Gel Pen - PGTC4-BLK,B009SOLDPU
Pilot Gel Ink Refills for FriXion Erasable Gel Ink Pen| Fine Point 0.7mm| Violet Ink| Pack of 9,B06XBY8P2S
Pilot Acroball 4 Multi Color Ballpoint Pen| 0.5mm| Non-Color Body + 4 Color Ink Refills (Black| Red| Blue & Green),B071DV64MK
Pilot Precise V7 RT Liquid Ink Retractable Rollerball Pen Refills| 0.7mm| Fine Point| Black Ink| 3-Packs of 2,B00P1PYX6G
Pilot G2| Dr. Grip Gel/Ltd| ExecuGel G6| Q7 Rollerball Gel Ink Pen Refills| 1.0mm| Bold Point| Blue Ink| Pack of 12,B00P05OCWM
PILOT EasyTouch Retractable Ball Point Pens| Medium Point| Blue Ink| 2-Pack (32261),B002B55YDU
Pilot Namiki IC100 Fountain Pen Ink Cartridge| Blue| 12 Cartridges per Pack (Pack of 2),B01B6PK05M
PILOT Enso Parallel Pen Hand Lettering Calligraphy Set - Amazon Exclusive Kit!; 4 Nib sizes (1.5mm| 2.4mm| 3.8mm| 6.0mm) Calligraphy| Hand Lettering or Whatever Your Muse Inspires (10678),B07CF9NYBB
PILOT FriXion Ball Erasable & Refillable Gel Ink Stick Pens| Fine Point| Assorted Color Inks| 6-Pack (31568),B0037NZ5ZC
Pilot FriXion Ball Clicker Retractable Erasable Gel Pen| Fine Point| 0.7mm| Purple Ink,B084KXJ2D4
PILOT VBall Liquid Ink Rolling Ball Stick Pens| Extra Fine Point| Black Ink| 12-Pack (35200),B00006IEBC
Pilot Precise P-500 Gel Ink Rolling Ball Pens| Extra Fine Point| Blue Ink| 6 Pens.,B01LXU9FNC
PILOT MR Animal Collection Fountain Pen in Gift Box| Matte Silver Barrel with Python Accent| Fine Point Stainless Steel Nib| Refillable Black Ink (91140),B00KRPFD5A
Pilot BX V5 Black Hi-Tecpoint Extra Fine Rollerball Pen 0.5mm Nib Tip 0.3mm Line Width (Pack of 3),B00LXAO29Q
Pilot FriXion Ball Clicker Retractable Erasable Gel Pen| Fine Point| 0.7mm| Green Ink| 3 Count,B084KTSTKN
Pilot Iroshizuku Fountain Pen Ink - 50 ml Bottle - Momiji Autumn Leaves (Crimson) (japan import),B001K711BY
PILOT FriXion Ball Erasable & Refillable Gel Ink Stick Pens| Fine Point| Blue Ink| 3-Pack (31567),B0058NN9XE
PILOT The Better Ball Point Pen Refillable Ballpoint Stick Pens| Medium Point| Black Ink| 12-Pack (35711),B00006IEBR
Pilot Acroball for a Cure Breast Cancer Awareness Advanced Ink Retractable Ballpoint Pens; Medium Point| Pink Ink/Barrel| 3-Pack (31961) Ultra-Smooth Writing| Smear-Resistant Advanced Ink,B00WMDODYW
Pilot G2| Dr. Grip Gel/Ltd| ExecuGel G6| Q7 Rollerball Gel Ink Pen Refills Black 1.0 mm 12 Pack,B00P05O76I
Pilot Fountain Pen Custom Heritage 912| Black Body| SF-Nib,B0042957NA
Pilot fountain pen ink 70ml Blue Black (japan import),B001AX3TA4
PIL28801DZ - Pilot Precise Grip Extra-fine Rollerball Pens,B015G86EP0
Pilot FriXion Ball Erasable Gel Pens| Fine Point| Black| 6 Pack (13593),B07RLQ63PT
PILOT EasyTouch Ballpoint Stick Pens| Medium Point| Blue Ink| 12-Pack (32011),B001E69604
Pilot Metropolitan Fountain Pen| Retro Pop Purple| 1.0mm Stub nib,B07664GR5L
PILOT G210 RETRACT GEL PEN BLK 043101201,B000J6DCPU
Pilot Birdy Stainless Steel Body Mini Ballpoint Pen| 0.7 mm| Black Ink (BS-40S-S),B006CQQPYQ
Pilot G2 Retractable Gel Ink Roller Ball Pens| Bold Point Black 10-PACK(31237),B01HNNH1J4
Pilot Varsity Disposable Fountain Pens| Black Ink (90010)| Pack of 6,B00SLC105I
Pilot G2 Gel Ink Refill| 2-Pack for Rolling Ball Pens| Fine Point| Black Ink (77240),B010CEEDX8
Pilot Fountain Pen Capless Decimo| Dark Blue Myca Body| F-Nib,B001AXB8U2
PILOT MR Animal Collection Gel Roller Pen in Gift Box| Matte Silver Barrel with Python Accent| Fine Point Stainless Steel Nib| Refillable Black Ink (91237),B00EVC95CC
Pilot 0375095 FriXion Ball Erasable Gel Pens 3Pkg Black,B00NO1G3NA
Pilot Fountain Pen Custom Heritage 92| Clear Body| F-Nib (FKVH-15SRS-NC-F),B0046L6L4S
Pilot FriXion Ball Slim Retractable Erasable Gel Ink Pens| Extra Fine Point| 0.38 mm| 20 colors set,B00R6L6ASC
PILOT G-Knock BeGreen Refillable & Retractable Gel Ink Pens| Fine Point| Black Ink| 2-Pack (31500),B00260S162
Pilot Metropolitan Fountain Pen| Retro Pop Gray| 1.0 mm Stub Nib - 91414,B079J1G7KM
PILOT Precise V5 Stick Liquid Ink Rolling Ball Stick Pens| Extra Fine Point (0.5mm) Red Ink| 2-Pack (25003),B00347A89E
Pilot Cocoon Fountain Pen Fine Nib Bordeaux Body (FCO-3SR-BO-F),B009HN05A6
Pilot Fountain Pen Capless Decimo| Dark Gray Myca Body| F-Nib,B001AX7SYM
PILOT G2 Premium Refillable & Retractable Rolling Ball Gel Pens| Fine Point| Assorted Color Inks| 20-Pack (31294),B001K9Z4II
PILOT Namiki Nippon Art Collection Fountain Pen| Crane & Turtle Design Barrel| Fine Nib (60169),B00063NUWQ
Pilot Gel Ink Refills for FriXion Erasable Gel Ink Pen| Extra Fine Point 0.5mm| Violet Ink| Pack of 9,B06XC4F6SJ
Pilot Frixion Ball Knock Retractable Erasable Gel Ink Pens|fine Point| 0.7 mm - Blue Ink- Value Set of 5 & 6 Gel Ink Pen Refill Pack,B00NN16J58
Pilot G2| Dr. Grip Gel/Ltd| ExecuGel G6| Q7 Rollerball Gel Ink Pen Refills| 0.7mm| Fine Point| Purple Ink| Pack of 6,B00P19M79M
PILOT Metropolitan Collection Fountain Pen| Silver Barrel| Classic Design| Fine Nib| Black Ink (91113),B00KRPFMFQ
Pilot Pen Corporation of America : Permanent Ink Marker| Extra Fine Point| Black Ink -:- Sold as 2 Packs of - 1 - / - Total of 2 Each,B002ZZ9YAA
PILOT G2 Premium Refillable & Retractable Rolling Ball Gel Pens| Fine Point| Red Ink| 12-Pack (31022),B00006JNJD
Pilot Precise V5 RT Deco Collection Retractable Rolling Ball Pens Refillable 41980 (2 Packs),B07F25KLB9
Pilot Metropolitan Collection Fountain Pen| Black Barrel| Classic Design| Medium Nib| Black Ink (91107) + 12 Pack of Ink Refills,B071GD4FDN
Pilot Precise P-500 Gel Rolling Ball Pen| Extra Fine 10 Pens (Black),B01I47MPMG
Pilot G2 Retractable Premium Gel Ink Roller Ball Pens| Bold Pt| 24 Pack| Black,B07BHW5PZB
PILOT MR Animal Collection Fountain Pen in Gift Box| Matte Gold Barrel with Lizard Accent| Medium Point Stainless Steel Nib| Refillable Black Ink (91136),B00EVC948C
PILOT EasyTouch Refillable & Retractable Ballpoint Pens| Medium Point| Black Ink| 5-Pack (32290),B001CDES8E
Pilot Fountain Pen Custom Heritage 912| Black Body| PO-Nib (FKVH-2MR-B-PO),B004296Z4K
PILOT MR Retro Pop Collection Ballpoint Pen Gift Box with 2 Refills| Marigold Barrel with Flower Accent| Medium Point Stainless Steel Nib| Refillable Black Ink (91496),B01MZI07PB
PILOT G2 Premium Refillable & Retractable Rolling Ball Gel Pens| Fine Point| Red/Blue/Black Inks| 3-Pack (31023),B0013CIJWA
Pilot Precise P-500 Gel Rolling Ball Pen| Extra Fine 10 Pens (Red),B01I47MRWY
Pilot Iroshizuku Fountain Pen Ink - 50 ml Bottle - Ku-jaku Peacock (Deep Turquoise Blue) (japan import),B001BMT13S
Pilot FriXion Ball Knock Retractable Erasable Gel Ink Pens| Extra Fine Point 0.7mm| Blue Black Ink| 3 Pens & 6 Refills Value Set,B06XTMQ45C
Pilot Gel Ink Refills for FriXion Erasable Gel Ink Pen| Extra Fine Point 0.5mm| Blue Black Ink| Pack of 9,B06WD7Z1SN
Pilot juice up 03 Retractable Gel Ink Pen| Hyper Fine Point 0.3mm| Black Ink| Value Set,B073GR52ZP
PILOT G2 Premium Refillable & Retractable Rolling Ball Gel Pens| Fine Point| Black Ink| 3-Pack (31123),B004J0VBBY
Pilot Frixion Ball Knock Retractable Erasable Gel Ink Pens|fine Point| - 0.5 mm - Red Ink- Value Set of 5 & 6 Gel Ink Pen Refill Pack,B00G9MORLG
PILOT G2 Premium Refillable & Retractable Rolling Ball Gel Pens| Extra Fine Point| Blue Ink| 14-Pack (15388),B089WKZP5Y
PILOT Precise V5 Stick Liquid Ink Rolling Ball Stick Pens| Extra Fine Point (0.5mm) Black/Blue/Red Inks| 3-Pack (35354),B00347A894
Pilot Fountain Pen Capless Decimo| Champaign Pink Body| F-Nib,B001AX9HIW
PILOT G2 Premium Refillable & Retractable Rolling Ball Gel Pens| Extra Fine Point| Red| 8-Pack (15313),B089X2Y513
Pilot 810635 Dr. Grip Retractable Gel Pen Fine Point Black Ink (36261),B004E2VKRC
Pilot Gel Ink Refills for FriXion Erasable Gel Ink Pen| Fine Point 0.7mm| Light Blue Ink| Pack of 9,B06XBY5W7T
PILOT MR Retro Pop Collection Gel Roller Pen in Gift Box| Orange Barrel with Flower Accent| Fine Point Stainless Steel Nib| Refillable Black Ink (91403),B015XIKIXM
Pilot The Better Retractable Ballpoint Pen| Fine Point| Blue Ink| Single Pen (30011),B001JT97ZU
Pilot Frixion Highlighters 12 Colors & New FriXion Erasers 2 Colors Set with Original Vinyl Pen Case,B071WHSF3D
Pilot Cocoon Fountain Pen Fine Nib Titanium Body (FCO-3SR-TI-F),B009HN1E42
Pilot Juice 0.5mm Gel Ink Ballpoint Pen| Turquoise Green Ink| Value Set of 10,B073GRTXH6
PILOT Precise Gel BeGreen Refillable & Retractable Rolling Ball Pens| Fine Point| Black Ink| 2-Pack (15021),B000GAVJKE
PILOT EasyTouch Ballpoint Stick Pens| Medium Point| Black/Blue/Red Inks| 3-Pack (32030),B0058NN4MA
PILOT B2P - Bottle to Pen Refillable & Retractable Ball Point Pen Made From Recycled Bottles| Medium Point| Black/Blue/Red/Green/Purple Inks| 5-Pack (32814),B007ZYF37O
PILOT G2 Premium Refillable & Retractable Rolling Ball Gel Pens| Extra Fine Point| Black Ink| 2-Pack (31014),B001PLJT5A
PILOT MR Animal Collection Ballpoint Pen in Gift Box| Matte White Barrel with White Tiger Accent| Medium Point Stainless Steel Nib| Refillable Black Ink (91334),B00EVC966W
Pilot 31550 Frixion Erasable Black Gel Ink Pens| 12 Pens with 2 Packs of Refills,B00D5CRKFS
PILOT Dr. Grip Refillable & Retractable Ballpoint Pen| Medium Point| Black Barrel| Black Ink| Single Pen (36100),B00006IEBT
PILOT MR Retro Pop Collection Ballpoint Pen Gift Box with 2 Refills| Charcoal Grey Barrel with Houndstooth Accent| Medium Point Stainless Steel Nib| Refillable Black Ink (91498),B01N1961TG
PILOT G2 Premium Refillable & Retractable Rolling Ball Gel Pens| Fine Point| Black/Blue/Red Inks| Pack of 2 Tubs (144 Total) (56077),B01GHRMCOQ
PILOT EasyTouch Refillable & Retractable Ballpoint Pens| Medium Point| Red Ink| 2-Pack (32262),B0058NNATW
Pilot Acroball Ballpoint Pen Black Ink Refills| 0.5mm| BRFV-10EF-B| Set of 6 (Japan import),B014T5OVYM
Pilot G2 Retractable Premium Gel Ink Roller Ball Pens Blue (Fine),B07KMDF6SX
PILOT FriXion Ball Erasable & Refillable Gel Ink Stick Pens| Fine Point| Pink/Purple/Orange Inks| 3-Pack (31565),B002SS7P96
Pilot Dr. Grip Center of Gravity Retractable Ball Point Pen| Medium Point| Pink Grip| Black Ink| 3 Pen (36182) with 6 Black Ink Refill,B07CQN7H27
PILOT Namiki IC50 Fountain Pen Ink Cartridges| Green| 6-Pack (69003),B005XLFKBU
PILOT G2 Pen Stylus Fine Black Ink with Red/Turquoise Barrels| 2-Pack (34310),B01KLLQDSU
PILOT G-Knock BeGreen Refillable & Retractable Gel Ink Pens| Fine Point| Blue Ink| 2-Pack (31501),B002HIB728
Pilot Frixion Ball Knock Retractable Erasable Gel Ink Pens|fine Point| - 0.5 mm - Blue Ink- Value Set of 5 & 6 Gel Ink Pen Refill Pack,B00G9MJZOA
Pilot Dr. Grip 4+1 Multi-Function Pen Refills| Fine Point| 0.7mm| Blue Ink| 12 Refills,B084NJ4FHF
Pilot Fountain Pen Custom Heritage 92| Transparent Black Body| FM-Nib (FKVH-15SRS-TB-FM),B007GU0MWS
PILOT Precise V5 RT Refillable & Retractable Liquid Ink Rolling Ball Pens| Extra Fine Point (0.5mm) Assorted Ink Colors| 7-Pack (26095),B07KBT27XQ
Pilot FriXion Ball Knock Retractable Erasable Gel Ink Pens| Extra Fine Point 0.7mm| Violet Ink| 3 Pens & 6 Refills Value Set,B06XTK775J
Pilot Multi-Pen Body Hi-Tec-C Coleto 1000 Silver Body (LHKC-1SC-S)+ 0.3mm Refill 10 Color Set (LHKRF1SC310C),B07SVQMHPZ
3 PENS Pilot Bravo Liquid Ink Marker Pen| Bold Point| Black (PIL11034),B011IC2MJK
Pilot Juice 038 Retractable Gel Ink Pen (LJU-10UF)| Ultra Fine Point| 0.38mm| Black Ink| Set of 10,B06XF41HHH
PILOT Precise V5 RT Refillable & Retractable Liquid Ink Rolling Ball Pens| Extra Fine Point (0.5mm) Assorted Ink Colors| Tub of 48 (8033),B07P6YPQQ4
PILOT G2 Premium Refillable & Retractable Rolling Ball Gel Pens| Fine Point| Blue Ink| 4-Pack (31058),B001CD9PQE
PILOT G2 Premium Refillable & Retractable Rolling Ball Gel Pens,B089WLBPKS
PILOT Acroball 300 Premium Refillable & Retractable Ball Point Pen| Assorted Color Barrels| Fine Point| Black Ink| 3-Pack (13625),B082XJJQQZ
Pilot Dr. Grip 4+1| 4 Color 0.7 mm Ballpoint Multi Pen & 0.5 mm Mechanical Pencil - Black Body (BKHDF1SFN-B),B0788QVV5G
G2 Pens 31277 Black Pilot G2 Ultra-fine 0.38mm Gel Ink Pens| 1 Dozen Plus 2 Packs 0.38mm Ultra Fine Black Gel Ink Refills,B00AGYUBR2
Pilot Iroshizuku Fountain Pen Ink - 50 ml Bottle - Fuyu-gaki Persimmon (Vermilion Red Orange) (Japan Import),B002BV11I6
Pilot 2715733 G2 Retractable Gel Pens Bold Point Blue Ink 36/Pack (84099),B07FL82C9N
PILOT Precise V7 RT Refillable & Retractable Liquid Ink Rolling Ball Pens| Fine Point (0.7mm) Black Ink| 3-Pack (26058),B0058NN8XA
PILOT MR Retro Pop Collection Gel Roller Pen in Gift Box| Green Barrel with Marble Accent| Fine Point Stainless Steel Nib| Refillable Black Ink (91401),B015XIKHOC
PILOT FriXion Light Pastel Collection Erasable Highlighters| Chisel Tip| Assorted Color Inks| Tub of 36 (8035),B07P97P5X8
Pilot G2 Refills| Blue Ink 0.7mm Fine| 6 Packs of Refills Plus 1 Pilot G2 07 Blue Pen and 1 Pilot B2p Blue Pen,B00QEFZU6E
Pilot G2 Mini Premium Retractable Gel Roller Pen| Fine Point| 0.7mm| Black Ink| Pack of 8,B07JGFKQ2V
PILOT G2 Mosaic Collection Refillable & Retractable Rolling Ball Gel Pens| Fine Point| Assorted Grip/Ink Colors| 4-Pack (31675),B00WMDLDUO
PILOT Dr. Grip 4+1 Multi-Function Ballpoint Ink Refills| Fine Point| Blue Ink| 2-Pack (77152),B00WMDRD1W
PILOT G-Tec-C Gel Ink Rolling Ball Pens| Hyper Fine Point (0.25mm)| Red Ink| 12-Pack (35487),B007PJNHRM
PILOT MR Animal Collection Gel Roller Pen in Gift Box| Matte White Barrel with White Tiger Accent| Fine Point Stainless Steel Nib| Refillable Black Ink (91234),B00EVC955Y
Pilot G2 Limited Retractable Gel Ink Roller Ball Pen| Fine Point| Black Ink| Red Barrel (31539) Purple Barrel (31538) 1 Refill,B07W5JV1G3
Pilot Frixion Erasable Gel Ink Pen Refill - 0.5 Mm - Green,B004KAKQWS
PILOT Precise Grip Liquid Ink Rolling Ball Stick Pens,B00D7S83YW
PILOT Precise V5 RT Refillable & Retractable Liquid Ink Rolling Ball Pens| Extra Fine Point (0.5mm) Assorted Color Inks| 12-Pack (10364),B084HGBBWX
PILOT G2 Premium Refillable & Retractable Rolling Ball Gel Pens| Fine Point| Black Ink| Single Pen (31026),B0006BC1SC
PILOT Precise V5 RT Refillable & Retractable Liquid Ink Rolling Ball Pens| Extra Fine Point (0.5mm) Black/Blue/Red/Green Inks| 4-Pack (26055),B002JFVQLG
PILOT Parallel Calligraphy Pen Set| 3.8mm Nib with Black and Red Ink Cartridges (90052),B002RJPPMK
PILOT Metropolitan Collection Gel Roller Pen| Black Barrel| Classic Design| Fine Point| Black Ink (91217),B00FACLZS4
Value Pack of 3 Pilot FriXion Gel Ink Pen Refill| 3-Pack for Erasable Pens| Fine Point| Total 9 refills,B00IU3FGQ2
PILOT G2 Pen Stylus| Fine Point| Gray Barrel| Black Ink| 12-Pack (34319),B01KLLQI08
PILOT Kakuno Fountain Pen| Clear Barrel| Fine Nib (10819),B07KBNB66W
Pilot Kakuno Fountain Pen (Fine-Nib| Non Color Body) with Converter (CON-40) Set,B0799B8BL2
Pilot Hi-Tec-C 04 Gel Ink Pen| Ultra Fine Point 0.4mm| Blue Ink| LH-20C4| Value Set of 5,B06Y3Q78VJ
PILOT V Razor Point Liquid Ink Markers| Extra Fine Point| Black Ink| 4-Pack (11025),B000XTKEE0
PILOT Precise V5 Stick Liquid Ink Rolling Ball Stick Pens| Extra Fine Point (0.5mm) Red Ink| 5-Pack (26012),B00006IEB3
Pilot FriXion Ball Knock Retractable Erasable Gel Ink Pens| Extra Fine Point 0.5mm| Pink Ink| 3 Pens & 6 Refills Value Set,B06WLQ94Z8
Pilot FriXion Ball Slim 038 Retractable Erasable Gel Ink Pen| Extra Fine Point 0.38mm| Pink Ink| 3 Pens & 6 Refills Value Set,B06Y14TDG9
PILOT Namiki IC50 Fountain Pen Ink Cartridges| Red| 6-Pack (69002),B005XLFITO
PILOT Kakuno Fountain Pen| Clear Barrel| Medium Nib (10822),B07KBVCTR3
Pilot FriXion Clicker Retractable Gel Ink Pens| Eraseable| Fine Point 0.7mm| Assorted Ink| Pack of 3 with Bonus 2 Packs of Refills,B00HFEWWWI
PILOT Namiki IC100 Fountain Pen Ink Cartridges| Black| 12-Pack (69110),B00WMDRBWI
Pilot FriXion Point 0.4 Erasable Gel Pen Black Ink Refill(LF-22P4-B)| 3 Refills X 3 Pack/total 9 Refills (Japan Import) [Komainu-Dou Original Package],B012LJUJ3K
PILOT The Better Ball Point Pen Refillable Ballpoint Stick Pens| Medium Point| Blue Ink| 12-Pack (36711),B00006IEC2
Pilot Gel Ink Refills for FriXion Erasable Gel Ink Pen| Fine Point 0.7mm| Pink Ink| Pack of 9,B06XC44RWL
PILOT MR Retro Pop Collection Ballpoint Pen in Gift Box| Purple Barrel with Elipse Accent| Medium Point Stainless Steel Nib| Refillable Black Ink (91424),B015XIKLU2
Pilot Frixion Ball Slim Gel Ink Pen Refill-0.38mm-blue-pack of 3x5pack Value Set,B00W7HQGA2
PILOT G2 Premium Refillable & Retractable Rolling Ball Gel Pens| Fine Point| Red Ink| 14-Pack (15364),B089WKCNTW
Pilot G2 Premium Gel Roller| Fine 0.7mm| 20 Retractable Pens,B08CWLC5SN
Pilot Namiki IC100 Fountain Pen Ink Cartridge| Blue/Black| 12 Cartridges per Pack (Pack os 2),B01B6PWF4Q
Pilot Pen Corporation of America : Bravo Liquid Ink Marker Pen| Bold Point| Blue Ink -:- Sold as 2 Packs of - 1 - / - Total of 2 Each,B002ZZ3XX4
PILOT G2 Premium Refillable & Retractable Rolling Ball Gel Pens| Extra Fine Point| Blue Ink| 2-Pack (31015),B001PLLX0O
PILOT MR Animal Collection Fountain Pen in Gift Box| Matte Plum Barrel with Leopard Accent| Fine Point Stainless Steel Nib| Refillable Black Ink (91138),B00KRPFDBY
PILOT FriXion Gel Ink Refills for Erasable Pens| Fine Point| Red Ink| 3-Pack (77332),B009QYH554
Pilot Juice Ballpoint Pens 24 Color Set 0.38mm,B00WSW02ZG
PILOT B2P - Bottle to Pen Refillable & Retractable Ball Point Pen Made From Recycled Bottles| Fine Point| Black Ink| 12-Pack (32600)| Dozen Box (Fine Point),B006O86GS2
Pilot Petit1| Fountain pen-style pen| Fine Nib| Blue Black (SPN-20F-BB) + Ink Cartridges (IRF-10SPN- BB)2p Set (Japan Import) [Komainu-Dou Original Package],B01MR1BGL8
Pilot Better Retractable Ballpoint Pen | Blue Fine Point| 12-Count (30001),B01H5U53TU
Pilot Ballpoint Pen S20| Dark Brown (BPPS-2SK-DBN),B001AX3UPS
PILOT B2P - Bottle to Pen Refillable & Retractable Ball Point Pen Made From Recycled Bottles| Fine Point| Black Ink| 5-Pack (32612),B007ZYF27A
Pilot Parallel Pen 2-Color Calligraphy Pen Set with Black and Assorted Colors Ink Refills| 2.4 mm Nib (90051),B014RPAE6S
Pilot Precise V7 Stick Rolling Ball Pens| Fine Point| Blue Ink| 6 Pack,B01J6JY600
Pilot Frixion Ball 3 Metal Ballpoint Pen| Gradation Black Body (LKFB-150EF-GRB),B008D976WA
Pilot FriXion Ball Knock Retractable Erasable Gel Ink Pens| Extra Fine Point 0.5mm| Black Ink| 3 Pens & 6 Refills Value Set,B06XMXHHNQ
Pilot 0.5mm Black Ink Refill (LP2RF-8EF-B)| for Juice Gel Ink Ballpoint Pen| (LJU-10EF-B)| ×5 Pack/total 5 pcs (Japan Import) [Komainu-Dou Original Package],B019WDULFO
Pilot Laundry Tec Fabric Marker 1.0 mm Tip - Black| Single Pen,B00FA2FQSY
Pilot FriXion Colors Erasable Marker Black| 3 pens per Pack (Japan import) [Komainu-Dou Original Package],B00NSOJRS6
Pilot 41600 Silver Metallic Extra Fine Point Marker Pen,B00A40KPF6
PILOT MR Animal Collection Ballpoint Pen in Gift Box| Matte Silver Barrel with Python Accent| Medium Point Stainless Steel Nib| Refillable Black Ink (91337),B00EVC96BM
Pilot FriXion Clicker Retractable Erasable Gel Pen| Extra Fine Point| 0.5mm| Purple Ink| 6 Count,B084KSH44K
PIL90010 - Pilot Varsity Disposable Fountain Pens,B001E6C1KQ
Pilot FriXion Ball Knock Retractable Erasable Gel Ink Pens| Extra Fine Point 0.5mm| Violet Ink| 3 Pens & 6 Refills Value Set,B06WGTYZ8T
PILOT MR Animal Collection Fountain Pen in Gift Box| Matte Black Barrel with Crocodile Accent| Medium Point Stainless Steel Nib| Refillable Black Ink (91135),B00EVC946Y
Pilot Kakuno Fine-Nib Fountain Pen| White Body Soft Violet Cap Body (FKA-1SR-SVF),B00IOOOBWC
