Shinwa Regal Katana Teal Sword Damascus,B010GEH5DE
??? ??????Pro380mm,B001D7DK7E
??? ???????200mm??????????,B002JZZKMM
SHINWA Japan Square Sunday Carpenter Ruler 11171 Size 30cm × 15cm,B07SZ54CR5
Shinwa Sokutei Temperature/hygrometer F-3 Round type [15 cm/White] (70502) (Japan Import),B0041FIFPW
Sliding T Bevel 8 Blade,B0037XS27A
Shinwa Thermometer 72991,B0016V9FEY
Japanese Tool Shinwa Outside Path 73318 Size : 16.5 X 9.0 Cm,B0016VDHW0
??? ?????? ????? 1m?????????,B005WFD7YO
??? ?????1500mm,B001D7PTDC
??? ?????????????2M,B001PMKK3E
Shinwa Purple Knight Katana Damascus Sword,B002ZVOCO2
shinwa (Shinwa) business bag entering straight straw 500P SS-1 by Shinwa,B01KH4RS4E
Shinwa Handy inking pot Jr. Plus self-winding black 73282 Japan,B077Y8SW1Q
??? ??????Jr150mm,B001C7HYH2
Shinwa Convex Tough Gear Sd 457880mm (80874),B007V90O2W
Shinwa Surutto Floating Swivel in,B0085ICO30
Shinwa Hera Senka Suit Cushion Depth Dana,B0085ICN36
Shinwa gray and black sea bream Senka float stop rubber Large,B000AQRQWE
SHINWA Bamboo Tensoge Disposable Chopsticks Professional-use 21cm| 100 Pairs,B005NEHXK8
Shinwa Ruler Pocket Calipers 100mm 19518 Stainless Steel from JAPAN,B07GNHLR3G
?? ???4000mm by Shinwa,B01IU79OI8
??? ????? ?????? 6cm by Shinwa,B01LX5SW7Y
Shinwa urethane pipe 1m ƒÓ0.7,B016GRELBE
NO78605(78605)(NSFB5),B004VPC47M
Leveling level / BLUE LEVEL with magnet,B000ALF4M8
Shinwa Damascus Steel Red Knight Katana Sword Hand Forged,B00477RVRC
SHINWA Japan sliding adjustable precision bevel 30 45 45cm angle in degree 62661,B07PKBK6BJ
Shinwa Colossus Yoru Handmade Odachi/Giant Samurai Sword - Exclusive| Hand Forged Black Damascus Steel; Genuine Ray Skin; Dragon Tsuba - Functional| Full Tang| Battle Ready - 60,B004A0YE76
??? ??????300mm??1mm???,B002K05BB6
Japanese SHINWA Spring Tape Measure Ruler 1.5m 71005,B079M856PW
??? ??????A-3,B002JZZKWW
Shinwa Hera Senka in clear Yu,B0085ICQK6
Power Grip Carving Tools| Seven Piece Set by Shinwa,B01AHGO7M8
??? ???????100mm??????????,B002JZXG64
Shinwa [Buying] set Japan production of Nara cypress heaven cut chopsticks 1 pack 20 bowlful ¡Ñ 10 pack total of 200 bowlful 088067,B00E5SMKK6
JAPAN SHINWA Square Layout Miter 45 + 90 Degrees équerre Winkel 200 x 63 x 73mm,B00OFQNOXK
Shinwa Regal Purple Damascus Steel Katana Sword,B00ATPDFS0
Japanese SHINWA Taper Gage Welding Gauge ruler Test Welder Kegelmessgerät 62610,B07QQT5C1M
Shinwa Japanese 200 mm/ 8 Machinist Engineer Square Aluminum & Stainless Steel 74110,B00NEA8SF2
??? ???? 1kg ?????,B005177RS0
Shinwa (SHINWA) tag box 07 (N),B01D0N0YLS
SHINWA Mini Sukoya Square measurement Aluminum Stainless steel 300mm 74112,B07PKDBSF5
Shinwa digital thermometer 72949,B001FSJ7DC
Shinwa 6-1/4 Sliding T-Bevel,B07VMNSJZ5
Shinwa Brass Mini Try Square (9cm),B005NE00OO
Shinwa Black Knight Handmade Katana/Samurai Sword - Hand Forged Black Damascus Steel - Razor Sharp| Full Tang - Fully Functional| Battle Ready| Ninja Sleek - Faux Ray Skin| Cord Wrap| Dragon Tsuba,B010GEHCYG
Japanese SHINWA Handy Black ink Line Marker 73283 Jr.Plus Red,B07RLJ1CT8
??? ???????M,B002K05CXI
Shinwa 12 3R Rigid (1.250 Wide x .040 Thick) Zero Glare Satin Chrome Stainless Steel 3R Machinist Engineer Ruler/Rule with Graduations in 1/64| 1/32| 1/10| 1/50 Model H-3302C,B00LY9SLI4
Shinwa Hera Senka weights friend Small,B0085ICRM8
Protractor with Ruler - TL-RU-PR,B01KW7KO42
Shinwa Hera Senka lightweight Salquin Small,B0085ICOT4
Shinwa Surutto Floating Swivel Small,B0085ICOH6
??? ???????Smart 25mm,B00E01R4MC
Shinwa Hera Senka Super Stopper Clear Small,B00M8V57PW
SHINWA Japanese Cedar Genroku Disposable Chopsticks 21.0cm| 20 Pairs (NM-05),B005NEHSH6
Shinwa Hera Senka Taper W Stopper Large Ten,B009V3VIVC
SHINWA Pine Genroku Disposable Chopsticks 20.5cm| 20 Pairs (NM-04),B005NEHQ5U
??? ???????500mm??????????,B002K03CEO
Shinwa Hera Senka Ukigomu Yu in economical 10 Pieces,B00M8V4ZJQ
SHINWABou Bamboo Disposable Chopsticks 21cm| 15 Pairs (WB-04),B005CIYVOG
??? ?????? ???? ??????? 25-5.5m ???,B004XFWEYS
??? ????A,B001O2ZG16
SHINWA Japan Square Sunday Carpenter Ruler 11172 Size 50cm × 25cm,B07T29G82Y
Shinwa Japanese #19 Stainless Steel Protractor 0-180 degrees with Round Head,B00AGAB1P2
Japanese Combination Square by HARIMA ENTERPRISES CORP,B0184Y3MNU
Shinwa Haste Tepauki Stop Set Small People,B00EZ3XQVI
Shinwa Blood Dragon Katana and Scabbard - 1045 Carbon Steel Blade| Genuine Rayskin| Brass Habaki| Cast Metal Fittings - Length 39 1/2,B07J2PJB2J
JAPAN SHINWA Protractor Two pole Stainless steel Measuring instrument,B00NS75GM4
shinwa (Shinwa) Takumi of chopsticks cypress fine angle chopsticks 24cm 5P 073018,B00B5N086M
Stainless Steel Rule 150mm,B019JCS4JI
Shinwa Japan measurement Minisukoya with brass base 6cm 62021,B0859RBJXG
NO74481(74481),B001Q254N4
Shinwa (SHINWA) Holiday Land cooler white CBX-7L (W) by Shinwa,B01KH4WPHY
??? ?? ???????Smart(25mm?),B00E01R4I6
Shinwa Sunset Samurai Tachi Sword,B076DKNPG3
Shinwa Stainless Steel Protractor with Round Head,B001LGXN6U
??? ???????L,B002K06U5C
13293 (2000MM),B0020E49KG
Shinwa Chalk Holder - Yellow,B006MP1XBW
JAPAN SHINWA Protractor Stainless steel Pole 100mm scale,B00NRJF8QW
Shinwa Genesis Handmade Tachi/Samurai Sword - Hand Forged Damascus Steel - Historical Katana Predecessor - Traditional Wooden Saya - Functional| Battle Ready| Full Tang,B078Q8YKXT
Shinwa #4000 Grit Waterstone Slip| King,B07YX9RLHQ
??? ?????????????2M???,B001PMGVBE
??? ?????? ????SD 25-5.5m?????,B007V90O36
Shinwa Tanatoriboru green,B016GRF05A
Shinwa SH502P replacement Battery,B009DP91HG
72731 (15CM) by Shinwa,B001D7H6FQ
Shinwa Aluminum Cutter Ruler| 1000mm,B001PMGV9G
Shinwa Haste Tepauki Stop Set Small,B00M8V4JS8
ZEBRA CONSUMABLES Z-SELECT 4000T PAPER LABEL THERMAL TRANSFER 3 X 5 3 CORE 8 OD 1100 LABELS PER ROLL NOT PERFORATED 6 ROLLS PER CASE PRICED PER CASE,B001FSJ728
??? ?????C ????????? ????????,B0041CWHW2
??? ??????B-1,B002K06V06
SHINWA 21675 日本企鹅牌不锈钢直尺高精度加厚钢板尺木工尺子抛光刻度尺测量尺600MM 1,B07TJS6HLH
Japanese SHINWA Protractor Rapporteur Stainless steel Winkelmesser 62987,B0756FX7L6
Shinwa 3.50 / 9 cm Solid Brass & Stainless Steel Machinist Engineer Square 62023,B00NEARSAS
SHINWA CARPENTER'S SQUARE 30CM15CM stainless by Shinwa,B0184XXBXM
5 Zen 24cm 001806 du Japon Ukiyo-e baguettes (japon importation),B00DE2XM4M
??? ?????? ???? HG 25-5.5m?????? ?????,B004XFWEOS
??? ?????? Neo21 BRIGHT,B004NMSR24
??? ??????B30,B001PRSYVO
SHINWA Japan sliding adjustable precision bevel 300mm Multi angle degree 62569,B07PG41BX4
Disposable chopsticks cedar Rikyu 20 bowlful three sets of 60 bowlful input,B00J7ELG8A
Shinwa 12 Inch 5R Narrow and Flexible (.500 Wide x .020 Inches Thick) Zero Glare Satin Chrome Stainless Steel 5R Machinist Engineer Ruler with Graduations in 1/64| 1/32| 1/10| 1/100mm Model H-3102C,B00LYAA33E
Shinwa tree Senka Miniukigomu 0.7,B000PE6LJA
Shinwa Spatula Senka Floor prep Weights Standard Type,B0085ICRVY
Shinwa Hera Senka taper W stopper small people 10,B009V3VJ7U
??? ????????T??????? 90cm(????????????),B00HBY5X0A
Tennant 77823 Vr Plate Cover Latch Door Cab,B001PMILIU
??? ???? 8kg ?????,B006MP1ULU
??? ??????60cm,B0016VBF9C
KAI Nail Clippers Hello Kitty Japan New Standard Nipper ribbon,B07DW3J6C2
Shinwa Machinist Ruler 6 4R Graduation 3101A Hardened Stainless Steel by Shinwa,B01N55WI25
Shinwa Stainless Steel 6 Ruler,B08GGX26GV
Shinwa 12 300 mm English Metric Rigid (1.250 wide x .040 thick) Zero Glare Satin Chrome Stainless Steel E/M Machinist Engineer Ruler/Rule with Graduations in 1/64| 1/32| mm and .5mm Model H-3412C,B00LYAJRAO
SHINWA Chalk Liner Powder White 300G 77938,B07BGSQYWQ
Shinwa Co Ltd ESU-D24B Master On Device With Diagnostic Function,B074NQRCN5
Japanese Bench Chisel| 15mm,B0037MM2VS
Shinwa Hera Senka Tepauki Stop Rubber Mini,B0085ICV8S
Japanese SHINWA Vernier callipers Nonius Pocket Nogisu 100mm 19515,B071FB8T31
????????? ????EX2m,B002KBZYA8
Shinwa ZG33B replacement Battery,B009DP9266
Shinwa Brass Mini Try Square (4.5cm),B005NE00OE
Shinwa Tanatoriboru black,B016GREZBA
Japanese SHINWA Taper Welding Gauge Gage 62600 Welder Inspection Kegelmessgerät,B07VWH8SG3
Shinwa gray and black sea bream Senka float stop rubber small people,B000AQRQWY
SHINWA White Birch Genroku Disposable Chopsticks with Toothpick [Completely Sealed] 20.2cm| 20 Pairs (JS-01),B005CIYVUK
Japanese SHINWA Mini Free Angle circular saw guide rail ruler 300mm 78179,B06XKX6F3Z
??? ???? 50kg ?????,B006MP1UMO
Shinwa Tungsten Rubber Weights Large,B009V3VLZU
??? ???????500mm??????????,B002K019UI
Japanese SHINWA Vernier High Grade callipers Nonius Nogisu 70mm 19892,B0779V64XZ
??? ??????? MEGA-MAG 100mm???????,B0083DOM3W
For Copy Reduction 70 802 C-15 15cm Triangle Scale Shinwa,B001C7IEPS
NO74483(74483),B001Q20DMG
Shinwa Hera Senka Ukigomu Yu Small economical 10 Pieces,B00M8V5S9W
Shinwa range hood pack L size 3 packs included about 145 ~ 225 ~ 55mm plaid disposable lunch pack holidaymakers athletic meet,B014U6M7UU
Shinwa in Hera Senka Ukigomu,B016GRFA82
??? ?????? ????SD 25-5.5m?????? ?????,B007V90NF0
Dragon Lord Handmade Katana/Samurai Sword - Double Edged; Hand Forged Damascus Steel| 1|000+ Layers - Distinctive Custom Dragon Tsuba - Genuine Ray Skin - Functional| Battle Ready| Full Tang,B010GEGZEY
??? ???????Smart45mm,B00HBY5Y8G
Shinwa Clear Yu Stainless Steel Tube 0.8,B0085ICMR8
Shinwa Hera Senka Ukigomu clear small 0.9,B016GRF68G
Shinwa #8000 Grit Waterstone Slip| King,B07YXF885X
Shinwa 62103 Japanese Mitre Square by Shinwa,B01MXOSDII
Shinwa Hera Senka Ukigomu clear in 1.2,B016GRF7OO
??? ??????Pro450mm,B0016V9GIY
??? ??????????? 200mm ???????,B0083DOMPU
With Non-slip 1000mm Assistant Shinwaaru,B000TGFUTG
??? ?????? ???? HG 25-7.5m,B004XFWESE
?????? ????30cm?????? ???? 8?cm?,B002JQVG9W
Shinwa Disposable Chopsticks Luxury Bamboo Heaven Cut 20 bowlful Three Sets of 60 bowlful Input,B00J7EKZNM
Ceramic Pusher S,B007CFGIXE
SHINWA Happy Mate Paper Cups 205ml| 50pcs (HM-04),B00495YALW
Shinwa gray and black sea bream Senka float stopped in the rubber,B000AQRQWO
SHINWA model # 3101A Machinist 6 Hardened Stainless Steel Rule Ruler One side has graduations in 1/8 and 1/16,B00V8S7X08
??? ??????2 45cm????,B008Y8OEHK
Shinwa tree Senka Miniukigomu 1.0,B000PE4T8A
Shinwa gray and black sea bream Senka cushion bar type,B0085ICT5I
Shinwa Wellspring Handmade Tachi/Samurai Sword - Hand Forged Damascus Steel - Historical Katana Predecessor - Traditional Wooden Saya - Functional| Battle Ready| Full Tang,B0788XMXH2
#700S - Taper Gage Combo,B01EG0TF46
Product 5850,B008DUZM84
SHINWA Construction Marking Crayon7.0 Red 78464 MPC,B07G279PQS
Shinwa TA-R1-24 Lifting Bolt| M24 Metric| Minezawa 251163-12| S-680 A-450 17.00,B07KJSSXTH
?? ???4000mm,B002KCJ1LU
Shinwa SH401P replacement Battery,B009DP9036
Shinto Saw Rasp 11,B0034YWKPW
??? T????2 30cm ???? ???????,B00J2JQOYQ
Shinwa Purple Knight Ninja Katana Damascus Sword,B003JBH1KO
Shinwa Surutto Floating Swivel Large,B0085ICNPE
Shinwa Chalk Line Manual Crank Neo with Super Fine line 77964,B00PMCH8Z6
Shinwa Hera Senka Tepauki Stop Rubber Super-Mini,B0085ICVI8
Shinwa range hood pack M size 3 packs included about 185 ~ 115 ~ 50mm plaid disposable lunch pack,B014U6I3A8
??? ???????Smart 35mm,B00E01R4Q8
Shinwa 1.75 / 4.5 cm Solid Brass Stainless Steel Machinist Square 62020,B00NEB185I
??? ???A15cm,B0016VDHV6
Japanese Bench Chisel| 48mm,B0037MHYY8
??? ???B20cm,B001PRSYZA
Shinwa Hera Senka Ukigomu Small,B016GRF8E8
Shinwa White Knight Black Damascus Katana Sword Hand Forged,B00477PSBI
??? ???????300mm??????????,B002JZXI9O
??? ???B20cm,B001PRX28E
??? ?????? Neo51 BRIGHT,B004NMQTA6
Shinwa Ruler Set Square Triangular Acrylic 2 Set 30cm 300mm 75264 from JAPAN,B07BR6MRZW
19932 (150MM),B001WHFIB6
Shinwa crack scale straight 15cm type 58698 by Shinwa,B01HR320OQ
Shinwa Hera Senka Taper W Stopper midle10 Pieces,B009V3VIL2
Shinwa Hera Senka Tepauki stop in the rubber,B0085ICI4K
Shinwa Hera Senka Ukigomu Yu Large,B000AQRQW4
Japanese SHINWA Handy Black ink Line Marker Holder Case 73286 Pro Jr Plus,B07RLJMMSR
Shinwa Colossus Handmade Odachi/Giant Samurai Sword - Hand Forged Damascus Steel; Genuine Ray Skin; Dragon Tsuba - Functional| Full Tang| Battle Ready - 60,B001U2HBS6
Shinwa Ironborn Katana with Saya - Cast Iron Tsuba - Hand-Forged 1045 High Carbon Steel Blade,B073M8SX5V
62774 (NO.30),B001PRSYXM
Shinwa Hera Senka weights friend Large,B0085ICRCI
SHINWA 21674 日本企鹅牌不锈钢直尺高精度加厚钢板尺木工尺子抛光刻度尺测量尺300MM 1,B07TLW15BB
Shinwa SilkSting Handmade Shirasaya/Samurai Sword - Exclusive| Hand Forged Black Damascus Steel; Hand Lacquered Hardwood - Sleek Style| Ninja Stealth - Functional| Battle Ready - Full Tang Tanto,B003HOX2X8
Shinwa Copper Dragon Katana and Scabbard - 1060 High Carbon Steel| Copper Tsuba| Genuine Rayskin - Length 40 3/4”,B08NF9VKWH
75757 (25X50MM)(A-4),B001PRQXUI
??? ??????????300mm,B000AQQFSA
??? ????????T??????? 60cm(????????????),B00HBY5X0U
Stainless Steel Rule 300mm,B019JCR71O
Petit lunch,B0011NIVB0
SHINWA SLIDING ADJUSTABLE PRECISION BEVEL 30 45 30CM ANGLE IN DEGREE 62660 JAPAN,B06ZZJDGN3
Shinwa Machinist Ruler 6 4R Graduation 3101A Hardened Stainless Steel,B005Y0W7RA
??? ????????5????,B008M10X7E
Shinwa Ruler Aluminum Straight Arusuke With Rubber 300mm 30cm 65331 from JAPAN,B07BQWMVZL
Japanese SHINWA Handy Black ink Line Marker 73282 Jr.Plus,B07BXB6PKV
??? ????? ?????? 7.5cm,B005NE00T4
??? ??????Pro600mm,B0016V9GK2
Shinwa Katana Black Double Edge Black Damascus,B019FOLIAM
Slide Gauge 0.1~70mm 19514,B0044QG096
SHINWA 21673 日本企鹅牌不锈钢直尺高精度加厚钢板尺木工尺子抛光刻度尺测量尺150MM 1,B07TQ5W4CQ
??? ???????Neo 30cm,B007V90M0Q
Shinwa Hera Senka taper W stopper small 10,B009V3VJIY
SHINWA Japan Square Layout Miter 45 + 90 Degrees Metric Polycarbonate 62112 by Shinwa,B0186IS0FY
??? ????B,B001O2U8DC
Shinwa 62596 Japanese 10 / 25 cm Stainless Steel Sliding T Bevel Gauge,B0016V7J9M
Shinwa H-101A 150 mm Rigid (15 mm x 0.5 mm) Zero Glare Satin Chrome Stainless Steel Machinist Engineer Ruler / Rule with Graduations in mm and .5 mm,B00449491O
Shinwa Thermometer For Refrigerator A-4 ( 72692 ),B001FSJ7BO
Shinwa Hera Senka Ukigomu in Yu,B0085ICOXU
JAPAN SHINWA Square Layout Miter 45 + 90 Degrees équerre Winkel 169 x 63 x 73mm,B00OFQFI9I
Shinwa Hera Senka Weights Friend Small economical 10 Pieces,B00M8V4ZU0
Shinwa Hera Senka Super Stopper Clear Large,B00M8V4122
Shinwa urethane pipe 1m ƒÓ1.0,B016GREM7C
Shinwa Haste Tepauki Stop Set Large,B00M8V30XI
Shinwa Tungsten Rubber Weights Small,B009V3VMBS
Shinwa Hera Senka clear Yu Small,B0085ICQZG
Shinwa weather stations 72985 by Shinwa,B006MQ1NWK
#700A - Tapered Bore Gage,B01EG0TD9S
12103 (15X7.5CM),B001LGU584
??? ??????Pro300mm,B0016VBGB4
Japanese Bench Chisel| 18mm,B0037MG71E
Shinwa Chalk Holder - Pink,B006MP1XKI
SHINWA Pencil Type Marking Crayon White 3pcs 78443 JP,B07G2BRR1Q
??? ??????2000mm,B002K05K1M
Shinwa urethane pipe 1m ƒÓ0.5,B016GREKEC
Shinwa 6 4R Rigid (.750 wide x .035 thick) Zero Glare Satin Chrome Stainless Steel 4R Machinist Engineer Ruler/Rule with Graduations in 1/64| 1/32| 1/8| 1/16 Model H-3001A,B00LKUG1CK
??? ??????Pro450mmMg?,B001D7KVK8
??? ???????Revo???,B0020E9QJA
Handy Microscope 8X 30X,B0041CXY10
Shinwa Ruler Carpenter Square Small Stainless Steel 10×5cm 12101 from JAPAN,B07H6DLPFM
[ Katsushika Hokusai ] Fugaku disilicide gold goods luck Ruyi purse Fuji luck omen Purse,B00O2U08R4
??? ??????????????,B002JZXEAW
13277 (1M) (NSS-100),B001D7MNOA
Product 6151,B001FSJ7D2
Japanese Combination Square,B07VP6BPGX
Shinwa Komasebaketsu Angle of 20,B001OC61SI
Shinwa Blue Knight Handmade Katana/Samurai Sword - Hand Forged Damascus Steel| More Than 1|000 Layers - Distinctive Custom Cast Tsuba - Faux Ray Skin - Functional| Battle Ready| Full Tang,B00GXGN9MQ
SHINWA Japanese Cedar Rikyu Disposable Chopsticks 20.5cm| 20 Pairs (NM-02),B005NEHSI0
??? ???? 15kg ?????,B006MP1UL0
JAPAN SHINWA measurement moulage gauge ruler form contour model 150mm 77970,B00OFQ9MO0
Shinwa Surutto cushion bar,B016GREVC8
Japanese SHINWA Digital Vernier callipers Nonius Nogisu 100mm 19974 with Hold,B077K89PB8
Japanese SHINWA Square Layout Miter ruler 45+135 Degrees carpenter Winkel 62060,B07G77SGMX
Japanese SHINWA 62009 Full Machinist square Sukoya 150mm front & back,B07FFXYT5Z
Japanese Bench Chisel| 21mm,B0037MF8S2
Shinwa 6 5R Narrow and Flexible (.500” wide x .020” thick) Zero Glare Satin Chrome Stainless Steel 5R Machinist Engineer Ruler / Rule with Graduations in 1/64| 1/32| 1/10| 1/100 Model H-3102A,B00LYA8Y1M
Shinwa Blue Folded Damascus Odachi Sword,B0743GM1H6
78997 (A-150),B000W9KWPC
13269 (60CM) (NSS-60),B000TG8O2G
Shinwa Hera Senka Clear Yu Large economical 10 Pieces,B009V3VKEC
Japanese Shop Hammer| 13 Oz.,B0037MHXVW
??? ????-?2m,B002KCDSE6
Slipstone| Waterstone| 1000 Grit,B00J9B2UYA
Shinwa SG-066 red rice pack small angle 10P (japan import),B00EH7DXJM
shinwa (Shinwa) in clear pack 100P SG-033,B00B5N02XG
Sliding T Bevel 10 Blade,B0037XWC4O
Shinwa Dark Knight Damascus Steel Katana,B01M2YIPUP
??? ??????????????,B000AQSCZY
Shinwa mini tomato Shirakaba Genroku chopsticks with knob 20 sets,B0011NKVCM
Shinwa [Buying] Set Japan Production Kaga of Pine Rikyu Chopsticks 1 Pack 20 bowlful ¡Ñ 10 Pack Total of 200 bowlful 088074,B00E5SMKEM
Shinwa in The Tungsten Rubber Weights,B009V3VLBE
13285 (1500MM),B001D7RLB0
Japanese Square Layout Miter 45 + 90 Degrees équerre Winkel SHINWA 62112,B07F82D3TW
Japanese SHINWA Square Layout Miter 45 + 90 Degrees équerre Winkel 62114 Japan,B07DK6YVCD
Japanese Square Layout Miter 45 + 90 Degrees équerre Winkel SHINWA 62113,B072BP8NZF
Shinwa Hera Senka Super Stopper in Clear,B00M8V5A8Q
??? ??? ????D-9 ??,B001FSJ74G
Shinwa Hera Senka in clear Yu economical 10 pieces,B009V3VK0G
Shinwa (SHINWA) Holiday Land cooler light blue CBX-17L (LBL) by Shinwa,B01KH4ICYO
Shinwa Makaku Katana/Samurai Sword - Hand Forged Damascus Steel - Custom Cast Macaque Monkey Tree Tsuba - Genuine Ray Skin; Hand Lacquered Saya - Fully Functional| Battle Ready| Full Tang,B00473Z0RO
??? ???? 20kg ?????,B006MP1UM4
Shinwa range hood pack deep 3 packs included about 120 ~ 120 ~ 62mm plaid disposable lunch pack,B014U6DL3W
??? ?????Revo ??????? by Shinwa,B01LW0K464
Product 46751,B007MUO8UO
??? ??????? MEGA-MAG 100mm??????? by Shinwa,B01KH4FJXG
[ World Cultural Heritage ] Netsuke combined red Fuji strap ™ Hasami grilled Netsuke,B00I7L04GO
??? ????EX??? 1.5m,B002KC02Q8
Shinwa Hera Senka super stopper clear small people,B016GRFMWQ
??? ?????? Neo11P BRIGHT,B007V90M0G
??? ?????? ????SD 25-5.5m ?????,B007V90NH8
Shinwa Misumi PQSP16-47 Fall-Stopper Units| Urethane| 16 mm Punch Diameter,B07QWZWX8Z
Two put one push Best toothpick holder toothpick,B00J7ELDTC
??? ?? ???????Smart(35mm?),B00E01R4QS
65374 (600MM),B000TGFUSW
Shinwa ZG33B Battery,B00572A4LG
Shimioshi OC Master SMZ-01R,B07W4J87CT
??? ???????Revo???Mg?,B0020E69VS
Shinwa Hera Senka Ukigomu Large,B016GRF9IS
[ World Cultural Heritage ] Fuji ™ divine favor full marks fan of strap ( Silver ),B00GGGESFK
??? ???600mm,B002K03NRA
Ryoba Saw| 300mm (11-3/4),B003F093PU
Shinwa Protractor No.182 Hard Chrome Finish 90 100mm　62901,B084G3GS16
??? ???????S,B002K06SDG
Shinwa Incendiary Handmade Katana Samurai Sword - Exclusive Hand Forged Red and Black Damascus Steel - Genuine Ray Skin - Ornate Tsuba/Guard Design - Fully Functional| Battle Ready,B0778MFRJW
Shinwa SH501P replacement Battery,B009DP90D6
Shinwa Royal Warrior Handmade Katana/Samurai Sword - Hand Forged Damascus Steel| Hamon - Razor Sharp| Full Tang - Fully Functional| Ninja Bold - Faux Ray Skin| Cord Wrap| Custom Wing Tsuba Design,B074PVRFLG
Shinwa urethane pipe 1m ƒÓ0.3,B016GREJBG
??? ????????T??????? 30cm(????????????),B00HBY5X00
SHINWA Protractor Acrylic 360 15CM 74926,B06ZYYBN6B
shinwa (Shinwa) rice balls pack three 100P SG-026 by Shinwa,B01KH578IO
Shinwa Sword Cleaning Kit,B004744V4G
Shinwa (SHINWA) Holiday Land cooler white CBX-17L (W) by Shinwa,B01KH4LVS8
Shinwa ZG33 replacement Battery,B009DP91SK
Shinwa Black Komodo Handmade Tanto/Samurai Short Sword - Hand Forged 1045 Carbon Steel - Mother of Pearl Dragon Inlay; Black Hand Lacquered Hardwood; Shirasaya Mounting - Ninja Stealth - Full Tang,B077ZD4325
??? ?????????60×30cm,B002KCDSCI
Shinwa 12 4R Rigid (1.250” wide x .040” thick) Zero Glare Satin Chrome Stainless Steel 4R Machinist Engineer Ruler / Rule with Graduations in 1/64| 1/32| 1/8| 1/16 Model H-3001C,B00LY9OYSU
SHINWA Japan 12427 Ruler Holder Mug catch type,B07T4GBCJ4
Disposable chopsticks bamboo 15 bowlful three sets of 45 bowlful,B00J7EL2KW
??? ??????????????????,B001D7KU86
??? ??????????30cm,B000TGAS7A
Robert Larson Co Wrap Around Mitre Square,B0034YZZ2C
Japanese SHINWA Vernier High Grade callipers Nonius Nogisu 100mm 19894,B082D128VT
??? ??????????50cm,B000TGAK00
Shinwa White Emperor Katana Damascus,B00ATPDG9S
??? ????????????H-5????,B001CKSHIO
??? ??????? MEGA-MAG 150mm???????,B0083DOM5U
??? ????F-2 ???? ??15cm??????,B0041FIFRK
Shinwa jagged plate weights S,B0085ICQPQ
SHINWA Japanese Cedar Genroku Disposable Chopsticks 21cm| 50 Pairs (KW-01),B005NEHSG2
Shinwa tree Senka Miniukigomu 0.5,B0085ICVQ0
Shinwa crack scale straight 15cm type 58698 by Shinwa,B01N8Z4OZH
??? ?????? ????SD 25-5.5m??????,B007V90O3Q
Sliding T Bevel 10 Blade| Model: | Tools & Outdoor Store,B016T9IZ3E
??? ??????A-2,B002K05EEA
SHINWA Japan 62081 Miter Square Metric Stainless Steel Standard Model Carpenter,B07GDJ956G
SHINWA Bamboo Disposable Chopsticks Professional-use 21cm| 100 Pairs,B005NEHUQK
??? ????????A,B001FSJ7CI
??? ???????200mm??????????,B002K01778
Shinwa Hand Forged Imperial Samurai Sword with Scabbard,B073M7V5S6
??? ?????????2???(?????),B00B2DLSOG
Shinwa japanese Stainless Steel Protractor with Round Head by Shinwa,B01IU6VENM
??? ??????????? 150mm ???????,B0083DOM5A
Shinwa Purple Empress Short Samurai Sword,B076YCBWH2
Shinwa H101-C 300 mm RigidZero Glare Metric Machinist Ruler/Rule Scale .5 mm & mm Markings,B00448XC8G
Shinwa handmade traditional crafts Sambo No. 5 red frame laid with paper (box ON) -,B01KGZV8XG
??? ???? 2kg ?????,B005177RSU
??? ???? 500g ?????,B005177RQM
Shinwa 6 3R Rigid (.750” wide x .035” thick) Zero Glare Satin Chrome Stainless Steel 3R Machinist Engineer Ruler / Rule with Graduations in 1/64| 1/32| 1/10| 1/50 Model H-3302A,B00LY9RY50
??? ??????30cm???,B000TGJKOC
SINWA Shinwa measurement Handy choke line Neo Automatic winding fine thread Valencia Orange 77963 4960910779631,B000CNOXGM
14028 (300MM) by Shinwa,B001D7PTBY
Shinwa Hera Senka Weights Friend Large economical 10 Pieces,B00M8V4UA0
??? ?????? ???? ??????? 25-5.5m????????,B004XFWEU2
??? ?????1000mm,B001D7NU8I
??? ????C?? 2?,B0016V7M0S
Shinwa Product 6238,B0016V5L1K
SHINWA 21676 日本企鹅牌不锈钢直尺高精度加厚钢板尺木工尺子抛光刻度尺测量尺1000MM 1,B07TJRHG3R
SHINWA Fiber Folding Scale Measure 5jounts 1000mm 78605,B072JK7G7B
SHINWA Carpenter's Square Scale S Hollowed 30x15cm 12130,B072Q1MRFZ
Shinwa Japanese #19 Stainless Steel Protractor 0-180 degrees with Round Head by Shinwa,B01LYZMD8Y
Shinwa Hera Senka lightweight Salquin minimum,B0085ICP4S
Shinwa H101-E 600 mm RigidZero Glare Metric Machinist Ruler/Rule Scale .5 mm & mm,B004490TNQ
Japanese SHINWA Digital Vernier callipers Nonius Nogisu 150mm 19975 with Hold,B06XSGG9FH
Shinwa gluten ball 1000 Blue Large,B016GREQJ6
??? ?????? ???? ??????? 19-5.5m ?????,B004XFWES4
Shinwa Noble Midnight Samurai Sword,B078NZ76JP
Shinwa Hera Senka Tepauki stop rubber Small,B0085ICIF4
Shinwa crack scale Clear type 58697 Crack inspection of concrete made in japan,B001PRV22C
Shinwa 150 mm Rigid (15 mm x 0.5 mm) Zero Glare Satin Chrome Stainless Steel Machinist Engineer Ruler/Rule with Graduations in mm and .5mm Model 13005,B00LYA3OBC
62510 (300MM),B0016V7J7Y
SHINWA Japan 62189 Miter Square Metric Stainless Steel Standard Model Carpenter,B07PKG8F2C
Shinwa Hera Senka Tepauki stop rubber small people,B0085ICILI
Shinwa Chalk Holder - Blue,B0030ALTQ6
Japanese SHINWA Handy Black ink Line Marker Jr. LITE 73302,B07RH6FKTZ
SHINWA Construction Marking Crayon7.0 White 78464 MPC,B07G24PFVS
Japanese SHINWA Handhold Chalk Line Neo 77963,B07Y32PZJK
Shinwa Hera Senka clear Yu small economical 10 pieces,B009V3VKNS
Shinwa 62103 Japanese Mitre Square,B0012XU0J0
??? ???????300mm??????????,B002K06WIW
Shinwa Hera Senka Ukigomu Yu Small,B0085ICPOS
Disposable chopsticks luxury bamboo Toshihisa 20 bowlful three sets of 60 bowlful input,B00J7EKZNW
Shinwa H-3412A 6 150 mm Rigid English Metric Zero Glare Satin Chrome Stainless Steel E/M Machinist Engineer Ruler/Rule with Graduations in 1/64| 1/32| mm and .5 mm,B0044948CY
Japanese Shinwa Circular Saw Guide Ruler Justy Ii 23cm 78176 Material: Stainless steel,B06WVTHP6Y
shinwa (Shinwa) Takumi of chopsticks cypress Sai chopsticks 35cm 1P 073032,B00B5N06VE
Shinwa Ruler Straight Stainless Steel 150mm 15cm JIS 14001 from JAPAN,B07BQVZV4Z
Shinwa 01YC1085 Yajima Core Assembly| MCS 85 94220-00500 C-0368 M5,B082J6CFR5
SHINWA Divide Craft Tool Scribe Carbon Steel Tip Compass Scriber 10cm 77517,B084G3BQS5
74950 (30CM)(SS-30),B0016V9FP8
Japanese Bench Chisel| 9mm,B0037MF87S
Shinwa Ruler Straight Silver With Stopper 150mm 15cm 76751 from JAPAN,B0772FPLPR
SHINWA Square 50cm Carpenter Square 10373,B07227VBQW
Shinwa Digital Thermometer D 72946 by Shinwa,B001FSJ7CS
??? ??????A-1,B002K0163I
SHINWA 21573 日本企鹅牌不锈钢直尺钢直尺高精度直尺加厚钢板尺亚光刻度尺测量工具150MM 1,B07TKTH5PQ
SHINWA Crack Scale Measure Card 58699,B074FXRS1D
SHINWA 21574 日本企鹅牌不锈钢直尺钢直尺高精度直尺加厚钢板尺亚光刻度尺测量工具300MM 1,B07TP2BL5Y
Tajima scraper L200 compatible replacement blade L type J type SCR-L200 Japan,B0752QWQMJ
Japanese SHINWA sliding adjustable precision bevel équerre 450mm SUKOYA 62529,B07PF5W7DX
Shinwa range hood pack S size 3 packs included about 85 ~ 115 ~ 50mm plaid disposable lunch pack,B014U6P3ZG
??? ????????Jr. ??? ? (????),B00A7IU4JW
Carpenter's Square,B006MP1XHG
Shinwa Japanese 10 Stainless Steel Sliding T Bevel Gauge by Shinwa,B01N1TJLH2
??? ???? 10kg ?????,B005177RRQ
Japanese SHINWA 78217 Free angle circular saw guide rail ruler 300mm scie säge,B07P5SHP89
??? ??????A-4,B002K0174Q
Straight Scale,B002K011QK
SHINWA 500g Spring scale 74451,B071NXQVXB
??? T????2 45cm ???? ???????,B00J2JQLUS
65358 (450MM),B001LH1JR4
Shinwa Clear Yu Stainless Steel Tube 0.6 Another Election,B00M8V01OY
?????? C-30 30cm??????,B001C7D04S
shinwa (Shinwa) business paper cup 150ml 100P BC-02 by Shinwa,B01KH4WQ5K
Shinwa Hera Senka clear Yu Large,B0085ICQ38
SHINWA Mini Sukoya Square measurement Aluminum Stainless steel 200mm 74110,B07PG41QBH
Japan Handmade Traditional Shrine Table Sambo,B00G1WZYP2
Shinwa stick thermometer 30cm 200 degree 72 911 (japan import),B001FSJ7EG
Japanese Umebachi Ryoma Kogatana Craft KNIFE Steel 90mm from JAPAN,B0752QMW48
NEW SHINWA ASLC225 ASLC-225 LIGHT CURTAIN RELAY BOX|EQ,B01D1GY2TY
??? ?????? ????? 1.2m?????????,B005WFD7S0
??? ?????5m,B002KCHEZ0
??? ?????? Neo41 BRIGHT,B004NMUQUU
Ceramic Pusher S by Shinwa,B0195NFA8O
Shinwa Round Noko Guide ruler El Angle Fit 15 cm 78034 Japan,B0771MQV5V
14036 (600MM),B001D7PTCI
SHINWA CARPENTER'S SQUARE 30CM15CM stainless,B007MUO8K4
SHINWA T Sliding 45cm Scale 73738,B0796TRL51
??? ????-?1m,B002KCFF3I
Shinwa jagged plate weights M,B0085ICQEW
??? ?????? ???? HG 25-5.5m??? ?????,B004XFWEOI
Of Windows Posters three-piece set world cultural heritage Fuji New Bathing landscape,B00LL3RL0M
Shinwa 73284 Ink Bottle Line Jr. Plus 30 m Japan Reel by Hand Rolled Liner Black,B07DNXPMKC
straight ruler jis1 grade 30cm 13013,B000TGFF8C
Shinwa Hera Senka floor preparative weights lightweight type,B0085ICV06
??? ??????????? ???????H-6 ????????,B0041CUOVS
??? I??????????1m,B0020EF61C
??? ?????H-9,B0020E9YC4
Ryoba Saw| 210mm (8-1/4),B003F0G5TW
Japanese Shop Hammer| 4 Oz.,B0037MG6BU
Shinwa Hera Senka Ukigomu clear large 1.5,B016GRF708
??? ?????H-10,B0020E6HRY
??? ???????Revo????,B0020E9QKO
??? ???1m?????,B002K07BMI
SHINWA Mechanical pencil Designing 0.5mm 77798,B0751G5KMS
??? ?????????1m×60cm,B000W9FN7E
Shinwa Dogwood Flower Katana with Scabbard - 1045 Carbon Steel Blade| Cast Metal Alloy Tsuba| Brass Habaki| Genuine Rayskin - Length 39 1/2,B07WTL6TC2
??? ???? 30kg ?????,B006MP1UNS
??? ???????100mm??????????,B002K015HA
Japanese SHINWA Digital Vernier callipers Nonius Nogisu 100mm 19978,B07FK2DV97
??? ?????D ????? ????????,B005HSLUOA
Shinwa TA-R1-30 Lifting Bolt| M30 Metric Size| S-1010 A-650,B082J5NKK1
JAPAN SHINWA Taper gauge Hole diameter/Pore size/Gap measurement,B00NRKUYY2
Vernier Caliper,B004XFWEZW
??? ??3??? 20m? ????????,B00AST6B3S
??? ???45cm?????,B002KCOM9Q
SHINWA 21575 日本企鹅牌不锈钢直尺钢直尺高精度直尺加厚钢板尺亚光刻度尺测量工具600MM 1,B07TMYRG99
