Pentel Refill Ink for BK90 Pentel R.S.V.P. Ballpoint Pen| Fine Line| Black Ink| 2-Pack (BKL7-A),B001AFQ1JS
Pentel EnerGel Deluxe RTX Liquid Gel Ink Pen Set Kit (0.7mm 6 Pack/Bundle| Violet),B07CHR55YT
Pentel EnerGel NV Liquid Gel Pen| 1.0mm| Bold Line| Capped| Metal Tip| Blue Ink| 1 Pack (BL30BPC),B00CEC0LNS
Pentel EnerGel Deluxe RTX Retractable Liquid Gel Pen| 0.7mm Medium Line| Needle Tip| Black| Pack of 6,B01N4B0IJK
Pentel Ain Mechanical Pencil Leads 0.3mm 2B| 5 Pack/total 75 Leads Value Set,B071KWWWNC
Pentel EnerGel NV Liquid Gel Pen| 0.7mm| Medium Line Capped| Metal Tip| Black Ink| Box of 12 (BL27-A),B005Y0T8C2
2 Tubes PENTEL Super Hi-Polymer Lead 0.7 mm RED,B00KQTERCC
Pentel Graphlet Mechanical Pencil| 0.9mm| Yellow Cap| Box of 12 (PG509GD),B00LWFIHFC
Pentel Sparkle Pop Gel Pen| 1.0mm Bold Point| Gold-Light Gold Ink (K91-DX),B07G182KMK
Pentel Art Brush red XGFL-102,B0090UJH00
Pentel Refill Lead Cartridge for Quick Dock and 3 Erasers| 0.5mm (QDR5LE3BP),B002JFP19E
Pentel Oh! Gel Pen| Refillable| Medium| Black Ink (K497-A),B00496JQHO
Pentel 2 X Mechanical Pencil| Retractable Tip| Latex Rubber Grip| 0.7mm| Black (PENPL77A),B01253WCH8
Pentel EnerGel Gel Ink Pen| (1.0mm)| Bold Point| Metal Tip| Black Ink| 2 Pack (BL60BP2A),B005PFEOAM
Pentel EnerGel RTX Retractable Liquid Gel Pen 0.5mm Fine Line Needle Tip Black Ink Pack of 15,B01NCIQSN3
Pentel Graph Gear 1000 Automatic Drafting Pencil| 0.5mm Lead Size| Brushed Metal Barrel| 1 Each (PG1015A),B011KGHK96
Pentel Mechanical Pencil Orenz with Rubber Grip 0.2mm| Orange Body (XPP602G-F),B012QHRHH8
Pentel Arts 8 Colour Pencil Lead Refill| Yellow| 24 Pieces of Lead (CH2-G),B00JS8IQIS
Pentel Sharp Automatic Pencil,B01MYCH8YY
Pentel Arts Oil Pastel Set| 5/16 x 2-7/16 Inch| Assorted Colors| Set of 36,B0016P086O
Pentel EnerGel 3 Multi-Function| 3-Ink Gel Pen| (0.5mm) Fine Line| Gray Barrel - BLC35N,B079Q7HTFJ
PENMSP60ZV - Pentel Outline Marker,B001AEN30E
Pentel QUICK CLICK Pop Mechanical Pencil| (0.7mm) Medium 2B Lead| Black Barrel w/Sky Blue Trim Box of 12 (PD217AS),B07W5RJQZX
Pentel EnerGel Deluxe RTX Retractable Liquid Gel Pen| 0.7mm Medium Line| Metal Tip| Blue| Pack of 6,B01N5CGYAH
Pentel Fude Brush Pen| Bold (XFL2B),B0013ND6TK
Pentel Ballpoint Pen Vicuna| Fine| Black Ink| Black Body (BX157A),B003SCOEPE
Pentel Liquid Gel Pen| Refillable| 0.7mm| Blue Barrel/Ink (PENBL57C),B000E7BHJ2
Pentel Twist-Erase EXPRESS Mechanical Pencil 0.7mm| Pink Barrel| Box of 12 (QE417P),B01EN0H5M8
Pentel EnerGel X BL107 - Retractable Liquid Gel Ink Pen - 0.7mm - 84% Recycled - Purple - Box of 12,B01MDV535D
Pentel Rsvp Stylus Ballpoint Pen| Medium Line| Blue Ink| Pack of 2 (BK91LBP2C),B01G7IAXYQ
Pentel Ain Mechanical Pencil Leads 0.2mm 2B| 5 Pack/total 100 Leads Value Set,B071DQRN4S
Pack of 3 Pentel Energel RTX with Stars & Stripes Style 0.7mm Medium Point Liquid Gel Pens (Black),B07467TR1Y
Pentel WOW! Colors Retractable Ballpoint Pens| Medium Line| Assorted Ink Colors| 8 Pack (BK440BP8M),B002JPSZ60
Pentel EnerGel-X Retractable Liquid Gel Pen (0.7mm) Metal Tip| Sky Blue Ink| Box of 12 (BL107-S),B00822DVO0
Pentel RSVP Super RT Ballpoint Pen| (1.0mm) Medium Line| Assorted Ink (DPSV)| 4-pk - BX480BP4M1,B07D4Z1XJY
Pentel EnerGel Tradio Pearl Gel Ink Pen| (0.5mm)| Needle Tip| Green Ink| Box of 12 (BLN115W-D),B01196MDJE
Pentel Refillable Pocket Brush Pen - with 2 Gray Ink Cartridges - Black Barrel,B07FMBT36H
Pentel Graphgear 1000 Gold Mechanical Pencil 0.5mm limited Edition Color (Gold),B07N7SR5Y4
Pentel Krazy Pop Iridescent Gel Pen| (1.0mm) Bold Line| Pink & Metallic Blue Ink (K91-DCP),B07W7W8M2X
Pentel Sharp HD Mechanical Pencil (1.3mm)| Dark Blue Barrel| (1) Super Hi-Polymer Lead Refill (AM13LBP),B07NVY29H3
Pentel EnerGel Deluxe RTX Liquid Gel Ink Pen Set Kit| Pack of 3 with 4 Refills (Brown - 0.7mm),B0713QTMMP
Pentel Twist Erase EXPRESS Automatic Pencil| 0.7mm Lead Size| Violet Barrel| Box of 12 (QE417V),B0026ZPWUK
Pentel Refill Ink - For EnerGel PRO Permanent Gel Pen| (0.7mm) Medium Line| Red Ink - LRP7-B,B016Q6PV7I
Pentel R.S.V.P. RT New Retractable Ballpoint Pen| Medium Line| Black Ink| 2 Pack (BK93BP2A),B0042ET0KQ
Pentel Sharp,B002VKXAY0
Pentel RSVP Ballpoint Pen| (0.7mm) Fine Line| Flag Barrel| Black Ink|12 pack (BK90USA-A),B071Z17VRY
Pentel BK90BP2B RSVP Red Ballpoint Pen 2 Count,B00SAHXU34
PEN100W - Pentel Felt Tip White Marker,B000IGU0XS
2 Tubes PENTEL Super Hi-Polymer Lead 0.5 mm 4H,B00KQTCLJ8
Pentel Arts Sign Pen Touch| Fude Brush Tip| Red Ink| Box of 12 (SES15C-B),B00BUZ3042
Pentel 3 X Mechanical Pencil| Retractable Tip| Latex Rubber Grip| 0.7mm| Black (PENPL77A),B01253WH0A
RSVP RT Pastel Barrel| Retractable Ballpoint Pen| (1.0mm) Med| Assorted Ink (6-Pk),B01N9VYPFL
Pentel Graph Gear 1000 Automatic Drafting Pencil| 0.9mm Lead Size| Brushed Metal Barrel/PG 1019/ + Pentel Ain Clic Retractable Pen-type Triangle Eraser + Strength & Deep & Smooth Uni 0.9mm HB Top quality Diamond Infused Leads [Nano Dia-36 Leads] for Professional Value Set,B00NBFCGY4
Pentel Refill Ink - For EnerGel PRO Permanent Gel Pen| (0.7mm) Medium Line| Blue Ink - LRP7-C,B016Q6P01U
PENTEL ENERGEL Needle TIP Black BLN25-A,B0076WW9QI
Pentel EnerGel 0.5mm Needle Tip Green Ink Liquid Gel Pens (BLN75-D) - 6 Pack,B07R112J3K
Pentel(R) Super Hi-Polymer(R) Leads| 0.5 mm| H| Medium| Black| Tube Of 12,B00006IEG4
Pentel Refill Ink for BK91 RSVP Ballpoint Pen| Medium Line| 24 Pack| Burgundy (BKL10-BG),B071Z17SN8
Pentel Twist-Erase III Automatic Pencil| 0.9 mm| Black (QE519A),B001B0D55A
Pentel Refill Erasers Tubes of 4 Ref Z2-1 [Pack of 12],B000SHV7OI
Pentel Mechanical Pencil| Orenz| with Metal Grip| 0.3mm| Navy (XPP1003G-C),B019U2VB3S
Pentel EnerGel XM BL77 - Retractable Liquid Gel Ink Pen - 0.7mm - 54% Recycled - Blue - Box of 12,B01M309APL
1 Set of 8 Pentel 2mm Color Refills for PH158 Bible Highlighter Pencil Quality Product Made in Japan,B01AT27IWQ
(3) Pentel Energel Alloy Retractable Liquid Gel Pen| (0.7mm) Medium Line| Navy Blue Barrel| Red Barrel| Black Barrel 1-Pk Black Ink,B07T15DQSQ
Pentel EnerGel FLASH! Liquid Gel Stick Pen| (0.7mm) Medium Line| Metal Tip| Blue Ink| 12 pack (BL417C-C),B0711JV94G
Pentel Click Hyper Eraser (ZE32-Y),B0013NHT16
Pentel EnerGel RTX Retractable Liquid Gel Pen 0.5mm Fine Line Needle Tip Black Ink Pack of 5,B00X8YOQT6
Pentel Bkc10bpa Black Medium Point Client Ball Point Pen Refill 6pK,B0065CMAI2
Pentel Super Hi-Polymer Lead Refills| 0.7mm| HB| Black| 30 Leads/Tube,B00I3N82EW
Pentel PHN-12 Arts Oil Pastels Assorted Colors 12 Count,B00QFXU0H4
Pentel Wow! Retractable Liquid Gel Pens| Medium.7mm Metal Tip| Blue ink| 25 Pens,B01M04N4S7
Pentel Mechanical Pencil Lead| Ain Stein| 0.5mm| 2H (C275-2H),B004NNM5CQ
Pentel JOLT Automatic Pencil| 0.5mm| Orange Accents| Box of 12 (AS305F),B004W6JPBS
Pentel Mechanical Pencil Graph1000 0.5mm Red,B00AM9O9WY
Pentel Rsvp Stylus Ballpoint Pen| Fine Line| Blue Ink| Pack of 2 (BK90LBP2C),B01G7IAYF4
Pentel Super Hi-Polymer Lead Refill 0.2mm| Super Fine| HB| 12ct. Tubes| 2 Pack (C502BP2HB),B01IN8QCIY
Pentel Super Hi-Polymer Lead Refill 0.5mm Fine| 2B| 36 Pieces of Lead (C505BP32B-K6),B00006IEGJ
PENMSP60ZD - Pentel Outline Marker,B0013CK90K
Pentel Z21bp-K6 White Pencil Eraser Refills (Pack of 6),B00LTYM4SM
Pentel Arts Color Brush| Red| 1-Pack (GFLBP102),B002PIE2V8
Pentel Arts Sunburst Metallic Gel Pen| Medium Line| Gold Ink (K908BPX),B00JS8J3JE
Pentel EnerGel Deluxe RTX Retractable Liquid Gel Pen|0.5mm| Fine Line| Needle Tip| Black Ink / Silver Body /Value set of 10,B01DBGFGL2
Pentel EnerGel Alloy RT - .7mm Metal Tip| Black Ink| Pink Barrel (Lot of 12),B01J8YWQ4Q
Pentel Quick Dock 0.7mm Mechanical Pencil| Carded| Pack of 2 (QD7EBP2),B00F7PS1BI
3Set of 5 X Pentel EnerGel Deluxe RTX Retractable Liquid Gel Pen- 0.7mm- Fine Line-Metal Tip Blue-Ink /Total 15Pens Package,B01MSDNHKF
Pentel Metallic Lead CH213MB Extra Thick 1.3mm 4 Leads Per Tube Red,B00ZGLUBAW
PENPD277TBP2PBC - Pentel Twist-Erase Click Breast Cancer Awareness Mechanical Pencil,B004E3IIIK
Pentel Graph Gear 1000 Mechanical Drafting Pencil 0.9mm Yellow (PG1019),B0013NFZVW
Pentel EnerGel Deluxe RTX Retractable 0.7mm Fine Line Metal Tip Liquid Gel Pen | Black Ink| 3 Set| 5 pens per set,B01NAZGDP6
Pentel EnerGel FLASH! Liquid Gel Stick Pen| (0.7mm) Medium Line| Metal Tip| Black Ink| 12 pack (BL417-A),B0722WK857
Pentel AinCLIC Stick Type Knock Eraser| Metal Red (XZE15-MB) + Eraser Refills×2 Packs/Total 2 Refills(Japan Import) [Komainu-Dou Original Package],B01DNAZGOS
Pentel Mechanical Pencil Orenz 0.2mm (Navy) Xpp502-C2,B07KCG3XYS
Pentel Energel Philography - Boxed Deluxe Retractable Rollerball Pen - Navy Blue,B078JW4N9W
Pentel Energel Infree Gel Ink Ballpoint Pen 0.5mm| Needle Tip| Black Ink| 5 Pen Set(Japan Import),B07W444TZZ
Pentel Graph Gear 1000 Automatic Drafting Pencil| 0.3mm Lead Size| Brushed Metal Barrel/PG 1013/ + Pentel Ain Clic Retractable Pen-type Triangle Eraser + Strength & Deep & Smooth Uni 0.3mm HB Top quality Diamond Infused Leads [Nano Dia-15 Leads] for Professional Value Set (With Our Shop Original Product Description),B00NBF3FX0
Pentel Twist-Erase Click Mechanical Pencil,B007YCNUJK
Pentel Mechanical Pencil| Graphlet| for Draft| 0.9mm (PG509-GD),B0017OP2E2
Pentel Hi-Polymer Lead| 0.7 mm| Medium| 2H| 12/Pack| Black (PEN502H),B0006HXK5E
Pentel Ain Stein Mechanical Pencil Lead| 0.5mm HB| 40 Leads (C275-HB),B004NNPWCG
Pentel Refill Ink for BK90 Pentel R.S.V.P. Ballpoint Pen| Fine Line| Pink Ink| 2-Pack (BKL7-P),B0006HXOC8
Pentel Refill Ink for EnerGel Liquid Gel Pen| 0.7mm| Needle Tip| Violet Ink| Pack of 1 (LRN7-V),B005O6588E
Pentel Philography Pen Turquoise Blue,B01LRWIJXO
Pentel Arts 8 Color Automatic Pencil| Assorted Accent Clip Colors| 1 Pencil (PH158) (1 Pencil + Refills),B00HNWBLO2
Pentel Arts Pocket Brush Pen| Includes 2 Black Ink Refills (GFKP3BPA),B002LJRKN8
Pentel Sunburst Metallic Gel Pen| Medium Line| Permanent| Assorted Ink| 5 Pack (K908MBP5M1),B004FLKOY2
Pentel Hyper G Retractable Liquid Gel Pen| 0.7 Millimeter Medium Tip| Violet Ink| Box of 12 (KL257-V),B001TDKOQ2
Pentel Mechanical Pencil| Kirari| 0.9mm| Violet (XP209-V),B00FXM22WE
Pentel Graphgear 1000 Drafting Pencil PG1014 0.4 mm (Set of 3 pens),B01AC7OO5C
Pentel Arts Sharp HD Mechanical Pencil (1.3mm)| Dark Blue Barrel| (1) Super Hi-Polymer Lead Refill (AM13PABP),B07Q8VQKT4
Pentel Graph Gear 1000 Automatic Drafting Pencil| 0.5mm Lead Size| Brushed Metal Barrel/PG1015/ + 4 Refill　Erasers　＋　Strength & Deep & Smooth Uni 0.5mm HB Top quality Diamond Infused Leads [Nano Dia-40 Leads] for Professional Value Set,B00NBEDPYA
Pentel Mechanical Pencil| Orenz| with Metal Grip| 0.2mm| Black (XPP1002G-A),B019U2V7WS
Pentel(R) Super Hi-Polymer(R) Leads| 0.7 mm| H| Medium| Black| Tube Of 12,B00006IEG8
Pentel Gel Ink Ballpoint Pen ENERGEL Clena 0.5mm (Black Ink) [Classical Pink] x 2 pieces (Japan Import),B07DJ1MGFQ
Pentel Drafting Pencil Graph for Pro| 0.4mm (PG1004),B0013NFZTO
Pentel Arts Color Brush Pigment Refills| Black Ink| Pack of 2 (FRPBP2A),B016PE4VG8
Pentel EnerGel Deluxe RTX Retractable Liquid Gel Pen|0.5mm| Fine Line| Needle Tip| Blue Ink /Blue Body/Value set of 5 (15-Pack),B0753LNB2W
Pentel BK91L-C R.S.V.P. Stylus Medium Ballpoint Blue Ink Pens - 6 Pack,B084T42DG2
Pentel Twist-Erase Click Contains (6) 0.7mm Automatic Pencils| (6) Extra Long Eraser Refills & (3) Tubes of 12 count lead) New Design| 1 lb,B00LW3OWAS
2 Pk Pentel LR7-V EnerGel Refills| 0.7 mm Medium| Violet,B00KQTCZPS
Pentel Mechanical Pencil Lead| Ain Stein| 0.5mm| 4H (C275-4H),B004NNPWFI
Pentel Energel Philography - Boxed Deluxe Retractable Rollerball Pen - Black,B078JQ9C3J
Set of 3 XFDP-3P Pentel brush design (japan import),B0057UH5L0
Pentel Mechanical Pencil| Orenz| with Metal Grip| 0.2mm| Navy (XPP1002G-C),B019U2V8JA
Pentel EnerGel Deluxe RTX Liquid Gel Ink Pen Set Kit| Pack of 3 with 4 Refills (Turquoise - 0.7mm) …,B07146KBVR
Pentel Arts Sign Pen Touch| Fude Brush Tip| Assorted Colors| Pack of 6 (SES15CBP6M),B01FUMSVLM
PENTEL AIN STEIN LEADS 0.5MM HB TUBES 40 (Pack of 12),B00940G9VG
Pentel P1037A 0.7mm Sharp Kerry Mechanical with 1 Tube of Lead and 1 Tube of Eraser Refill,B01LYTXLC7
Pentel EnerGel Deluxe RTX Liquid Gel Ink Pen Set Kit| Pack of 3 with 4 Refills (Orange - 0.7mm),B00LPMGULU
Pentel 5 X Twist-Erase Refill Erasers| Qty 1| Pkg of 3,B0127DA2QY
Pentel(R) Sensi-Grip(R) Automatic Pencil| 0.5 mm| Black,B00006IEGT
Pentel Presto! Multipurpose Correction Pens PEN|CORRECTION|WE|FN PT (Pack of30),B0032K0PQY
Pentel Refill Super Hi-Polymer Lead| 0.5mm| Fine| 2B| 144 Pieces of Lead (C505BP2B-K6),B005DEW4XE
Pentel Super Hi-Polymer Lead Refills| 0.9 mm| 90 Pieces (C29BPHB3)|Gray,B0042ET0D8
PD279TV Pentel Twist-Erase Click Mechanical Pencil - #2| HB Pencil Grade - 0.9 mm Lead Size - Violet| Transparent Barrel - 1 Each,B015G7SDQ4
Pentel R.S.V.P. Stylus Ballpoint Pen (BK90LBP2A),B01C7KTSE4
Pentel Arts Sign Pen Brush Tip| Assorted Ink| 6-Pk (S520RBP6M),B071VP19LN
Pentel Gel Ink Pen| EnerGel Pearl RTX0.5mm| Fine Point| Needle Tip| Black Ink| Box of 12 (BLN75PW-A),B00HEQRX76
Pentel 4 X Automatic Pencil with Twist Eraser| 0.5 mm| Violet Barrel (QE515V),B01252Z8ZM
Pentel BK90B R.S.V.P. Stick Ballpoint Pen.7mm| Trans Barrel| Red Ink| Dozen,B008743ZH6
Pentel Eraser Refills for Twist III Pencils (E10),B005OT07BE
Pentel EnerGel Deluxe Retractable Liquid Gel Pen .5mm 2/Pkg With a CorrectionTape,B07WHL3DN8
Pentel GraphGear 500 Automatic Drafting Pencil Brown (PG523E) with .3mm Lead Refill and Z21 Eraser Refill,B01N6L264M
Pentel Side FX Automatic Pencil with Eraser Refill| 0.5mm| Assorted| 2 Pack (PD255EBP2),B002VL5I8A
Pentel Hi-Polymer Block Eraser| Large| White| Pack of 10 ZEH-10 Erasers (ZEH10PC10),B07144DC8V
Pentel Super Hi-Polymer Lead Refill 0.5mm Fine| HB| 36 Pieces of Lead (C505BP3HB-K6),B00006IEGL
Pentel GraphGear 500 Automatic Drafting Pencil Black (PG525A) - TRIO,B00RYBVREQ
Pentel EnerGel Deluxe RTX Liquid Gel Ink Pen Set Kit| Pack of 3 with 4 Refills (Lime Green - 0.7mm) …,B0716SBTVK
Pentel poster color U6 colors WPU2-6DN,B0017OJ2Y8
Pentel Twist-Erase GT (0.7mm) Mechanical Pencil| Assorted Barrel Colors| Color May Vary| Pack of 3 (QE207BP3M),B00DDWELKM
Pentel of America| Ltd. : Graphgear 500 Pencils| Refillable| .5mm| Black -:- Sold as 2 Packs of - 1 - / - Total of 2 Each,B002ZZDLSQ
Pentel Mechanical Pencil| Orenz| with Metal Grip| 0.3mm| White (XPP1003G-W),B019U2VBS8
Pentel Energel Deluxe RTX Retractable Liquid Gel Pen| 0.5mm| Fine Line| Needle Tip| Blue Ink-value Set of 3(with Values Japan Original Discription of Goods),B00FB3JDMC
Pentel Arts Water Colors| Assorted Colors| Pack of 24 (WFRS-24),B0091GATMI
Pentel Mechanical Pencil Orenz 0.2mm| Sky Blue Body (XPP502-S),B00IG1QTVE
Pentel 36-Piece Fine Point Color Pen Set,B01KPBOOJG
Pentel acrylic gouache laminate tube 12 color set (two white pieces),B003SJGYL4
Pentel Libretto Premium Liquid Gel Pen| Black Ink| Medium Point| Rose Gold Accent Barrel (K600PGBPA),B01IE1EWBE
Pentel 0.3mm Blue Ink Refill (XLRN3-C)| for EnerGel Retract Ballpoint Pen(BLN73-C)| × 5 Pack/total 5 pcs (Japan Import) [Komainu-Dou Original Package],B01F49OQIS
Pentel EnerGel-X Retractable Liquid Gel Pen (0.7mm) Metal Tip| Blue Ink| Box of 12 (BL107-C) by Pentel,B00N6FFUHE
Pentel EnerGel Pro Permanent Gel Ink Pen| (0.7mm) Medium Point| Red Ink| 2-Pk (BLP77BP2B),B079Q84DNL
Pentel PHN36 Oil Pastel Set With Carrying Case|36-Color Set| Assorted| 36/set,B007F7UK38
Pentel Clic Retractable Eraser with Grip| Assorted Barrels| 2 Pack (ZE21TBP2M),B0047CNSXI
Pentel Twist-Erase III Automatic Pencil with 2 Eraser Refills| 0.5mm| Assorted Barrels| 2 Pack (QE515BP2-K6),B0034QTFXU
Pentel(R) Quicker-Clicker&trade; Automatic Pencil| 0.7 mm| Blue,B00006IEGP
Pentel Sharp Automatic Pencil| 12 Pack| 0.9mm| Metallic Dark Pink,B072BNW5DV
Pentel Limited Edition GraphGear 1000 Colors Mechanical Pencil (0.5mm)| Black Accents| w/Tube,B08GKYQPFF
Pentel Gel Ink Pen| EnerGel Pearl RTX Retractable Gel Pen| 0.7mm| Accent| Black Ink| Box of 12 (BL77PW-A),B00CP5DYGU
Pentel Refill Ink for BL57/BL77 EnerGel Liquid Gel Pen| 0 .7mm| Metal Tip| Red Ink| 1-Pack (LR7-B),B000FD4YRC
Pentel EnerGel Pro Permanent Gel Ink Pen| (0.7mm) Medium Point| Blue Ink| 2-Pk (BLP77BP2C),B079Q5X3MP
Pentel Mechanical Pencil| Energize| 0.5mm| Pearl White & Black (PL75-AW),B003UKID8S
Pentel Twist-Erase Express Mechanical Pencil (0.9mm) Fashion Color| Sky Blue Barrel| Box of 12 (QE419S),B00822DUQO
Pentel Arts Sign Pen Touch| Fude Brush Tip| Gray Ink| Box of 12 (SES15C-N),B00BUZ3380
Pentel Fine Writing Instrument Mechanical Pencil (PG503-ED),B000THRJ4Y
6 Pack Permanent Marker| Broad Tip| White by PENTEL (Catalog Category: Paper| Pens & Desk Supplies / Markers),B008BVYIYO
Pentel 10 - Elegant Automatic Pencil| .5mm| Glossy Metallic Pink (P1035BPP-BC),B00CF6V6FK
Pentel Refillable Colour Brush Pen - Nylon Tip – Grey Barrel – Grey Ink - Pigment Edition,B07FNRCF58
Pentel New EnerGel Deluxe RTX Retractable Liquid Gel Pen|Ultra Micro Point 0.3mm| Fine Line| Needle Tip| Black Ink Value set of 15,B07C7MMQ35
Pentel BK91BP5V R.S.V.P. Ballpoint Pens Violet Ink 2-5 Packs,B07VXSB33M
Pentel Limited Edition GraphGear 1000 Colors Mechanical Pencil (0.5mm)| Sky Blue Accents| w/Tube,B08GL2FLZP
Pentel EnerGel Deluxe RTX Retractable Liquid Gel Pen|1.0mm| Midium Line| Metal Tip| Blue Ink-Value set of 5,B01DBG046E
2 X Pentel Energel Retractable Roller Ball| 0.7 mm Line Size| Chrome Barrel| Black (BL407-A) (SILVER| 2),B00ZZZX2SM
Pentel - Hi-Polymer Eraser - Large - ZEH10 - Pack of 5,B01KTL06JO
Pentel Champ Automatic Pencil| 0.7mm| Assorted Barrels| 2 Pack (AL17BP2),B00260VKR4
Pentel Super Multi 8 Automatic Mechanical Pencil Set (PH803ST),B0017OP2EM
Pentel FR Charging Cable for Pentel Fude Pen XFP,B000UF569K
Pentel Mechanical Pencil Orenz 0.2mm| Pink Body (XPP502-P),B00IG1QTMI
Pentel Hybrid Dual Metallic Liquid Gel Roller Pen YK110/8-M - Pack of 8 Pens in 16 Shimmering Metallic Colours,B06XPDTR9C
Pentel Sterling Excel Rollerball Pen - Single - Silver Barrel - Black ink - With Gift Box,B01MQDCZ5X
Pentel EnerGel FLASH! Liquid Gel Stick Pen| (0.7mm) Medium Line| Metal Tip| Energel Black| Red| Green| Blue Colored Ink| 4-Pack Bundle Includes Separately Licensed Colorful Fun GWW Bookmark,B07ST6WVS9
Pentel EnerGel XM BL77-S3 Retractable Liquid Gel Ink Pen - 0.7mm - Turquoise- Pack of 3,B01M30926Z
Pentel 5 X Mechanical Pencil| Retractable Tip| Latex Rubber Grip| 0.7mm| Black (PENPL77A),B01253WQQ0
Pentel - Aquash Water Brush Medium Point & Small Point 2 Pens Profesional Arts Value Set,B00FVFSW72
Pentel GraphGear 500 Automatic Drafting Pencil Gray (PG529N),B000TXV2QY
Pentel Refill for EnerGel RTX| EnerGel Deluxe| Metal Tip| Bold Point| Violet Ink| EA - PENLR10V,B0030FAI2C
Pentel Wow Mechanical Pencil| 0.5mm| Assorted Barrels| 5 Pack (AL405BP5M),B00LWFIXQA
PENBK91V - Pentel R.S.V.P. Ballpoint Stick Pen 12Pk,B001E65H0C
Pentel Brush Touch Sign Pen (Fine) [Pink] x 2 pieces (Japan Import),B06WV8R83W
Pentel EnerGel RTX Liquid Gel Pen,B0082P7L8E
Pentel Refill Lead Cartridge for Quick Dock and 3 Erasers| 0.7mm (QD7LE3BP),B002JFP19Y
Pentel Clic Eraser Grip Retractable Eraser| Assorted Color (3 Pens - Blue),B01KLJVSTG
Pentel Permanent Marker Pentel PEN (Round tip/Fine) [Black] x 2 pieces (Japan Import),B01M8J43UR
Pentel LR7-V Refills for EnerGel Gel Pen| 0.7mm Metal Tip| Violet Ink| Pack of 12,B00FK0HA8K
Pentel Refill Ink for EnerGel Liquid Gel Pen / 1.0mm Black Ink/Value Set of 10 Refills (With Our Shop Original Product Description) …,B01DBGRH0K
Pentel RSVP STYLUS Ballpoint Pen| Medium Line| Blue Ink| Box of 12 (BK91L-C),B01AP8NOTK
Pentel Sharp HD Heavy Duty Mechanical Pencil| (1.3mm) Extra-thick line| Dark Blue Barrel| Pack of 12 (AM13C),B07NVY29GX
Pentel Refill Ink for BK91 Pentel R.S.V.P. Ballpoint Pen| Medium Line| Blue Ink| 2-Pack (BKL10-C),B018OQBC7G
Pentel EnerGel Alloy RT Premium Liquid Gel Pen| 0.7mm| Red Barrel| Black Ink New + 2 Free Black Refills,B01I6H0H1U
Pentel Brush Art Gray XGFL-137,B0090UJIYU
Pentel Graphgear 1000 Light Green Mechanical Pencil 0.5mm limited Edition Color (Blue),B07N7H45LB
Pentel Prime Mechanical Pencil 0.7Mm Assorted Barrel Colors Pack of 6 (AX7BP6M),B01G7C12LA
Pentel EnerGel Alloy RT Premium Liquid Gel Ink Pen 0.7mm Black Ink| Red Body| Medium Tip,B01HJHO9D0
Pentel Retractable Handy-Line S-Permanent Markers| Fine Point| Blue 12-Count (NXS15-C),B001A46JGY
Pentel Arts Sign Pen Touch| Fude Brush Tip| Gold/Silver| Pack of 2 (SES15CBPXZ),B01G7C1L48
Pentel Graph Gear 1000 Automatic Drafting Pencil| 0.5mm Lead Size| Brushed Metal Barrel/PG 1015/ + Pentel Ain Clic Retractable Pen-type Triangle Eraser + Strength & Deep & Smooth Uni 0.5mm HB Top quality Diamond Infused Leads [Nano Dia-40 Leads] for Professional Value Set,B00NBF7AN6
Pentel Refill Ink| For EnerGel & Lancelot Gel Pen| (0.5mm) Needle Tip| Fine| Blue Ink| Pack of 2 (LRN5BP2C),B00M65IG62
Pentel BL77PC12M1 EnerGel RTX RT Liquid Gel Pen| Med| Metal Tip| Assort Ink| 12-Pk Window Box of 12| 0.7mm| Assorted,B01EN0H5DW
Pentel EnerGel Deluxe RTX Retractable Liquid Gel Pen|0.7mm| Fine Line| Metal Tip| Blue Ink-Value set of 5 (With Our Shop Original Product Description),B00X8YL74I
Pentel Clic Eraser Clear Body| Assorted Colors| 3 Pack (ZE23BP3M),B00LWFI32Y
[3 set!!!] Pentel Mechanical pencil core replacement Ain Stein 0.5mm 4B 40leads×3 C275-4B from Japan,B01N3SN1CJ
Pentel EnerGel Clena Retractable Liquid Gel Pen| Micro Fine Point 0.3mm Needle Tip| Black Ink| Classical Pink Body (BLN73LP-A),B077GPNRC9
Pentel Mechanical Pencil Eraser Refills| Z21| 3/Tube| PK - PENZ21,B000TY06T2
Pentel Arts Pointliner Drawing Pen| 5-Pack| Assorted Sizes| Black Ink (S20PBP5A),B07W5RK2SC
Pentel GraphGear 500 Automatic Drafting Pencil| Blue| with 0.7mm Refill and Z21 Eraser Refills (Bundle),B01NH0A5ZY
Pentel Clic Eraser Grip Retractable Eraser| Assorted Colors| 1 Pack of 3 (ZE21BP3-K6),B010CEFH2E
Pentel EnerGize-X Mechanical Pencil 0.5mm Black Barrel| Box of 12 (PL105A),B006BYRJ4Y
Pentel Large Chisel Point Marker - White,B000TK94MQ
Pentel Graphlet Mechanical Pencil| 0.4mm (PG504-DD),B0017OLGJW
Pentel Arts GraphGear 1000 Premium Gift Set with Refill Leads & Erasers (PG1000BXSET),B01DMDI5XU
Pentel Twist-Erase EXPRESS Mechanical Pencil| 0.5mm| 5 Pack| Assorted Barrel Colors (QE415BP5M1),B01IN8QKFO
Pentel P209 Sharp Mech Pencil 0.9mm Met.Pink,B074TMKVWM
Pentel Arts Fabric Fun Pastel Dye Sticks| 15 Color Set (PTS-15),B003W0CI6Y
Pentel Arts Pointliner Drawing Pen| 0.1mm| Black Ink| Box of 12 Pens (S20P-1A),B07RZ8SFN8
Pentel R.S.V.P. Ballpoint Pens| Fine Point| 0.7 mm| Clear Barrel| Assorted Ink Colors| Pack of 5,B00FX5EHAG
Pentel Twist-Erase Express Automatic Pencil with Lead and Eraser| 0.9mm (QE419FLEBP2)| Assorted,B002SRU9KY
Pentel Rolling Writer Roller Ball Pen| Medium Line| Black Ink| Pack of 5 (R100BP5A),B00CEC0EYY
Pentel EnerGel Deluxe RTX Retractable Liquid Gel Pen| 0.7mm Medium Line| Blue| Pack of 18,B07K1NHV2V
Pentel Refill Ink for Ballpoint Pen| Fine Line| 2 Pack| Red (BKL7-B),B0008GIKSU
Pentel Liquid Gel Pen| Refillable| 1.0mm| Violet Barrel/Ink (BL60-V),B002JF0D7Y
Pentel Mechanical Pencil| Retractable Tip| Latex Rubber Grip| 0.7mm| Black (PENPL77A),B000IJG45S
Pentel Hybrid - Dual Metallic Pens - Liquid Gel Rollerball Pens - K110 - Assorted Colours - Set of 8,B079YV9R2Z
Pentel EnerGel Deluxe RTX Retractable Liquid Gel Pen|0.5mm| Fine Line| Needle Tip| Black Ink-Value set of 5,B00FGQ0RKQ
Pentel Graphgear 1000 Gold Limited Edition Mechanical Pencil (PG1015LG) Ain Lead (Pink),B079RBHS8K
Pentel Mechanical Pencil GraphGear500-0.5mm - PG515,B0017OR0ZG
2 Tubes PENTEL Super Hi-Polymer Lead 0.5 mm 5H,B00KQTE6VY
Pentel Arts Orenz Deluxe 1-Click Drafting Pencil| (0.7mm) Medium line| Blue Barrel - PP1007GCBP,B079SM2DWN
Pentel Twist Erase EXPRESS Automatic Pencil| 0.7mm Lead Size| Yellow Barrel| Box of 12 (QE417G),B0026ZPWU0
Pentel Super Hi-Polymer Lead Refill 0.2mm| Super Fine| 12 Pieces/Tube (C502-HB),B0166DFO46
Pentel Automatic Pencil with Twist Eraser| 0.5 mm| Violet Barrel (QE515V),B0017TGSR2
Pentel Arts Tradio Stylo Sketch Pen Refill| Black Ink| Pack of 2 (MLJ20BP2A),B00GHSRF48
Pentel Mechanical Pencil Graphgear500-0.3mm - PG513,B00GD84DVA
Pentel Art Brush lemon yellow XGFL-105,B0090UJHDM
Pentel Multi8 Lead| Light Green (CH2-K),B0030DCZM0
Pentel Ballpoint Pen| Retractable| Rubber Grip| Medium| 36 Pens per Display| Assorted (PENBK4403),B001PME5V2
Pentel Gel Pen| Retractable/Refillable| Needle Tip| 0.5mm| Blue (PENBLN75C),B001PUI3YY
Pentel Mechanical Pencil Orenz 0.2mm| White Body (XPP502-W),B00IG1QTSC
Pentel Energel #Lr7-c Blue Refill Gel Ink Metal Tip 0.7 Mm 2 Refills,B00KQTC5CQ
Pentel Sparkle Pop Gel Pen| 1.0mm Bold Point| Green-Blue Ink (K91-DD),B07G18RQK5
Pentel Refill Ink for BK91 Pentel R.S.V.P. Ballpoint Pen| Medium Line| Blue Ink| 2-Pack (BKL10-C),B0006SWFZ4
Pentel ZER-2 Refill for Clic Eraser (2-Pack),B000SHSG2O
Pentel Arts Pointliner Drawing Pen| 0.05mm| Black Ink| Box of 12 Pens (S20P-05A),B07SN4C6HC
Pentel Ener gel PHILOGRAPHY　BLACK,B01LRWIK0Q
Pentel Arts Krazy Pop Iridescent Gel Pen| (1.0mm) Bold Line| Assorted Ink (Xc/BD/CP/DG)| 4-PK (K91PABP4M3),B07WC2T4CG
Pentel Graphgear 1000 Automatic Drafting Pencil| 0.3 mm| 0.4 mm| 0.5 mm| 0.7 mm| 0.9 mm 5pics Set,B01AEAIBKQ
Pentel 4 X Refill Ink for EnerGel Liquid Gel Pen| 0.5mm| Needle Tip| Blue Ink| 1-Pack (LRN5-C),B01250UXJK
Pentel Energel Alloy RT Gel Pen Medium Point Metal Tip Ballpoint Pen Black ink + Refill (Red Body),B01E8WD6Z6
Pentel Prime Mechanical Pencil 0.7mm| Assorted Barrels Clear Box of 12 (AX7PC12M),B01EN0H5BY
Pentel Mechanical Pencil| Graph Gear 500| for Draft| 0.9mm (PG519),B0017OLGJM
Pentel EnerGel RTX RT Liquid Gel Pen| Med| Metal Tip| 0.7mm| Blue Ink| 12-Pk Window Box of 12 & Gel Ink Pen| EnerGel RTX Retractable (0.7mm) Medium Point| Assorted Gel Ink Colors|12 Pk,B08KW27VS1
Pentel Mechanical Pencil| Graph 1000 for Pro| for Draft| 0.3mm (PG1003),B0013NB8W2
Pentel R.S.V.P. Ballpoint Stick Pens (BK90ASW2)(Pack Of 24),B00LWHKZOQ
Pentel Retractable Gel Pen 0.7mm Medium Line| Pack of 12| Assorted (K437BPS12M),B00X7W99DM
Pentel RSVP Super RT Ballpoint Pen| (1.0mm) Medium Line| Sky Blue Ink| 2-Pk - BX480BP2S,B07D4YQJ63
Pentel Client Retractable Ballpoint Pen| Medium Line| Red Barrel| Black Ink| Box of 12 (BK910B-A),B004W6JPU4
Pentel Twist-Erase III Mechanical Pencils (0.5mm) - Assorted Barrels: QE515A| QE515C| QE515D| QE515V| 1 for each,B013CULACG
Pentel EnerGel Clena Retractable Liquid Gel Pen| Micro Fine Point 0.4mm Needle Tip| Black Ink| Classical Pink Body (BLN74LP-A),B077GRM1J6
Pentel Mechanical Pencil| Refillable Lead/Eraser| 0.9mm|Black (PENPD279TA),B00ASVVX84
Pentel Brush Art Green Xgfl-104,B0090UJH9Q
Pentel Twist Erase EXPRESS Automatic Pencil| 0.7mm Lead Size| Red Barrel| Box of 12 (QE417B),B0026ZPWT6
Pentel Ain Pencil Leads 0.5mm HB| 40 Leads X 5 Pack/total 200 Leads (Japan Import) [Komainu-Dou Original Package],B00N99GWZ6
Pentel Lead Refills 0.5mm RED (2pcs.) + Blue (2pcs.)| 12 Leads per Tube,B015WPJTGI
Pentel RSVP STYLUS Ballpoint Pen| Medium Line| Black Ink| Box of 12 (BK91L-A),B01AP8NSG4
Pentel Refill Ink for BK91 Pentel R.S.V.P. Ballpoint Pen| Medium Line| Violet Ink| 2-Pack (BKL10-V),B005O6589I
2 Pk Pentel LR7-F EnerGel Refills| 0.7 mm Medium| Orange,B00KQTG6YO
Pentel Energel Retractable Ballpoint Pen(BLN75Z-B)| Extra Fine Point 0.5mm Needle Tip| Red Ink| Silver Body| Value Set of 5,B074ZN1XJ8
Pentel Twist-Erase EXPRESS Mechanical Pencil (0.7mm) Green Barrel| 12 pack (QE417D),B0722XRQY1
Pentel Arts Stylo Sketch Pen| Black Ink| 1 Pack (JM20BPAE),B003XQFWCO
Pentel Qe515v Twist Eraser Iii Automatic Pencil - 0.5 Mm Lead Size - Violet Barrel - 2 in Pack,B002ZZ6386
Pentel P205 Mechanical Pencil Sharp 4 mm Lead| 0.5 mm| HB| Black,B00PR56DJ0
PENLR7A - Pentel EnerGel .7mm Liquid Gel Pen Refill,B00KQTC0W6
Pentel Mechanical Pencil| Orenz| 0.3mm| Black (XPP503-A),B00SHBJZNM
Pentel GraphGear 500 Automatic Drafting Pencils - PG523E| PG525A| PG527C| PG529N| 1 for Each,B00LE0J6IM
Pentel Pink BCA R.S.V.P. Razzle-Dazzle| 1.0mm| Medium Line| Black Ink| 5 Pack (BK91RDBP5P),B007HJOLPM
Pentel Mechanical Pencil| 0.7 mm| Smoke (PENPD347TA),B00359CNV2
Pentel EnerGel Deluxe RTX Liquid Gel Ink Pen Set Kit| Pack of 3 with 4 Refills (Navy Blue - 0.7mm),B071KTP98Z
2 Pk Pentel LRN7-C EnerGel Refills| 0.7 mm Medium Needle Tip| Blue,B00KQTCIX2
Pentel Graph Gear 1000 Automatic Drafting Pencil| 0.7mm Lead size| Brushed Metal Barrel/PG1017/ & Pentel Ain Clic Retractable Pen-type Triangle Eraser Professional Value set(with Values Japan Original Discription of Goods),B00F9NMTSY
Pentel Ballpoint Pen ENERGEL Clena 0.5mm [Brown] (Japan Import),B07HPZ9LFY
Pentel S360PP-35A Arts Studio Set,B0045Z8DGO
Pentel Twist Erase EXPRESS Automatic Pencil| 0.5mm Lead Size| Green Barrel| Box of 12 (QE415D),B0026ZPWSM
Pentel Refill Ink for BK90 RSVP Ballpoint Pen| 24 Pack| Fine Line| Orange (BKL7-F),B071Z17HQS
Pentel mechanical pencil GRAPH1000 0.5mm Black (japan import),B00AM9AEEQ
Pentel 0.7mm Red Ink Refill (XLR7-B)| for EnerGel Liquid Gel Ballpoint Pen (BL57-B)| × 5 Pack/total 5 pcs (Japan Import) [Komainu-Dou Original Package],B01F4C9H7U
Pentel R.S.V.P. Ballpoint Pen| Fine Line| Green Ink| 5 Pack (BK90BP5D),B0042ET0MO
Pentel Client Retractable Ballpoint Pen| Assorted Barrel Colors| Black Ink| Medium Point| 3 Pack (BK910BP3M),B0017H7WSS
Pentel Tri Eraser Retractable Eraser| Metallic Red Barrel| Box of 12 (ZE15MB),B00822DXF2
Pentel Hybrid Gel Grip Metallic Pen – 1.0mm Rollerball – Metallic White – Box of 12 – K230,B077G6PLTD
Pentel Arts Sign Pen Touch| Fude Brush Tip| Pink Ink| Box of 12 (SES15C-P),B01196KU2Q
Pentel Super Hi-Polymer Lead Refill| 0.9mm Thick| 2B| 180 Pieces of Lead (50-9-2B)|Gray,B000HF0GW0
PENBK93C - Pentel R.S.V.P. RT Retractable Ballpoint Pen,B00JVL5KPO
Pentel Arts 8 Colour Pencil Lead Refill| Green| 24 Pieces of Lead (CH2-D),B00JS8IVHE
Pentel ZE21BP3K6 Clic Eraser Pencil-Style Grip Eraser| Assorted colors(Pack of 3) Packaging may vary,B001HA77OO
Pentel PD217LEBP2 Quick Click Mechanical Pencil| HB| No.2| 0.7 mm| Assorted Barrel| 2/Pack,B07FC3XHPS
Pentel R.S.V.P. Ballpoint Pen| Medium Line| Black Ink| 5 Pack (BK91BP5A),B0012YQ11A
Pentel Ain Mechanical Pencil Leads 0.2mm 2B| 20 Leads X 5 Pack/total 100 Leads,B01N398ATN
Pentel Arts Gel Roller for Fabric| 1.0mm Bold Lines| Permanent| Black Ink| Pack of 2 (BN15BP2A),B00AQ23VUI
Pentel BK420 Colors Retractable ballpoint pens Black ink Medium point (4-pack),B01BH803AA
Pentel Arts Oil Pastels| 25-Color Set,B0797D2RY6
Pentel Japan Aquash Water-Brush 3 types of set,B079J2R4MP
Pentel White Hybrid Gel Grip DX Metallic Gel Pens Broad 1mm Tip Nib 0.5mm Line Width Gel Ink K230-WO (Pack of 3),B00M743U54
Pentel Gel Ink Ballpoint Pen ENERGEL Clena 0.5mm (Red Ink) [Red] (Japan Import),B077GQ87HW
Pentel EnerGize-X Mechanical Pencil 0.7mm Black Barrel| Box of 12 (PL107A),B006CUFZZC
Pentel Large Oil Pastels| Various Colours| 1 Pack of 12 Sticks,B004SGBZZQ
Pentel Multi 8 Lead| Sky Blue/Purple (CH2-S),B0030D9CEE
Pentel Hi-polymer Erasers (4 Count),B004HM460C
Pentel Hybrid Gel Grip DX K230 Pack of 3/3 Rollerball Gel Pens Metallic Gold and Silver 1 mm White,B00A387KNY
Pentel P207 Sharp Mech Pencil 0.7mm Met.Coppr,B01B1ZGH2W
Pentel Portable Fude Brush Pen| Kirari| Wisteria Color Body (XGFKPV-A),B00BBNRTE0
Pentel Graphgear 1000 Pink Mechanical Pencil 0.5mm limited Edition Color,B07N7GH4RC
Pentel Mechanical Pencil| Refillable Lead/Eraser| 0.9mm| Smoke (PENQE419A),B001PMK2QE
Pentel AM13 Mechanical Pencil Tracé 1.3 mm Body Dark Blue,B082QGTNHG
Pentel BL407VV EnerGel Alloy RT Retractable Liquid Gel Pen.7mm| Violet Barrel| Violet Ink,B0765CM5PW
Pentel Brush Pen Cartridges| Black Ink| pack of 3 (Japan Import) [Komainu-Dou Original Package],B0089AJOW8
Pentel Oil Pastel Set With Carrying Case| 45-Color Set| 50/Set (PENPHN50),B075Y12VMK
Pentel Oil Pastels 50/Pkg-,B00BVW5R4K
Pentel GraphGear 500 Automatic Drafting Pencil Black (PG525A),B0006HXQXA
Pentel Mechanical Pencil| Kirari| 0.9mm| Gold (XP209-X),B00FXM22Y2
Pentel P1035a 0.5mm Sharp Kerry Mechanical Pencil| Black Barrel| 3-piece Set,B009Y582PM
Pentel Multi-Pen Energel| Needle Ballpoint Pen Ink + 0.5mm Mechanical Pencil| Red/Black (XBLW355A),B01CHZ9PEC
Pentel New EnerGel Deluxe RTX Retractable Liquid Gel Pen|Ultra Micro Point 0.3mm| Fine Line| Needle Tip| Blue Ink Value set of 15,B07C758FXC
Pentel R50 Liquid Ink Rollerball Pack of 8 - Retro Limited Edition - Assorted Coloured Ink Set,B07FD7RNWB
Pentel RSVP Super RT Ballpoint Pen| (1.0mm) Medium Line| Black Ink| 3-Pk - BX480BP3A,B07D4YXCTF
Pentel Graph Gear 1000 Mechanical Drafting Pencil 0.7mm Blue (PG1017),B0013NHU7Y
Pentel Twist Eraser III Mechanical Pencil Color: Green (QE515D),B0016003JG
Pentel Arts Pocket Brush Pen| Includes 2 Black Ink Refills (GFKP3BPA) 3 Sets,B016V3N8US
Pentel EnerGize Automatic Pencil with Lead| 0.7mm| Assorted| 1 Pack (PL77LBP),B004FLKP6Y
Pentel Graph Gear 500 Automatic Drafting Pencil - Sold as 1 dozen,B006JHBDV8
Pentel EnerGel-X Retractable Liquid Gel Pen| 0.7mm| Metal Tip| Assorted Ink| 3 Pack (BL107BP3M1),B00CI3MY0G
Pentel Mechanical Pencil| Orenz| with Metal Grip| 0.2mm| Silver (XPP1002G-Z),B019U2V9SK
Pentel Stick Type Knock Eraser Refill for AinCLIC (XZER6-1)| ×5 Packs/total 5 Refills(Japan Import) [Komainu-Dou Original Package],B01MXIE3IK
Pentel Sharp Mechanical Pencil| 0.7mm Metallic Barrels| Refill Eraser (P207MLEBP)[Assorted color]),B01IN8QCN4
Pentel EnerGel XM BL77 - Retractable Liquid Gel Ink Pen - 0.7mm - 54% Recycled - Pink - Pack of 3,B01M671QSG
Pentel Rolling Writer Roller Ball Pen| Medium Line| Black Ink| 2 Pack (R100BP2A),B000IJEA0E
Pentel Clic Eraser Grip Retractable Eraser| Assorted Colors| 1 Pack of 3 (ZE21BP3-K6) (3 Pens- Black| Black),B01KLJVPYE
Pentel Products - Pentel - Permanent Marker| Fine Point| White - Sold As 1 Each - Make your message stand out on dark surfaces. - Marks on nearly every surface including metal| glass| plastic| rubber and most nonporous surfaces. - Indelible and quick drying.,B004E2S3EA
Pentel Super Hi-Polymer Lead Refill| 0.9mm Thick| B| 180 Pieces of Lead (50-9-B)| Gray,B001E0FJOW
Pentel RSVP Super RT Ballpoint Pen| (0.7mm) Fine Line| Violet Ink| 2-Pk - BX477BP2V,B07D4YYLDD
Pentel EnerGel Deluxe RTX Retractable Liquid Gel Pen| Fine Line| 0.5mm Needle Tip| Blue Barrel| Black Ink| Pack of 6,B01MTXQ53D
Pentel Refill Ink for EnerGel 0.7mm (XLR7) - Set of 3color / 10pcs : Black (6) + Red (2) + Blue (2),B010KE1CTI
Pentel Energel X Rubber Grip & Click Retractable Fine Line| Needle Tip -BLN-105- Cost Performance Model -0.5mm-blue Ink-value Se,B00K7ZBNMC
Pentel Arts Water Colors| Assorted| 5ml Tubes| 12 Color Set (WFRS-12),B0091GASQ0
Pentel P205 Mechanical Pencil 0.5 mm Fixed Barrel 4 mm Black,B00BV7W0AY
Pentel(R) Twist-Erase(R) III Automatic Pencil| 0.5 mm| Blue| 1 each,B00006IEH1
Pentel Limited Edition GraphGear 1000 Colors Mechanical Pencil (0.5mm)| Red Accents| w/Tube,B08GKZZ68J
Pentel Mechanical Pencil Eraser Refills| Z31| Four/Tube| PK - PENZ31,B001HA12VS
Pentel 0.5mm (P205) Black P200 Series Automatic Mechanical Drafting Pencil Refillable Lead Eraser P205-A (Pack of 6),B00M9B1R0K
Pentel Mechanical Pencil| Orenz 0.3mm| Pastel Pink (XPP503-P2),B07KCLN42P
Pentel Twist-Erase Click 15 Contains (12) 0.7mm Automatic Pencils| (12) Extra Long Eraser Refills & (6) Tubes of 12 Count Lead) New Design (469342),B00XNN9XQ8
Pentel Arts Sign Pen W/Fiber Tip Variety Pack 4/Pkg-Assorted Nibs-Black Ink,B07RBWJP7S
Pentel EnerGel FLASH! Liquid Gel Stick Pen| (0.7mm) Medium Line| Metal Tip| Assorted Ink + 2 Sunburst Metallic| 8-Pk (BL417DBP10M),B072BRYQKG
Pentel Graph Gear 1000 Mechanical Drafting Pencil 0.4mm Green (PG1014),B0013NHU7E
Pentel Refills Ink for EnerGel Liquid Gel Pen| 0.4mm| Black Ink| Value Set,B071VRVYW6
Pentel EnerGel NV Gel Ink Pen| (0.7mm)| Medium Point Capped| Metal Tip| Red Ink| Box of 12 (BL27-B),B00HEQS1X6
Pentel 0.5 Refill 3-piece Set 3B2BBAS for PG1015/515| Packaged Ain Stein Lead| 0.5 mm B| 2B| 3B for PG1015/515| Tube of 40pcs (XC275-B|2B|3B)| 1 Each,B017Q9VRIQ
Pentel Gel Roller Pen for Fabric (BN15-A),B001A408W0
Pentel Graphgear 1000 Gold Limited Edition Mechanical Pencil (PG1015LG) Ain Lead (Red),B079RCQ1ML
Pentel Quicker Clicker Mechanical Pencil| 0.50 mm| Black Barrel (PD345A),B000FDLNQC
Pentel Presto! Jumbo Correction Pen| Fine Point| Metal Tip| White| 12 ml/0.4 fl.oz. 1 Pack (ZL31WBP-K6),B001EXR2C6
Pentel Drafting Pencil Graph for Pro| 0.5mm (PG1005),B0013NFZU8
Pentel 4-piece Set| Pg1015a| 0.5mm Graph Gear 1000 Automatic Pencil,B006PVQ59I
Pentel BK91L-A R.S.V.P. Stylus Ballpoint Black Ink Pens - 24 Pack,B084RXHSWQ
Pentel BK91L-A R.S.V.P. Stylus Ballpoint Black Ink Pens - 6 Pack,B084SLRWJX
Pentel Arts Sunburst Metallic Gel Pen| Medium Line| Permanent| Gold Ink| 2 Pack (K908BP2X),B003XQFW9C
Pentel EnerGel Clena Retractable Liquid Gel Pen| Micro Fine Point 0.5mm Needle Tip| Black Ink| Classical Pink Body (BLN75LP-A),B077GRFMF6
Pentel Ain Stein Mechanical Pencil Lead| 0.5mm B|2B|3B|4B (40 Leads) 1 Each + Original 5 Colors Sticky Notes,B01HODH9QI
Pentel Packaged Graph Gear 1000 Automatic Drafting Pencil| 0.5mm| Grey Accents| 1 Pencil (XPG1015),B0060S30OY
Pentel Mechanical Pencil| e-sharp| 0.5mm| Black (AZ125-A),B004NNKP7I
Pentel Eraser Refills| 4 per Pack (Z2-1N),B00JX65JCQ
Pentel R.S.V.P. Stick Ballpoint Pen| Blue Ink| Medium| 1.0 mm| 12 per Pack,B002XJX6W0
Pentel Rsvp Stylus Ballpoint Pen| Medium Line| Black Ink| Pack of 2 (BK91LBP2A),B01G7IAXT6
Pentel Sharp Kerry Automatic Pencil (0.5mm/Purple) P1035-VKS,B01LVYYH82
Pentel Gel Ink Ballpoint Pen ENERGEL Clena 0.3mm (Black Ink) [Mint Green] x 5 pieces (Japan Import),B07DJ1KPNG
Pentel Arts Sunburst Metallic Gel Pen| Medium Line| Permanent| Silver Ink| 2 Pack (K908BP2Z),B003XQFWIS
Pentel Sharp Mechanical Pencil| (0.5mm)| Metallic Graphite Barrel| Box of 12 (P205MN),B07199SRJL
Pentel Ain Stein pencil Lead Rifll 0.5mm| RED| X 3 Pack/total 60 Leads (Japan Import) [Komainu-Dou Original Package],B00NSNM9QE
Pentel(R) Clic Eraser&trade; Refills| Pack Of 2,B00006IEGH
Pentel 0.5mm EnerGel-X Retractable Liquid Gel Pen with Needle Tip and Green Ink| Box of 12 (BLN105-D),B00KZHT02C
Pentel EnerGel-X Retractable Liquid Gel Pen 0.5mm Needle Tip Red Ink| Box of 12 (BLN105-B),B005EE4USK
Pentel Color Lead Mechanical Pencil Refills,B001ANZG2S
2 Pk Pentel LR7-P EnerGel Refills| 0.7 mm Medium| Pink,B00KQTG90U
Pentel Quicker Clicker Automatic Pencil Pack of 5 Eraser Refills,B001HA5T12
Pentel P200 Series Auto Mechanical Pencil Set of 4 - 0.3/0.5/0.7/0.9mm,B003XRIYVY
Pentel Limited Edition GraphGear 1000 Colors Mechanical Drafting Pencil (0.5mm)| Gold Accents| w/Tube,B08GL31GNZ
Pentel Mechanical Pencil for Draft| 0.5mm (PG5-AD),B0013NE37O
Pentel Maxiflo Liquid Ink Drywipe Marker Eraser Set,B000KN6JTI
Pentel Art Mechanical Pencils 5/ Package| 0.7mm| Black/Blue/Green/Pink/Violet (AL407BP5M),B00H2WZVZ8
Pentel New EnerGel Deluxe RTX Retractable Liquid Gel Pen|Ultra Micro Point 0.3mm| Fine Line| Needle Tip| Blue Ink Value set of 5 (With Our Shop Original Product Description),B00X8YSJO4
Pentel Mechanical pencil SMASH 0.5mm [Black x Orange] (Japan Import),B07PJX7BWJ
Pentel Super Hi-Polymer Lead Refills| 0.9mm Thick| HB| 180 pieces of Lead (L509BPHB),B071LBQ1WV
Pentel GraphGear 500 Automatic Drafting Pencil Gray 0.9 mm| 2-Pack,B074QGGYYX
Pentel Multi8 Lead| Blue (CH2-C),B0030D29OE
Pentel Super Hi-Polymer Refills| 0.5 mm Fine| HB| 180 Pieces of Lead (C25BPHB6),B072HQT3Q2
Pentel EnerGel Liquid Gel Roller Ball Pen| Blue Ink| Bold| 1.0 mm,B002XJTXCW
Pentel P209 Sharp Mech Pencil 0.9mm Met.Bl.Gr,B074TL38K6
Pentel Arts Color Brush| Sepia| 1-Pack (GFLBP141),B001ASDDHI
Pentel Arts Pointliner Drawing Pen| 0.8mm| Black Ink| Box of 12 Pens (S20P-8A),B07S3KV3LP
Pentel Fine Tip XFP Fude Pen Battery – Ink Pigmentation,B002GKCDPW
Pentel EnerGel PEARL Deluxe RTX Retractable Gel Pen| Med. Line| Black Ink 3-Pack (BL77WBPS3A),B01H55DV5I
Pentel Quicker Clicker Automatic Pencil| 0.50 mm| Assorted| 2 per Pack (PD345BP2-K6),B0017DBEIG
2 Pk Pentel LR10-A EnerGel Refills| 1.0 mm Bold| Black,B00KQTCGVG
Pentel Refill Ink for BK90 Pentel R.S.V.P. Ballpoint Pen| Fine Line| Violet Ink| 2-Pack (BKL7-V),B0006HXOCI
Pentel Super Hi-Polymer Lead Refill 0.7 mm Medium| HB| 30 Pieces of Lead (C27BPHB-K6)|Gray,B000R30RFI
Pentel Arts Oil Pastels| 12 Color Set (PHN-12),B000UGAYUK
Pentel Mechanical Pencil| Graph 1000 for Pro| for Draft| 0.7mm (PG1007),B0013NB8X6
Pentel Mechanical Pencil| Orenz| with Metal Grip| 0.2mm| White (XPP1002G-W),B019U2V96W
Pentel EnerGel 3 Multi-Function| 3-Ink Gel Pen| (0.5mm) Fine Line| Navy - BLC35C,B079Q4MDBQ
Pentel EnerGel FLASH! Liquid Gel Stick Pen| (0.7mm) Medium Line| Metal Tip|Assorted Ink| 8-Pk (BL417BP8M),B072FCP5VS
Pentel Multi-Pen Energel| Needle Ballpoint Pen Ink + 0.5mm Mechanical Pencil| Black/Red (XBLW355N),B01CI02LRE
Pentel P209 Sharp Mech Pencil 0.9mm Met.Graph,B074TM3PRV
Pentel BG208BP3M 0.8mm Needle Tip Metallic Gel Pens Assorted Colors 3 Count,B00TCLOZYA
Pentel EnerGel Pearl RTX| 0.7mm| Black Ink| Box of 12 (BL77PWP-A),B00HEQRX9E
Pentel Arts Sign Pen Assorted Styles 3-PK,B00AVYCCL0
Pentel Arts Sunburst Metallic Gel Pen| Medium Line| Permanent| Gold and Silver Ink| 2 Pack (K908BPXZ),B001JSPWSC
Pentel Gel Ink Ballpoint Pen ENERGEL Clena 0.4mm (Black Ink) [Mint green] x 3 pieces (Japan Import),B07DJ2G799
Pentel Products - Pentel - WOW! Ballpoint Retractable Pen| Assorted Ink| Medium| 8 per Pack - Sold As 1 Pack - Triangular barrel. - Latex-free comfort grip. - Tip advances from back and retracts from side. - Metal tip increases durability. -,B004E2Q4P0
Pentel Hi-Polymer Eraser Mixed Pack 4 Cap Erasers| 1 Small Block| 1 Large Block| Pack of 6 (ZEH2510BP),B00DDWEORC
Pentel AinCLIC Stick Type Knock Eraser| Metal Purple (XZE15-MV) + Eraser Refills×2 Packs/total 2 Refills(Japan Import) [Komainu-Dou Original Package],B07G9H4GW1
Pentel Twist-Erase EXPRESS Automatic Pencil| 0.7mm| Assorted Barrels| 3 Pack (QE417BP3M),B0047CP73M
Pentel Refill Ink for EnerGel Liquid Gel Pen| 0.5mm| Needle Tip| Blue Ink| 1-Pack (LRN5-C),B005O52RL6
Pentel BK91CRBP8M Ballpoint Pens Assorted R.S.V.P Colors 8 Count,B001D1R4SG
Pentel Energel Knock Ballpoint Pen| 0.7mm Triagle Tip| Black Ink| Siver Body with Black Accent (BL77-A),B001E6C8VI
Pentel Clic Eraser Grip Retractable Eraser with Grip| Assorted Barrels| 1 Eraser (ZE21BP-K6),B000V7RB22
Pentel Graphlet Mechanical Pencil| 0.5mm (PG505-AD),B0017OP2DS
Pentel Japan Aquash Waterbrush Water Brush Pen| Medium,B0017OSBQI
Pentel Mechanical Pencil| Orenz| with Metal Grip| 0.3mm| Silver (XPP1003G-Z),B019U2VCOG
Pentel Graphgear 1000 Gold Limited Edition Mechanical Pencil (PG1015LG) Ain Lead (Sky blue),B079RD5664
Pentel Energel Philography - Boxed Deluxe Retractable Rollerball Pen - Teal Blue,B078K1XZ21
Pentel EnerGel XM BL77 - Retractable Liquid Gel Ink Pen - 0.7mm - 52% Recycled - Pack of 12 Mixed Colours,B072QLJX81
Pentel Arts Color Brush with Pigment Ink| Fine Tip| Black Ink| Pack of 1 (FP5FBPA),B00CWH26Z6
Pentel Wow! Colors Retractable Medium Ballpoint Pens 5/Pkg-Assorted Colors,B004BPR4FE
Pentel P205BP2-K6 Sharp Mechanical/Automatic Pencil| 0.5mm| Black| 2 Count (Pack of 1) - Packaging May Vary,B000SBSAYE
Pentel Mechanical Pencil Lead| Ain Stein| 0.5mm| 3B (C275-3B),B004NNPWA8
Pentel Automatic Pencil with Twist Eraser| 0.7 mm| Red (QE517B),B005OYVXIU
Pentel 120 A3DX 0.9mm Mechanical Pencil A319,B00A8UEZVC
Pentel Sharp Automatic Pencil| 0.7mm| Blue Barrel| 1 Pack (P207BP-K6),B002HIAXSC
Pentel Twist-Erase EXPRESS Mechanical Pencil| 0.7mm| Assorted Fashion Barrels (QE417FLZBP4),B00CEC0EVM
Pentel BCA EnerGize-x Mechanical Pencil| 0.5mm| Pink Barrels| Pack of 2 (PL105BP2P-BC),B00CEC0HDC
Pentel RSVP Super RT Ballpoint Pen| (0.7mm) Fine Line| Assorted Ink| (DPSV)| 4-pk - BX477BP4M1,B07D4Y7YXV
Pentel EnerGel XM BL77 - Retractable Liquid Gel Ink Pen - 0.7mm - 54% Recycled - Green - Box of 12,B01M9E17P8
Pentel Super Hi-Polymer Lead Refill 0.9mm| HB| 45 Pieces of Lead (L509BP3HB-K6),B00006IEGS
Pentel 0.5 Refill 3-piece Set SHAS for PG1015/515| Packaged Ain Stein Lead| 0.5 mm HB Soft| HB| HB Hard for PG1015/515| Tube of 40pcs (XC275HB1| HB| HB3)| 1 Each,B017QAA5J2
Pentel EnerGel-X Retractable Liquid Gel Pen| 0.7 mm| Blue| Pack of 12,B005C41WKG
Pentel Sparkle Pop Gel Pen| 1.0mm Bold Point| Silver-Light Silver Ink (K91-DZ),B07G17LSRB
Pentel EnerGel Gel Ink Pen| Bold Point| Metal Tip| Blue Ink| Box of 12 (BL60-C),B002R0DZ08
Pentel Ain Stein Mechanical Pencil Lead| 0.3mm HB| 15 Leads 3 Pack (XC273HB-35),B004EHYH0O
Pentel Energel Deluxe RTX Retractable Liquid Gel Pen - 0.5mm - Fine Line Needle Tip Blue Ink - Blue Body Type - 3Pens & 3Pens Refills Value Set,B00NAPRCGW
Pentel S520 Assorted Pack Sign Pen Fibre Tip Marker Fineliner 2mm Nib 1mm Line Width (1 of Each Colour - 12 Pens - Black| Red| Blue| Green| Brown| Orange| Yellow| Grey| Pink| Sky Blue| Violet| Ochre),B00M748V2Q
Pentel 3 X Refill Ink for EnerGel Liquid Gel Pen| 0.5mm| Needle Tip| Blue Ink| 1-Pack (LRN5-C),B01250UOYY
PENA313B - Pentel Sensi-Grip A313B Mechanical Pencil,B0018179PY
Pentel EnerGel Deluxe RTX Retractable 0.7mm Fine Line Metal Tip Liquid Gel Pen | Black Ink| 1 Set| 5 pens per set,B00X8YJSV2
Pentel Arts Pointliner Drawing Pen| 0.5mm| Black Ink| Box of 12 (S20P-5A)| 0.5 mm,B07S2GCWHQ
10pcs Pentel BLN73 EnerGel 0.3mm Retractable Liquid Gel Roller Pen (Box Set) - Black Ink,B00KGUIR36
Pentel 5 X Refill Ink for EnerGel Liquid Gel Pen| 0.5mm| Needle Tip| Blue Ink| 1-Pack (LRN5-C),B01250VRIQ
Pentel Oil Pastel Set With Carrying Case|45-Color Set| Assorted| 50/Set,B008YX8MFA
Pentel Quicker Clicker Automatic Pencil| 0.5mm Lead Size| Black Barrel| Box of 12 (PD345A),B0026ZPWW8
PENTEL EnerGel NV Liquid Gel Pen| .7mm| Gray Barrel| Black Ink (BL27A),B0028H6XUY
Pentel Lead Refills 0.5mm 2B| Black| 12 Leads per Tube (C505-2B) - Pack of 3,B0089AJRWU
Pentel EnerGel 0.5mm Needle Tip Green Ink Liquid Gel Pens (BLN75-D) - 12 Pack,B07QZYN9D1
Pentel 120 A3DX Mechanical Pencil,B000J6DC4Q
Pentel Ballpoint Pen ENERGEL Clena 0.3mm [Brown] (Japan Import),B07HQCJN88
Pentel Ain Mechanical Pencil Leads 0.2mm 2B| 10 Pack/total 200 Leads Value Set,B073FHK77R
Pentel C27bphb 30 Count .7mm Super Hi Polymer Lead,B00LU2K66K
Pentel EnerGize-x Mechanical Pencil Assorted Barrel Colors| Pack of 2 (PL107BP2M),B0091G6D0U
Pentel F watercolor Rami tube 18 colors,B003Z66SR0
Pentel Twist-Erase GT| 0.5mm| Mechanical Pencil Transparent Burgundy barrel| Box of 12 (QE205B),B00HEQRZZQ
Pentel EnerGel RTX Deluxe Retractable Liquid Gel Pen| Fine .7mm Metal Tip| Black Ink| Silver Barrel (Bulk Lot of 15) (BL77-A),B01K0AOHJ4
Pentel Mechanical Pencil Orenz 0.2mm| Black Body (XPP502-A),B00IG1QTPU
Pentel Clic Retractable Eraser with Grip| 3 Pack,B0047CT6SE
Pentel Handy-line S Retractable Highlighter| Chisel Tip| Pink Ink | 1 Pen with 1 Refill (SXS15SLRBPP),B0030F33Y2
Pentel EnerGel Alloy RT Retractable Liquid Roller Gel Pen - Metal Barrel 0.7mm - Gold Body Blue Ink,B01JSC2M4C
Pentel Refill Ink for EnerGel Liquid Gel Pen / 0.7mm Blue Ink / Value Set of 10 Refills,B010NDPWOM
Pentel Lead Refill.7mm| 12/TB| Red (PENPPR7),B000H1273U
Pentel Thin Leads Tube Of 12 0.5Mm 2H,B000WGYXXM
Pentel Super Hi-Polymer Lead Refill| 0.9mm Thick| 2H| 180 Pieces of Lead (50-9-2H),B000GOYF2Y
Pentel EnerGel Deluxe RTX Retractable Liquid Gel Pen| 0.5mm| Fine Line| Needle Tip| Blue Ink /Blue Body/ Value Set of 5,B00X8YMUZI
Pentel Mechanical Pencil| Orenz| 0.5mm| Navy (XPP505-C2),B07KCRM4RK
Pentel GraphGear 500 Automatic Drafting Pencil Brown (PG523E),B0006HXQX0
Pentel Ain Mechanical Pencil Leads 0.2mm HB| 5 Pack/total 100 Leads Value Set,B071YPNRSH
Pentel Mechanical Pencil Orenz with Rubber Grip (XPP602G-A),B012QHRIY0
Pentel EnerGel Tradio Pearl Liquid Gel Pen| 0.5mm| Fine Line Capped| Needle Tip| Blue Ink| 2 Pack (BLN115WBP2C),B00LWFIXAQ
Pentel Arts174; Sign Brush Marker Pens 12ct - Multicolor Black,B07DP7XLWH
Pentel brush touch felt-tip pen 12 color set SES15C-12,B009UVI2PU
Pentel EnerGel Deluxe RTX Liquid Gel Ink Pen Set Kit| Pack of 3 with 4 Refills (Pink - 0.7mm),B00LPMGUBU
Pentel EnerGel 0.7 mm RTX Retractable Liquid Gel Pen| Bulk Combo Pack of 6 BLACK INK & 6 BLUE INK metal pens (Total of 12 Deluxe Pens in box) Medium Line| Metal Tip pentel pens,B07WHV9YGW
Pentel Ain Mechanical Pencil Leads 0.3mm 2H| 5 Pack/total 75 Leads Value Set,B071YPPFKX
Pentel Hi-Polymer Block Eraser| Small Black ZEA06A| Sold individually,B005K716C4
Pentel EnerGel Deluxe RTX Liquid Gel Ink Pen Set Kit| Pack of 3 with 4 Refills (Green - 0.5mm),B00LPMGUVA
Pentel Sharplet-2| Automatic Pencil| 0.7mm Lead Size| Blue Barrel| Box of 12 (A127C),B0026ZQ04W
Pentel Arts Color Brush with Pigment Ink| Medium Tip| Black Ink| Pack of 1 (FP5MBPA),B005JDEXD8
Pentel Portable Fude Brush Pen| Kirari| Gold Body (XGFKPX-A),B00BBNRTLI
Pentel Super Hi-Polymer Mechanical Pencil Refill - 0.5mm - 4B - Black For Pentel Mechanical Pencil - 12 / Tube,B0096XY06C
Pentel RSVP STYLUS Ballpoint Pen| Fine Line| Blue Ink (BK90L-C),B01DBV48B6
Pentel Energel Deluxe RTX Retractable Liquid Gel Pen|0.5mm| Fine Line| Needle Tip| Black.blue.red Ink-each 3 Pens/total 9 Pens Special Value Set,B00GU3GNWK
Pentel Mechanical Pencil Orenz 0.2mm (Khaki) XPP502-D2,B07KCPNNZB
Pentel Super Hi-Polymer Refill Leads 0.3 mm HB no. 300,B000WGVI30
Pentel Arts Aquash Brush| Medium| 7 ml,B004L18ZWO
Pentel Drafting Pencil Graph 600| 0.5mm| Mint Blue Body (PG605-S),B002H9W01E
Pentel Arts Sign Pen Touch| Fude Brush Tip| Fashion Colors| Pack of 6 (SES15CBP6M1),B01FUMSW1Q
Pentel Graph Gear 1000 Automatic Drafting Pencil| 0.3mm Lead Size| Brushed Metal Barrel/PG1013/ + Strength & Deep & Smooth Uni 0.3mm HB Top quality Diamond Infused Leads [Nano Dia-15 Leads] for Professional Value Set,B00HUJ392K
Pentel Twist-Erase Eraser Refill - Lead Pencil Eraser - 3 / Pack - White| 4 Packs,B014JVZ5FU
Pentel PD215LEBP2 Quick Click Mechanical Pencil| HB| No.2| 0.5 mm| Assorted Barrel| 2/Pack,B07FC5NGBX
Pentel EnerGel Pro Permanent Gel Ink Pen| (0.7mm) Medium Point| Black Ink| 2-Pk (BLP77BP2A),B079Q7XW6G
Pentel Tradio Stylo TRJ50 Fountain Pens (Pack of 3),B00BZCXTBO
Pentel| Mechanical Pencil| Orenz| Foxy Limited (Clear Red| 3mm),B07653W9FV
6 Tubes Pentel Ppr7 Red .7mm Lead 72 Sticks of Lead,B00DUIX61O
PENMSP60ZP - Pentel Outline Marker,B0013CIG1O
Pentel Arts Colouring Pencils CB8-24 - Assorted Colours (Pack of 24),B005L186AE
Pentel Arts Stylo Sketch Pen| Black| Box of 12 (JM20-AE),B00JS8J1N2
Pentel 0.7 Refill 3-piece Set 2BBHBAS for PG1017/517| Packaged Ain Stein Lead| 0.7 mm HB| B| 2B| Tube of 40pcs (XC277-HB|B|2B)| 1 Each,B01B9CCOFG
PENTEL Color Brush Pen| Black (GFLBP101),B002PIFTRE
Pentel Fine Writing Instrument Mechanical Pencil (PG507-CD),B0017OJ21G
Pentel New EnerGel Deluxe RTX Retractable Liquid Gel Pen|Ultra Micro Point 0.3mm| Fine Line| Needle Tip| Red Ink Japanese Box of 10 (With Our Shop Original Product Description),B01HSU2RX2
Pentel Quicker Clicker Mechanical Pencil (0.9mm) Transparent Black Barrel| Box of 12 (PD349TA),B00822DXG6
Pentel 2 X Twist-Erase Refill Erasers| Qty 1| Pkg of 3,B0127D9MP6
Pentel EnerGel RTX Retractable Liquid Gel Pen (12 Pack| Black/USA Barrel),B07NH7TSMB
Pentel Art Brush Sky Blue XGFL-110,B0090UJHVY
Pentel Japan Aquash Water-Brush 4 types of set,B079J3B6J9
Pentel EnerGel NV Gel Ink Pen| (0.7mm)| Medium Point Capped| Metal Tip| Blue Ink| Box of 12 (BL27-C),B005BXM6QC
Pentel Super Hi-Polymer Lead Refill| 0.7mm Medium| HB| 12 Pieces of Lead,B000I5SFJ0
Pentel Super Hi-Polymer Lead Refill (0.5mm) Fine| 2H| 36 Pieces of Lead (C505BP32H-K6),B002JG2J8O
2 Pk Pentel LR7-B EnerGel Refills| 0.7 mm Medium| Red,B00KQTCERM
Pentel Energel stick Liquid Gel Pen| 0.5mm| Fine Line| Needle Tip| Black Ink-value set of 3(with Our Shop Original Description of Goods),B00F91LIVK
Pentel Ain Pencil Leads 0.2mm B| 10 Leads X 2 Pack/total 20 Leads (Japan Import) [Komainu-Dou Original Package],B00N3M16XW
Pentel Super Hi-Polymer Refills| 0.7 mm Medium| HB| 180 Pieces of Lead (C27BPHB6),B072HTBQGX
Pentel EnerGel Pro Permanent Gel Ink Pen| (0.7mm) Black Ink| 3 Pack (BLP77BP3A),B079Q7JXX1
Pentel(R) Presto(TM) Jumbo Correction Pen| Fine Point| 12 ml,B00006IQCI
Pentel Graphlet Mechanical Pencil| 0.5mm| Black Cap| Box of 12 (PG505AD),B00LWFI3KG
Pentel Krazy Pop Iridescent Gel Pen| (1.0mm) Bold line| Blue & Gold Ink (K91-DXC),B07WC2WN64
Pentel EnerGize Automatic Pencil with Lead and Erasers| 0.7mm| Assorted| 2 Pack (PL77LEBP2),B004FLKP28
Pentel Arts Hi-Polymer White Cap Eraser| Canister Display - 240 Pieces (ZEH02-240),B0723B6MWR
Pentel Color Pens Set| Assorted Colors| Set of 36,B01JB763CG
Pentel Products - Pentel - Hi-Polymer Medium Size Block Eraser| Non-Hazardous Elastomer Compound - Sold As 1 Each - Erases with very light pressure. - Erases cleanly without scratching or tearing paper surface. - Leaves no dust. - Will not crack or harden with age. -,B004E2O6V4
PENMG8A - Pentel R3 Slim Rolling Writer Refills,B001600QR0
Pentel EnerGel Deluxe RTX Liquid Gel Ink Pen Set Kit| Pack of 3 with 4 Refills (Red - 0.7mm),B00LPMGURY
Pentel Arts Pointliner Drawing Pen| 0.3mm| Black Ink| Box of 12 Pens (S20P-3A),B07RY9VJF9
Pentel Arts Oil Pastel Set| 5/16 x 2-7/16 Inch| Assorted Colors| Set of 16,B001E63EKW
Pentel : Refill for Slim Rolling Writer Pen| Medium| Black Ink -:- Sold as 2 Packs of - 1 - / - Total of 2 Each,B002ZZDIMA
Pentel EnerGel Clena Retractable Liquid Gel Pen| Micro Fine Point 0.3mm Needle Tip| Black Ink| Mint Green Body (BLN73LK-A),B077GPBML7
Pentel Orenz PP503B Super Sliding Sleeve Pencil| Red| 0.3 mm,B01B23NEGA
Pentel Energel Roller Gel Pen 0.7mm Medium Metal Tip| Black Color| Pack of 8,B074H7K2D2
Pentel Quick-Dock Mechanical Pencil| 0.7mm| Blue Barrel Box of 12 (QD7E-C),B00HEQRVRS
Pentel Packaged Graph Gear 1000 Automatic Drafting Pencil| 0.9mm| Yellow Accents (XPG1019),B002KW5DQ2
Pentel Graphgear 1000 Gold Limited Edition Mechanical Pencil (PG1015LG) Ain Lead (Gold),B079RBFFPH
Pentel Rolling Writer Blue [Pack of 12 ],B00DUGYWR8
Pentel - Feel-It! - Retractable Needle Point Ballpoint - BX417 - Box of 12 - Black,B07BGDBVGR
Pentel Ballpoint Pen ENERGEL Clena 0.3mm [Blue Black] (Japan Import),B07HQLPX2V
Pentel Refill Lead Blue (0.5mm) Medium 12 Pcs/Tube| 12 Tubes of Lead (PPB-5),B000JD2AO2
Pentel Graphgear 1000 Drafting Pencil PG1017 0.7mm (Set of 3 Pens),B00MSNEX5K
Pentel Fude Brush Pen Bold (XFL2B) + Cartridge (XFR-AD) 2-Pack,B07RDBFSVW
Pentel Sharp Mechanical Pencil (0.7mm) Metallic Barrels| Assorted Barrel Colors| 2-Pk (P207MBP2),B071VP9NK2
Pentel Sharp Mechanical Pencil| (0.5mm)| Metallic Green Barrel| Box of 12 (P205MD),B071Z17P9R
Pentel 4 X Mechanical Pencil| Retractable Tip| Latex Rubber Grip| 0.7mm| Black (PENPL77A),B01253WMIW
2 Pk Pentel LRN5-B EnerGel Refills| 0.5 mm Fine Needle Tip| Red,B00KQTDYAI
Pentel ENER-GEL Deluxe Liquid Gel Pen| Bold Line| Metal Tip| Black Ink| Box of 12 (BL60-A),B001P3Y72I
Pentel Refill Eraser for Mechanical Pencils| White| 12 Tubes| 4 Erasers Per Tube (Z2-1N),B00LV88PW0
Pentel Sign Pen Stick Porous Point Pen| Fine Point| Red Barrel| Red Ink 12-Count (S520-B),B001AQR984
Pentel Arts Limited Edition Pocket Brush,B00579OG36
Pentel 0.5mm Refill| Red Lead| Tube of 12| 1-Pack,B000087L7C
Pentel Fountain pen (Single-use type) Pulaman [Blue ink] x 2 pieces (Japan Import),B01MDNEP72
Pentel Ain Mechanical Pencil Leads 0.3mm B| 5 Pack/total 75 Leads Value Set,B071RNW7N8
Pentel Sharp Automatic Pencil| 0.5mm Lead Size| Black Barrel(P205A)| Box of 12,B0026ZPWUU
Pentel Twist-Erase Click Mechanical Pencil Set - 6 Mechanical Pencils| 6 Extra Erasers| 3 Tubes of Lead Refills,B01IW2T9C2
Pentel Refill Ink for BK91 Pentel R.S.V.P. Ballpoint Pen| Medium Line| Pink Ink| 2-Pack (BKL10-P),B005O658AW
Pentel Arts Hybrid Technica 0.3 mm Pen| Ultra Fine Point| Black Ink 10-Pack KN103-A,B00DKIL50I
Pentel 5-piece Set| Pg1013e| 0.3mm Graph Gear 1000 Automatic Pencil,B006Q20DM6
Pentel 0.9 Refill 3-piece Set 2BBHBAS for PG1019/519| Packaged Ain Stein Lead| 0.9 mm HB| B| 2B| Tube of 36pcs (XC279-HB|B|2B)| 1 Each,B01B9E4YW0
Pentel Fude Touch Sign Pen Pink Felt Pen Like Brush Stroke (SES15C-P) 4 Set,B07T3WSK3H
Pentel Arts Orenz Deluxe 1-Click Drafting Pencil| (0.5mm) Fine line| Black Barrel - PP1005GABP,B079S3MTFC
Pentel EnerGel 0.5mm Needle Tip Green Ink Liquid Gel Pens (BLN75-D) - 24 Pack,B07QYX1K7N
Pentel Energel Deluxe RTX Retractable Liquid Gel Pen|0.5mm| Fine Line| Needle Tip| Black.blue.red Ink-value set of 3,B00FHT36WS
PTL AL25TA Pentel Icy Pencil .5mm Black| 12 Pk,B00BT2V9CG
Pentel EnerGel Pearl Deluxe RTX| 0.7mm| Black Ink| Box of 24,B01N4S9546
Pentel Mechanical Pencil Eraser Refill (Z2-1N)| for Pentel mechanical pencil GRAPH| Orenz| and Smash| × 5 Pack/total 20 pcs (Japan Import) [Komainu-Dou Original Package],B01LYJ7WE3
Pentel Refill Ink for BL57/BL77 EnerGel Liquid Gel Pen| 0.7mm| Metal Tip| Green Ink| 1-Pack (LR7-D),B001IVV8WO
Pentel Clic Eraser Clear Body| Assorted Colors| 2 Pack (ZE23BP2M),B00LWFI3EC
Pentel Ballpoint Pen ENERGEL Clena 0.5mm [Blue Black] (Japan Import),B07HQ3RV2C
Pentel EnerGel Tradio Pearl Liquid Gel Pen| 0.7mm| Medium Line Capped| Black Ink| 5 Pack (BL117WBP5A),B00LWFI72U
Pentel Twist-Erase EXPRESS Mechanical Pencil 0.9mm| Red Barrel| Box of 12 (QE419B),B01EN0H5GO
Pentel Sharplet-2 Mechanical Pencil| Brown Barrel| Box of 12 (A129E),B0026ZQ056
Pentel Twist-Erase GT| 0.5mm| Mechanical Pencil Transparent Blue| Box of 12 (QE205C),B00HEQS01O
Pentel ballpoint Tell fine print black [10 packs] B100-AD (japan import),B00ASUZRBO
Pentel Refill Erasers for Clic Eraser| Contains 4 Erasers (ZER-2),B0113ID19Y
Pentel Super Hi-Polymer Lead Refills| 0.9 mm| 90 Pieces (C29BPHB3) & C27BPHB3K6 Super Hi-Polymer Lead Refills| 0.7mm| HB| Black| 30 per Tube (Pack of 3 Tubes),B07THPRVS3
Pentel Sign Pen Stick Porous Point Pen| Blue Barrel| Blue Ink| Bold Point| Box of 12 (S520-C),B000EFMK40
5 X Pentel Permanent Marker| White| Broad Point| 1 Pack (100W),B012TSCPCQ
Pentel Hybrid Gel Grip Metallic Pen – 1.0mm Rollerball – Green| Gold| Red| Silver and White - Set of 5 - K230,B077G26B5D
Pentel Super Hi-Polymer Lead Refill | 0.7mm Medium| HB| 270 Pieces of Lead,B01N6DX41B
Pentel 238246 Permanent Marker,B00IZHL7ES
Pentel RSVP STYLUS Ballpoint Pen| Fine Line| Black Ink (BK90L-A) (12 count),B01DBV430C
Pentel Super Hi-Polymer Lead Refills| 0.5 mm| 90 Pieces (C25BPHB3-K6)|Gray,B001B0D9QK
Pentel GraphGear 1000 Automatic Drafting Pencil (0.9mm)| with Eraser Refills| 1-Pk (PG1019EBP),B071DPWWHZ
Pentel New EnerGel Deluxe RTX Retractable Liquid Gel Pen|Ultra Micro Point 0.3mm| Fine Line| Needle Tip| Black Ink Value set of 10 (With Our Shop Original Product Description) …,B01DBG2HBO
Pentel hybrid stitch grip 0.5mm [10 packs] black K105-GA (japan import),B000THNCI6
Pentel Refill Ink for EnerGel Liquid Gel Pen| 0.7mm| Needle Tip| Blue Ink| 1 - Pack (LRN7-C),B0006SVDKM
Pentel Handy-Line S Retractable and Refillable Chisel Tip Highlighter| Violet Ink| Box of 12 (SXS15-V),B00HEQS6FO
Pentel Refill Erasers For Pentel Twist-Erase Series Pencils - 36 Count (E10),B00KZHWOU2
Pentel Refill Ink for EnerGel Liquid Gel Pen| 0.7mm| Needle Tip| Black Ink| 1 - Pack (LRN7-A),B0017DCUNO
Pentel 3 Eraser Pack| 2 Clic Erasers| 1 Small Block eraser (ZEH0521BP3),B01IIKUYFO
Pentel Packaged Graph Gear 500 Automatic Drafting Pencil| 0.3mm| Brown Accents (XPG513),B001MT723G
6 Tubes Pentel Ppb7 Blue .7mm Lead 72 Sticks of Blue Lead,B00DZUE558
Pentel LR7B Refill for Pentel EnerGel Retractable Liquid Gel Pens| Medium| Red Ink,B00CRDPBCU
PENTEL ENERGEL NEEDLE TIP BLUE BLN25-C,B0076WW9QS
Pentel EnerGel NV Gel Ink Pen| (0.7mm)| Medium Point Capped| Metal Tip| Violet Ink| Box of 12 (BL27-V),B00HEQS2US
Pentel The Full Set of Packaged Graph Gear 500 Mechanical Drafting Pencil| 0.3| 0.4| 0.5| 0.7| 0.9mm For Pro with Eraser Refill (Z2-1N) Pack of 4| 1 Each,B01AWBZ1CS
Pentel Mechanical Pencil| Kirari| 0.9mm| Pink (XP209-P),B00FXM22RY
Pentel Liquid Gel Pen| Refillable| 1.0mm| Blue/Grey Barrel/Ink (BL60-C),B0016040EK
Pentel Energel Infree Gel Ink Ballpoint Pen 0.5mm| Needle Tip| 5 colors & Original Sticky note (Japan Import),B07YQCV588
Pentel Rolling Writer Refills| R3 Slim Refill| Medium| Black| Box of 12 Refills,B00006IEAH
Pentel Refill - Super Hi-Polymer Lead 0.7mm| H 12 Pcs/Tube| Pack of 3 (L50BP3H),B004I7CQK8
Pentel Hi-Polymer Block Eraser| Small| Pack of 9,B01N1PEXCM
Pentel GraphGear 1000 Mechanical Pencil| (0.5mm)| Black Barrel| 1 Each (PG1015A)|Brown,B000GAU2RU
Pentel Refill Ink for EnerGel Liquid Gel Pen / 1.0mm Blue Ink/Value Set of 10 Refills (With Our Shop Original Product Description) …,B01DBH0SGY
Pentel Ain Mechanical Pencil Leads 0.2mm B| 10 Leads X 5 Pack/total 50 Leads(Japan Import),B00XJ9H6LA
Pentel New EnerGel Deluxe RTX Retractable Liquid Gel Pen|Ultra Micro Point 0.3mm| Fine Line| Needle Tip| Black Ink Value set of 5 (With Our Shop Original Product Description),B00X8YQPYA
Pentel R.S.V.P. Ballpoint Pen| Fine Line| Black Ink| 5 Pack (BK90BP5A),B000TC4THY
Pentel Knock Ballpoint Pen Energel-inkfree| Needle Tip 0.5mm Orange Ink) BLN75TL-F,B079YN7NLN
Pentel Vicuna Ballpoint Multi Pen Refill-0.5mm-Black,B00BBNRBQQ
Pentel Multi 8 Lead Holder - 2 mm,B0013ND76W
Pentel R.S.V.P. Ball Point Pen| Medium Line| Blue Ink| 12 Pack (BK91PC12C),B00SWY0CZY
Pentel EnerGel XM BL77 - Retractable Liquid Gel Ink Pen - 0.7mm - 54% Recycled - Green - Pack of 3,B01MFAOVPJ
Pentel Mechanical Pencil| Orenz| 0.3mm| White (XPP503-W),B00SHC6Y8K
Pentel Ain Stein 0.5mm HB Soft Mechanical Pencil Lead| 40 Leads (C274-HB1),B004NNNY0I
Pentel 4 X Twist-Erase Refill Erasers| Qty 1| Pkg of 3,B0127D9XQY
Pentel Vicugna EX multifunction pen's (0.7 mm ballpoint pen black / red| mechanical pencils 0.5 mm) Black shaft,B007MM5G1W
Pentel Finito Porous Point Pen Fine Point Tip| Black Ink| 2 Pack (SD98BP2A),B00G639VV4
Pentel Hybrid Gel Grip Metallic Pen – 1.0mm Rollerball – Metallic Pink – Box of 12 – K230,B077GFHWP4
Pentel Arts Sign Pen Touch| Fude Brush Tip| Sky Blue Ink| Box of 12 (SES15C-S),B00BUZ34Q6
Pentel Quick Dock Mechanical Pencil (0.5mm) Black BARREL (QD5EA),B00HEQRVWI
Pentel Graphgear 1000 Drafting Pencil PG1013 0.3 mm (Set of 3 pens),B01AC5DO64
Pentel Pencil Lead Holder and Lead Set| Multi 8 Set (PH802ST),B0013NG07U
Pentel R.S.V.P. RT New Retractable Ballpoint Pen| Medium Line| Blue Ink| 2 Pack (BK93BP2C),B0042ET0OM
Pentel(R) Quicker-Clicker&trade; Automatic Pencil| 0.9 mm| Red,B00006IEGQ
Pentel EnerGel Liquid Gel Ballpoint Pen| 0.7mm Metal Tip| Black Ink (BL57-A)| 3 pens per Pack (Japan Import) [Komainu-Dou Original Package],B00VZFX5AG
PENBL77C - Pentel EnerGel RTX Roller Ball Retractable Gel Pen 3 pk,B00443BPKS
Pentel Refills Ink for EnerGel Liquid Gel Pen| 0.4mm| Blue Ink| Value Set of 10,B071VRQYFT
Pentel Lead Refills 0.7mm RED (4 Tubes PPR-7) + Blue (4 Tubes PPB-7)| 12 Leads per Tube,B06Y181FWD
Pentel RX15ZX-A Pentel Excalibur Stick Roller Ball Pen| Silver Barrel| Black Ink| Fine Pt| 1 Pen,B0006VPXQY
Pentel Sharp Automatic Drafting Pencil| 0.9mm| Yellow| Pack of 6,B01N9EOBNK
Pentel Packaged Graph Gear 1000 Automatic Drafting Pencil| 0.3mm| Brown Accents (XPG1013),B00B3PJHEG
Pentel Graphgear 1000 Gold| Limited Edition Mechanical Pencil (PG1015LG)| Black,B079RFSHGD
Pentel Refill Ink for EnerGel Liquid Gel Pen / 0.5mm Black Ink / Value Set of 10 Refills,B010NDGEZI
Pentel R.S.V.P. RT New Retractable Ballpoint Pen| Medium Line| Red Ink| 2 Pack (BK93BP2B),B0042ET0K6
Pentel Ain Stein Mechanical Pencil Lead| 0.5mm 2B| 40 Leads x 3 Pack (XC2752B-3P),B004EHYH2M
Pentel Graphgear 500 Automatic Drafting Pencil|roulette Grip & Metal Body Model -0.3mm- & Pentel Ain Clic Retractable Pen-type Triangle Eraser Professional Value Set,B00F9O3CIE
Pentel AL15A Champ Mechanical Pencil| 0.5 mm|Translucent Gray Barrel| Dozen,B005DYCE2A
Pentel P207 Sharp Mech Pencil 0.7mm Met.Pink,B01B1W1BTY
Pentel EnerGel Liquid Gel Ballpoint Pen Refill| 0.3mm Black Ink 10 Refills Set,B010ND7NGW
Pentel Color Lead Mechanical Pencil Refills (PENPPB5),B0006VKHS8
Pentel Graph Gear 1000 Pen| 0.5mm (PG1015),B0013NHU7O
Pentel Art Brush Orange XGFL-107,B0090UJHL4
Pentel P207 Sharp Mech Pencil 0.7mm Met.Celdn,B01B1W1CUM
Pentel Mechanical Pencil| Energize| 0.5mm| Silver & Violet (PL75-V),B001E67ROQ
Pentel Ain Stein Mechanical Pencil Lead| 0.5mm H| 40 Leads (C275-H),B004NNNY44
PENP1035A - Pentel Sharp Kerry Mechanical Pencil,B002KW5DPS
Pentel Ain Pencil Leads 0.4mm HB| 30 Leads X 5 Pack/total 150 Leads (Japan Import) [Komainu-Dou Original Package],B00PQXUSEE
Pentel Quicker Clicker Automatic Pencil| 0.7mm| Transparent Blue Barrel| 2 Pack (PD347BP2-K6),B000YCUAI6
Pentel Tradio Stylo Fountain Pen Refill Black,B001ANTJFI
Pentel Mechanical Pencil Lead| Ain Stein| 0.5mm| 3H (C275-3H),B004NNRZNK
Pentel million years CIL KERRY (Kelly) Limited Color Orange P1035-FD,B00TIEF0WC
Pentel Arts Color Brush Refills| Black Ink| Pack of 2 (FR101BP2A),B016PE4ZYG
Pentel Lead Refills 0.5mm BLUE| 12 Leads per Tube [Pack of 3],B00UP0O33U
Pentel Portable Brush Pen Hakuouki-Fude Harada Sanosuke Xgfkph5-A [Limited Model],B01EN3O46A
Pentel PD275TA Twist-Erase CLICK Mechanical Pencil| 0.5 mm| Black Barrel,B008K56EGG
Pentel Ain Mechanical Pencil Leads 0.7mm HB| 40 Leads X 5 Pack| Total 200 Leads (Japan Import),B00N98YK8I
Pentel EZ# 2 Mechanical Pencil| 0.7mm Black Barrel,B07S38YJWM
Pentel Fountain pen (Single-use type) Pulaman [Black ink] x 5 pieces (Japan Import),B01HAPGFG0
Pentel Clic Eraser Grip Retractable Eraser with Grip| Assorted Barrels| 1 Pack (ZE21TBP),B002HIGEZ8
Pentel Energel Infree Gel Ink Ballpoint Pen 0.5mm| Needle Tip| Turquoise blue Ink| 5 pen set(Japan Import),B07YQBXR4Z
Pentel EnerGel RTX Roller Ball Retractable Gel Pen| Needle Tip| Violet Ink| Medium Point Pentel 3PACK| LRN7-V EnerGel Refills| 0.7 mm Medium Needle Tip| Violet 4PACK,B01HN2M2LW
Pentel Arts Orenz Deluxe 1-Click Drafting Pencil| (0.3mm) x-Tra Fine Line| Silver Barrel (PP1003GZBP),B07W8ZMP2F
PENBK91MNBP8M - Pentel Mini RSVP Ballpoint Pen,B002569WVU
Pentel Mechanical pencil SMASH 0.3mm [Black] (Japan Import),B07NB1TXYX
Pentel GraphGear 1000 Automatic Drafting Pencil (0.3mm)| Black Accents| 1 Each (PG1013G),B005GSL762
Pentel Fine Writing Instrument Mechanical Pencil (Q1005-1),B0013NHU6K
Pentel Mechanical Pencil Graphgear500-0.4mm - PG514,B0017OLGJC
2 Pk Pentel LR7-S EnerGel Refills| 0.7 mm Medium| Sky Blue,B00KQTG4LO
Pentel Pocket Fude Brush Pen Refills (FP10-A)| Black Ink| × 3 Pack/total 12 Refills (Japan Import),B0159ZIZ2A
Pentel Energel Deluxe RTX Retractable Liquid Gel Pen|0.5mm| Fine Line| Needle Tip|Blue Body Type| Black.Blue.Red Ink-Each 1 Pens/Total 3 Pens Value Set(With our shop original description of goods),B00KMSNF0M
Pentel Art Brush Blue XGFL-103,B0090UJH5U
Pentel SMASH Mechanical Pencil (champagne gold) Q1005-XKS,B06X6KDHSJ
Pentel Presto Jumbo Correction Pen| Fine Point| 12 ml| 6 Packs,B014PQVJEK
Pentel Fude Touch Sign Pen Pink Felt Pen Like Brush Stroke (SES15C-P) 3 Set,B07T4ZC8Q2
PENMG8A - Pentel Rolling Writer Pen Refill,B002XJSEN6
Pentel R.S.V.P. RT Retractable Ballpoint Pen| 1.0mm Tip| Black Ink| Box of 12 (BK93-A),B002R0DYUY
Pentel Arts Sign Pen Touch| Fude Brush Tip| 12 Assorted Colors in Marker Stand (SES15CPC12),B01EN0HCH6
LR7-A Pentel Energel Pen Refill 0.7mm (Black) Ref LR7-A (Pack of 12),B00IZHDX0E
Pentel ICY Mechanical Pencil - #2| HB Pencil Grade - 0.7 mm Lead Size - Violet Lead - Violet Barrel - 12 / Dozen,B00PV0H9FI
Pentel Sharp Kerry Automatic Pencil 0.5mm (Black/Gold),B016UJ248K
Pentel Sharp Mechanical Pencil| 0.5mm| Black Barrel| 1 PENCIL (P205A),B002HN26F0
Pentel Ain Pencil Leads 0.5mm 4B| 40 Leads X 5 Pack/total 200 Leads (Japan Import) [Komainu-Dou Original Package],B00PQY8XRC
Pentel Multi8 Lead| Fluorescent Pink (CH2F-P),B0030DB02Q
Pentel Refill Lead| 0.5mm| Fine| Red| 12 Pieces Per Tube| 3 Pack (PPR5BP3-K6),B004FLKP2S
Pentel Super Hi-Polymer Lead Refill| 0.9mm Thick| H| 180 Pieces of Lead (50-9-H),B000HF4S3S
Pentel Super Hi-Polymer Mechanical Pencil Lead Refills| 0.7mm Medium| HB| 144 Leads,B00GSW09FU
1Pc Pentel FRH-B Aquash Water Brush (Fine Point Large),B0017OLHN2
Pentel Ballpoint Pen| Medium Point| 24/PK| Black Ink/Clear Barrel (PENBK91ASWUS),B00UZNV9HK
Pentel Ballpoint Pen Feel (Clear Black Shaft/Black ink) [BXB117-A] x 10 pieces (Japan Import),B01LXFBIDX
Pentel GraphGear 500 Automatic Drafting Pencil| Blue (PG527C),B0006OM2RE
Pentel Refill Ink for EnerGel Liquid Gel Pen| 0.5mm| Needle Tip| Red Ink| 1-Pack (LRN5-B),B000FNBAYW
Pentel Ain Pencil Leads 0.7mm 2B| 40 Leads X 5 Pack/total 200 Leads (Japan Import) [Komainu-Dou Original Package],B00MJO84ZS
PENBK90USABP5A - Pentel R.S.V.P. Stars/Stripes Edition Ballpoint Pen,B071NHDXBL
Pentel EnerGel-X Retractable Liquid Gel Pen (0.7mm) Metal Tip - Violet Ink| Box of 12,B00I2796HQ
Pentel R.S.V.P. Ballpoint Pen| Medium Line| Black Ink (BK91BP5A) (3),B082XJBQ7J
Pentel Super High-Polymer 0.5mm Lead Size| 12 Pack (C505BPHB-K6),B001RB2IO2
Pentel Refill Ink for EnerGel Liquid Gel Pen / 0.3mm Blue Ink/Value Set of 10 Refills (With Our Shop Original Product Description),B010NDC1TQ
PENPD345BPK6 - Pentel Quicker Clicker Automatic Pencil,B000RLR0PU
Pentel Twist-Erase 3 Mech Pencil 0.7 Violet,B072BCVYBM
Pentel 0.5 mm Lead Automatic Pencil - Black (Pack of 12),B007QXPIC4
Pentel Knock Highlighter| Handy Line| 5 Color Set (SXNS15-5),B007QALB3W
PENPHN16 - Oil Pastel Set with Carrying Case,B002JIN2RY
Pentel EnerGize Mechanical Pencil - #2 Pencil Grade - 0.5 mm Lead Size - Black & Silver Barrel - 1 Each,B00PV0HN22
Pentel 0.7mm (P207-C) Blue P200 Series Automatic Mechanical Drafting Pencil Refillable Lead Eraser (Pack Of 6),B00M9B1ZO8
Pentel EnerGel Alloy RT Retractable Liquid Roller Gel Pen - Metal Barrel 0.7mm - Gold Body (Black Ink),B071KWRZDG
Pentel dot E-ball oil-based ballpoint pen 0.7mm| Black| 5 pens per Pack,B00KFB43JI
Pentel R.S.V.P. RT Retractable Ballpoint Pen| 1.0mm Tip| Blue Ink| Box of 12 (BK93-C),B002R0DYVI
Pentel BL77USABP5A EnerGel RTX Retractable Liquid Gel Pen.7mm| USA Barrel| Black Ink| 5/PK,B075NHW4CS
Pentel GraphGear 500 Automatic Drafting Pencil| 0.5mm| Black| Pack of 6,B01NBHP7ZK
Pentel Paint Poster Color U [Pearl Gold] (Japan Import),B001MT8G68
Pentel Paint Poster Color U [6 Colors] (Japan Import),B003TZ1DRC
Pentel 0.4mm Black Ink Refill (XLRN4-A)| for EnerGel Retract Ballpoint Pen(BLN74-A)| × 5 Pack/total 5 pcs (Japan Import) [Komainu-Dou Original Package],B01N6CPKK2
Pentel 1.0mm Tip Hybrid Gel Grip Dx Ultra Smooth Pigment Ink Pen with Chunky Barrel - White (Pack of 12),B00CU6XLGM
Pentel Sign Pen Assorted Pack of 5 S520/5-M,B002YUIQ9G
Pentel Correction Fluid (Pen type) [XZL61-W2] x 2 pieces (Japan Import),B000W04IFQ
Pentel Arts Oil Pastels| 432 Piece Classroom Size Pack (PHN-12CP)| Assorted,B002ZD1XRO
Pentel Sharp Automatic Pencil| 0.5mm| Burgundy Barrel| Box of 12 (P205B),B0026ZPWV4
Pentel EnerGel-X Retractable Liquid Gel Pen 0.7mm| Metal Tip| Medium| Violet Ink (2 Pack) (BL107BP2V),B004YZ7Q54
Pentel 3 X Twist-Erase Refill Erasers| Qty 1| Pkg of 3,B0127D9RCO
Pentel Refill Ink for BK91 Pentel R.S.V.P. Ballpoint Pen| Medium Line| Sky Blue Ink| (BKL10-S) (Pack of 12),B005O658B6
Pentel Assorted Maxiflo Whiteboard Marker - Black (Pack of 4),B000TKBLIQ
2 Pk Pentel LRN5-D EnerGel Refills| 0.5 mm Fine Needle Tip| Green,B00KQTG0J0
Pentel Portable Fude Brush Pen| Kirari| Sakura Color Body (XGFKPP-A),B00BBNRQSE
Pentel EnerGel Deluxe RTX Liquid Gel Ink Pen Set Kit| Pack of 3 with 4 Refills (Red - 0.5mm),B00LPMGUB0
Pentel Limited Edition GraphGear 1000 Colors Mechanical Pencil (0.5mm)| Pink Accents| w/Tube,B08GLWCFC4
Pentel Twist-Erase GT (0.5mm) Mechanical Pencil| Lead| 2 Erasers| Assorted Barrel Colors| Color May Vary| Pack of 2 (QE205LEBP2M),B00DDWELJS
Pentel EnerGel Clena Retractable Liquid Gel Pen| Micro Fine Point 0.5mm Needle Tip| Black Ink| Sax Blue Body (BLN75LS-A),B077GQXHLB
Pentel Quicker Clicker Automatic Pencil| 0.9mm| Transparent Burgundy Barrel| 1 Pack (PD349BP-K6),B00260PV1A
Pentel R.S.V.P. Ballpoint Pen| Medium Point| Assorted Ink Colors| 8 Pack (BK91CRBP8M),B011KGIAGI
Pentel EnerGel FLASH! Liquid Gel Stick Pen| (0.7mm) Medium Line| Metal Tip| Energel Purple| Pink| light blue| Orange| Black| Red| Green| Blue Ink| 8-Pack,B07S7Y78XQ
Pentel Graphgear 1000 Mechanical Drafting Pencil 0.3mm Brown (PG1013),B0013NE3PQ
Pentel 0.3mm P200 Series Mechanical Pencil Lead with Brown Barrel,B000WH2WSO
Pentel Rolling Writer Roller Ball Capped Pen| Blue Ink| Medium Point| Dozen| DZ - PENR100C,B002XJBLS6
Pentel Presto Jumbo Correction Pen| Fine Point| 12 ml| 4 Packs,B014PQVRCE
Pentel Mechanical Pencil| Refillable Lead/Eraser|0.7mm|Blue (PENPD277TC),B0040V3KF2
Pentel Mechanical Pencil| Energize| 0.5mm| Silver & Black (PL75-A),B000WGWSG6
Pentel EnerGel Deluxe RTX Liquid Gel Ink Pen Set Kit| Pack of 3 with 4 Refills (Black - 0.5mm),B00LPMGUAG
Pentel Graph Gear 500 Automatic Drafting Pencil with Lead and Mini Eraser| 0.5 mm (PG525LEBP)|Black|1 Pack w/ Lead & Eraser,B0047CP7PA
Pentel Multi-Color Gel Ballpoint Pen Energel| Black/Red/Blue (XBLC35W),B01CHYYVHE
2 Pk Pentel LRN7-B EnerGel Refills| 0.7 mm Medium Needle Tip| Red by Pentel,B01AVVQWMC
2 X Pentel Sharp Mechanical Pencil| 0.7mm| Blue Barrel| Each (P207C),B01252HDIM
Clic Eraser Grip Retractable Eraser with Grip Fashion Barrel Colors 3-Pk,B001G9EBJK
Pentel Four professional refill eraser ZER3-1 2 pieces 10 pieces,B00CJ28X3I
Pentel Energel Alloy RT Gel Pen Medium Point Metal Tip Ballpoint Pen Black ink + Refill (Sky blue Body),B01E8WD6YC
Pentel Multi8 Lead| Non Ppc Copy (CN2-P),B0030D9HVM
Pentel EnerGel Alloy RT Gel Pen Violet (BL407V-A),B00SLH59QE
Pentel Automatic Pencil Refill Erasers (PENPDE1BPK6),B004VD6XI0
2 PACK SET - Pentel Arts Oil Pastels| 50 Color Set (PHN-50) 2 Sets!!,B019EKU6LY
Value Pack of 3 Pentel Sharp Automatic Pencil| 0.5mm| Black| Burgundy| Green Barrels| 3 Pack (P205) by Pentel,B01AVV5XFY
Pentel Mechanical Pencil Lead| Ain Stein| 0.5mm| 4B (C275-4B),B008JF3RLC
Pentel EZ# 2 Mechanical Pencil| 0.7mm Blue Barrel 2 Pack,B07S2591M8
Pentel Super Hi-Polymer Lead - 0.7mm - Medium Point - 4H - Black for Pentel Mechanical Pencil - 12 / Tube,B0096XSA0Y
Pentel Oil Pastels - Set 50,B000WKKN5A
Pentel EnerGel Pro Permanent Gel Ink Pen| (0.7mm) Assorted Colors| 3 Pack (BLP77BP3M),B07BZVBNPR
Pentel EnerGel NV Gel Ink Pen| (0.7mm)| Metal Tip| Black Ink| 4 Pack (BL27BP4A),B001DQW3XW
Pentel Client Retractable Ballpoint Pen| Medium Line| Black Ink| 1 Pack (BK910BP),B001C8XWYK
Pentel Arts Pocket Brush Pigment Ink Pen w/Refills - (1) Pocket Brush Pen| (2) Pigment Ink Refills - Sepia (GFKP3BPSP),B07R8ZJ5D1
Pentel R.S.V.P. RT New Retractable Ballpoint Pen| Medium Line| Black Ink| 4 Pack (BK93BP4A),B0042ET0EC
Pentel Multi 8 Lead| Pink (CH2-P),B0030D9CD0
Pentel 0.5mm (P207-C) Blue P200 Series Automatic Mechanical Drafting Pencil Refillable Lead Eraser (Pack of 3),B00M9B436U
2 Pk Pentel LRN5-A EnerGel Refills| 0.5 mm Fine Needle Tip| Black,B00A6VUD82
Pentel P209 Automatic Pencil 0.9mm Lead Yellow,B005COAGI0
Pentel Wow Mechanical Pencil| 0.7mm| Assorted Barrels| 3 Pack (AL407BP3M),B00LWFIDHE
Pentel Sharplet-2 Automatic Pencil| 0.7mm| 1 Pack (A127BP-K6),B002JGGA2U
Pentel 0.3 Refill 3-piece Set 2BBHBAS for PG1013/513| Packaged Ain Stein Lead| 0.3 mm HB| B| 2B| Tube of 15pcs (XC273-HB|B|2B)| 1 Each,B01B9D7U0E
Pentel R.S.V.P. Razzle-Dazzle Ballpoint Pen| Medium Line| Black Ink| 5 Pack (BK91RDBP5M),B0033F0UV8
Pentel Refill 12 Pack| 0.7mm| Medium| Lead Red (PPR-7),B00D42RGJE
Pentel R.S.V.P. Ball Point Pen| Medium Line| Black Ink| 12 Pack (BK91PC12A),B002VL9IKE
Pentel WOW! Colors Retractable Ballpoint Pens| Medium Line| Assorted Ink| 5 Pack (BK440CRBP5M),B0042ET0EW
Pentel C27bphb3 90 Count .7mm Super Hi PolymerÂ Lead,B00KDT26L4
Pentel Super Hi-Polymer Lead Refill | 0.9 mm Thick| HB| 30 Pieces of Lead (C29BPHB),B00181960U
Pentel EZ#2 Automatic Pencil| 0.7mm| Black Barrel| Box of 12 (AX17A),B00485C4Y8
Pentel ballpoint pen hybrid K105-GC 10 pack of blue,B007E6984W
Pentel Sharp Mechanical Pencil| (0.5mm)| Metallic Barrels| Assorted Colors (B/C/D)| 3-Pk (P205MBP3M1),B01MD2FG9K
Pentel Energel Philography - Boxed Deluxe Retractable Rollerball Pen - White,B078JQ8VCC
Pentel Champ Mechanical Pencil| 0.5mm| Tinted Violet Barrel| Box of 12 (AL15V),B0026ZQ04C
Pentel 0.3mm Black Ink Refill (XLRN3-A)| for EnerGel Retract Ballpoint Pen(BLN73-A)| × 5 Pack/total 5 pcs (Japan Import) [Komainu-Dou Original Package],B01F24NLUO
Pentel RSVP Super RT Ballpoint Pen| (1.0mm) Medium Line| Pink Ink| 2-Pk - BX480BP2P,B07D4Z1XJV
Pentel Client Retractable Ballpoint Pen| Medium Line| Barrel| Black Ink| Box of 12 (BK910A-A),B004W6JPKE
Pentel Ain Regular Size Eraser| Black (ZEAH06A)| Pack of 3 (Japan Import) [Komainu-Dou Original Package],B00TQJV77Q
Pentel click eraser (for pro) ZE31-A (japan import),B003SJE2QS
Pentel Fude Touch Brush Sign Pen (SES15C-A)|Black Ink| Felt Pen Like Brush Stroke| Value Set,B073FCLJ4T
Pentel Ain Pencil Leads 0.2mm HB| 10 Leads X 5 Pack/total 50 Leads (Japan Import),B00U5V2R6O
Pentel EnerGel NV Liquid Gel Pen| 0.7mm| Medium Line Capped| Metal Tip| Black Ink Sold as 1,B004W5YS4I
Pentel Refill Ink for EnerGel Liquid Gel Pen| 0.5mm| Needle Tip| Black Ink| 1-Pack (LRN5-A),B000I660M8
Pentel RSVP Super RT Ballpoint Pen| (1.0mm) Medium Line| Blue Ink| 2-Pk - BX480BP2C,B07D4Y7YXY
Pentel R.S.V.P. Ballpoint Stick Pen| Black Ink| Fine| Dozen,B007FI7ZN0
Pentel XGFH Scientific Brush Pen| Gold & Silver| 2 pens per Pack(Japan Import) [Komainu-Dou Original Package],B012LL66SU
Pentel C25-HB Super Hi-Polymer Lead Refill| 0.5mm Fine| HB| 360 Pieces of Lead,B000DT888Y
Pentel Arts Sign Pen Touch| Fude Brush Tip| Black/Grey/Sepia Pack of 3 (SES15PABP3M),B01G7C1VIY
Pentel Super Hi-Polymer Lead Refills Value Pack (C257BPHB6),B01AIXZS7S
Pentel Arts Oil Pastel Set| 5/16 x 2-7/16 Inch| Assorted Colors| Set of 25,B0016P4G4E
Pentel N60 Permanent Marker Chisel Tip with Aluminium Barrel Waterproof Ink - Black,B000WH2X4C
Pentel Arts Water Colors| Assorted Colors| Pack of 18 (WFRS-18),B0091GAT3M
Pentel N50S Fine Permanent Marker – 3.18mm Bullet Tip – Pack of 3 – Black,B07G3BSRQL
Pentel Libretto Roller Gel Pen| Rose Gold| Black Ink with Gift Box| Pen 0.7mm| 1 Pack (K600PG-A),B01B25B4AQ
Pentel EnerGel-X Retractable Liquid Gel Pen 0.7mm| Metal Tip| Medium| Green Ink (2 Pack) (BL107BP2D),B004YZ7Q0E
Pentel Oil Pastel Set with Carrying Case|45-Color Set| Assorted| 50/Set,B01LA730TO
2 Pk Pentel LRN7-A EnerGel Refills| 0.7 mm Medium Needle Tip| Black,B00KQTC378
Pentel Disposable Fountain Pen – JM20 - Marbleized Gold and Black Barrel – Black Ink – Box of 12 + 2,B07DTDG6K1
Pentel Hybrid Gel Grip Metallic Pen – 1.0mm Rollerball – Metallic White – Single - K230,B077G997MN
Pentel 4.5mm Chisel Tip White Board Marker - Blue (Pack of 12),B00F5YTITU
Pentel multi-function pen Vicu?a EX refill XKBXES7-A 10 pcs set,B00DKIESAW
Pentel paint F watercolor WFC2-12 poly tube containing 12 colors,B0060RXHSO
Pentel Tradio Pulaman Sketch pens Black Body Blue Ink pack of 5 (It's like a fountain pen.),B07TBX24VZ
Pentel N860 Black 12pc(s) Permanent Marker,B0076WW5AS
Pentel Ain Stein Mechanical Pencil Lead| 0.5mm B| 40 Leads (C275-B),B004NNKFAA
Pentel 2 X Refill Ink for EnerGel Liquid Gel Pen| 0.5mm| Needle Tip| Blue Ink| 1-Pack (LRN5-C),B01250UEB2
Pentel Twist-Erase Express Automatic Pencil| 0.7mm| Medium Line| Assorted Fashion Colors| 5 Pack (QE417FBP5M),B007HJOQ0W
Pentel Client Automatic Pencil| 0.5mm| Blue Barrel| Box of 12 (AL905C),B004W6JPZY
Pentel EnerGel-X Retractable Liquid Gel Pen (1.0mm) Metal Tip| Red Ink| Box of 12 (BL110-B),B00822DWBW
Pentel Multi8 Lead| Purple (CH2-V),B0030D9CF8
Pentel Arts Oil Pastels| 50 Color Set (PHN-50),B00LFCWSPM
Pentel R.S.V.P. Ballpoint Pen| Fine Line| (0.7mm)| Assorted Ink| Clear Barrel| 5 Pack (BK90BP5M),B000TC4TQU
Pentel Refillable Pocket Brush Pen - with 2 Sepia Ink Cartridges - Black Barrel,B07FM5MK7L
Pentel Graphgear 1000 Light Green Mechanical Pencil 0.5mm limited Edition (Light green),B07N7MH8GJ
Pentel Refill Ink - For EnerGel PRO Permanent Gel Pen| (0.7mm) Medium Line| Black Ink - LRP7-A,B016Q6MXUQ
Pentel EnerGel XM BL77 - Retractable Liquid Gel Ink Pen - 0.7mm - 54% Recycled - Purple - Pack of 3,B01MDPCM98
Pentel 5 X Automatic Pencil with Twist Eraser| 0.5 mm| Violet Barrel (QE515V),B01252ZGEK
Pentel EnerGel Deluxe RTX Retractable Liquid Gel Pen|0.7mm Metal Tip| Black Set of 5 ( BL77-A ),B008LXMBZ0
Pentel 509HB Super Hi-Polymer Lead Refills| 0.9mm| HB| Black (Pack of 15 Leads),B0017D3IEO
Pentel EnerGel Euro Ballpoint Pen| 0.5mm Needle Tip| Black Ink (BLN25-A),B002LEHUBA
Pentel Refill Ink for EnerGel Liquid Gel Pen / 0.7mm Black Ink / Value Set of 10 Refills,B010NDMYV6
Pentel Gel Ink Ballpoint Pen ENERGEL Clena 0.5mm (Black Ink) [Mimosa Yellow] x 5 pieces (Japan Import),B07DJ1YB8K
Pentel Refill Ink for BK91 Pentel R.S.V.P. Ballpoint Pen| Medium Line| Black Ink| 2-Pack (BKL10-A),B002U40VVM
Pentel Super Hi-Polymer Lead Refills| 0.5 mm| 90 Pieces (C25BPHB3-K6) 2 PACK by Pentel,B0141MHSES
Pentel Super Hi-Polymer Lead| 0.9mm| Medium| HB| 30 Pieces/Tube| Box of 12 (C29-HB),B01196LWG4
2 Pk Pentel LR7-D EnerGel Refills| 0.7 mm Medium| Green,B00KQTBW0C
Pentel Graph Gear 1000 Drafting Pencil 0.5mm,B001E3GUBK
Pentel Refill Ink for BK90 Pentel R.S.V.P. Ballpoint Pen| Fine Line| Black Ink| 2-Pack (BKL7-A)| 2 Packs,B014JVX8G8
Pentel EnerGel-X Retractable Liquid Gel Pen 0.7mm| Metal Tip| Medium| Assorted Ink (BL107BP5M),B004YZ7PTQ
Pentel Graphgear 1000 Purple Mechanical Pencil 0.5mm limited Edition Color (Purple),B07N7M39RP
Pentel EnerGel Deluxe RTX Retractable Liquid Gel Ink Pens Pack of 3 with 4 Refills (Assorted - 0.7mm),B00VXGI1VK
Pentel Twist Erase EXPRESS Automatic Pencil| 0.5mm Lead Size| Black Barrel| Box of 12 (QE415A),B0026ZPWS2
Pentel 3 X Automatic Pencil with Twist Eraser| 0.5 mm| Violet Barrel (QE515V),B01252Z17C
Pentel EnerGel NV Gel Ink Pen| Medium Point| Metal Tip| Assorted Ink| 5 Pack (BL27BP5M),B004FLKOZQ
Pentel Wow! Retractable Ballpoint Pens| Medium Line| Blue Ink| Box of 12 (BK440-C) by Pentel,B016P3KQPY
Pentel SESF30 °C AX Extra Fine Paint Brushes (Set of 1| Black,B07GZYM2PP
Pentel Sharplet-2 Automatic Pencil| 0.5mm| Black| 1 Pack (A125BP-K6),B002XJ770M
Pentel Lead Refill.7mm| 12/TB| Blue (PENPPB7),B001ANXEWM
Pentel Fine Writing Instrument Mechanical Pencil (PG1009),B0013NFZUI
Pentel Crayon Oil Pastel for Artist [36 colors] (Japan Import),B003TYW81I
Pentel Graph Gear 1000 Automatic Drafting Pencil| 0.7mm Lead Size| Blue Barrel| 1 Each (PG1017C),B000GAXKGU
Pentel BK440A WOW! Retractable Ballpoint Pen| 1mm| Black Barrel/Ink| Dozen,B01MDUO6OS
Pentel Refills Ink for EnerGel Liquid Gel Pen| 0.7mm| Red Ink| Value Set,B072FGGSCH
Pentel Hi-Polymer Ain Eraser Black,B00512BVBO
Pentel - EnerGel-X Retractable Roller Gel Pen| .5mm| Black Barrel| Black Ink - 24/Pack,B01JB72XQG
Pentel Water-brush - Set of 3 Brushes,B002JIN2Q0
Pentel PDE-1 Eraser Refills for Mechanical Pencils Pack of 6 Tubes (30 Erasers),B071YBZJT1
Pentel Quicker Clicker Mechanical Pencil (0.7mm) Transparent Black Barrel| Box of 12 (PD347TA),B00822DWXA
Pentel S570 Ultra Fine Pen Plastic 0.6mm Tip 0.3mm Line Black Ref S570-A [Pack of 12],B000I5W1V8
Pentel Hybrid Technica Pen- 03mm Black,B004O7EKBU
Pentel Twist-erase Refill Erasers| Qty 1| Pkg Of 3,B000093IOB
Pentel Black Original Sign Pen S520 Fibre Tip Marker Pens Colour Fineliner 2mm Nib 1mm Line Width (Pack of 3),B00M748RAM
Pentel R.S.V.P. Ballpoint Pen| 0.7mm Fine Tip| Sky Blue Ink| Box of 12 (BK90-S),B000GOYFCO
Pentel Gel Ink Ballpoint Pen ENERGEL X 0.3mm [Black] x 5 pieces (Japan Import),B01H3ATGBI
Pentel - EnerGel-X Retractable Roller Gel Pen| .7mm| Black Barrel| Black Ink - 24/Pack,B01JB76EHA
Pentel : Twist-Erase III Automatic Pencil| 0.70 mm| Red Barrel -:- Sold as 2 Packs of - 1 - / - Total of 2 Each,B002ZZ63AE
Pentel Ain Pencil Leads 0.2mm HB| 10 Leads X 2 Pack/total 20 Leads (Japan Import) [Komainu-Dou Original Package],B00N3MZGV0
Pentel Super Hi-Polymer Lead Refill 0.5mm Fine| HB| 30 Pieces of Lead (C15BPHB-K6),B000R32P9O
Pentel Japan Aquash Waterbrush Water Brush Pen| Medium Mini,B003FGPL8W
Pentel Sharp Mechanical Pencil (0.7mm) Metallic Barrels| Assorted Colors (MP1/MS/MK1)| 3-Pk (P207MBP3M1),B0193GBIIE
Pentel Fude Touch Sign Pen| Pink| Felt Pen Like Brush Stroke (SES15C-P),B0081GC7CY
Pentel Arts Sign Pen Touch| Fude Brush Tip| Brown Ink| Box of 12 (SES15C-E),B00BUZ325E
Pentel Black Superb Ballpoint Pen Ball Point Pens 0.7mm Nib Tip 0.25mm Line Width Fine Line Refillable Ink BK77 (Pack of 6),B00M746CS6
Pentel EnerGel-X Retractable Liquid Gel Pen| 0.5mm| Fine Line| Needle Tip| Black Ink| 4 Pack (BLN105BP4A),B004YZ7PUK
Pentel Retractable Gel Pen 0.7mm Medium Line| Pack of 12| Black (K437BPS12A),B00QHOUZBC
Pentel Arts Fabric Fun Kit| Pastel Dye Sticks (PTS15BNABP),B00U1Q217S
Pentel Multi8 Lead| Brown (CH2-E),B0030DAZW2
Pentel Ain Pencil Leads 0.3mm 2B| 15 Leads X 5 Pack/total 75 Leads (Japan Import) [Komainu-Dou Original Packege],B00MIHN3J8
5 X Pentel Twist-Erase III Automatic Pencil| 0.9 mm| Black (QE519A),B0125210AY
Pentel Multi8 Lead| Pale Orange (CH2-H),B0030D47S0
3 x PENTEL NMF50 SUPERFINE PERMANENT MARKER - BLACK,B00OV2G7IW
Pentel FP10 (FP10-A) Brush Pen Cartridge (Pigment Ink refills for PENTEL BRUSH PEN GFKP) - Black,B008LXJGTE
Pentel Refill Ink for BK90 Pentel R.S.V.P. Ballpoint Pen| Fine Line| Sky Blue Ink| 2-Pack (BKL7-S),B005O6588Y
Pentel Mechanical Pencil Eraser Refills| Z2-1N| Box of 12 Tubes of 3 Erasers (Total 36 Erasers),B004AMEOZG
Pentel S360 Color Pen Sets Set of 18,B01GA8TO70
Pentel Mechanical Pencil Orenz with Rubber Grip (XPP602G-W),B012QHRH78
Pentel EnerGel Deluxe RTX Liquid Gel Ink Pen Set Kit| Pack of 3 with 4 Refills (Black - 0.7mm),B00LPMGXE4
Pentel EnerGel 3 Multi-Function| 3-Ink Gel Pen| (0.5mm) Fine Line| White Barrel - BLC35W,B079QB6YLS
Pentel Clic Eraser Grip Retractable Eraser| Pack of 3 with Pentel ZER-2 Refill,B01MT1SIQ9
Pentel Ain SteinMinas para portaminas,B004NNRZJ4
Pentel Ain Stein Mechanical Pencil Lead| 0.5mm HB| 40 Leads x 3 Pack (XC275HB-3P),B004EHYH18
2 Pk Pentel LRN7-V EnerGel Refills| 0.7 mm Medium Needle Tip| Violet,B00KQTFLTA
Pentel Mechanical Pencil| Retractable. Tip| Latex Rubber Grip| 0.5mm|Black (PENPL75A),B0017DCLXI
Pentel Fude Touch Sign Pen| Black| Felt Pen Like Brush Stroke (SES15C-A) 3 Pieces,B06VXX73BM
Pentel RSVP Super RT Ballpoint Pen| (1.0mm) Medium Line| green Ink| 2-Pk - BX480BP2D,B07D4YVZXS
Pentel Energel Liquid Gel Pens Refills-0.5mm- Fine Line| Black Ink-value set of 5,B00FB4Q2U2
Pentel Mechanical Pencil Orenz 0.2mm| Yellow Body (XPP502-G),B00IG1QTR8
Pentel Tradio Pulaman Sketch pens Black Body Black Ink pack of 5 (It's like a fountain pen.),B07TF2325Q
Pentel Sparkle Pop Gel Pen| 1.0mm Bold Point| Black-Red Ink (K91-DA),B07G18XFHL
Pentel Arts Color Brush| Gray| 1-Pack (GFLBP137),B002PIE2WC
Pentel Arts Tradio Stylo Sketch Pen| Black Ink| Pack of 1 (TRJ50BPA),B005Z42UU4
Pentel Super Hi-Polymer Lead Refill | 0.9 mm Thick| HB| 60 Pieces of Lead (C29BPHB2),B000TXYC5C
PENTEL EnerGel NV Liquid Gel Pen.5mm| Gray Barrel| Black Ink| Dozen (BLN25A),B0028H8TQA
PENTEL EnerGel Alloy RT Retractable Liquid Gel Pen.7mm| Blue Barrel| Black Ink (BL407CA),B01AIYABPG
Pentel R.S.V.P. Ballpoint Stick Pen| Blue Ink| Fine Point| Dozen| DZ - PENBK90C,B004E2ODVW
Pentel 0.3mm (P203-E) Brown P200 Series Automatic Mechanical Drafting Pencil Refillable Lead Eraser (Pack of 3),B00M9B3OXI
Pentel Anki snap memorize marker SMS1-F (japan import),B00FPHW0JW
Pentel Arts Sign Pen Touch| Fude Brush Tip| Black Ink | Box of 12 (SES15-NA),B005Z44TK8
Pentel ENER-GEL Deluxe Liquid Gel Pen| Bold Line| Metal Tip| Violet Ink| Box of 12 (BL60-V),B002C2TD5W
PENPTS15 - Pentel Arts PTS-15 Crayon,B001JSYY18
Pentel Ain Stein Mechanical Pencil Lead| 0.5mm B| 40 Leads x 3 Pack (XC275B-3P),B004EHYH0Y
Pentel XFP Fude Penalty Rechargeable Pigment Ink Broad Tip Pen,B0017OLH78
Pentel R.S.V.P. Ballpoint Pen| Medium Line| Blue Ink| 5 Pack (BK91BP5C),B0012YTJIM
Pentel ENER-GEL Deluxe Liquid Gel Pen| Bold Line| Metal Tip| Red Ink| Box of 12 (BL60-B),B002R0DYZY
Pentel EnerGize Automatic Pencil with Lead and Erasers| 0.5mm| Assorted| 2 Pack (PL75LEBP2),B004FLKP5K
Pentel EnerGel RTX RT Liquid Gel Pen| Med| Metal Tip| 0.7mm| Blue Ink| 12-Pk Window Box of 12 (BL77PC12C1),B01I8Q3V7Q
Pentel RSVP Super RT Ballpoint Pen| (1.0mm) Medium Line| Blue Ink| 3-Pk - BX480BP3B,B07D4Z1MW9
Pentel R.S.V.P. RT Retractable Ballpoint Pen| 1.0mm Tip| Red Ink| Box of 12 (BK93-B),B002R0DYV8
Pentel Refill Eraser for Clic Eraser| Pack of 4 (ZERBP4-K6),B002OU40TQ
Pentel Graphgear 1000 Drafting Pencil PG1015 0.5 mm (Set of 3 pens),B07NWZLXWN
Pentel Client Retractable Ballpoint Pen| Medium Line| Blue Barrel| Black Ink| Box of 12 (BK910C-A),B004W6JPSG
Pentel Arts 8 Color Automatic Pencil| Assorted Accent Clip Colors| 1 Pencil (PH158),B001PMJZ3K
Pentel Twist-Erase GT (0.7mm) Mechanical Pencil| Lead| 2 Erasers| Assorted Barrel Colors| Color May Vary| Pack of 2 (QE207LEBP2M),B00DDWEMY2
Pentel Gel Ink Ballpoint Pen ENERGEL Infree 0.5mm [5 colors] (Japan Import),B07L569P55
Pentel Super Hi-Polymer Lead Refills| 0.7mm| 2B| Black| 12 Leads/Tube| PK - PEN502B,B004E2TLY6
Pentel Graphgear 1000 Drafting Pencil PG1015 0.5 mm (Set of 3 pens),B00MSNINFQ
Pentel Oh Gel Pens 5 Pack-BLACK,B073JZPXBY
Pentel Mechanical pencil SMASH 0.3mm [Black x Orange] (Japan Import),B07PFHFLML
Pentel Arts Pocket Brush Refills| Black Ink / Value Set of 12 （With Our Shop Original Product Description）,B00OPRKKSG
Pentel EnerGel RTX Retractable Liquid Gel Pen| Flag Barrel| Black Ink| 2-Pk (48),B07NGRRXXJ
Pentel Twist-Erase III Automatic Pencil| 0.5mm| Black| Pack of 6,B01NBHP6U1
Pentel CH213Z Metallic Lead Silver 1.3mm x 60mm,B01CZ34FNW
10pcs Pentel BLN74 EnerGel 0.4mm Retractable Liquid Gel Roller Pen (Box Set) - Black Ink,B00KGUIRAO
Pentel K118LW Hybrid Rollerball Pen White,B000WH0NWG
Pentel RSVP Super RT Ballpoint Pen| (0.7mm) Fine Line| Black Ink| 2-Pk - BX477BP2A,B07D4YXCSY
Pentel Arts Sunburst Metallic Gel Pen| Medium Line| Permanent| 5 Pack| Assorted Ink (K908MBP5),B00AVYCAPI
Pentel Mechanical Pencil| Orenz| with Metal Grip| 0.3mm| Black (XPP1003G-A),B019U2VAHA
Pentel of America| Ltd. : Eraser Refills|For Twist Erase Series and Side FX| 3/PK| WE -:- Sold as 2 Packs of - 3 - / - Total of 6 Each,B0141ND8WS
Pentel Hi-Polymer Non-Abrasive Latex-Free Eraser Caps| White| Pack of 50 (Bundle),B00U2ULX86
Pentel P205 Sharp Mech Pencil 0.5mm Met.Silvr,B074TM8F3F
Pentel EnerGel FLASH! Liquid Gel Stick Pen| (0.7mm) Medium Line| Metal Tip| Energel Purple| Pink| light blue| Orange Ink| 4-Pack Bundle Includes Separately Licensed Colorful Fun GWW Bookmark,B07S7ZLHP8
Pentel Sunburst Metallic Gel Pen| Medium Line| Permanent Gold and Silver Ink| 2 Pack (K908MBP2XZ),B004FLKP1Y
Pentel EnerGel-X Retractable Liquid Gel Pen| 0.7mm| Medium Line| Metal Tip| Green Ink| 3 Pack (BL107BP3D),B004YZ7Q6I
PentelCH13BPHB2 Super Hi-Polymer Lead Refill (1.3mm) HB| 8Pcs/Tube| 2Pk,B07Q8VX5QS
Pentel EnerGel NV Gel Ink Pen| (0.7mm)| Medium Point| Metal Tip| Blue Ink| 4 Pack (BL27BP4C),B00AZEK9HA
Pentel Super Hi-Polymer Lead Refill 0.7mm| B| 36 Pieces of Lead (L50BP3B-K6)|Gray,B0042ET0ME
Pentel mechanical pencil GRAPH1000 0.5mm Blue (japan import),B00AM9HMAU
Pentel EnerGel XM BL77 - Retractable Liquid Gel Ink Pen - 0.7mm - Pack of 8 Mixed Pens (Black| Green| Light Blue| Blue| Purple| Pink| Red| Orange),8744102828
Pentel Sunburst Metallic Gel Pen| Medium Line| Permanent| Gold| Silver| Bronze Ink Pack of 3 (K908MRBP3M),B01G7C1BO8
Pentel EnerGel 3 Multi-Function| 3-Ink Gel Pen| (0.5mm) Fine Line| Black Barrel - BLC35A,B079QFN24C
Pentel Energel Liquid Gel Pens Refills-0.5mm- Fine Line| Blue Ink-value set of 5,B00FB4SYS0
Pentel Super Hi-Polymer Lead Refill 0.5mm Fine| B| 36 Pieces of Lead (C505BP3B-K6),B00006IEGK
Pentel EnerGel Pro Permanent Gel Ink Pen| (0.7mm) Medium Point| Blue Ink| 3-Pk (BLP77BP3C),B079Q4C9R6
Pentel P209 Sharp Mech Pencil 0.9mm Met.Silvr,B074TSTF1F
Pentel P207C Sharp Mechanical Drafting Pencil| 0.7 mm| Blue Barrel,B004PTORHO
Pentel Brush Touch Sign Pen (Fine) [Pink] x 5 pieces (Japan Import),B06VTC74YF
2 Pk Pentel LRN5-V EnerGel Refills| 0.5 mm Fine Needle Tip| Violet,B00KQTG2C0
Pentel EnerGel Deluxe RTX Liquid Gel Ink Pen Set Kit| Pack of 3 with 4 Refills (Blue - 0.7mm),B00LPMGUX8
