Kalita Wave Series Wave Filter KWF-185 Set of 2 2-4 Persons White 100 Pieces #22212 New Model,B078SMYND8
Kalita Nice Cut Mill black,B0002IS0I4
Kalita Tray 'HASAMI' HA 44040,B01ASRCQEM
Kalita Coffee Grinder Hand Mill KH-3| W 3.7 x D 3.7 x H 8.2| Wood,B07GYNTDLJ
Kalita simple drip 30 pieces three pack,B01GMGB86U
Carita mill brush,B01GMGCH06
Earthenware Coffee Dripper (Kalita) Black,B0038L2C1S
Kalita narrow opening Tea Kettle 2L Brown,B000H77TSM
Kalita Wave Dripper 155 series glass [1-2 person] # 05045 (japan import) by Kalita (Carita),B004W5KDRE
Pro Level KALITA Pour Over Coffee Set -- Make BETTER COFFEE! (Kalita Kit / 6 item coffee gift set / pourover coffee set / pourover kit/ pourover coffee kit / pour over set / pour over coffee kit),B01N4AL3RC
Kalita Sugar Spoon Copper Plating Stainless Steel Japan Import,B000HA9M8E
New KALITA KH-3 Coffee Hand Grinder Wood Vintage Mill from Japan F/S,B00LYNWZNM
Kalita Dial Mill N (Black) #42138【Japan Domestic Genuine Products】 【Ships from Japan】,B01JOO9LIY
Kalita: Coffee Dripper Dripper plastic siphon [2-4 persons] Black # 05011,B0038LALN4
Kalita Ceramic Coffee Dripper (Brown) for 2-4 Cups Model: #02003 (Home & Kitchen),B073184VKG
Kalita KH-9N 42159 Hand Grind Coffee Grinder POOH,B07X8MS3WJ
Kalita: [7-12] people for 104-KP Black # 1-2 person 101D Dripper 07007# 05011,B001TM6FF2
Kalita Kalita Coffee Grinder| Hand Grinding| Brown| Japanese Mug Included,B08DX7JX36
Brown Entered 40 Pieces of Kalita Coffee Filter 101 Filter Paper (Japan Import),B001TM6FEI
Kalita coffee mill TA-500 (japan import),B0021L8RFQ
Kalita Cafe Uno Pink (Coffee Dripper For one person) Made in Japan,B004WLZ8WS
Kalita: [7-12] people for polycarbonate resin Coffee Dripper 104-D # 07001,B001TM6FFW
Kalita Wave 185 Drippers (Four Pack),B089CYQHJP
Kalita Home Cafe 101FT Hand drip Coffee dripper 1 to 2 Persons (Japan Import),B017T57650
2 X Kalita: Wave Series Wave Filter 155 [1-2 persons] White | 100 sheets # 22213 (Japan Import),B078DN8JGN
Kalita 31255 Glass 500-G Server| Clear,B07NCQDCXP
Carita coffee dripper Cafe tall (Brown),B014LZY2ZI
Kalita 101 Cafe Uno Coffee Dripper for Home| Camping and Hiking (Green) by Kalita,B01KH4OSOC
Kalita Coffee Mill Mini Mill,B0006BLI1I
Kalita Naisukattomiru fuse (5 pieces),B01GMGJRUY
Kalita stainless-liter coffeemaker 10 cups for EC-103 P,B004OVD102
Kalita: [2-4] people for plastic coffee dripper 102-KP Black # 05027,B0038LAJLS
Kalita Easy cut mill EG-45,B01GMGAJ1A
[Buying] set Kalita drip set 102-D set N & hand grinder coffee mill KH-5 set,B01GMGBLZI
Kalita narrow mouth enamel pot 1L Blue,B01GMGC3C8
Kalita classic mill,B01GMGC5Z8
Kalita Ceramic Coffee Dripper (Black) for 2-4 Cups,B0038L8OR4
Twin Pack Kalita 22212 Wave Filters| 185| Pack of 200 total| White (Japan Import),B0797MCM3W
Kalita [2 roles one full season he] drip set Ice & Hot ST-1N # 35157,B01GMGBX88
KALITA Coffee Dripper 102D ~for 2~4 person~,B001TM6FFC
Kalita Naisukattomiru (Red),B0002IS0HU
Kalita (Carita) New cut mill for business,B01GMGBQ8U
Kalita short measuring cup # 44017 (japan import) by Kalita,B01N8STWUY
Kalita: [4-7] people for plastic coffee dripper wide brim type 103-DL # 06003,B004D2F6F0
KALITA Copper Coffee Pot,B000HACWOK
Kalita Coffee Grinder (Mill) KH-9 Natural 42127,B018AOIO1Y
DP1000 Stainless Steel 0 ,B01N5SSFRB
karita Hand Grind seramikkuko-hi-miru sumo-ki-buru- KKC – 25 (SB),B076F5Q3Q8
Kalita: Wave Series Wave Filter 155 [1-2 persons] White| 100 sheets # 22201 by N/A,B01MXHSKFX
Kalita coffee warmer CW-90,B01GMGC9P4
Kalita (Carita) hand grinder coffee mill Domumiru 42033,B01GMGAK1E
White 2 bag set # 15085 [4-7] people for 100 pieces Kalita filter paper coffee filter FP103 (japan import),B0067E2LIW
New Kalita Wave Filter 185 [Dripper 185 / for 2~4 Persons] 50x3-box from Japan,B06XF3J3KW
Carita Ceramic Coffee Dripper 102- Lotto Black,B01GMGCIBO
Kalita minimill,B01GMGB3WE
Kalita narrow mouth pot 1.6L,B01GMGBFYA
Kalita Round Slim Grinder (Mill) Clear 42126,B01AR7FG2M
Kalita (Carita) hand grinder coffee mill round Slim Mill Natural 42118 944666,B01GMGC2RY
White 2 bag set # 13127 [2-4] people for 100 pieces Kalita filter paper coffee filter FP102 (japan import),B0067E2LIM
Kalita KH-3BR Coffee Grind| Brown #42078,B07R4XY2R6
Kalita Enamel Pot Kettle Coffee Tatsujin Pelican 1L White,B00TY0ANAY
Kalita Coffee Drip Set 102-D Set N Japan,B00MILSS2Q
Kalita Wave Filter 185 [Dripper 185 / for 2~4 Persons] 50x3-bo,B003WMBEFI
Le FP103 rosiglitazone 100 feuilles Carita filtre ? caf? (Japon import / Le paquet et le manuel sont ?crites en japonais),B003AL946M
Kalita tea bag server (white),B0037NQI58
jug400 Glass 0 ,B01N7VOKN0
Kalita Swallow dripper WDC - 155 Copper 4105,B01H09CZ88
Kalita Wave 155 Dripper| Ceramic| (1 – 2 People) For # 010357,B071ZDKGGD
Kalita 800 server N [103 dripper for / microwave 800cc # 31207] by Kalita,B01H2T9PVG
Kalita Enamel-on-Steel Pour Over Coffee Kettle 2litter (Half-gallon)| Yellow,B000H7BCGM
Kalita 103 Coffee Shop Series White Paper Filter,B00H0EAED2
Kalita Coffee Measuring Cup/Spoon #44017 (Japan Import),B005DDBYMC
Kalita Sun Art Animal Coffee Dripper Black cat SAN2542-2 from Japan,B01ESJ8GIQ
Kalita Coffee Filter (100 Papers) 2 sets for 2-4 Cups Dripper,B0067E2MSQ
Kalita Hand Driven Coffee Grinder (Mill) Round Slim Hand Grinder Natural Wood 42118 944666,B00LR8WTTE
Kalita nicecut Mill NEXT GNEXT G (AG) (Army Green) by Kalita,B01MQG0RZ2
Kalita Paper Coffee Filter FP102[2-4persons] White 100sheets[Japan Import],B003AKXSG0
6 X Kalita:Wave Series Wave Filter 185[2-4 Persons] White.100 Pieces #22199(Japan Import),B015ZLBT3K
Kalita Naisukattomiru (Silver),B000NJDT9M
Kalita Brush For Hand Grinder (Mill),B00D41Q5EM
B001U7CUGO,B001U7CUGO
Kalita Wave Pour Over Coffee Dripper| Size 185| Makes 16-26oz| Single Cup Maker| Heat-Resistant Glass| Patented & Portable (Three Pack),B08L27GLJY
Kalita New Country 102# 35109,B01GMGJMB8
Kalita Narrow Mouth Hollow Pot 1L White,B000H79PK2
Kalita [3 Bags Set] 11109 [2-4] People for 100 Pieces Filter Paper Coffee Filter FP102,B07CSNZ2P3
Kalita Wave Dripper 185 series glass [2-4] people for peppermint green # 05 069 (japan import),B00D3FEG40
Kalita scoop measure #44079,B000X14LEC
Kalita Double Plate Warmer Horizontal Type ?1.8L Decanter With Insulation For Glass Decanter Use?,B000J3475C
Kalita Metal Measure Cup (Japan Import),B0036WJ1Q8
Kalita Copper Measuring Cup,B01ASRCRQY
Kalita 2.50,B009A3GLEM
Wave 185 Drippers,B07NTTP6K5
Kalita Scale Cleaner ( Coffee Maker Use Descaler) #41055,B001TM6FG6
Kalita Wooden Rack Filter Large #44065,B003U8Y3OS
Carita Kalita electric coffee mill high-cut mill Vertical for business,B01GMGAHSK
Kalita Nice Cut Grinder (Mill) Grind Catchment Cup ( Silver?,B01N0CTXK5
4 X Kalita:Wave Series Wave Filter 185[2-4 Persons] White.100 Pieces #22199(Japan Import) by Kalita,B015ZLBP0W
Carita major cup TSUBAME (made swallows) typeA copper 44024 by Kalita (Carita),B01ASRCQXS
Kalita narrow mouth pot 1.2L,B01GMGB1FS
Kalita electric coffee mill [corresponding to a fine grind ground in ... 8 stage until coarsely ground] C-150,B01GMGAPAA
Kalita Dripper Stand #44072　with an Original Paperclip,B074V2ZBYC
Kalita Ceramic Coffee Dripper 101 Lotto White #01001,B001U7KN1I
New! Kalita Coffee Maker Cafe Colore V-102 ORANGE 4-cups from Japan,B06XJ43B7H
Carita canister coffee storage 200ml BB S size # 44267,B074MV27BP
(karita) Kalita seramikkusurimumiru 46100 ,B01B5RXTPO
Kalita copper creamer tray (japan import),B000HA9M8O
KALITA Thin-Spout Enamel Pot 1L (Red),B000H7BCJY
Kalita Wave-series Glass Dripper 155 (for 1-2 servings) Cherry Pink 05060,B00D3FA1I0
Kalita Copper 600 Pot| Kettle,B000HAB5SY
Kalita hand grinder coffee mill original mill 42001,B000EAKI3U
Kalita tea bag server N [ microwave - 1-2 for people ] 300ml Yellow # 31 179,B0037NUGT2
KALITA Home cafe Coffee Measure Scoop Spoon Cup 10g Made in JAPAN #44079,B07CJDD9V3
Kalita Double Wall Mug L 73123,B01AR7FIES
Kalita: [4-7] people for plastic coffee dripper 103-KP Black # 06015,B0038L6WK0
Kalita chauffeur filter small [4-5 persons] # 51047 (japan import),B007BKX98W
Kalita coffee - master Pelican 1L Red,B01GMGBJL4
Kalita: coffee maker cafe Corolle [corresponding to four cups for filter paper and 102] V-102 Pink # 41116,B00H7OJFHG
Kalita Wave Style 185 Coffee Brewer| Clear,B004R0PFPY
Kalita (Carita) commercial coffee mill high performance mill| which is supported by (such as high-cut mill) coffee shop| coffee shop,B01GMGCQSO
Kalita Coffee Dripper 'HASAMI' HA101 1-2 Person Use 1010 by Kalita,B01ASRCOIU
Kalita Basket Filter 205 (50 Sheets) 22175,B0038L95IG
[Buying] set Kalita coffee Standard Set,B01GMGBF8Q
Kalita copper milk pot (japan import),B000HAB5UM
Kalita chauffeur filter large [8-10 person] # 51045 (japan import),B007BKX8UG
Kalita coffee - master-1L white pelican,B000H79PIY
Kalita Naisukattomiru (Black),B01GMGC28S
Kalita Anne Chick Grove Mill # 42093,B01GMGBU2M
Kalita narrow mouth enamel pot 1L Red,B01GMGC576
Kalita narrow opening Tea Kettle 2L,B000H7BCF8
Kalita 22212 KWF-Wave (100P) Paper Filter (SIZE 185 pack of 2),B07Z42Q5J9
Kalita Cold Brew Dutch Coffee Maker Hand Drip Coffee SET Made Japan Ice&Hot ST-1,B01H5CIFRU
Coffee filter deals 100 sheets three pack 300 pieces,B01GMGB9UU
Kalita coffee - master Pelican Red 1L,B000H7BCJ4
Sur fond blanc 100 feuilles Carita filtre ? caf? 104 de papier filtre (japon d'importation),B003AL977I
Kalita coffee Mill KH-3 Retro one,B0006BLI2W
Kalita 22199 Wave Filters| 185| White (Japan Import) by Kalita,B01NCUQZGI
New! Kalita Coffee Maker Cafe Colore V-102 YELLOW 4-cups from Japan,B06XJ4311R
Kalita Copper Cafe Au Repotto (For Left Hand),B000HACWOA
Kalita Wave Pour Over Coffee Dripper| Size 185| Makes 16-26oz| Single Cup Maker| Heat-Resistant Glass| Patented & Portable (Two Pack),B08L28FZCR
5 X Kalita:Wave Series Wave Filter 185[2-4 Persons] White.100 Pieces #22199(Japan Import),B015ZLBQZQ
Kalita coffee pot ET-350 only CP-25,B01GMGBU68
Kalita Manual Coffee Grider| KV-1N (Color: Natural),B01N2Q3O0L
Kalita (Carita) coffee mill KH-3 Natural 42130,B01GMGAPH8
Kalita Coffee Grinder (Mill) KH-3 Natural Wood 42130,B01B148GTU
2 X Kalita: Wave Series Wave Filter 155 [1-2 persons] White | 100 sheets # 22201(Japan Import),B076VL97DJ
Kalita 500 Server N for Coffee 102 dripper/Microwave 500CC #31205,B001OGJV6S
Kalita wave type dripper 185 exclusive use KWF - 185 (400 sheets pack) 22212【Japan Import】,B0772G9DP7
Kalita Wave Dripper Square Neo-Wood & Glass - 185,B076TZLMRN
Japanse Beauty Goods Kalita copper pot 900,B000HACWM2
Kalita Naisukattomiru hopper lid (Black Silver),B01GMGAJ8S
Kalita 102 White (40P) Paper Filter,B002887N8O
Kalita Coffee Cafe Grinder Nice cut mill 100g Silver,B00TY007VO
Kalita copper pot 1.5L (hinged),B01GMGBJP0
Kalita Wave 185 Drippers (Three Pack),B089D3DTX8
Kalita plastic coffee dripper [for 2 to 4 people] 102-D # 05001,B01GMGC49K
Kalita 101 White Paper Filter 40 Sheets X 2 (80 Sheets)| Made In Japan,B07CYZ4B18
Kalita Coffee Dripper 'HASAMI' HA102 2-4 Person Use 2010 by Kalita,B01ASRCPKW
Kalita Commercial Use Coffee Machine ET-450N 62147,B0084Y32UE
Kalita Coffee Mill Nice Cut G Tuscan Blue # 61109 Japan Import,B07MDGYVGZ
Kalita Pastel Measuring Cup For Tea Use,B0027894HI
Kalita Commercial Use Coffee Filter Basket Type 25cm (1000 Sheets) #22001,B01641T5PY
KALITA Home cafe Coffee Measure Copper Spoon cup 10g Made in JAPAN,B06XCS39FR
Kalita Iburikku 300# 52186,B00BJBQK3A
Carita Ceramic Coffee Dripper 101- Lotto Black # 01005,B01GMGB7RU
Kalita copper pot 1.5L,B01GMGCH1A
New! Kalita Coffee Maker Cafe Colore V-102 BLUE4-cups from Japan,B06XJ582V1
Carita towel 91 × 34.5cm Brown # 71135,B00UBVXXWK
Kalita Ceramic two-way drip set Flower [for two to four people] # 35081,B01GMGB5EA
Kalita Coffee Mill KH-10BK 42168 (kalita),B07NV1DH2Q
New! Kalita Coffee Maker Cafe Colore V-102 GREEN 4-cups from Japan,B06XJ1W88N
Kalita Electric Coffee Mill CM-50 Black,B0002IS0IO
Kalita Copper Pot 0.7l (With a Hinge) (japan import) by Kalita,B01N0RIRS0
Kalita New Wave Filter 155 White[Dripper 155/for 1~2 Persons] 50×3 boxes,B076V6YTBG
Kalita narrow opening Coffe Kettle 2L Red,B000H769QU
Kalita Coffee Filter Fp102 (100 Papers) for 2-4 Cups Dripper,B001OGJV5Y
Kalita Electric coffee mill for commercial use High cut mill type Vertical type,B0081ODZPE
Kalita Wave 185 Drippers (original),B07PP3PD3Z
Kalita Coffee Filter (200 Papers) for 1-2 Cups Dripper,B0067E2LK0
Kalita Thermometer For Use With Milk Foamer 64224 by Kalita,B00D3C1RDG
1.5L pot copper Kalita,B000HAB5U2
Kalita hand grinder coffee mill K-2,B01GMGJOBG
Kalita B:Bottle WT #442424,B00SUBKJZC
Kalita Handy Disposable Coffee Dripper Filter-20count| Outdoor| Camping| Hiking| Travel| Portable,B0052HXLIO
Carita coffee grinder NEXT G smoky blue KCG-17 (SB),B01GMGCFZS
Kalita 500 server N [102 for dripper for/microwave] 500cc # 31205,B01GMGBRJ8
Kalita enamel pot 1L,B01GMGBH6Q
Kalita dorippupottosurimu vce-700ss,B01ASRCOAI
Kalita Naisukattomiru cutter set,B01GMGANM0
Kalita narrow mouth pot 0.7L,B01GMGJGH8
Kalita Nice cut Mill Hopper (Red),B006GWGGPE
Kalita 102 Ceramic Dripper Coffee Dipper| White,B001U7B1QO
Kalita narrow mouth enamel pot 1L White,B01GMGC48Q
Kalita Coffee Pot 1.2l Kettle,B00TY0YJTK
Kalita New Wave Filter 185 White[Dripper 185/for 2~4 Persons] 50×3 boxes,B076V8P711
Kalita Coffee Maker TS-101N 41121,B00WHQM20Q
Kalita ceramic mill c-90 (ivory),B0002IS0HK
[7-12] for human Kalita plastic coffee dripper 104-KP Black # 07007 (japan import),B004TE1WDC
Kalita Electric Coffee MillNice cut G (Classic iron) 61101【Japan Domestic genuine products】,B06XGPL3ZR
Kalita Diamir Red (JAPAN IMPORT),B002LVYYLW
B001U7KM6E,B001U7KM6E
Kalita 101 White Paper Filter 100 Sheets X 2 (200 Sheets)| Made In Japan,B07CYTW8LK
Kalita #6 Round Filter Paper 60mm 100 Sheets 501220,B0027BZXNE
KALITA Coffee Pot 1.6L by Unknown,B000H79PCK
KALITA Coffee Mill Grinder Classic Wood café from JAPAN,B07CJ4YFR3
Carita hanger set (coffee dripper 101D| coffee filter paper 101 filter paper × 10 sheets| major cup) 101D for 1 or 2 people # 35073,B00RWWG17U
Kalita tea bag server N [for use and one to two people a microwave oven] 300ml white # 31175,B01GMGCJNQ
Kalita Coffee Mill KH-10BR 42169 (kalita),B07Q6K2C4K
Kalita Naisukattomiru ŽóŠÊ (Silver),B01GMGCLDE
Kalita Coffee Container 200N (200g Use) #44187,B0039R34WM
Brown entered 100 pieces of KALITA coffee filter 104 filter paper,B001OGJV6I
Kalita Ceramic Coffee Dripper 102- Lot Brown # 02003,B01GMGBY3M
Kalita ST-1 cooler # 35025 (japan import),B0038LI9Z6
Kalita paper coffee filter 2 bag set (per 100 piece) (Brown| 4-7 Cups),B0067E2MS6
KALITA Coffee Dripper 103D ~for 4~7 person made in JAPAN~,B001TM6FFM
Kalita drip set 101-D set N # 35165,B01GMGBKHC
Kalita hand grinder coffee mill coffee mill CT-5,B01GMGB7S4
Kalita Kantan Single-cup Single-use Coffee Filters by Kalita,B01MXDNKOY
Kalita Coffee Wave Pot 1.0l kettle Japan,B00MILO4VK
Kalita stainless steel pot type coffee maker for 10 cups EC-103 P-only stainless steel pot # 80602,B01GMGC13O
White Large| Wave Paper Coffee Filters (100 Count),B08MJGMQRQ
White 2 bag set # 17029 [7-12] people for 100 pieces Kalita filter paper coffee filter FP104 (japan import),B0067E2LJQ
Carita luncheon mat 29 × 43cm gray # 71131,B00UBV9K2M
Kalita Tsubame Drip Pot Slim Silver 700SS #52201 from Japan,B01LVY2UK1
Kalita Cold Brew Dutch Coffee Maker Hand Drip Coffee SET Made Japan Ice&Hot ST-1,B01M05FRWJ
Carita coffee filters Mocha Express for # 9 round filter paper 68mm 100 pieces # 21009,B005DDB2II
Kalita hand grinder coffee mill K-1,B01GMGB5E0
Kalita Naisukattomiru (Red),B01GMGC080
Kalita Jug 500 Mug| Server| Clear,B01BZVWHYO
Kalita decanter 1.8L Black,B01GMGBJ6O
Kalita Wave Pour Over Coffee Dripper| Size 185| Makes 16-26oz| Single Cup Maker| Heat-Resistant Glass| Patented & Portable (Four Pack),B08L28ZZZM
Kalita commercial electric coffee mill high cut mill cutter set 81168 household goods cooking props,B00ZYYKJF8
Kalita Coffee Cafe Nice Cut Mill Coffee Beans Grinder Black AK0202,B00TY0IJ1E
Kalita Commercial Use Electric Coffee Grinder (Mill) High-cut Grinder (Mill) 61005,B008JIALTA
Kalita (Carita) Thermo for drip pot 64225,B00D3BQPCA
Kalita Electric coffee mill for business use Nice cut Mill cutter set 81024 Household goods Cooking props,B006GWIN96
Kalita Tsubame Drip Pot Slim Copper 700CUX #52203 from Japan,B01ASRCSHC
New Kalita Copper pot 900 Drip dedicated pot 7524 From JAPAN,B00LYNSLCQ
Kalita Dial Mill N (Red) #42137【Japan Domestic genuine products】 【Ships from JAPAN】,B01JOOK4AI
Kalita copper pot 900,B01GMGBF86
Kalita KH-5 Coffee mill Hand Grinder,B000E7RYJE
Carita coffee filters Mocha Express for # 1 round filter paper 47mm 100 pieces # 21003,B0027C3ZZQ
Kalita Electric Coffee Grinder (Mill) With 8 Grind Stages (Ranging From Fine Medium Coarse) C-150,B003Z9KXGO
Kalita One Touch Dripper 20 sheets| Outdoor| Camping| Hiking| Travel| Portable,B06XXYPKRY
Brown entered 40 pieces of Kalita coffee filter 103 filter paper (Japan Import),B001OGJV7M
karita & Tsubame (Made in TSUBAME) 700cuw Copper Wood Handle Drip Slim Pot 52204,B01ASRCTP8
Kalita Japan Home Cafe Hand Drip Coffee Dripper 102 Lot Brown #02003,B00TXZX6ZO
Kalita drip set 102 - Lotto set N # 35163 by Kalita (Carita),B000HACWSQ
Kalita Wave Dripper 185 3-4 people for # 05033 (japan import) by Kalita,B01N0ZM8BO
Kalita New Yoshikawa Cafe time Wood Grip drip Pot YOS-SH7090 from Japan,B01N4EMS0G
Kalita (Carita) coffee mill KH-9 Brown 42121,B01GMGARJO
Kalita Coffee Cafe Nice cut mill Coffee Beans Grinder Brown AK0202,B00TY0J4G8
Kalita narrow mouth pot 0.7L Cherry Pink # 52194,B01GMGB29I
Kalita (Carita) commercial electric coffee mill high-cut mill Vertical 61007,B01GMGBSYC
Kalita Measuring Cup 1 Cup 10 Grams,B0091FWMMY
Kalita electromagnetic pot 1.3L,B000H7BCB2
Kalita Wave Dripper 155 series glass [1-2] people for mango yellow # 05 061 (japan import),B00D3FAPGS
Carita coffee major cup HAHASAMI (Hasami) HA 44018,B01ASRCRF0
Kalita Manual Coffee Grider| KV-2B (Color: Brown),B01N0N100W
Kalita: Wave Series Wave Filter KWF-155 [1-2 Persons] White| 100 Sheets # 22213,B0793KPSD9
Kalira Coffeee Filter 80 for 1-2 Cups of Coffee.,B00NXMD90K
Kalita (Carita) business water out coffee appliance water out 25 people for flask 45009,B00ZYYKEHQ
Kalita New Narrow Mouth Pot 0.7L from Japan,B018S4BJWM
Expert Level KALITA Pour Coffee Over Set -- Make BETTER COFFEE! (Kalita Kit / 7 item coffee gift set / pourover coffee set / pourover kit/ pourover coffee kit / pour over set / pour over coffee kit),B01MQSPWHO
4 Sets Kalita Wave Drip Filter WHITE KWF-185 100 Sheets #22212 22212 2-4 Cups,B07H2HVSL9
Kalita Naisukattomiru (Silver),B01FRSXYWK
Kalita Ceramic two-way drip set poem [for two to four people] # 35075,B01GMGAWGC
Carita Ceramic Coffee Dripper 102- Lot Brown,B01GMGCIYG
Kalita (Carita) Round Slim mill Clear 42126,B01GMGCS8M
Kalita: Coffee Dripper [buying] set Kalita coffee Standard Set,B0098SHZGC
Kalita electromagnetic pot 1.0L N,B00Y1C9PQI
Kalita B:Bottle Red #442417,B00SUBKKYW
Carita coffee filter N one-touch dripper 10 pieces # 08064,B0052HXLMU
Kalita Electric coffee mill for commercial use High cut mill type vertical receiving assembly 81188,B0177ICCDK
Kalita Stainless Steel Cloth Filter Scaffolding 51057 1014409,B0107NZQP8
Kalita 102 Copper Dripper Coffee Dipper| 8oz,B000HAB5SO
B001U7IM2U,B001U7IM2U
Kalita tea bag server N [ for for - 1-2 people microwave ] 300ml Red # 31 177,B0037NQJR0
Kalita Wave Pour Over Coffee Dripper| Size 185| Makes 16-26oz| Single Cup Maker| Heat-Resistant Glass| Patented & Portable,B004W5KPSQ
Kalita Coffee Dripper 101 Cafe Uno Yellow by Kalita,B017T5BRU0
Kalita Wave 185 Dripper Coffee Filters – 2 Packs Of 100 Cup-Shaped Coffee Filters For Pour Over & Drip Brewers – Disposable Paper Coffee Filters For Rich Flavor & Aroma – Made In Japan,B07GVGD67C
Kalita Ceramic Coffee Dripper 102 Brown,B01N63LY8S
Kalita Metal Measuring Cup 693929,B00MIN8EP0
BeanPlus KH4 Ceramic Handmill Coffee Grill,B01M5EZJNY
Kalita Copper Plate Mill Hand Coffee Grinder AC-1 by Kalita (Carita),B000E7RYJO
Kalita: dual dripper peppermint Green # 05085,B00J53B3OU
Kalira Coffeee Filter 100 for 2-4 Cups of Coffee.,B017WGMQ8S
Kalita [3 Bags Set] 11109 [1-2] People for 100 Pieces Filter Paper Coffee Filter FP101,B07CSR9MBY
Kalita 800 server N [103 dripper for / microwave 800cc # 31207] (japan import),B001OGJV7C
Kalita electromagnetic pot 1.0L N,B000H7BCAS
1 X Ceramic coffee dripper Kalita 102 - White # 02 001 Lotto by Kalita,B01MU9F3FL
1 X Brown entered 40 pieces of Kalita coffee filter 102 filter paper (Japan Import),B001TM6FES
Major Copper Cup Kalita,B000HA9M6Q
Kalita Filter Paper (50 Sheets) 101 501442,B003U8Y3PC
Kalita coffee warmer CW-90,B000J369QW
Kalita paper coffee filter 2 bag set (per 100 piece) (White| 1-2 Cups),B0067E2LI2
Kalita hand grinder coffee mill Anne Chick House Mill 42013,B01GMGB1LC
Kalita Wave Dripper Coffee Cup 155 For 1-2 People for #04021 MADE IN JAPAN,B07KKBPSXQ
Kalita Kantan Single-cup Single-use Coffee Filters| Pack of 30,B00U0EOU52
Three pack 30 pieces Kalita simple drip (japan import),B000H7BCKS
Kalita espresso for Miruburashi [cleaning brush] # 80221,B01GMGB77A
karita Hand Grind seramikkuko-hi-miru a-mixiguri-n KKC – 25 (AG),B076DXWJ54
Kalita Triple Plate Warmer (1.8L Decanter With Insulation For Glass Decanter Use?,B000J369V2
B00KLN7ST2,B00KLN7ST2
Kalita electric kettle ET-350-only EP-25,B01GMGB1TE
Kalita Carita hand grinder ceramic slim mill,B01GMGC760
Kalita Cold Brew Unit 102 #35033,B0038LG7NW
Kalita Coffee Tea Server Glass for Microwave 300cc #31203,B001TM6FE8
Kalita electric pot-ET-350 EP-25,B000I5LW7M
Kalita Antique Map (Manual Coffee Grinders),B0006BLI1S
Kalita Ceramic Coffee Dripper 101 Lotto Brown # 01003,B0038L8RFI
Kalita Dual Dripper Cherry Pink #5081,B00J53B3FE
Kalita electric coffee mill CM-50 (White),B0002IS0IY
Kalita Coffee Drip Kettle copper pot 600ml,B00TY0GFLK
# 22195 three box [1-2 person] Brown 50 pieces ? Kalita Wave series Wave Filter 155,B007BKX3XS
Kalita commercial · electric coffee mill NEXT G KCG-17 with care instructions (army green),B01IV0KGHM
Kalita coffee pot 2.2L Stainless,B000H79PDO
Kalita Coffee Dripper 101 Cafe Uno Green by Kalita,B017ZA4XNW
Kalita narrow mouth pot 0.7L mango yellow # 52195,B01GMGATOC
Kalita electric coffee grinder OT-40 #43029,B001W0BHMC
Kalita copper coffee dripper 101-CU 1-2 persons,B000HAB5SE
Kalita Stainless Steel Narrow Mouth Hinged Pot 0.7L 52198 1023843,B012QA914W
Kalita Dual Dripper Mango Yellow #05083,B00J53B3NG
Value 4 pack Kalita Wave Filters| 185| Pack of 100 (Total 400)| White,B07L522PW2
Kalita (Carita) coffee mill KH-9 Natural 42127,B01GMGAQJU
Kalita Handground Coffee Grinder Black Cubic Mill Coffee Grinder,B07Q5FMP6K
Kalita (Carita) commercial electric coffee mill high-cut mill 61005,B01GMGB9EQ
3 X Kalita: Wave Series Wave Filter 185 (2-4 Persons) White. 300 Pieces (Japan Import),B015ZLBNAY
Kalita Double Warmer (1.8L Decanter With Insulation?,B000J369SA
Kalita narrow-mouthed pot 1.6L,B000H77TKU
Carita Ceramic Coffee Dripper 101- Lot Brown,B01GMGB8TW
Kalita Coffee Mill (Brown),B01GMGJVEQ
Carita cafe Corolle Easy cut mill coffee mill 40g EG-45,B00H7QLGWG
3 Pack Kalita 22212 Wave Filters| 185| Pack of 300 total| White (Japan Import),B0797JMQZN
Kalita Wave Dripper 185 3-4 people for # 05033 (japan import) by Kalita (Carita),B0118E5D94
Geek Level KALITA Pour Over Coffee Set -- Make BETTER Coffee! (Kalita Kit: 8 item coffee gift set / pourover coffee set / pourover kit/ pourover coffee kit / pour over set / pour over coffee kit),B01MQSQ0LD
Kalita Wave 185 Drippers (Two Pack),B089CVYQMT
Kalita coffee pot 2.2L Stainless by N/A,B00Y1CAJ90
Kalita (Carita) Kalita Pottery Made by Two-Way drip Set Poem [2-4 Persons] # 35075,B01H2T2NRY
Kalita narrow mouth coffee kettle 2L Red,B01GMGB9IM
Kalita copper pot 0.7L,B01GMGCTH2
Kalita electromagnetic pot 1.3L,B01GMGC6IE
Kalita ceramic mill C-90 (Black),B0002IS0IE
2 X Kalita:Wave Series Wave Filter 185[2-4 Persons] White.100 Pieces #22212 (Japan Import),B077TWF78Y
Kalita 22199 Wave Filters| 185| Pack of 100| White (Japan Import),B00BJBOITS
Kalita coffee pot 3.0L by N/A,B00Y1AYTVQ
Kalita Coffee Filter 103 Natural Paper Type 4-7 Person Use (40 Sheets) - 10 Pack Set,B001GAQHAU
Brown 2 bag set # 17031 [7-12] 100 people for pieces Kalita filter paper coffee filter FP104 by Kalita (Carita),B0067E2MRM
karita Cleaning Brush [Cleaning Grinder Brush] # 44301 ,B01MYEAIKX
Kalita chauffeur filter small [4-5 persons] # 51047 (japan import) by Kalita,B01AHG4YZS
