Atlas Marcato Cookie/biscuit Press,B0033HY0BM
Band Expressions| Book Two: Student Edition Percussion - Level 2,B002WQEDS0
Arch of Constantine I by Maurizio Marcato Framed with Gold Decor Wood Frame 1.25 inch width| 3/4 inch depth,B001VOJ8G6
Marcato Atlas Linguini Attachment| Garden| Lawn| Maintenance,B00IYNVUFY
Ampia Biscuits Cookie Press By Marcato,B0084TJ27Q
Marcato Pasta Fresca Electric Pasta Machine and Mixer,B003K3D54C
Strings TOTAL Platinum Collection - Large unique original WAVE/Kontakt Samples/Loops Library,B07C6899LV
#marga - 16oz Beer Pint Glass Cup,B082GK9QCZ
PROOF: THE POET'S LIFE in SHORTS: the Author's anthology,B081WPXXPQ
Set 2 Nason Moretti Dandy bowl pea green and orange,B07PK7X8MB
Atlas Marcato Pasta Machine| 150 by Atlas,B01AJ3BB9G
Prokofieff: Concerto No. 2 in G Minor| Opus 63 for Violin and Piano (Piano Performance Score with Pull-out Part for Violin) (503),B008JIOPW4
MARCATO DESIGN Atlas Pasta Pastry Dough Cutter Crimper 3 Interchangeable Wheels| Made in Italy| 6| Red,B00E6Q2HSW
5 Strings Bass Guitar Real - Large unique Original Studio WAVE/Kontakt Samples Library on DVD or download,B07CMP4Q46
Art Poster Metal Framed Print - Tempio della Fortuna Virile - Artist: Marcato- Poster Size: 12 X 16,B000JHDMQI
March from Suite No. 1,B003J3OR4K
Marcato 08 01 12 Biscuits Cookie Press| Green by Marcato,B01N4EJFEN
Tempio della Fortuna Virile by Maurizio Marcato Framed with Silver Decor Wood Frame 1.25 inch width| 3/4 inch depth,B001VOR0Q6
Art Poster Metal Framed Print - Piazza di Pietra (small) - Artist: Marcato- Poster Size: 16 X 12,B000ILAX6W
Perspective (Romanian Edition),6065889377
Marcato Atlas 8308 Marga Mulino Chromed Steel Flaker Oat Roller Grain Mill,B000UV492E
Velvet Suspension by Viso,B003N3S8CI
Lapalma Brio High Table| Small,B00JYCP2EE
Atlas Marcato Pasta Machine Mafaldine Attachment 022701| 8mm,B005O9WSM0
Marcato| Lasagnette Attachment for Atlas 150 Pasta Machines,B0046GUMO8
Pasta Maker Stainless Steel Marcato Atlas Machine Hand Crank Clamp Handles Home ;#G344T3486G 34BG82G27778,B01LY2BWHZ
Marcato Thermal Cart for Alto Sax Lightweight Hard Case | purple berry,B009B4NIKA
Playboy Latvia International Magazine Aija Andrejeva / Erika Marcato February 201,B07J1XYVH1
Art Poster Print - Piazza di Pietra (small) - Artist: Marcato- Poster Size: 16 X 12,B000IIYJO2
Atlas Raviolini Ravioli Attachment for Atlas Pasta Machine - 4 across,B000WZ5PX0
Pin Up Burlesque 2012 Calendar - For Lovers of Vintage and Billiard,B0067ZZPGQ
Set 2 Nason Moretti Dandy bowl opaque blue and peach,B07PGXS585
Vela wall | ceiling light by Nemo Italianaluce,B001CN8KJC
Arch of Constantine I by Maurizio Marcato. CANVAS with 3/4 inch bars. 24.00 inches width by 36.00 inches height. Highest Quality Art Poster Print,B002CTGLNC
Marcato Atlas Capelli D'angelo Attachment,B00C58UM6C
Marcato Ampia 180 Pasta Maker,B00E6Q2516
Atlas 180 Pasta Machine by Marcato Home Supply Maintenance Store,B00GE9FHCW
Trumpet Real - Large original 24bit WAVE/Kontakt Samples/Loops Library,B07D2ZZ4XR
Set 2 Nason Moretti Mille e Una Notte riesling wine chalice green and grey,B07PFQZDLM
Phantom Regiment,B00DGCOYZG
Marcato N7991-08 Lasagna Accessories N7991/N7992| 150 mm,B00JN0WSOO
Marcato Atlas Ravioli Tablet Maker Mold and Dispenser Duster Shaker - Red,B07DYSSGYC
Marcato Atlas Pasta Drying Rack ;#by:nikkzakk,B01M0JU48K
Procedimentos especiais (Portuguese Edition),8520308740
Nason Moretti Dandy Pitcher Blue Periwinkle with Pea Green Handle,B07PKWVQN2
Band Expressions| Book Two: Student Edition Baritone,B002WQB6X0
Set 2 Nason Moretti Guepiere Champagne Flute Coral red and Aquamarine,B07PDT47WB
Aria Et Marcato (trumpet & Piano),B07FTDVCPV
Marcato Atlas Pasta Bike| Garden| Lawn| Maintenance,B00GSVNQRY
Luxury Home Marcato's Stainless Steel Vermicelli Attachment for the Atlas Pasta Machine,B00UUN83RO
Donna Lux Table Lamp,B00B30J9RG
A Pirate's Dream - By Susan H. Day - Conductor Score & Parts,B00WH062HQ
Deluxe Atlas Pasta Queen By Marcato 15-4590,B00R0GE6CU
Marcato 8323 Atlas Ravioli Attachment,B00CDTF7K4
Cantate Domino - By Ruth Morris Gray - Choral Octavo - SSA,B00WFE1XUU
Marcato Spaghetti Chitarra Pasta Maker Attachment by Marcato,B01N5O46R7
OKSLO Pizza rocker knife - 20 heavy duty with plastic handles,B07N428PQQ
Set 2 Nason Moretti Dandy water glass blueberry and green,B07PDT3LQ4
Marcato Atlas Regina Extruder Pasta Maker| Made in Italy| Chrome-Plated Steel and Shockproof Plastic| Includes 5 Dies & Instructions| White,B00123REBM
Atlas Pasta Machine,B07HHF45PM
Atlas Marcato Multipast Pasta Machine Set,B00008WX8Z
Marcato Atlas Pasta Drying Rack| Garden| Lawn| Maintenance,B00GSVN548
Arch of Constantine I by Maurizio Marcato. Size 24.00 inches width by 36.00 inches height. High Quality Art Poster Print,B001VOB3X2
Who Is Baseball's Greatest Pitcher? by Jeff Kisseloff (2003-03-05),B01MXF19P4
Lapalma Rondo Table| 71X43-Inch,B00JYCPJ2Y
Atlas Marcato Pasta Machine Capellini Attachment 022201,B005GQXZCI
Tempio della Fortuna Virile by Maurizio Marcato Framed with Gold Decor Wood Frame 1.25 inch width| 3/4 inch depth,B001VOR0SE
Vienna Instruments Solo Strings,B004YUNB6W
Tempio della Fortuna Virile by Maurizio Marcato . Art PRINT Poster 16.00 X 12.00,B0030JF60W
Atlas Marcato Pasta Machine Replacement Table Clamp 000RIC-MORSETTO,B005GQXZZ0
General pathology of virus diseases =: Patologia generale delle malattie da virus,B0007AXP6E
Entrance to the Villa Borghese| Art Poster by Marcato,B0002FAEZO
TUBULAR BELLS REAL - Unique Original 24bit WAVe/Kontakt Multi-Layer Samples Library on 2 DVD,B079VFZZLZ
Piazza Di Pietra,B01AME736W
Historic Images 1959 Press Photo Mrs. Roy Marcato| Wife of State Publicity Chief - abno07654,B07QV37FKZ
Lapalma Panco Table Top| 71-Inch,B00JYCPELK
Cooking Utensils Kitchen Tools Marcato Atlas 150 Deluxe Pasta Machine Noodle Maker Table Clamp Made in Italy,B01MYT5QE3
2214 vini d'Italia,B00FEC4Q7W
Lapalma Olo Dining Chair,B00JYCOYZM
Set 2 Nason Moretti Burlesque bourgogne red wine chalice light blue and acid green,B07PFQX349
Art Poster Print - Entrance to the Villa Borghese - Artist: Marcato- Poster Size: 16 X 12,B000IJQQRE
Piazza di Pietra by Maurizio Marcato. Size 23.38 inches width by 36.00 inches height. High Quality Art Poster Print,B001VOLD00
Atlas Marcato Biscuits/Cookie Press,B011W9L36M
Set 2 Nason Moretti Mille e Una Notte bourgogne wine chalice grey and green,B07PFQXX4M
Mercury & Gemini Spacecraft Missions: Re-live the adventures of America's early space program,B000UPMC9W
Procedimentos especiais (Portuguese Edition),8520306640
Foro Romano Art Print Poster By Marcato| 12 x 16| with Black Wood Frame,B0019JE0Y8
Velvet Oval Suspension by Viso - R128705| Size: Medium| Crystal Shape: Asfour Crystal Balls,B005EL2576
Ronco Pasta Drying Rack,B00ODT4VEA
Maurizio Marcato STRETCHED CANVAS Art 36x24 Arch of Constantine I,B0074PTLRC
Marcato Atlas Pasta Drying Rack Home Supply Maintenance Store,B00GE9F8LM
Breakout by Paul Fleischman (2003-07-15),B01FJ18DN0
Slap Bass Guitar - Large unique| very useful 24bit WAVE Multi-Layer Samples/Loops/Groove Library on DVD or download,B07CPJK3LR
MARCATO - MACCHINA PASTA ATLAS 150,B00SX7LT84
Set 2 Nason Moretti Divini bourgogne wine chalice,B07PDT4QM6
Left-Right| Left-Right,B07XWBHK7Y
Divertimento,B01EGRBL32
Atlas Pasta Machine Designer Deluxe - Gold,B001H8TBPO
Lapalma Brunch Table Linking Bar For Tops,B00JYCPBXG
BREVES NOTAS SOBRE AS ALTERACOES INTRODUZIDAS NO CODIGO DE PROCESSO CIVIL,B0042PLM3S
Set 2 Nason Moretti Mille e Una Notte champagne wine chalice peach and air force blue,B07PDT49XX
Patrimoniul La Rascruce (Romanian Edition),6069332717
Nason Moretti Dandy Pitcher Yellow with Blue Handle,B07PK5MSN6
Lunchtime (A Play),B00CHB5TOW
40 Easy Etudes| Opus 70 (ENYEART| Carter) for Two Cellos,B07YQ7KQW7
MARCATO DESIGN Atlas Pasta Pastry Dough Cutter Crimper 3 Interchangeable Wheels| Made in Italy| 6| Pink,B00E6Q2HV4
Piazzolla: Tango-Etudes - Piano Solo,B00TBNUASY
Lapalma Panco Table Central Leg,B00JYCPGT0
got marga? - 16oz Frosted Beer Mug Stein| Frosted,B083TFV7FK
KUECHENPROFI GmbH & Co. KG Küchenprofi Marcato 801702400 Biscuit Press With 20 Cutter Stencils Silver,B002YO3XP4
Atlas Made in Italy Pasta Machine| Stainless Steel| Silver| 150-Millimeters Wide| Includes Pasta Machine with Pasta Cutter| Hand Crank| and Instructions| 10-Year Warranty by Marcato,B01MSIPXE2
Foro Romano Art Print Poster By Marcato| 12 x 16| with Gold Metal Frame,B0019X53RC
Piazza di Pietra (small) 16x20 Framed Art Print by Marcato| Maurizio,B0061H484A
Nason Moretti Canova set 6 water glasses black,B07PFQWLQZ
Atlas Manual Pasta Extruder Regina,B0093LG7X6
Marcato 8358 Atlas Pasta Fresca| Made in Italy| Includes Dough Mixer Machine| 3 Cutter Attachments| Recipes| and Instructions| 12 x 6 x 8.5-Inches| White,B001IJDFFO
Marcato Atlas Pasta Drying Rack| Garden| Lawn| Maintenance,B00IYO762Y
SAX-SOPRANO PLATINUM Collection - Large Sound Library WAVE Multi-Layer Samples 2|67GB on DVD or download,B00J3YLAMG
Atlas Marcato Pasta Machine 020201 | 150mm,B005GQXMI0
Velvet Oval Suspension by Viso - R128706| Size: Small| Crystal Shape: Asfour Crystal Balls,B005EL25F8
Symphony in c sharp minor : for orchestra,B000ZGD3RG
Marcato Pasta Machine Lasagne Attachment,B004TAAX7C
Marcato Cookie Kit| Star Mould 65mm + Flower Cutter 70mm,B08DVC6DWZ
ROMANTIC SOLO VIOLIN - HUGE Original Multi-Layer Samples Library on 4 DVD,B079VGH5RD
MARCATO DESIGN Atlas Pasta Pastry Dough Cutter Crimper 3 Interchangeable Wheels| Made in Italy| Silver,B00E6Q2JRQ
Atlas Lasagna Style Pappardelle Pasta Attachment by Marcato| Garden| Lawn| Maintenance,B00GSVNFL6
Vienna Symphonic Library Solo Strings I - Extended Library,B00F8L9552
Set 2 Nason Moretti Superbe Flute red,B07PDT4K3V
NasonMoretti Made in Italy Glassware - Idra - Ruby,B00QDHEBHC
Nason Moretti Dandy Pitcher Acid Green with Light Blue Handle,B07PGWJRD2
Marcato Design Atlas Deluxe Biscuit Maker Cookie Press| Includes 20 Cookie Disc Shapes| Pink,B00E6Q28WW
Atlas Pasta Machine w/Motor Set - Made in Italy,B00020ETPU
MARCATO DESIGN Atlas Pasta Pastry Dough Cutter Crimper 3 Interchangeable Wheels| Made in Italy| 6| Blue,B00E6Q2JO4
Marcato N7991-06 Accessories for Pasta-Maker N7991| Tagliolini,B00JN0WQIM
Arch Of Constantine I by Maurizio Marcato. Best Quality Art Poster Print. size: 24 inches width by 36 inches height.,B0013OGY34
Kitchen Tools Atlas Marcato Pasta Machine Motor,B01MTU0P2A
Marcato Handle for Design Atlas 150 Pasta Machine| Copper,B078M5BV45
Lapalma Brio Outdoor Table,B00JQ9ZNLC
Maurizio Marcato Framed and Double Matted Art Print 25x21 Entrance to the Villa Borghese,B005W02E8O
Vieti la limita | Sfarsitul aventurii | Vol. 2 (Romanian Edition),6066006231
Atlas Marcato Pasta Machine Reginette Attachment 022801| 12 mm,B005O9WKLY
Antiquitas - - Unknown - Carl Fischer - Full Score| Flute| Oboe (Opt. Flute 2)| Clarinet in Bb| Bass Clarinet in Bb| Alto Saxophone in Eb| Tenor Saxophone in Bb| Baritone Saxophone in Eb| Trumpet in Eb| Horn in F| Trombone| Euphonium B.C.| Bassoon| Euphonium T.C. in Bb| Tuba| Mallet Percussion - Bells| Timpani| Percussion 1 - Tenor Drum| Bass Drum| Percussion 2 - Suspended Cymbal| Crash Cymbals| Tambourine| Triangle - Concert Band - BPS65,B007MVTON4
got marga? - Sturdy 12oz Stainless Steel Camping Mug| Black,B086XKBQKY
Works by Soviet Composers for Chamber Orchestra| Installment 4 [FULL SCORES],B01AB993HA
Fanfare Esprit,B00519KO4W
Marcato Atlas Marga Grain Mill Cereal Flake Maker| Made in Italy| Chrome-Plated Steel| 6.5 x 5.5 x 8.5-Inches,B01MSC4X2N
Set 2 Nason Moretti Royal rhine wine chalice red,B07PFQX83S
Once More marga - 11oz Ceramic White Coffee Mug Cup| White,B07VV6J5PR
Set 2 Nason Moretti Dandy water glass yellow sunflower and violet,B07PJ15HYC
Foro Romano by Marcato 6.50X8.75. Art Poster Print,B003H6L5RQ
Art Poster Print - Piazza di Pietra - Artist: Marcato - Poster Size: 24 X 36 inches,B000AJZ7KE
Honegger Symphony No.3 Liturgique H.186 (Set of Parts) EZ-2315-SP,B00EFY4M6A
Marcato Pasta Machine Gift Set with 6 attachments| Garden| Lawn| Maintenance,B00GSVNY5I
Luxury Home Marcato Atlas Pappardelle Attachment,B00UUN820M
Marcato Atlas Pasta Machine 020701| 180mm,B01BPZP7TW
Marcato Atlas 150 Heavy Duty Adjustable Pasta Noodle Maker Machine with Clamp ;(from_eagledistributors,B01LWEELSE
Set 2 Nason Moretti Dandy water glass pea green and violet periwinkle,B07PFQX6NV
Atlas Copper Pasta Machine 8320 CR,B007RFUY34
HARIVAR MART Stainless Steel Pasta Maker & Roller Machine| Noodle Spaghetti & Fettuccine Maker Made in Italy| Chrome| Includes Pasta Cutter| Hand Crank| and Instructions,B07SR9N2W5
Set 2 Nason Moretti Guepiere Champagne Flute Yellow Sunflower and Brown,B07PDT4RLX
Ampia Motor Pasta Machine,B003HIAJ62
Set 2 Nason Moretti Dandy water glass blueberry and red,B07PFQWW1F
Lapalma Brunch Table Top| Counter Height,B00JYCP7PI
Accordion Real Platinum Collection - Huge Unique 24bit WAVE/KONTAKT Multi-Layer Studio Samples Production Library on DVD or download,B01HVLSNUY
Nason Moretti Dandy Pitcher Grey with Coral red Handle,B07PK1G6VQ
Ovente Pasta Maker Machine Stainless Steel with 7 Positions Thickness Setting (0.5 to 3 mm)| Includes 3 Attachments of Hand Crank Roller| Double Noodle Cutter and Countertop Clamp| Silver,B013L2YMQQ
Arch Of Constantine I,B01AME79NO
Marcato Raviolissima Ravioli Maker Attachment for Tippo 150 Pasta Maker,B0067SVEMW
Nason Moretti Dandy Pitcher red with Blueberry Handle,B07PKXTJL5
MARCATO DESIGN Marcato Atlas Pasta Drying Rack| Tacapasta| Made in Italy| Steel and Polycarbonate| Collapsible| Red,B00E6Q2BAQ
Lapalma Brio High Table,B00JYCP1WC
Set 2 Nason Moretti Burlesque bourgogne red wine chalice blue and yellow,B07PGWG9ZS
Atlas 180 Pasta Machine by Marcato| Garden| Lawn| Maintenance,B00GSVO0E2
Direito da Infraestrutura - Volume 1. Série GVlaw,854721531X
Dolce and Dance Conductor Score,B003MBV1MA
Set 2 Nason Moretti Mille e Una Notte riesling gran cru wine chalice violet and brown,B07PJ17Y28
Marcato Atlas Pasta Machine Motor Home Supply Maintenance Store,B00GE9FE84
Breakout,B0046HALRK
Marcato Atlas 150,B00DPPNV62
La sociolinguistica in Italia (Consiglio nazionale delle ricerche. Centro di studio per la dialettologia italiana. [Pubblicazioni]),B0000E8NFO
Marked Corzetto Lily,B08BLPZN7W
Marcato Because Badass Is Not An Official Name T Shirt S Black,B01ND13ZMO
Ovente Pasta Maker Machine Stainless Steel with 7 Positions Thickness Setting (0.5 to 3 mm)| 3 Premium Attachments Includes Hand Crank Roller| Noodle Cutter and Countertop Clamp| Black (PA515B),B013FAQH44
Tacapasta ITALY Pasta Drying Rack 16 Bars Multipurpose Wand GOLD Chrome Plated,B07QYC14PY
High School Cadets - By John Philip Sousa / arr. Michael Story - Conductor Score,B00WGOV2GY
Witness to Our Times: My Life as a Photojournalist by Flip Schulke (2003-04-02),B01K1834F8
Basson Real - Large original 24bit WAVE/Kontakt Samples/Loops Library,B07CV3NB7B
American Song Settings| No. 2,B003VV5S7K
Marcato - Tagliolini accessory AE-150-TAG for Pasta Mixer,B07DJYH3B7
Marcato Atlas 150 Pasta Machine and Pastabike,B000KLT0N2
MARCATO DESIGN Atlas Pasta Pastry Dough Cutter Crimper 3 Interchangeable Wheels| 6| Black,B00E6Q2K20
French Horn Real - Large original 24bit WAVE/Kontakt Samples/Loops Library,B07CVQ5DMS
Arch of Constantine I 28x40 Framed Art Print by Marcato| Maurizio,B0061H44XA
Velvet Oval Suspension by Viso - R128704| Size: Large| Crystal Shape: Asfour Crystal Balls,B005EL251M
Foro Romano Art Print Poster By Marcato| 12 x 16| with White Metal Frame,B001A1B35O
Set 2 Nason Moretti Topkapi wine chalice,B07PJ16TWT
Monteverdi Choir - Large Perfect 24bit WAVE Multi-Layer Studio Samples Library on DVD or download,B07CLK7DCX
Marcato - Fettuccine accessory AE-150-FET for Pasta Mixer,B07DJVQY1G
Violin Real - Large original 24bit WAVE/Kontakt Samples/Loops Library,B084TB8P3W
With High Delight (Variations) - Piano,B00O59IMZM
Nason Moretti Topkapi Pitcher,B07PGWHNBJ
Maurizio Marcato Framed and Double Matted Art Print 21x25 Tempio della Fortuna Virile,B005W02CJK
Pasta Machine - Marcato Atlas 150 Compack,B07ZBD7NQS
Westbrook March,B003MC7O4I
Marcato Atlas Pasta Machine with Motor Set| Black| Made in Italy,B01LFWIDRI
Marcato Atlas Clear Tacapasta Pasta Drying Rack,B000W87VXY
Nason Moretti Dandy set 6 water glasses different colors with pitcher orange,B07PFTBBVT
Marcato Lasagne Lasagnette accessory| 21x10x10cm,B07DJV7QNN
Memorie storiche dell'Australia| particolarmente della Missione Benedettina di Nuova Norcia e degli usi e costumi degli Australiani,B010Q5RQ3W
Lapalma Seltz Cafe Table| Big,B00JYCPK96
Set 2 Nason Moretti Burlesque bourgogne red wine chalice coral red and grey,B07PFQXV8R
Expansão de sistemas de transmissão de energia elétrica via PSO: Planejamento estático da expansão da transmissão usando enxame de partículas (Portuguese Edition),6130168217
Il beato Giovanni N. Neumann vescovo di filedelifa [von M. L. L.],B01HBHG87I
Marcato Atlas Regina Mixing kit,B00KLBXJC4
Maurizio Marcato - Foro Romano Size 16x12 by Maurizio Marcato. Size 6.67 inches width by 8.91 inches height. Art Poster Print,B0021V8YXG
Set 2 Nason Moretti Guepiere Champagne Flute Light Blue and Blue,B07PK21Z61
Vienna Symphonic Library Chamber Strings I - Standard Library,B0018DEYIM
Gourmia GPM630 Pasta Maker| One Size| Black,B01M5I9FQ3
Czardas| Op. 24| No. 4 Sheet,B001OTJT94
Piazza di Pietra by Maurizio Marcato. Size 23.38 inches width by 36.00 inches height. Art Poster Print,B0021V7GKI
1set Cookie Biscuits Press Machine Bakeware Molds Cutter Confectionery Fondant Pastry Baking L50 - Cookie Tools,B07KQS4LPZ
MARCATO RISTORANTICA,B004P5BE42
A Hero's Welcome for Concert Band (Grade 4) Conductor Score & Parts,B00884HN6E
Procedimentos especiais (Portuguese Edition),8520308252
Processional Fanfare for Brass Quartet,B088K3811R
Foro Romano Art Print Poster By Marcato| 12  x 16 | with Black Metal Frame,B0019S2XHK
Marcato Cornet CR100GL,B009KYTPOO
got marga? - 11oz Magic Color Changing Mug| Blue,B082Z94SY2
Nova Execucao De Titulos Judiciais| A,8502058193
Hal Leonard Heroes Near and Far Concert Band Level 3,B017TBQINU
Air and Variations,B003MCMBEQ
Set 2 Nason Moretti Mille e Una Notte shiraz wine chalice violet and brown,B07PK26PN9
Marcato Atlas Drive Motor| Made in Italy| Powers Pasta Machines and Attachments| Silver,B000BI4DP4
Art Poster Print - Foro Romano - Artist: Marcato - Poster Size: 12 X 16 inches,B000AKHQ16
Brass 1 Vienna Instrument Series,B00F8L8JI6
Nason Moretti Dandy set 6 water glasses different colors with pitcher acquamarine,B07PK7MS8D
Atlas Made in Italy Vermicelli Pasta Cutter Attachment| Stainless Steel| Works with Atlas Pasta Machine| 10-Year Warranty by Marcato,B01LWT454A
Donna Minor Lux Table Lamp,B00B30JA2K
Crystal Mountain Festival - Music by Steve Hodges - Conductor Score & Parts,B00WGZMDDO
KUECHENPROFI GmbH & Co. KG Küchenprofi 801701400 Marcato Biscuit Press With 20 Cutter Stencils Silver,B002YO1MOS
Vita In Laguna,B005N1IF3A
London Choir Real - Huge Original WAVE/NKI Multi-Layer Samples Library on 2 DVD or download,B07CLNXJT4
#marga - 17oz Hashtag Ceramic Latte Coffee Mug Cup| White,B0846DPXBC
Pasta Maker Stainless Steel Marcato Atlas Machine Hand Crank Clamp Handles Home ;(from_deptstoredeals,B01LWDJOFF
Marcato Biscuit Maker - Original,B006K1FD8M
Marcato Atlas 150 Pasta Maker| Black by Marcato,B01MS65YUA
Secret Magazine| No 26 * Rubber Fetish| Rope Bondage| S & M,B00165JV26
Solos For The Developing Timpanist,B01JJJ0J9Y
Maurizio Marcato - Entrance to the Villa Borghese 16x20 Framed Art Print by Marcato| Maurizio,B0061H48HM
Marcato Atlas Biscuit Maker Cookie Press| Made in Italy| Includes 20 Disc Shapes| Deluxe Silver,B00E6Q28YA
O Princípio do Duplo Grau de Jurisdição e a Reforma do Código de Processo Civil,8522444811
Procedimentos Especiais,8597013214
Three Pieces for Pianoforte. 1. Grazioso. 2. Marcato. 3. Animato,B0000CXL5C
The Osbournes [VHS],B00008KAEE
Marcato Atlas 150 Pasta Maker| Green by Marcato,B0192DLT9G
Set 2 Nason Moretti Dandy water glass light blue and blue,B07PGWG377
Atlas Pasta Machine Motor for Atlas Pasta Makers,B00067TSM8
Tempio della Fortuna Virile by Maurizio Marcato. Size 8.86 inches width by 6.63 inches height. High Quality Art Poster Print,B001VOH4P8
Marcato Atlas Wellness PASTA MACHINE| 150mm PASTA MAKER| Stainless Steel ;from#baby-i-love-u,B01LWEHGYN
BUGATTI - 6 pcs. Table knifeEngland SSCA MARCATO,B07BC966DZ
Lapalma Panco Table Side Leg,B00JYCPGAY
Sight-Reading Pieces for Low Brass Instruments and Piano (Music from the Paris Conservatoire)| S31,B009GJ873S
Arch of Constantine I (small) 16x20 Framed Art Print by Marcato| Maurizio,B0061H4714
Marcato 4-Piece Atlas 150 Multi Pasta Machine Set,B00A3BPC4K
Maurizio Marcato Framed Art Print 40x28 Piazza di Pietra,B005BM9F5I
Atlas 8320H Marcato Pasta Machine Replacement Handle,B005GQXZNW
Manno Italiano Pasta Maker and Cutter,B00WRLI2NC
Marcato Handle for Design Atlas 150 Pasta Machine| Green,B078M8X39Z
Piazza di Pietra (small) by Maurizio Marcato. Size 6.72 inches width by 8.94 inches height. High Quality Art Poster Print,B001VO8XUS
Foro Romano Art Print Poster By Marcato| 12 x 16| with Beech Wood Frame,B0019POI3U
Viso Marini Round by Viso,B008V0LTQU
Atlas Marcato Pasta Machine Spaghetti Attachment 022101,B005GQYFYK
Atlas Marcato 150 Wellness Designer Deluxe Pink Pasta Maker,B001H8VR92
:Marcato| Biscuit Maker - Classic,B00O0A7DN8
Set 2 Nason Moretti Superbe Flute acquamarine,B07PGWFYBR
Art Poster Print - Tempio Della Fortuna Virile - Artist: Marcato - Poster Size: 16 X 12 inches,B000AA2N7I
Nason Moretti Divini Decanter,B07PJ18784
Set 2 Nason Moretti Royal rhine wine chalice brown,B07PKW96T6
Pasta Machine Motor Only,B002MHMBYW
Marcato Atlas Wellness 150 Pasta Maker| Stainless Steel ~ITEM #GH8 3H-J3/G8353857,B01JQH0SWC
Maurizio Marcato Framed Art Print 40x28 Arch of Constantine I,B005BM9EMM
Set 2 Nason Moretti Divini chardonnay wine chalice,B07PDT6KXL
Maurizio Marcato STRETCHED CANVAS Art 12x16 Tempio della Fortuna Virile,B0074PTNHU
Atlas Marcato Pasta Machine Linguine Attachment 022501,B005O9WSSY
FIBO Shower Wall Panel 100% Waterproof - Marcato Grey Sahara / 1 Panel (NOT included inatllation accessories),B07T7MLXDZ
NasonMoretti - Made in Italy - Canova Glassware - Set of 6,B00EGP4ONY
Marcato Atlas World Class Electric Pasta Dough Mixer and Pasta Maker Station| Made in Italy| 9.5 x 6 x 8.25-Inches,B076PMTDX7
Marcato Pasta Maker Red,B003X0LMM4
Set 2 Nason Moretti Burlesque bourgogne red wine chalice blueberry and red,B07PFQX9XM
Maurizio Marcato - Entrance to the Villa Borghese by Maurizio Marcato. Size 6.56 inches width by 8.66 inches height. Art Poster Print,B0021V5B0U
Dvorak in America: In Search of the New World by Joseph Horowitz (2003-03-01),B019ND6ASK
Set 2 Nason Moretti Guepiere Champagne Flute Blue and Yellow,B07PFQWSM3
Starfleet,B003MCH6DC
Norpro 1047 Atlas Marcato Pasta Machine Motor,B01IA9EOPE
Set 2 Nason Moretti Guepiere Champagne Flute Light Blue and Acid Green,B07PDT4LZ5
Chrome Atlas Pasta Machine,B003M1VIXW
Tempio della Fortuna Virile by Maurizio Marcato. Size 8.86 inches width by 6.63 inches height. High Quality Art Poster Print,B001VOB3ZA
Cookie Press - Comfort Grip Cookie Press Icing Set Gun 12 Flower Mold 6 Pastry Tips Fondant Cake Decoration - Wilton Mercato Camel Aid Disc Large Er Recipes Dog Marcato,B07HDYM9QW
Vienna Symphonic Library Brass II - Standard Library,B00F8L8K9Y
Marcato 4mm Trenette Marcato Linea Pasta Cutting Attachment,B01CV86RPU
A Three Chorus Meal,B07XWHYKQ2
Nason Moretti Dandy set 6 water glasses different colors mod.1,B07PGWG26K
Maurizio Marcato - Entrance to the Villa Borghese by Maurizio Marcato Framed with Gold Decor Wood Frame 1.25 inch width| 3/4 inch depth,B001VOLDBE
Harivar Mart 3 in 1 Stainless Steel Pasta Maker Noodle Making Dough Roller Cutter Machine Hand Crank and Clamp for Spaghetti and Lasagna Tagliatelle Fettuccine,B07SMT6KWT
Set 2 Nason Moretti Dandy bowl coral red and aquamarine,B07PLBLQY9
Marcato Atlas Pasta Maker with Motor| 150 mm| Chrome Plated Steel,B07KPLZ7J9
Vienna Symphonic Library Chamber Strings I - Extended Library,B00F8L8L6Q
Marked Corzetti Starter Kit,B08DVDYFDK
Marcato Kit Raviolè| Round Cutter 58mm + Square Cutter 58mm,B08DVDDVRJ
VOLKONSKY A. - Musica Stricta (1957) (Fantasia Ricercata) para Piano,B007NVI3LM
Nason Moretti Dandy Pitcher Aquamarine with Coral red Handle,B07PGWGWNM
Aria et Marcato,B000ZG76NS
Beata Madre Elizabeth Seton. Fondatrice della Suore Americane della Carita,B01H758BV0
Nason Moretti Dandy Pitcher Orange with Pea Green Handle,B07PGWHFKV
Marcato Biscuits Cookie Press| Copper,B00E6Q298K
March of the Czar - String Orchestra,B0036N6M0K
Atlas Pasta Maker 170| Villaware,B0046MA5H6
Marcato Pastabike Dough Cutter| Black New ;supply_from:home-gallery,B01LZOWD0D
Marcato Trenette Pasta Maker Attachment by Marcato,B01N9QEEM5
Atlas Made in Italy Pappardelle Pasta Cutter Attachment| Stainless Steel| Works with Atlas Pasta Machine| 10-Year Warranty by Marcato,B01M0DZ0KJ
Marcato N7991-07 Accessories for Pasta-Maker N7991| Fettuccine,B00JN0WSJE
Luxury Home Marcato Atlas Stainless Steel Capellini Attachment,B00UUNAN90
Norwegian Vignettes for Concert Band (Grade 2.5) Conductor Score & Parts,B008EYH0K2
Marcato Atlas Deluxe Biscuit Maker Cookie Press| Made in Italy| Includes 20 Disc Shapes| Black,B008UUFZC0
Arch of Constantine I (small) 16x20 FRAMED Art Print by Marcato| Maurizio,B00CDYQ4HO
English Horn Real - Large Unique 24bit WAVE/KONTAKT Multi-Layer Studio Samples Production Library 13GB on 3DVD,B07CVPS4G1
Atlas Marcato Pasta Machine 020201| 150mm,B01BPZP5C6
Marcato Sugar| Flour| Cocoa Dispenser| Black by Marcato,B01M11F5AR
Lapalma Brio Cafe Table,B00JYCP2ZS
Complete Electric Pasta Machine and Pizza Making Package,B003K4ARSI
Marcato Handle for Design Atlas 150 Pasta Machine| Blue,B078M9YJSY
Cookie Press - Comfort Grip Cookie Press Icing Set Gun 12 Flower Mold 6 Pastry Tips Fondant Cake Decoration - Wilton Mercato Camel Aid Disc Large Er Recipes Dog Marcato,B07SKP262T
Tempio Della Fortuna Virile,B01AME77U4
Marcato Atlas Deluxe Biscuit Maker Cookie Press| Made in Italy| Includes 20 Disc Shapes| Red,B008UUFZSO
SHOP KING Manual Pasta Maker & Roller Machine| Noodle Spaghetti & Fettuccine Maker,B082PK7RNQ
Maurizio Marcato - Foro Romano Size 16x12 by Maurizio Marcato. Size 6.67 inches width by 8.91 inches height. High Quality Art Poster Print,B001VOD62S
Marcato Atlas Deluxe Biscuit Maker Press| Made in Italy| Includes 20 Cookie Disc Shapes| Blue,B00E6Q28XQ
Marcato Atlas 150 Cannelloni Pasta Attachment,B002U71H8K
Art Poster Print - Tempio della Fortuna Virile - Artist: Marcato- Poster Size: 12 X 16,B000IUK4P8
Lapalma Aria Dining Chair,B00JJWRFC6
Set 2 Nason Moretti Dandy bowl light blue and acid green,B07PGZ73QQ
Atlas Biscuits or Cookie Press,B00KPDUOVW
APRENDER A JUGAR JUGANDO,B003B0SFGW
Double Bass Real - Large original 24bit WAVE/Kontakt Samples/Loops Library,B07CV4QSKR
Marcato Reginette Pasta Maker Attachment by Marcato,B01NARYIHL
Atlas 8320H Marcato Pasta Machine Replacement Handle 5 1/2&ampQuot,B01MQWPNCA
Nemo Italianaluce Donna Table Lamp,B00HDP4RIG
Bialetti Caffe. Italia = Amerikana - Moka Express - Dama - Break - Elettrika - Brikka - Kaliffa - Zera - Orzo Express - Class - Kona.,B0817W6845
Marcato 8320CR Atlas Machine| Made in Italy| Copper| Includes Pasta Cutter| Hand Crank| and Instructions,B001H8MQYC
Marcato Atlas Pasta Drying Rack,B00CDTIP4O
Maurizio Marcato STRETCHED CANVAS Art 16x12 Entrance to the Villa Borghese,B0074PTOZQ
Tempio della Fortuna Virile 20x16 Framed Art Print by Marcato| Maurizio,B0061H460G
Roland SR-JV80-02 Orchestral Card,B00TGYCOZA
Marcato 8323 Atlas Ravioli Attachment| Garden| Lawn| Maintenance,B00IYO0KJU
Set 2 Nason Moretti Divini Champagne Wine Chalice,B07PJ16TJT
NEW Marcato Atlas Wellness 150 Pasta Maker Stainless Steel __#shall78,B01M6VAWR9
Set 2 Nason Moretti Superbe Flute Grey,B07PK5K3D2
Marcato Marga Mill| Grain Grinder,B08DVDQ85B
Biscuit maker,B004S78BF2
Art Poster Wood Framed Print - Foro Romano - Artist: Marcato- Poster Size: 16 X 12,B000IKC5M8
KOHLER K-3199-4-NA Marcato Double Equal Self-Rimming Kitchen Sink,B000MTB67K
Set 2 Nason Moretti Guepiere Champagne Flute Coral red and Grey,B07PJ15S8Q
Set 2 Nason Moretti Superbe Flute Brown,B07PKV4FY1
Trombone Real - Large original 24bit WAVE/Kontakt Samples/Loops Library,B07D314D39
Kafka si papusa calatoare (Romanian Edition),9736459152
Marcato Atlas Spaghetti Attachment Home Supply Maintenance Store,B00GE9FBXC
Marcato Atlas Deluxe Biscuit Maker Cookie Press| Made in Italy| Gold| Includes 20 Cookie Disc Shapes,B005QODP8O
Set 2 Nason Moretti Topkapi water chalice,B07PJ3JYT7
Marcato Atlas Pasta Bike|Cutter,B000BI2PYU
Marcato Atlas Spaghetti Attachment,B00C58Q44G
#marga - 12oz Hashtag Ceramic Latte Coffee Mug Cup| White,B083ZHFD71
Auricolav Siringa Lav Auric1pz,B073B5RWJY
Marcato Küchenprofi 801701300'S Biscuit Press With 20 Cutter Stencils Blue,B0040FX6V6
Atlas Pasta Machine and Ravioli Plate Imperia 12,B00H9FOO0G
Foro Romano Art Print Poster By Marcato| 12 x 16| with Mahogany Wood Frame,B0019L8WUE
Structura Theologica Vitae Spiritualis: Editio Secunda Recognita (Collectanea Spiritualia 7),B01HBUMN3I
Maurizio Marcato Framed Art Print 16x20 Tempio della Fortuna Virile,B005BMAUV6
Marcato Tacapasta Pasta Drying Rack| 18.5 x 2.75-Inches| Gold,B00E6Q2DH2
Atlas Marcato Pasta Machine Trenette Attachment 022401,B005O9WT2Y
Concerto No. 2 for Timpani and Orchestra,B007MVS6PQ
Venetian Chamber Ensemble - Italian Virtuosos - Large WAVe/Kontakt Samples Studio Library over 20GB on 5 DVDs,B00J5N6AHU
Alfred High School Cadets Concert Band Grade 2 Set,B00MWBZTII
Set 2 Nason Moretti Dandy bowl pea green and violet periwinkle,B07PGZ8234
MARCATO DESIGN Atlas Pasta Drying Rack| Tacapasta| Made in Italy| Steel and Polycarbonate| Collapsible| 18.5 x 2.75-inches| Black,B00E6Q2B3I
Viola Real - Large original 24bit WAVE/Kontakt Samples/Loops Library,B084T9SMYH
#marga - 16oz Frosted Beer Mug Stein| Frosted,B083862GJT
Lapalma Panco Table Top| 95-Inch,B00JYCPF28
Ovente Pasta Maker Machine Stainless Steel with 7 Positions Thickness Setting (0.5 to 3 mm)| 3 Premium Attachments Includes Hand Crank Roller| Noodle Cutter and Countertop Clamp| Red,B018HAJYVU
Set 2 Nason Moretti Divini water chalice,B07PJ2LKLH
Set 2 Nason Moretti Burlesque bourgogne red wine chalice pea green and orange,B07PFQXH38
Whisper and Shout: Poems to Memorize (2002-03-07),B01N03H0UT
Marcato Mini Raviolini Attachment,B004S76LM2
Marcato 073213 Pasta Cutter for Atlas 150,B00EE62AFE
Media Storehouse Framed 20x16 Print of Rooftops on Old Florence| Marcato Centrale| Italy (13412175),B0868Y7F6P
March of the Kings Choral Octavo Choir Traditional French Carol / arr. Mark Hayes,B001OTG6CM
Audio and Solar Outdoor Light System,B003YSWRDS
Gekufa Pasta Machine Clamp Pasta Maker Replacement Clamp Fits Most Brands Compatible with Atlas Marcato,B08B7RV19N
Marcato Atlas Deluxe Biscuit Maker Press| Made in Italy| Includes 20 Cookie Disc Shapes| Green,B00E6Q2B7Y
L'ambiente e il paesaggio. Cultura popolare del Veneto,B00JI9Z5LI
Little Russian March (from Symphony No. 2),B003MCIU14
Marcato Atlas 150 Pasta Machine| Made in Italy| Includes Cutter| Hand Crank| and Instructions| 150 mm| Stainless Steel,B0009U5OSO
Media Storehouse 10x8 Print of Rooftops on Old Florence| Marcato Centrale| Italy (13412175),B079Q4WG5H
Alfred 00-42068 PEER GYNT SUITE SELECTIONS-HFP,B00SU0WMYY
Giovani| Lingue E Dialetti,B00FG61FR0
Das Leben von Francesco Petrarca Dichter,B0011VHQ0Y
Rhodes Electric Piano - Large unique 24bit WAVE/KONTAKT Multi-Layer Studio Samples Production Library on DVD,B00J405TLC
WallEc(TM) 1050 Marcato Atlas Wellness 150 Pasta Machine w/ Counter Clamp,B00VE8HBZO
A Three Chorus Meal,B07XWL3GLN
HARP REAL - Large Original Wave/Kontakt Multi-Layer Samples/Performances Studio Library,B00J3YFG1W
got marga? - 11oz Ceramic White Coffee Mug| White,B08CTVK3GB
Arch of Constantine I by Marcato. Art Poster Print: 24 inches width by 36 inches height.,B0013UC7P2
Piazza di Pietra by Maurizio Marcato. CANVAS with 3/4 inch bars. 23.38 inches width by 36.00 inches height. Highest Quality Art Poster Print,B002CTGLLE
Regina Atlas Marcato Multisystem Pasta Machine| Red Top,B006WT09JU
Marcato Stainless Steel Cookie Press With 20 Die Disc Decorating Accessories /supplyformycastle913,B01JKR96TY
Set 2 Nason Moretti Royal rhine wine chalice periwinkle,B07PFQWXYP
Atlas Lasagna Style Pappardelle Pasta Attachment by Marcato| Garden| Lawn| Maintenance,B00IYO2B3S
Serge Prokofiev Symphonies Nos.1 Classical & 5 Chicago Symphony Orchestra & James Levine CD BMG,B006070UWK
Viso Velvet Tube Suspension Light,B005DDRE58
Marcato Atlas Linguine Pasta Cutter Attachment| Stainless Steel| Works with Atlas Pasta Machine by Marcato,B01N3L0LQ8
Globatek Marcato Biscuit Press,B006JN5296
Musical rockets : brillante capriccio 1853 [Leather Bound],B07QZ2D9TB
got marga? - 16oz Beer Pint Glass Cup,B0826C9P4R
Band Expressions| Book Two: Student Edition,B002WQICA0
Nason Moretti Dandy Pitcher Green with Blueberry Handle,B07PGWJJXR
Viso Velvet Oval Suspension Light,B003TIOF5Q
Marcato Because Badass Is Not An Official Name T Shirt M Black,B01MZF3MGQ
#marga - Sturdy 12oz Hashtag Stainless Steel Camping Mug| Black,B08716HVMK
Russian Sailors' Dance Conductor Score Concert Band,B003MCEETG
Set 2 Nason Moretti Guepiere Champagne Flute Pea Green and Orange,B07PJ16TWY
Marcato Trenette Accessory for trinette| 21x10x10cm,B07DJV89QZ
Marcato Atlas Spaghetti Attachment| Garden| Lawn| Maintenance,B00GSVNH8W
DSA Trade Shop Stainless Steel Pasta Noodle Maker Fruit Juicer Press Spaghetti Kitchen Machine,B07VNMKFFW
Arch of Constantine I by Maurizio Marcato Framed with Black Decor Wood Frame 1.25 inch width| 3/4 inch depth,B001VOH480
Cookie Biscuits Press Machine - Cookie Biscuits Press Machine Cake Decorating Biscuit Maker - Kitchen Biscuit Accessories Tool Spritz Gun Cake Machin Marcato Cutter,B07H3GL16W
PAN FLUTE REAL - HUGE Unique Original 24bit Multi-Layer Samples Library on 2 DVD or download,B079VGRN8F
Tempio della Fortuna Virile by Maurizio Marcato. Size 8.86 inches width by 6.63 inches height. Art Poster Print,B0021V7H8E
Laica apm001 Motor for Machinery of Pasta PM2000| Plastic| White| 22.8 x 13.1 x 12.3 cm,B01KK85HX6
Arch of Constantine I by Maurizio Marcato. CANVAS WITH BRUSHSTROKES with 3/4 inch bars. 24.00 inches width by 36.00 inches height. Highest Quality Art Poster Print,B002CTBDV2
Once in Royal David's City,B003MBVB2U
Alfred Jingle Band! Concert Band Grade 2 Set,B00LKL0WRE
Arch of Constantine I| Art Poster by Marcato,B0000TBXXE
IK Multimedia Expansiontank: AMG Vol 6 (3-pack),B007580D16
TUBA REAL - Large Unique Original WAVE/Kontakt Multi-Layer Studio Samples Library on 4DVD,B079V8B15Y
Marcato Replacement Atlas Pasta Machines| 5 x 7 x 1-inch| Black & Chrome Handle,B01MYH11GR
NEW Patent CD for Traffic stripe composition,B002A8NHF0
Schott 18 Short Studies (Treble Recorder) Schott Series,B003AGH3PQ
Marcato 8356 Atlas Ampia Pasta Machine| Made In Italy| Chrome Plated Steel| Silver| Includes Pasta Cutter| Hand Crank| & Instructions,B00008WWGR
Pasta Machine Clamp | Universal Pasta Maker Replacement Clamp| Works With Most Brands| including Atlas Marcato and Cestari,B07F2V52Z1
Microradiologia ossea. Sviluppo e accrescimento dello scheletro umano. Cranio e colonna vertebrale.,B00I6DOJ1Y
Piazza di Pietra by Maurizio Marcato 24.00X36.00. Art Poster Print,B0030JOCNO
Marcato V177C Atlas 150 Motor Conversion Kit,B01BDA017M
Piazza di Pietra (small) by Maurizio Marcato. Size 6.72 inches width by 8.94 inches height. Art Poster Print,B0021V1FPA
Band Expressions| Book Two: Student Edition Alto Saxophone,B002WQKCZ8
Polenta e sassi,B004HL3YWO
Steinway Piano 1925 - Large| very useful Wave/Kontakt Multi-Layer Studio Samples Library 5.6GB on 2DVD or download,B07C4PY42V
Marcato 8401 Corzetti Dual Stamp| Made in Italy| Flower and Double Star| 2.25-Inches| Pearwood,B0813XHNMK
Fanfare Esprit,B00519KAV4
Set 2 Nason Moretti Guepiere Champagne Flute Blue and Peach,B07PK4VZM6
Jack| Sharon| Kelly & Jack Osbourne l Steve Burton - December 3| 2002 Soap Opera Weekly,B01KDB9VI2
Spaghetti cutter Atlas,B004S7BJTC
Marcato Atlas 150 Pasta Maker Blue Home Machine Body Steel Aluminum Dial Dough ;TM79F-32M UGBA124487,B01LW9J3DL
Foro Romano Art Print Poster By Marcato| 12 x 16| with Silver Metal Frame,B0019UVQXK
Marcato Handle for Design Atlas 150 Pasta Machine| Red,B078M4HYHK
Anglo Music Press Exultation (Grade 4 - Score Only) Concert Band Level 4 Composed by Philip Sparke,B00PJ3QL1U
Küchenprofi Pasta Machine by Marcato Multi Material,B002KGLULU
Set 2 Nason Moretti Dandy bowl opaque blue and yellow,B07PDVY63Q
Band Expressions| Book Two: Student Edition Oboe Book and CD,B002WQGC0C
Marcato Atlas 150 Pasta Maker| Gold by Marcato,B013S27CCA
Lapalma Pass Armchair| Sled Base,B00JYCOYFC
Foro Romano Art Print Poster By Marcato| 12 x 16| with Maple Wood Frame,B0019NMOJC
Alfred Music Symbol Parade 24-Poster Set,B01HUNE7T4
Set 2 Nason Moretti Dandy water glass opaque blue and yellow,B07PY4LSST
Macchina per pasta Multisystem = Multisystem Pasta Making Machine,B0042M4MXS
Pasta Machine Handle | Universal Pasta Maker Replacement Handle| Replaces Pasta Crank for Most Brands| including Atlas Marcato and Cestari,B07F5N9243
Art Poster Print - Arch of Constantine I - Artist: Marcato - Poster Size: 24 X 36 inches,B000AJUVF0
NasonMoretti Italian Glassware - Superbe,B00GIARV30
Marcato Atlas Biscuit Maker Press| Made in Italy| Includes 20 Cookie Disc Shapes| Classic Silver,B00004S1AS
Marcato Multipast 150 Pastabike Pasta Maker Set,B0084GAUTI
OMC Marcato Raviolissima Ravioli Machine Attachment,B00C7XNT4W
Nason Moretti Burlesque set 12 bourgogne red wine chalice different colors,B07PK6ZDV6
Marcato Because Badass Is Not An Official Name T Shirt 2XL Black,B01N6W8ZMV
Bellaoggi Feel-Glamour Fard-Illuminante Effetto Seta Rose 4,B01M7RYQZZ
Piazza di Pietra by Maurizio Marcato. CANVAS ROLLED. 23.38 inches width by 36.00 inches height. Highest Quality Art Poster Print,B002CTYLSO
Marcato Atlas 150 Deluxe Pasta Machine Noodle Maker Table Clamp Made in Italy ;JM#54574-4565467/341165844,B01LWENET9
Kaisercraft Chanteuse Double-Sided 12-Inch by 12-Inch Marcato Scrapbooking Paper| 10 Sheets,B007LASVGC
Once in Royal David's City,B003MCAONQ
Art Poster Wood Framed Print - Tempio della Fortuna Virile - Artist: Marcato- Poster Size: 12 X 16,B000JHHJN0
Marcato Atlas 150 Wellness Pasta Machine,B01N6HWEXM
Marcato 073217 Ravioli Attachment for Atlas 150,B00EE62V4O
Arch of Constantine I by Maurizio Marcato Framed with Silver Decor Wood Frame 1.25 inch width| 3/4 inch depth,B001VOH494
Procedimentos Especiais,852245857X
#marga - 11oz Hashtag Magic Color Changing Mug| Matte Black,B082ZHDYWG
Cantate Domino - By Ruth Morris Gray - Choral Octavo - SATB,B00WFE1V2U
Olio Extravergine Oliva Bio 1l,B01I2Z9SB6
Adnotationes De Sacramento Paenitentiae,B01HBSBU20
Set 2 Nason Moretti Dandy water glass opaque blue and peach,B07PDT4BLC
Band Expressions| Book Two: Student Edition Tuba Book and CD,B002WQD3K4
Ampia 150 Pasta Machine,B004S7AXMG
Atlas 150 Pasta Machine Chrome by Marcato,B004S7AY6G
Set 2 Nason Moretti Dandy bowl blueberry and red,B07PGZ6GD9
Atlas 150 Wellness Pasta Machine Gift Set,B008H6NFUQ
got marga? - 17oz Ceramic Latte Coffee Mug Cup| White,B0846DFJ5H
Foro Romano Art Print Poster By Marcato| 12  x 16 ,B000XBLFLO
March of the Kings,B003J3QYDW
Marcato Because Badass Is Not An Official Name T Shirt L Black,B01NAYHZYX
Set 2 Nason Moretti Burlesque bourgogne red wine chalice yellow sunflower and brown,B07PJ16VZH
Marcato Atlas Lasagne Ricce 12mm Attachment,B00C58S6EC
Marcato Atlas Pasta Machine Motor| Garden| Lawn| Maintenance,B07TM3YTVJ
FIBO Shower Wall Panel 100% Waterproof - Marcato Abbey Shale / 1 Panel (NOT included inatllation accessories),B07T94YNLK
Berezina. Pe urmele lui Napoleon intr-o motocicleta cu atas (Romanian Edition),973468034X
Marcato Atlas Pasta Drying Rack| Tacapasta| Made in Italy| Steel and Polycarbonate| Collapsible| Blue,B00005NUVQ
Deluxe Cookie Press 3301,B00DRASB7Y
Marcato Raviolissima Ravioli Machine -- Raviolimaschine -- Machine A Ravioli -- Made in Italy,B001L81Y00
Ristorantica Macchina Pasta Commercial Electric Pasta Maker By Marcato From Kasbahouse MADE IN ITALY,B006PHB5LU
Pasta Maker Machine Noodle Spaghetti Marcato Stainless Roller Atlas Steel Italy,B01KO7V1LU
Marcato Mafaldine Accessories for Pasta Maker| pizza| Tagliatelle| 8 MM,B00JN0WXDA
STRINGs| SYNTHs| PADs| ORGANs Collection - HUGE Sound Library and Production tools 10GB on 4 DVD!!!,B01HVSTGE4
Urania The Journal of the Uranian Society July 1991 Volume III Double Issue,B01JFFQ7O8
MARCATO DESIGN Atlas Pasta Drying Rack| Tacapasta| Made in Italy| Steel and Polycarbonate| Collapsible| Clear,B06XXV75Z6
Thunderous - By Victor Lpez,B07VVD1M9Z
Dinastia sanielevici. Printul henric| intre uitare si reabilitare (Romanian Edition),973231964X
Handle for Marcato Atlas 150 Pasta Maker,B0043DK2OO
Foro Romano| Art Poster by Marcato,B0002F8BBS
Donna pendant light - Inventory Sale !!,B0045C6NSW
Prokofiev Symphony No.5 Op.100 (SET ORCHESTRAL PARTS) EZ-2317-SP,B00HGB4S86
Recipe book of ravioli. Many new recipes to be discovered.,B002VSLKJ4
La lingua italiana. 2005 - N.1,B0075M2658
Breakout,B004CFSL96
Toccata| Op. 11 Piano By Sergei Prokofiev / ed. Murray Baylor,B001OTE6XI
Marcato Atlas Mod. 150 & Pastabake - Instructions in 8 Languages - The Original Atlas Made in Italy,B00FPPL054
Marcato Pasta Maker & Raviolini Set (4 X 1.2),B01CV4CF2I
Extended CHORUS - HUGE Unique Original Multi-Layer Samples Library on DVD or for download,B07HBS8DYZ
Alfred 00-33835 American Song Settings- No. 2 - Music Book,B003VV0E42
MARCATO AUDIO AND SOLAR LIGHTSYSTEM TAUPE ECOM LIGHT SYSTEM TAUPE ECOM,B001CRNXKE
DVORAK - Sonatina Op.100 en Sol Mayor para Flauta y Piano (Galway),B007NWTOLE
Vienna Symphonic Library Orchestral Strings I - Standard Library,B00F8L8WDI
Jingle Band! - By James Pierpont / arr. Michael Story - Conductor Score,B00WGOUVSE
Short Suite I Prelude II Marcato,B002WUHJ0K
Band Expressions| Book Two: Student Edition,B002WQED2Q
Marcato Pasta Gift Set,B004TAAX2W
O processo monitório brasileiro (Portuguese Edition),8574200743
Nason Moretti Dandy set 6 water glasses different colors mod.2,B07PK5LBHG
Marcato Atlas Pappardelle Attachment,B00C58RECC
Maurizio Marcato Framed and Double Matted Art Print 25x21 Piazza di Pietra (small),B005W02DTO
Kitchen Supply Atlas Pasta Machine,B00E1D73IE
Marcato 30mm Ravioli Cutter,B01CF34O60
Lapalma Brunch Table Top| Bar Height,B00JYCP88E
Marcato TL-900ST Tenor Saxophone,B01N3BD05E
Set 2 Nason Moretti Burlesque bourgogne red wine chalice coral red and aquamarine,B07PJ162RK
Marcato Atlas Spaghetti Alla Chitarra Attachment,B00C58UTFQ
Who Is Baseball's Greatest Pitcher? by Jeff Kisseloff (2003-03-01),B019L52ZLQ
Monteverdi Choir - Perfect 24bit WAVE Multi-Layer Studio Samples Library on DVD or download,B06XQFCW61
Maurizio Marcato - Entrance to the Villa Borghese by Maurizio Marcato Framed with Black Decor Wood Frame 1.25 inch width| 3/4 inch depth,B001VOLD9G
Wurlitzer Electronic Piano - Large unique 24bit WAVE/KONTAKT Multi-Layer Studio Samples Production Library on DVD or download,B00J3Z7WCC
Set 2 Nason Moretti Superbe Flute Blue,B07PGWH3T2
Nceonshop(TM) Marcato Atlas Spaghetti Attachment New,B00Z5OZ86C
Patakin: World Tales of Drums and Drummers by Nina Jaffe (2001-11-01),B01K3OAD0Y
Set 2 Nason Moretti Royal rhine wine chalice blue,B07PGWFYBQ
Dvorak in America: In Search of the New World by Joseph Horowitz (2003-03-03),B01F81RANK
Set 2 Nason Moretti Royal rhine wine chalice violet,B07PJ166T7
Lapalma Brio Low Table| Small,B00JYCP3HU
Lapalma Aria Bar Stool,B00JJWGV8K
Couture Creations - Floral Lace - Love Abounds Dies,B00TZRUR0W
Electric Pasta Maker Set 150mm From Italy Cast Alloy Rollers Beautiful Precision Made,B01JT6H4D6
Marcato Atlas Stainless Steel 150 Spaghetti Attachment| Silver,B00JN0WZXI
Marcato Replacement fo Atlas Pasta Machines| Made in Italy| 2.5 x 5-Inches| Black & Chrome Clamp,B005TEPMRI
Venetian Chamber Ensemble Original Multi-Layer Samples Library on 5 DVD or download,B079VN4JKG
Set 2 Nason Moretti Dandy bowl yellow sunflower and violet,B07PLC8SQH
Küchenprofi Marcato 801701700 Biscuit Press With 20 Cutter Stencils Gold,B00318TXHO
got marga? - 11oz Magic Color Changing Mug| Matte Black,B082Z9CP7D
Atlas Marcato Regina Extruder Pasta Machine Maker V202,B013S1UKZC
Lapalma Apta Dining Table,B00JYCP4F6
Pappardelle (Lasagna) Pasta Attachment,B0035HO6B4
Manual Maker: Homemade Biscuits Machine| Chrome Steel| Silver| 15.9 x 6 x 21.7 cm,B08CL4CTY8
Marcato PW Wheel Cutters with Interchangeable Cutting Accessory| Aluminium| Gold,B075NRBCF3
A Choral Fanfare 3-Part Mixed,B003AGB67W
ProjectSAM Symphobia Pack (Vols. 1 & 2),B008CP0GUO
Marcato Atlas Spaghetti Attachment| Garden| Lawn| Maintenance,B00IYO40IC
Piazza di Pietra (small) by Maurizio Marcato Framed with Black Decor Wood Frame 1.25 inch width| 3/4 inch depth,B001VOJ8N4
Maurizio Marcato Framed and Double Matted Art Print 45x33 Arch of Constantine I,B005W04MKC
Kampil: Archaeological Study Of A Site In The Ancient Kingdom Of Panchala,8121512360
Set 2 Nason Moretti Dandy bowl blueberry and green,B07PFSLX37
Arch of Constantine I by Maurizio Marcato . Art PRINT Poster 24.00 X 36.00,B0030JKMU6
Dictionnaire de Spiritualité. Fascicule VII: Cabasilas. - Cassien.,B01A00163O
Noodle Maker - Stainless Steel Spaghett Noodle Maker Lattice Roller Docker Dough Cutter Helper Diy Cutting - Automatic Attachment Of Book Cutter Saviors Aide Phillips Joyoung Accessories,B07H5579QP
Lapalma Frame Table| Rectangular,B00JYCOZNS
Introduction and Royal March of the Lions (from Carnival of the Animals),B00593SCFI
Lapalma Pass Armchair| Rolling Base,B00JYCP5PA
Lapalma Rondo Table| 47-Inch,B00JYCPIC0
MARCATO DESIGN Atlas Pasta Pastry Dough Cutter Crimper 3 Interchangeable Wheels| Made in Italy| 6| Green,B00E6Q2JMG
Lapalma Rondo Table| 51-Inch,B00JYCPIS4
Marcato Atlas Pasta Bike Home Supply Maintenance Store,B00GE9FENY
Marcato V177C Atlas 150 Motor Conversion Kit,B002TNUBTG
Luxury Home Marcato Atlas Pastabike Blue Dough Cutter,B00UUN7CV2
Set 2 Nason Moretti Dandy bowl coral red and grey,B07PGY8XYX
Entrance To The Villa Borghese,B01AME7538
Marcato Spaghetti| Ravioli and Linguine Set| Made in Italy| Works with Atlas 150 Pasta Machine| Set of 3| Silver,B07FPN5NH9
