Tamiya 54753 CVA Super-Mini Shock TT-02 (4),B01N3CV7HX
Tamiya Acrylic XF5 Flat| Green,B0006O52BW
Tamiya America| Inc Mini Bending Pliers for PE Part| TAM74084,B001HBJ2YG
Tamiya TAM9335488 Toyota Hilux Rear Bed| Brown,B0019MIRE4
Tamiya TAM58633 Rc Blackfoot 2016| Brown,B01JLK0KUE
Tamiya America| Inc TS-98 Pure Orange| 100ml Spray Can| TAM85098,B004HZ78O0
Tamiya 58607 Subaru BRZ R&D 4WD Sport 2014 Rd.2 Fuji TT-02,B00T9582GG
Tamiya Ford Bronco RC Body Set,B002BWPOAG
Tamiya America| Inc Panel Line Accent Color| 40ml Grey| TAM87133,B005CTJUY6
Tamiya 86028 Paint Spray| Fluorescent Green,B001Q1378Y
Tamiya TS-38 Gun Metal Spray Lacquer 100ml,B000BN9IHC
Tamiya Military Miniatures - Tent Set - 1:35 Scale Military,B000LFPYVY
Tamiya America| Inc 1/48 Grumman F4F4 Wildcat| TAM61034,B00061HH22
Tamiya America| Inc 40 ML Liquid Surface Primer| TAM87075,B000EK8IPU
Tamiya America| Inc Masking Tape 40mm| TAM87063,B000BN9R1Y
Tamiya 300035231 – 1: 35 Accessory Kit Gmc Transport Lorry 35218,B0017TAO3G
Tamiya 1: 10 TT 300058584 02D Drift Spec Chassis,B00H93PQKU
Tamiya P-51D Mustang 1/48,B00061HH3Q
Tamiya America| Inc 250ml Airbrush Cleaner| TAM87089,B000OT0GJM
Tamiya USA TAM24282 1/24 Nismo R34 GT-R-Z-Tune Plastic Model,B000AJ1488
Tamiya America| Inc 1/10 11-Spoke Front/Rear Racing Wheels 12mm Hex| White (4): M-Chassis| TAM51394,B002P67AF0
Tamiya 300053008 Ball Bearing (1150) Closed,B00061HASI
Tamiya America| Inc Acrylic X25 Gloss|Clear Green| TAM81025,B01BPCLGFE
Tamiya 70103 Universal Gearbox Assembly Kit,B001Q0Z602
Tamiya America| Inc Acrylic/Poly Thinner X20A 46Ml| TAM81030,B0000WRZ3I
Tamiya Dickie 300024340 Plastic Model 1: 24 Honda S600 Convertible Hardtop,B00VTE0E9I
Tamiya Polycarbonate PS-19 Camel Yellow Spray Paint,B001Q11FNI
Tamiya America| Inc Acrylic XF66| Flat Light Grey| TAM81366,B0047BDXNO
Tamiya 58346 The Grasshopper RC Car,B000BMVIGM
Tamiya 300045057 Electronic Drive Control ESC TBLE Bracelet,B00BBQDVO4
Tamiya 300012050 1: 12 Porsche Carrera GT,B00ABW5J0I
Tamiya America| Inc 1/14 Semi Truck Multi Function Unit| TAM56511,B0000WRYKC
Tamiya America| Inc Acrylic XF56| Flat Metal Gray| TAM81356,B0006O52SK
TAMIYA 53901 Special Damper F103GT TRF,B000J44YOK
Tamiya 35096 1/35 German Pzkpw IV AUSFD Plastic Model Kit,B000WN5AF0
Tamiya America| Inc Aluminum Propeller Joint: TT02| TAM54502,B00CI062XY
Tamiya CC01 RC Toyota FJ Cruiser Vehicle,B00HSJ7PFE
Tamiya America| Inc 1/10 Mazda3 4WD TT-02 Kit| TAM58671,B07STD7HR2
Tamiya America| Inc Acrylic/Poly Thinner X20A|23Ml| TAM81020,B0006O522Q
Tamiya 1/35 German Sdkfz 250/3 Greif Kit,B004LVOV72
Tamiya 32594 1/48 British Tank Churchill MK.VII Plastic Model Kit,B07BXD6TTH
Tamiya 74522 Spray-Work stand,B005P4EEAI
Tamiya 300014068 14068 Ducati 916,B000WNAAKK
Tamiya Polycarbonate PS-15 Metal Red Spray Paint,B001Q152CS
Tamiya America| Inc Spray Lacquer TS-8 Italian Red| TAM85008,B000BN7CXO
Tamiya 300036305 1: 16 WWII Figure Feldmarschall Rommel Africa,B00061H5JM
Tamiya America| Inc Acrylic X8 Gloss|Lemon Yellow| TAM81008,B0006O51W2
Tamiya 300074111 Handsaw with Handle,B00CTC7I34
Tamiya 60786 1/72 F-16 Cj Fighting Falcon Plastic Model Airplane Kit,B00ISLZE7C
Tamiya Italian Carro Armato M13/40,B001HBJ2UU
Tamiya 1: 24 300024245 – Honda S2000,B000WN6N5Q
Tamiya America| Inc Fine Surface Primer L| Oxide Red| TAM87160,B00IJSFT4C
Tamiya 24344 1/24 Honda NSX Plastic Model Kit,B01LA60ST0
Tamiya Mini 300035227 – 1: 35 WWII Tiger I Initial/Early Vehicles,B000LFSMWM
Tamiya America| Inc Aircraft Spray Paint AS-19 Intermediate Blue (USN) 100ml| TAM86519,B0006SG2EE
Tamiya 1/24 CASTROL Toyota Tom's Supra GT,B000LFSG0U
Tamiya 24324 1/24 Subaru BRZ Plastic Model Kit,B00829SSLE
Tamiya America| Inc 1/12 Lunch Box Monster Truck Kit| Black Edition| TAM58546,B00A268TNC
Tamiya 58566 RC Mercedes-Benz SLS GT3 AMG - TT02,B00CI062XE
Tamiya 58650 RC Volkswagen Beetle Rally MF-01X,B075C6VZHT
Tamiya 300035344 – 1:35 French Somua S35 Military Tank,B0043RQ89S
Tamiya America| Inc Acrylic XF49 Flat| Khaki| TAM81349,B0006O52OY
Tamiya 14133 1/12 Yamaha YZF-R1M Motorcycle Plastic Model Kit,B07FDQC6L1
Tamiya 1/32 F4J Phantom II| TAM60306,B00061HG6E
Tamiya America| Inc Fine Engraving Blade 0.5mm| TAM74138,B005AFBG9Y
Tamiya America| Inc Spray Lacquer TS-11 Maroon| TAM85011,B0000WRZGA
Tamiya 35300 1/35 British Infantry Tank Matilda Plastic Model Kit,B0026IBBSY
Tamiya 35135 1/35 U.S. M113 ACAV Plastic Model Kit,B000LFWFMU
Tamiya 56336 RC King Hauler Black Edition,B00F01CB3I
Tamiya America| Inc Craft Cotton Swab| Round XSmall 50 pc| TAM87103,B0026IBC2O
Tamiya RC Volkswagen Beetle Vehicle,B00DSVF4QI
Tamiya 300014057 1: 12 Honda VFR 750R 1987 Motorcycle,B000WN6KWM
Tamiya America| Inc A Parts: Upright (TT01)| TAM51002,B00061H9XO
Tamiya 35088 – 1: 35 WWII Special Automotive 162 Jagdpanzer IV L/70,B000LFWEYY
TAMIYA 58663 1:10 Toyota Hilux Extra Cab CC-01 RC Car Model Building Kit| Unvarnished,B07HNB6WXQ
Tamiya Models Grumman F4F-4 Wildcat Model Kit,B000WNAJ5G
Tamiya 24231 1/24 Subaru Impreza STI Plastic Model Kit,B000LFSP1U
TAMIYA Polycarbonate Body Cleaner 40ml [Japan Import],B00LQ7QD8E
Tamiya Mazda RX 7 RC Body Set,B00144VKYG
Tamiya 1:35 35242 German Army Leopard 2 A5 (1),B000WNAHDU
Tamiya 74098 Modeler s Knife Pro,B0042VKAP8
Tamiya America| Inc 1/14 Grand Hauler 4WD Semi Tractor Kit| Matte Black Edition| TAM56356,B079KMXWYN
Tamiya 19434 Victory Magnum Premium Carbon Super-II Chassis,B004WBC01K
Tamiya America| Inc 1/24 Nissan Skyline GT-RV| TAM24258,B00061H2A4
Tamiya America| Inc TS-65 Pearl Clear| TAM85065,B0006SG21C
Tamiya 300035293 1:35 WWII German Infantry Figures France Campaign (5),B00187MTNA
Tamiya America| Inc Sanding Sponge Sheet 3000| TAM87171,B00SIUXI2G
Tamiya America| Inc 1/32 JR Starter Pack| MA Power Spec| Blast Arrow| TAM18647,B01N31EFE5
Tamiya 1/32 Scale JR Cyclone Magnum [19412] Model Construction Kit - NEW,B00061H0S8
Tamiya 300058622 Dump Truck 1: 24 RC Wheelie – (01,B0151HSRM4
Tamiya America| Inc TS-58 Pearl Light Blue| TAM85058,B0000WRZRE
Tamiya 58641 Mitsubishi Lancer Evo.X Tt-02d 4WD Drift Spec Kit W/ Motor & Esc,B01N9QYM1V
Tamiya 1/10 Subaru Brat Kit,B000NNLQ5W
Tamiya America| Inc 1/10 Subaru WRX STI 24Hour Nurburgring 4WD TT-02 Kit| TAM58645,B072QZK7PL
Tamiya 1/72 V-22 Osprey,B009K0TYQ2
Tamiya 300074105 Fine Craft Saw Blade III| 0.15 mm Thick,B004LVOV4A
Tamiya America| Inc 1/700 Enterprise Carrier| TAM77514,B001PYUP4Q
Tamiya 58643 The Grasshopper II Kit| 2017,B06XHB394K
Tamiya Models German 88mm Gun Flak 36.37 Model Kit,B00061HJ4S
Tamiya America| Inc Polycarbonate PS-23 Gun Metal| Spray 100 ml| TAM86023,B0000WS082
TAMIYA 300024323 Toyota GT86 Kit-Highly Detailed Model 1:24 Scale Movable Wheels and Steering 116 Pieces,B00829T1OC
Tamiya 300050569 - M Chassis Rims Silver (2) Mini Cooper,B00061H77C
Tamiya 300056348 RC Volvo FH16 Globetrotter 750 6x4 Timber Truck 56360 1:16 Assembly Kit| Black,B01CGIN67M
Tamiya 35313 1/35 US Light Tank M5A1 Plastic Model Kit,B004C441DM
Tamiya 300051475 Body Set for VW T1 Bus Wheelie WR02 Chassis,B0069LLVN4
Tamiya 300024229 1: 24 Porsche 911GT3 '99 Rhinestone Version,B000LFUB8K
Tamiya 32563 1/48 US Modern 4x4 Utility Vehicle Plastic Model Kit,B002O4DS36
Tamiya 74102  HG Tweezers Curved RevAction,B004C4419G
Tamiya – 31613 – Model Boat Battleship USS Missouri,B001PYXPMA
Tamiya 300035285| 1: 35 WWII German Tank Destroyer| 38 ton (1).,B000QS8FN0
Tamiya America| Inc Masking Tape| 18mm| TAM87032,B0000WS00A
Tamiya America| Inc 1/10 Body Only: 65 Clod Buster| TAM9335043,B0006O53HA
Radio Controlled Model Tamiya 300058604 Nissan Skyline GT-R R33 (TT-02D)| 1:10,B00S0VXAWG
Tamiya America| Inc Acrylic Mini XF78| Deck Tan| TAM81778,B001DQDYHQ
Tamiya 300035232 – 1: 35 WWII British Tank Centaur C.S. Mk. IV with Figures,B000LFWI4U
Lotus 107-B Ford 1/20 Tamiya,B00061H17I
Tamiya 61118 1/48 Grumman F-14D Tomcat Plastic Model Airplane Kit,B07DKH325R
Tamiya Enzo Ferrari with Detailed Parts 1/24 Scale Model Building Kit,B0099FMFUA
Tamiya 1/35 Scale US Infantry Western Europe WWII TAM35048,B00061HJ7K
Tamiya Models 35181 Panzerkampfvagen IV Ausf.J Sd.Kfz.161/2 Model Kit,B000LFQUPS
Tamiya America| Inc Spray Lacquer TS-21 Gold| TAM85021,B01L9QJCW0
Tamiya America| Inc 1/24 Porsche GT2 Street Version| TAM24247,B00061H1WI
Tamiya 24317 1: 24 Mercedes Benz Slr722 Mclaren 06,B0037OS7ME
Tamiya German PZ.KPFW.III AUSF. N,B00106JSB0
Tamiya Orange LED Light (2): TLU01,B000FFC454
Tamiya Model Mosquito B Mk Iv,B000209ZAO
Tamiya America| Inc Non-Scratch Pliers| TAM74061,B01LXDTF23
Tamiya America| Inc Polycarbonate PS-63 Bright Gun Metal| Spray 100 ml| TAM86063,B01M5JDUKY
Tamiya America| Inc Spray Lacquer TS-18 Metallic R| TAM85018,B0000WS03C
Tamiya 35264 Desert Storm 1: 35 U.S. M2 A2 Bradley IFV (2),B000WNAIHU
Tamiya America| Inc 1/24 Mercedes-Benz 300SL Sports Car| TAM24338,B00T755GZ8
Tamiya America| Inc Polycarbonate PS-18 Metallic Purple| Spray 100 ml| TAM86018,B0000WS078
Tamiya 18652 1/32 Jr Racing Mini 4WD Toyota Gazoo Racing TS050 Kit| with MA Chassis,B07H29KFK8
Tamiya Spray Lacquer TS-19 Metallic Blue - 100ml Spray Can 85019,B0000WS03M
Tamiya America| Inc 1/48 Lockheed F-16CJ (Block 50)| TAM61098,B000MTIF1K
Tamiya America| Inc CVA Mini Shock Unit Cylinder (4) TT01/M05| TAM53619,B00061HF0G
Tamiya RC Mitsubishi Lancer EVO X Vehicle,B002IR7IY4
Tamiya 300061109 WWII Dewoitine D.520 French Ass and DW 1: 48,B005NNDRUO
Tamiya 15433 JR Mach-Dash Motor PRO,B0051RUH5U
Tamiya America| Inc 1/24 Castrol Toyota Toms Supra| TAM24163,B00061H1I2
Tamiya 300035244 – 1: 35 WWII US M26 Vehicle Heavy Duty Builders Armour Triple Defender Tough Survivor Military (6),B000WN8DM2
Tamiya Makeup Material Series No.36 Modeling Wax 87036,B0000WS00K
Tamiya America| Inc 1/10 Clear Body Set: Motul Autech GT-R| TAM51584,B01ALC6JMO
Tamiya 24319 Lexus LFA V10 SV with Photo-Etched Detail Scale 1: 24,B004DZP4Y0
Tamiya Ferrari Fxx K,B01CYDVMVG
Tamiya America| Inc HG Pointed Brush| Extra Fine| TAM87154,B00GNVKUH8
Tamiya 1/35 military miniature series No.138 Soviet army T34/85 in the tank plastic model 35138,B07H29LGWX
Tamiya 18616 1/32 Jr Racing Mini Avante X Kit (TAM18616),B000JD4M70
Tamiya 58457 Mercedes-Benz Unimog 406 Kit: CC01,B0037VIVMS
Tamiya America| Inc Spray Lacquer TS-42 Lt Gun Metal| TAM85042,B0019GBAYY
JR Toyota 4-Runner / Tamiya / 17010,B007TOKS0W
Tamiya America| Inc Mini Motor Low Speed Gearbox 4-Speed| TAM70189,B002R0DQCU
Tamiya 35247 1:35 Diorama Set Field Kitchen (4)| Model Kit| Plastic Kit| Assembly Kit| Detailed Replica,B00061H538
Tamiya 300032583 – 1:48 WWII Armoured Combat Car 38(t) Version E/F,B00PTKSQP2
Tamiya Spray Work Basic Compressor,B000BMV0HY
Tamiya TAM81302 Acrylic XF2 Flat| White 23ml.,B0006O52AI
Tamiya 86024 Paint Spray| Fluorescent Orange,B001Q11GCI
German 18 Ton Heavy Half-Track Famo and Tank Transporter 1-35 Tamiya,B000LFWKZW
Tamiya RC Bullhead Toy,B00834AAR8
Tamiya| 1:35 WWII Special Motor Vehicle 251/9| Half Chain Vehicle| 7.5 cm KwK| 300035147,B000WNCE8Q
Tamiya 300054501 - TT-02 Aluminium Drive Shaft Central.,B00CI062X4
Tamiya 61119 1/48 Supermarine Spitfire MK.I Plastic Model Airplane Kit,B07K4Q4V2W
Tamiya America| Inc 1/10 Lowride Pumpkin Kit M06| TAM58594,B00KGON598
Tamiya 1/25 German Tiger I Tank Model Kit,B000M1YRW4
Tamiya 24240 1:24 Subaru Impreza WRC 2001 Model Kit Plastic Building Kit for Assembly Detailed Replica,B000LFUJEG
Tamiya America| Inc 1/10 Mazda MX-5 2WD M-05 On-Road Kit| TAM58624,B0166RR012
Tamiya America| Inc 1/10 M-07R 2WD Chassis Kit Limited Edition| TAM84436,B07ND37RWH
Tamiya America| Inc JR Hyper-Dash 3 Brushed Motor| TAM15477,B00JX7YD4U
Tamiya 70168 Double Gearbox,B001Q13BIU
Tamiya PS-39 Color Translucent Light Blue Polycarbonate Spray Paint,B001Q155HA
Tamiya America| Inc Spray Lacquer TS-12 Orange| TAM85012,B0000WS02S
Tamiya 31713 1/700 US Aircraft Carrier Saratoga Plastic Model Kit,B00KGMT6D4
Tamiya USA TAM81031 Acrylic X31 Titanium Gold,B0006O527Q
Tamiya America| Inc Polycarbonate PS-17 Metal Green| Spray 100 ml| TAM86017,B0000WS06Y
Tamiya TT-02 Oil Gear Differential Unit 54875 OP-1875,B07S2CPXNH
Tamiya America| Inc Polycarbonate PS-44 Translucent Green| Spray 100 ml| TAM86044,B0006SG28K
Tamiya Nissan Skyline GT-R R34 V-Spec II 1/24 Scale Model Kit 24258,B000WNCCLK
Tamiya 58667 RC Audi Quattro A2 Rally Car Kit| TT-02 Chassis,B07QSTSC3P
Tamiya America| Inc Acrylic XF60| Flat Dark Yellow| TAM81360,B0006O52V2
Tamiya America| Inc Spray Lacquer TS-10 French Blue| TAM85010,B000BN9HS2
TAMIYA 40mm Masking Tape [87063] 3pcs Set,B00LPXQQVI
Tamiya 74065 Craft Tools - Non-Scratch Long Nose Pliers,B01LY18GAY
Tamiya America| Inc RS540 Sport Tuned Brushed Motor| TAM53068,B00061HB0K
Tamiya Spray Lacquer TS-61 NATO Green - 100ml Spray Can 85061,B0000WRZS8
Tamiya Remote Controlled Forklift,B002DR3H6W
Tamiya 58661 58661-1:14 RC Buggyra Fat Fox RaceTruck TT-01E Remote Controlled Car / Vehicle Model Building Kit Racing Truck Hobby Assembly White,B07JFC5932
Tamiya America| Inc Tires (2): 60D M-Grip Radial| TAM50684,B00061H7RW
Tamiya America| Inc R Wheel Axle: TG10| TAM50808,B0000WRXQC
Tamiya America| Inc Acrylic XF19 Flat| Sky Grey| TAM81319,B0006O52JY
Tamiya Track and Wheel Set (70100),B001VZJDY2
Tamiya Models German 75mm Pak 40/L46 ATG Model Kit,B000WN8AQG
Tamiya America| Inc TS-85 Ferrari Red 100ml Spray| TAM85085,B0072X5T6S
Tamiya America| Inc 35340| 1/35 German Jagdpanzer IV/70| Lang| TAM35340,B00NXENF5C
Tamiya 87030 Masking Tape 6mm & 87031 10mm Value Set,B00GQPJX38
Tamiya 58657 Land Rover Defender 90 4WD Assembly Kit| 1/10 Scale| On CC-01 Chassis,B07G5CK3PV
Tamiya America| Inc Polycarbonate PS-7 Orange| Spray 100 ml| TAM86007,B0000WS05U
Tamiya Acrylic Mini X-12 Gold Leaf 10Ml Bottle,B0099WPS0M
Tamiya Polycarbonate PS-48 Metal Silver Paint,B001Q0ZF4E
Tamiya TAM86008 86008 PS-8 Light Green Spray Paint| 100ml Spray Can,B001Q134BO
Tamiya America| Inc Acrylic XF10 Flat| Brown| TAM81310,B0006O52EY
Tamiya America| Inc 1 16 U.S. Main Battle Tank M1A2 Abrams| TAM36212,B073MZQLDN
Tamiya America| Inc Acrylic Mini XF75 IJN Gray| TAM81775,B000FOA8OO
Tamiya America| Inc Mini Motor Multi Ratio Gearbox 12-Speed| TAM70190,B002R0DQD4
Tamiya America| Inc 1/32 JR Starter Pack FM-A Balanced Rowdy Bull| TAM18710,B079HQZJZ9
Tamiya 14130 1/12 Repsol Honda RC213V '14 Motorcycle Plastic Model Kit,B01BGLSQTS
Tamiya Nissan GT-R R35 - 1/24 Scale Model Kit 24300,B00187MTK8
Tamiya 85070 Spray Lacquer TS-70 Olive Drab - 100ml Spray Can,B001Q118RQ
Tamiya Model Color Acrylic Paint XF-1 Flat Black Net 10ml 81701,B00MHKERLY
Tamiya America| Inc 1/24 Nissan 300ZX Turbo Plastic Model| TAM24087,B00061HJFC
Tamiya GP317 Power Dash Motor (Mini 4WD),B003GZ3LE8
Tamiya America| Inc Polycarbonate PS-40 Translucent Pink| Spray 100 ml| TAM86040,B0000WRZYW
Tamiya America| Inc Sharp Pointed Side Cutter| TAM74035,B0131XZ92G
Decal Scissors - Tools - Tamiya,B000BMV0HO
Tamiya America| Inc Acrylic X11 Gloss|Chrome Silver| TAM81011,B0006O51XG
Tamiya 24336 1/24 Subaru BRZ Street Custom,B00NXENEZ8
Tamiya America| Inc Hi Torque Servo Saver BLK:TT01/TA05| TAM51000,B00061H9X4
Tamiya 25155 1/24 Aston Martin DBS w/ABER Photo Etched Parts,B00829T1NS
Tamiya 1/32 Scale Beat-magnum Premium [19444] Model Construction Kit,B00T7552R0
Tamiya 35192 – 1: 35 WWII Figures Set US Infantry Attack (6),B00061H4IE
Tamiya America| Inc 1/35 German King Tiger| TAM35252,B000WNDYOY
Tamiya America| Inc Polycarbonate PS-10 Purple| Spray 100 ml| TAM86010,B000BN32S8
Tamiya 1/20 Grand Prix Collection No.43 Honda RA272 1965 Mexico GP Winning car 20043,B00N8Q6JNU
Tamiya 300051401 Body Set Lancia Delta HF Integrale,B002W5UK10
Tamiya America| Inc Acrylic X12 Gloss|Gold Leaf| TAM81012,B0006O51Y0
Tamiya America| Inc 1/700 Early WWII Japanese Naval Planes| TAM31511,B001PYZG6S
Tamiya Nissan Skyline 2000 GT-R 1/24 Scale Model Kit 24194,B000WN6MPM
Tamiya 58630 1/10 RC Plasma Edge II Buggy Kit| with TT-02B Chassis| Brushed 4WD,B01CYDW9P4
Tamiya America| Inc 1/10 Honda City Turbo Truck WR02C Kit| TAM58611,B00T957W4E
Tamiya 1: 24 Scale Nissan 370z (Book),B0026IBBIO
Tamiya America| Inc Bending Pliers-Photo Etched Parts| TAM74067,B01LX200XY
Tamiya 58489 1/10 RC Avante 4WD Buggy Kit (2011),B004DZPC2E
Tamiya America| Inc Polycarbonate PS-59 Dark Metallic Blue| Spray 100 ml| TAM86059,B00476G7G4
Tamiya 300035354 Crew,B073MZQLB3
Tamiya America| Inc Acrylic X19 Gloss|Smoke| TAM81019,B0006O521W
Tamiya 24342 1/24 Mazda MX-5 Plastic Model Kit (TAM24342),B017R6W1Q0
Tamiya Models Vought F4U-1A Corsair Model Kit,B000LFQZ1W
Tamiya America| Inc Model Scissors| Photo Etched Parts| TAM74068,B000E7ONR0
Tamiya 300035263 – 1: 35 US M1025 Humvee Armed & Lobster (2),B000WN8EI0
Tamiya 32595 1/48 US Medium Tank M4A3E8 Sherman Plastic Model Kit,B07C4Y1C3W
Tamiya – Modelling Knife| 74040950,B01LZBRKSA
Tamiya,B009A2YM62
Tamiya 300054476 - TT-02 Ball Bearing Set| 16 Pieces,B00C9RHVUY
Tamiya 1/10 R/C Sand Scorcher Vehicle,B002Z1KVPG
Tamiya 1/48 McDonnell Douglas F-15C Eagle,B00061HH0Y
Tamiya 35312 1/35 US Howitzer Motor Carriage M8 Plastic Model Kit,B004C441B4
Tamiya Models German Infantry on Maneuvers Model Kit,B000FJ2TNW
Tamiya RC Blitzer Beetle 2011 Vehicle,B005GJGYDC
TAMIYA 81716 Acrylic Mini XF16 Flat Aluminum 1/3 oz,B009ACS34E
Tamiya 300074076 Cutting Mat A3,B01LZZCNWZ
U.s Army Staff Car Model 1942 - 1:48 Military - Tamiya,B0018RPE5A
Tamiya Models  German WWII Battleship Bismarck,B0009RQLAW
1:48 Tamiya Grumman F-14A Tomcat Model Kit,B01KZA225A
Tamiya 300035334 – 1: 35 US M151 A1 Vietnam Transport Vehicle,B00F04Y6H4
Tamiya 60326 1/32 De Havilland Mosquito FB Mk.VI,B01188BKS8
Tamiya 1/35 U.S.M1A1 Abrams 120mm Gun Main Battle Tank Model KIT,B00061H498
Tamiya America| Inc N Parts: 58372| TAM9115170,B000MTD4GG
Tamiya America| Inc Aircraft Spray Paint AS-16 Light Gray (USAF) 100ml| TAM86516,B0006SG2DK
Tamiya TS-33 Dull Red Spray Lacquer,B000BN7DL0
Tamiya DT03 RC Neo Fighter Buggy Vehicle,B00I92DJNQ
Tamiya America| Inc 1/48 F-51D Mustang| Korean War| TAM61044,B00061HH4K
Tamiya America| Inc 1/35 Jeep Willys MB 1/4Ton| Plastic Model kit| TAM35219,B00061H4PW
Tamiya 87099 Cera Grease Hg,B001Q1AW64
Tamiya America| Inc Acrylic XF6 Flat| Copper| TAM81306,B0006O52CG
Tamiya America| Inc Polycarbonate PS-3 Light Blue| Spray 100 ml| TAM86003,B0000WS04Q
Tamiya America| Inc 1/10 F104 PRO II 2WD On Road Kit| TAM58652,B078VDLJ3S
Tamiya America| Inc Acrylic XF50 Flat| Field Blue| TAM81350,B0006O52PI
Tamiya 35365 1/35 US Airborne Tank M551 Sheridan Plastic Model Kit,B07L4P9H42
Tamiya America| Inc Acrylic Mini XF-81 Dark Green 2 RAF 10ml Bottle| TAM81781,B002SX0Q38
Tamiya 35360 1/35 US Light Tank M3 Stuart Plastic Model Kit,B07C4T3X6Q
Tamiya 300031616 WL US War Military Kit 1: 700 Battleship Iowa Bb 61,B000AJ1474
Tamiya 86034 PS-34 Bright Red Spray Paint| 100ml Spray Can,B001Q0ZDHS
Tamiya 58441 Off Road Buggy Champ 2009 Racing Buggy Kit,B002CKPWUO
Tamiya British MBT Challenger 2,B00061H5GK
Tamiya 24279 - 1:24 Porsche Turbo 1988 Road Version,B000LFPXQ0
Tamiya America| Inc Mark Fit| Solvent 40ml Bottle| TAM87102,B002B65TKM
Tamiya 58639 RC Mercedes - AMG GT3 TT02 1/10 Touring Car Kit,B01MDUQ1W6
KV2 Gigant Heavy Tank 1/48 Tamiya,B000J49VI4
Tamiya 31113 1/700 Japanese Battleship Yamato Plastic Model Kit,B001PYXPD4
Tamiya America| Inc Acrylic X22 Gloss|Clear| TAM81022,B0006O523U
Tamiya America| Inc Aircraft Spray Paint AS-22 Dark Earth 100ml| TAM86522,B0006SG2EY
TAMIYA X31 81531 Acrylic Mini X31 Titanium Gold 1/3 oz 10ml,B0099WPTO2
Tamiya America| Inc TEU-106BK Twin Motor Brushed ESC| TAM45054,B008GY1IQC
Tamiya Models P-51D/K Mustang Model Kit,B009FU61EA
Tamiya 24065 1/24 Porsche 959 Kit,B00061HJE8
Tamiya 14073 1/12 Yamaha YZF-R1,B000WN6L3U
Tamiya America| Inc 1/14 Grand Hauler 4WD Semi Tractor Kit| TAM56344,B00TFNGD4U
Tamiya 87003 Cement Glue 40ml,B000RLWAN2
Tamiya America| Inc 1/35 Russian Army Assault Infantry| TAM35207,B00061H4MK
Tamiya 30058 1/35 French Battle Tank B1 bis w/Single Motor,B00NXEN9QM
Tamiya America| Inc Polycarbonate PS-13 Gold| Spray 100 ml| TAM86013,B000BN9R14
Tamiya 300061110 – 1: 48 WWII Mitsubishi G4 M1 Model 11 (17)| Airplane,B0065T45B0
Tamiya 300078027 1:350 WWII Japanese Chikuma Model Cruiser,B0043ROIZE
P-51D Mustang and Staff Car 1/48 Tamiya Tamiya,B001100S2S
Tamiya America| Inc Spray Lacquer TS-54 Metallic Blue| TAM85054,B001Q12Y1U
Tamiya 1/700 WWII Japanese Aircraft Carrier Shokaku,B001PYUOVA
Tamiya America| Inc Acrylic Mini XF-82 Ocean Gray 2 RAF 10ml Bottle| TAM81782,B002SX0Q4W
Tamiya America| Inc 1/35 British Churchill MKVII Tank| TAM35210,B000WN5BF4
Tamiya 300053913 Wheel Adapter Aluminium Frog,B000J44YTA
Tamiya 300014063 1: 12 Ducati 888 Superbike 1993,B000LFQNWI
Tamiya America| Inc Spray Lacquer TS-28 Olive Drab| TAM85028,B06XTR894K
Tamiya 300051528 Tt 02 W Parts Suspension Arm Mounting,B00CI05VAE
Tamiya 58669 M08 Mini RC RWD Chassis Kit,B07PXJ1RGZ
Tamiya 53697 Rc Motor 23T Brushed 540,B0037Y5AMY
Speed Checker TAM15183 by Tamiya,B00061GZ3Y
Tamiya 300045055 - Speed Controller TEU-105BK (BEC),B005AF9O34
Tamiya 35170 1/35 Panther Type G Early Version Tank Plastic Model Kit,B000WNCEG8
Tamiya Models Supermarine Spitfire Mk.Vb Model Kit,B000WNDZMA
Tamiya 86508 AS-8 Spray Navy Blue (US Navy) 3 oz,B001Q0ZGW0
Tamiya 61061 1/48 Vought F4U-1D Corsair Plastic Model Airplane Kit,B000LFSQ3M
Tamiya America| Inc TS-68 Wooden Deck Tan| TAM85068,B0006SG226
Tamiya 24222 1/24 Toyota GT-One TS020,B000FG4CVC
Tamiya Models X-7 Mini Acrylic Paint| Red,B0099WQ5O0
Tamiya 24333 1/24 Laferrari Plastic Model Kit,B00FB0A95A
Tamiya 87038 Extra Thin Cement Glue Fine Tip 40ml,B000BMYWYC
Tamiya Models X-10 Mini Acrylic Paint| Gun Metal,B0099WPMGW
Tamiya America| Inc 1/20 Ferrari F2001| TAM20052,B00061H18W
Tamiya America| Inc TS-6 Matte Black Spray Lacquer| TAM85006,B000BN32QU
Tamiya 300074118 Cutting Mat DIN A4 Green,B0043RODEK
Tamiya TAM74016 74016 Basic Tool Set| Brown,B000BMYWXI
Tamiya Supermarine Spitfire - 1:72 Scale Aircraft 60756,B00061HGWI
Tamiya 86002 Paint Spray| Red,B000BN7CZM
Tamiya 31616 U.S. NAVY BATTLESHIP BB-61 IOWA ( Japanese Import ),B001PYUOZQ
Tamiya America| Inc Masking Tape Refill| 18mm| TAM87035,B000BN9R2S
Tamiya 300035077 – 1: 35 WWII German Assault Tank (2) Brummbär,B000VL9LPS
Tamiya America| Inc Driver Figure: 1/14 Tractor Truck| TAM56536,B014ITJXOC
Tamiya America| Inc Acrylic XF9 Flat| Hull Red| TAM81309,B01IF743OI
Tamiya Compound Applicator Cloths,B000LU2XJU
Tamiya Jr Racing Mini 4Wd Circuit,B000BMYLWA
Tamiya 300024278 1:24 Renault Alpine A110 ‘71 Monte Carlo,B000WN6NQA
Tamiya Supermarine Spitfire Mk.xvie - 1:32 Aircraft,B004DZP4VI
Tamiya 300056360 56360-1 Volvo FH16 Wood Truck RC Truck Remote Controllable Truck Model Construction Kit Truck Unpainted,B07NGZLC1V
Tamiya America| Inc 1/24 Nissan Skyline GTR| TAM24090,B00061HJFM
Tamiya TAM61120 1: 48 Lockheed P-38F P-38G Lightning [Model Building Kit],B07XBJHSVD
Tamiya Acrylic Mini XF-85 Rubber Black - 0.33 OZ,B005NGL61I
Tamiya 300014044 - 1:12 Yamaha XV1000 Virago,B000LFQXBE
Non Scratch Pliers - Tools - Tamiya,B000BN7DJM
Tamiya America| Inc 1/10 Suzuki Swift M-Chassis Front/Reawr Wheels 12mm Hex| White (4)| TAM51237,B000FG9SKM
Tamiya 300061063 – 1: 48 WWII Model Set Messerschmitt BF109E-4/7 Trop,B000LFWJ9E
Tamiya Jeep Willys 1/4 Ton 4X4 Hobby Model Kit,B000WN6QAI
Tamiya America| Inc 1/10 Clear Body Set: Mazda MX-5| TAM51583,B0183CG64K
Tamiya 60775 1/72 Vought F4U-1A Corsair Plastic Model Airplane Kit,B000JD6CZU
Tamiya 35213 1/35 German Kubelwagen Type 82 Plastic Model Kit,B000VTQN0G
M-113 US Army Armoured Personnel Carrier Tank w/Soldiers 1/35 Tamiya,B00061HJ2K
Tamiya America| Inc Acrylic XF58| Flat Olive Green| TAM81358,B0006O52TY
Tamiya 1/10 Manta Ray (2018) Limited Edition 4WD Off-Road Buggy Kit,B079Q7Y6PW
Tamiya 300074052 Decorative Tweezers,B01LY18EYA
Tamiya America| Inc Acrylic XF15 Flat| Flesh| TAM81315,B0006O52HQ
Tamiya Full Cowl Four Wheel Drive Mini Series No.52 Brocken Gigant Premium FM-A Chassis 19452,B07B68DT54
Tamiya 61117 1/48 Messerschmitt BF 109 G-6 Plastic Model Airplane Kit,B078WL2RMK
Tamiya 1/24 Mazda Efini RX7,B000LFSOLQ
Tamiya America| Inc Modeler's Side Cutter| TAM74093,B00LMIBEDG
Tamiya Porsche 911 GT1 1:24 Scale Model Kit,B000WN6MKW
Tamiya 35358 1/35 German Self-Propelled Howitzer Plastic Model Kit,B07BXG22JH
Tamiya America| Inc Photo-Etched Craft Saw| TAM74094,B003JTGZY4
Tamiya Military Minatures U.s Infantry Weapons Set - 1:35 Scale Military,B000WN6P6I
Tamiya Full Cowl Mini 4WD Series No.38 Ray Stinger Premiere System (Super II Chassis) 19438,B00GH1N9FY
Tamiya America| Inc Semi Trailer Light Set| TAM56502,B0000WRYIO
Tamiya America| Inc Alum Drive Shaft & Joint Set: TT01| TAM54026,B001BHK9YS
Tamiya 58618 RC Monster Beetle 2015,B015YF4W4U
Tamiya America| Inc AV Pinion Gear Set 24T|25T: TT01/CR01| TAM50477,B00061H70Y
Oval Form grade separated crossing Lane (Tricolor) (Mini 4WD) by Tamiya,B008H0A80W
Tamiya 54374 Drift Tires M-Chassis Wheels (2),B0085H9AHE
Tamiya 20058 1/20 Tyrrell P34 Six Wheeler Plastic Model Kit| with Photo Etched Parts,B072F8XQTN
Tamiya America| Inc 1 35 German Assault Tank IV Brummbar Late Prod| TAM35353,B073MYNY4L
Tamiya America| Inc Super Large Bottle Acrylic Paint| X-20A Thinner| TAM81040,B07WYXC7MG
Tamiya America| Inc Polycarbonate PS-14 Copper| Spray 100 ml| TAM86014,B000BN6JF6
Tamiya 87038 Extra Thin Cement Glue Fine Tip 40ml (3 Pack),B07QB99GYP
Tamiya 95263 Jr Pro MS Chassis Evo.1 Mini 4WD Kit,B001C9T8SS
Tamiya 14131 1/12 Kawasaki Ninja H2R Plastic Model Plastic Model Kit,B01MREBUED
Tamiya 300053665 Main Gears Tt01 55/58 Teeth.,B00061HFL0
Tamiya 54752 (OP1752) RC TT02 Steering Upgrade Parts,B01MV4NV57
Tamiya TAM86032 86032 PS-32 Corsa Gray Spray Paint| 100ml Spray Can,B001Q11H5E
TAMIYA 19621 1/32 JR Phantom Blade Black Sp.Super XX Chassis,B00ISLZEAE
Tamiya 53439 Anti-Wear Grease,B00061HCX6
Tamiya America| Inc AV Pinion Gear Set 22T/23T: CR01| TAM50357,B00061H6XW
Tamiya 32592 1/48 M1A2 Abrams Plastic Model Kit,B075DFP97X
Tamiya Datsun 240Z Rally RC Body Set,B003R7JUMM
Tamiya Super Hotshot 2012,B006PG954A
Tamiya 300035150 - 1:35 US Navy PBR 31 Mk.II Pibber Vietnam.,B00061H484
Tamiya Acrylic XF9 Hull Red 23ml Bottle,B0006O52EE
TAMIYA 10310 JR Mini 4WD Circuit Jump Ramp (2pcs),B00V5MVQ6O
Tamiya America| Inc Body Mount Extension Set| TAM54604,B00M6QWUYU
Tamiya TAM85045 85045 Lacquer Spray Paint| TS-45 Pearl White - 100ml Spray Can,B001Q16QJQ
Tamiya America| Inc 1/48 Volswagen Type 82E Staff| TAM32531,B000G2EBDY
Tamiya XF-16 81316 23ml,B0006O52I0
Tamiya Paint Stirrer 74017,B01M0B6JO5
Tamiya 300061041 - 1:48 WWII The German Focke Wulf| Fw190 D-9,B000LFSNRQ
Tamiya America| Inc Craft Cotton Swab| Round Small 50 pc| TAM87104,B0026IBC2Y
Tamiya America| Inc 1/18 King Yellow 6x6 G6-01 4WD Monster Truck Kit| TAM58653,B077XVD7PH
Tamiya 300016038 – 1: 6 Harley-Davidson Police Bike,B00G3S0ILY
Tamiya America| Inc Diorama Texture Paint (Snow Effect)| TAM87119,B004AS4FI6
Tamiya America| Inc 1/10 On Road Racing Truck Front/Rear Wheels| 12mm Hex (4)| TAM51588,B01H32DJ64
Tamiya 45061 TSU-04 Analog Servo - Water Resistant,B00DSVES5G
Tamiya Vought F4U-1D Corsair With Moto-Tug - 1:48 Scale plastic model kit,B000LFUIBK
Tamiya 24090 1/24 Nissan Skyline GTR,B000WN57X0
Tamiya Mini Acrylic Paint X-1 Gloss Black 81501,B0069FPPVE
Tamiya 58660 1/18 Rc Dynahead 6x6 G6-01 Truck Kit,B07J46F8FP
Tamiya America| Inc 1 12 Ducati 1199 Panigale S Tricolore| TAM14132,B0773TRCW5
Tamiya 61035 1/48 Scale Spitfire MK.VB Tropical Plastic Model Kit,B000LFQWHY
Tamiya America| Inc Acrylic X26 Gloss|Clear Orange| TAM81026,B0006O5262
Tamiya Nissan Skyline GT-R R33 V-Spec- 1/24 Scale Model Kit 24145,B000WFT7BG
Tamiya America| Inc 1/24 Subaru Impreza WRC MC| TAM24281,B000AJ148I
Tamiya 300078026 1:350 WWII Supplies Boats Japanese Marine (28),B0043ROMMI
Tamiya 20048 1/20 Ferrari F1-2000 Plastic Model Kit,B00061H18M
#24187 Tamiya Porsche Boxster 1/24 Scale Plastic Model Kit|Needs assembly,B001PYZH6C
Tamiya 61095 1/48 Focke-Wulf FW190 A-8/A-8 R2 Plastic Model Airplane Kit,B000LFSQ5A
Tamiya 1/20 Williams FW-13B Renault F1 Car Model Kit,B00061H16E
Tamiya RC Mercedes Unimog Body Set,B001KWGCG8
Tamiya 56043 1/16 US Airborne Tank M551 Sheridan,B07PDHZCJP
TAMIYA Semi 40ft Maersk Container Trailer,B005OOIYH8
Tamiya Models U.S. Self-Propelled 155Mm Gun M40 1/35 Toy| Beige,B01M74V1IY
Tamiya America| Inc Polycarbonate PS-6 Yellow| Spray 100 ml| TAM86006,B0000WS05K
Tamiya 31902 USN Dd445 Fletcher Plastic Model Kit,B00061H420
Tamiya America| Inc Acrylic X24 Gloss|Clear Yellow| TAM81024,B01IPE0YE4
Tamiya Lockheed Martin F-16CJ Blk 50 1/32 Jet,B000AJ14AQ
Tamiya America| Inc Acrylic XF3 Flat| Yellow| TAM81303,B0006O52B2
Sliding Ladybug (Vibrating Action) - Robocraft - Tamiya 71117,B002AMVD7K
Tamiya TAM81367 Acrylic XF67| NATO Green,B0006O52Z8
Tamiya 300087079 WM Ageing Set A Sand/Light Sand/Mud,B000BN76H6
Tamiya America| Inc Acrylic XF64| Flat Red Brown| TAM81364,B0006O52XU
Tamiya 35271 Leopard 2 A6 Main Battle Tank Toy,B000WFWBUA
Tamiya USA TAM24100 1:24 Honda NSX Scale Model Kit,B000WNABTU
Tamiya 32521 1/48 WWII Russian Infantry & Tank Crew Set,B000C2YMLY
Tamiya America| Inc 1/10 Ford Mustang GT4 Lightweight Body Parts Set| TAM47444,B084GXX54Z
Tamiya America| Inc 1/35 German Panzer Grenadiers| TAM35061,B00061HJ84
Mechanical Fish (tail Fin Swimming Action) - Robocraft - Tamiya,B0026IBBWU
Tamiya 32571 1/48 Russian Heavy Tank JS-2 1944 Plastic Model Kit,B0075DCLRU
PS-46 Tamiya Color Purple-Green Polycarbonate Spray Paint,B001Q139M8
Tamiya 54611 RC Motor 10.5T Brushless TBLM-02S,B00R0QALJ2
Tamiya 60103 – 1: 35 Parasaurolophus Diorama Set,B00061HFZQ
Tamiya America| Inc 1/10 Avante Buggy 4WD Kit (2011)| Black Special| TAM47390,B07HN9F1QY
Tamiya 95432 Jr Fighter Magnum VFX Premium 4WD Kit| with Super II Chassis,B07H2B9YXQ
Tamiya Paint Jar Stands - Tools,B000K9E2TQ
Tamiya America| Inc Tracked Vehicle Chassis Kit| TAM70108,B00061HHTK
Tamiya America| Inc Extra-Thin Cement| TAM87038,B07D3ZRM7M
Tamiya America| Inc 1/10 Rally Block Front/Rear Tires (2)| TAM50476,B00061H70O
Tamiya Trucking Mini 4WD Jolly-Joker PREMIUM,B00ETMPJUQ
Tamiya 35346 1/35 US Medium Tank M4A3E8 Sherman Plastic Model Kit,B0168AS1XS
Tamiya 18629 Tridagger XX,B001P05GW6
Tamiya 86027 Paint Spray| Fluorescent Yellow,B001Q1708M
Tamiya 60101 - 1:35 Chasmosaurus| Diorama Set,B00061HFYM
Tamiya 300054199 Accessories: F104 Hollow Chamber Tyres Soft Rear Pack of 2,B0035WV8B0
Tamiya 31911 1/700 Navy Destroyer DD412 Hammann Plastic Model Kit,B00CR9CGTU
Tamiya America| Inc Acrylic XF23 Flat| Light Blue| TAM81323,B00F288GQK
Tamiya America| Inc 1/14 Knight Hauler 2WD Semi Tractor Kit| TAM56314,B0000WRYI4
Tamiya USA TAM77502 1/700 British Rodney Battleship,B00061HIK8
Tamiya 1:48 scale Bristol Beaufighter Mk.VI Night Fighter - kit 61064,B00061HHA4
Tamiya 300058570 58570 Lancia Delta (TT-02),B00CI062XO
Tamiya 24254 1/24 Nissan 350Z Track,B000WN89GW
Tamiya America| Inc HG Pointed Brush| Fine| TAM87155,B00GNVKYS8
Tamiya 1/35 British 25Lb Gun & Quad,B0006SG0J6
Tamiya America| Inc Acrylic XF7 Flat| Red| TAM81307,B0006O52DA
Tamiya Model Kit - Toyota Land Cruiser 80 Car - 1:24 Scale - 24107 - New,B00WE1YJWS
Tamiya 300035223 1:35 WWII British Infantry Patrol Group Pack| 5 Soldiers,B000LFWKXY
Tamiya 1/24 Nissan R390 GT1,B000FG9TYC
Tamiya America| Inc Surface Spray Primer: Gray| TAM87026,B0000WRZZG
Tamiya America| Inc 1/35 German Panther Tank| TAM35065,B00061HIQC
Tamiya 1/24 Porsche 959,B000LFSOGG
Tamiya P-51D Mustang Hobby Model Kit (TM60322),B004WBBZWA
Tamiya 58609 RC 1/10 Mercedes-Benz Unimog 425 Cc-01 4WD Kit,B00TFIFLZM
Tamiya 12047 – 1: 12 Scale Enzo Ferrari Assembly Kit,B0076SN01K
Tamiya America| Inc Acrylic XF68| NATO Brown| TAM81368,B0006O52ZS
Tamiya America| Inc Spray Lacquer TS-46 Light Sand| TAM85046,B000BN7DME
Tamiya 35120 1/35 US M48A3 Patton Tank,B000LFQT8Q
Tamiya 57743 No. 43 1/10 Xb Series Xb Wilde Willy 2 Painted Finished Product Tamiya,B007NEHGUI
Tamiya 300012622 – 1:350 Battle Ship Model Set 144,B0017TASNW
Tamiya TS-80 Clear Flat Spray 100ml,B000ZVO3YS
Tamiya 24085 1/24 Mazda Eunos Roadster,B000LFQXLE
Tamiya America| Inc Weathering Master H Set Fig II| TAM87127,B004D37ZVW
Tamiya 60755 Messerschmitt Bf109e-4/7 Trop - 1:72 Scale Aircraft,B00061HGW8
Tamiya America| Inc Lower Deck: TT02| TAM51532,B00CI05ZQE
Tamiya 74112 Fine Pin Vise D-R (0.1-3.2mm),B00EEOD03C
Tamiya Spray Lacquer TS-52 CandyLime Green - 100ml Spray Can 85052,B0000WRZPQ
Tamiya 300074051 Hand Drill for 0.1 – 1.0 mm Drill,B01LWQD01B
Tamiya America| Inc TS-67 IJN Gray (Sasebo Arsenal)| TAM85067,B001Q0Z490
Tamiya 74539 Spray Work Airbrush Holder II Black,B003HC8ESS
Tamiya Super Clod Buster 4X4X4 Vehicle,B0078JK71I
1/700 U.S. Aircraft Carrier Hornet by Tamiya,B001PZ1CEC
Tamiya XB Nissan GT-R (TT-01Type-E) (RC Model),B0086LQ6PS
Tamiya 1/32 F-15E Stike Eagle Bunker Buster,B00061HGA0
Tamiya 86520 AS-20 Spray Insignia White (USN) 3 oz,B001Q0ZIFA
Tamiya 58664 1/10 RC Ford Mustang GT4 Race Car Kit| with TT-02 Chassis,B07P2FQ8YT
Tamiya Acrylic Mini XF-84 Dark Iron,B005NGL5Y6
Tamiya America| Inc Acrylic XF71 Cockpit Green| TAM81371,B003UH2HLU
Tamiya 81702 XF-2 Flat White Acrylic Mini - 10 ml / 0.33 Fl.Oz,B07L8NQMYS
Tamiya 50735 A Parts Chassis Rc Tl01,B00061H7XG
Tamiya 300035115 – 1: 35 WWII German Half Chain 250/9 Protect (1),B000WN8AZC
Tamiya 300061102 1: 48 – Lockheed Martin F 16 °C Thunderbirds,B00187L8VY
Tamiya America| Inc Multi Function Control Unit| Tractor TRK| Euro Style| TAM56523,B00I810PAI
Tamiya 78025 Japanese Battleship Yamato Model Kit,B005AFB194
Tamiya America| Inc 1/10 Lancia Delta Integrale 4WD On Road Rally Kit| TAM58569,B00CI064VE
Tamiya America| Inc 1/72 WB Corsair F4U1D| TAM60752,B00061HGVO
Tamiya Modeling Brush Basic Set 87066,B000J44ZY4
Tamiya USA TAM86043 PS-43 Translucent Orange Polycarbonate Spray Paint 100mL,B001Q0ZEN6
Tamiya America| Inc TS-53 Deep Metalic Blue| Spray Lacquer| TAM85053,B0000WRZQ0
Tamiya USA TAM86029 PS-29 Fluorescent Pink Polycarbonate Spray Paint 100mL,B001Q154E4
Tamiya 35050 1/35 German 8T Half Track SDKFZ 7/1 Plastic Model Kit,B000WNAEF6
Tamiya America| Inc Fine Craft Saws 0.15mm| TAM74105,B01LZNOU6K
Tamiya 58634 Honda NSX Kit - TT02 Chassis.,B01L90PF0E
Tamiya America| Inc 1/14 Fuel Tank 2WD Semi Trailer Kit| TAM56333,B008XFI614
Tamiya America| Inc 1/24 2019 Toyota Gazoo Racing TS050 Hybrid Limited Edition| TAM25421,B00ZY2YM4O
Tamiya 24304 Scale Model,B000WP22IQ
Tamiya 1/35 Ford Gpa Amphibian 1/4 Ton 4x4 Truck # 35336,B00GRJ9YHI
Tamiya 58666 1/10 RC Comical Hornet Kit| with WR02CB Chassis,B07NBVXW6J
Tamiya 32568 1/48 German Destroyer Marder III M Plastic Model Kit,B0035WV86A
Tamiya Road Sign Set 1:48 Scale Military Model Kit,B000BLFF1M
Tamiya 61090 1/48 P-47D Thunderbolt Bubbletop Plastic Model Airplane Kit,B000WN6TVY
Tamiya 300035220 – 1: 35 Diorama Set Maintenance Kit Tub Cart (1),B000WNAFZK
Tamiya 24348 Nissan Fairlady Z Heritage Edition 1/24 Scale kit,B07H8G4QBC
Tamiya Model – 20024 –  – Ferrari F189 – 1: 20 Scale,B00061HJP2
Tamiya 58649 RC NSU TT Jagermeister M-05 Kit,B077S5KJMM
Tamiya 300035286 – 1:35 WWII Special Automotive 222 Direct-Action Reconnaissance Tank North Africa (3),B000WOX506
Tamiya 53084 Rc Rr Square Spike Tire Set,B001Q0TX38
TAMIYA FINESPEC 2.4GHz 4-Channel Radio Control System (Transmitter & Receiver Set) 45068【Japan Domestic Genuine Products】 【Ships from Japan】,B07BXWGB61
Tamiya Models Block 50 Fighting Falcon with Full Equipment Model Kit,B00PIGWM34
Tamiya Models M1A2 Abrams Model Kit,B000WNCI0K
Tamiya 300035174 – 1: 35 WWII Automotive 171 Panther G Steel roll (1),B000WN6PLS
Tamiya USA TAM61120 1/48 Lockheed P-38 F/G Lightning,B07WXK13FQ
Tamiya America| Inc P Parts: 58372| TAM9115171,B000MTK8HE
Tamiya 300051289 – Subaru Impreza WRC 2007 Body Set,B001Q0Q8FE
Tamiya America| Inc Spray Lacquer TS-17 Alum Silve| TAM85017,B000BN7CY8
Tamiya 300074085 RC Tool Kit 8 Pieces,B01LYOONMJ
TAMIYA 37025 1:35 British Cusader Mk.III Med Tank Vehicle,B06XGV27B3
Tamiya 300032407 - 1:35 Scale British LRDG Command Car with 7 Figures,B00F04Y67Y
Tamiya 1/35 M109A6 Paladin US Self-Propelled Howitzer,B077TWTQ2K
Tamiya 90549 TEU-105BK BRUSHED Electronic Speed Controller,B008X7AY0I
Tamiya 35257 1/35 Soviet Tank T-55A Plastic Model Kit,B000WNCHN8
Tamiya USA TAM81702 Acrylic Mini X-F2 Flat White 1/3 Oz,B009ACSJCA
Tamiya America| Inc Aluminum Motor Mount: TT-02| TAM54558,B00GEVFVKS
Tamiya America| Inc Paint Mixing Jar| TAM81041,B000ESYBH6
Tamiya 58662 Rc Comical Grasshopper Kit| (WR-02CB),B07H2KQM7X
Tamiya Models Carrier USS Enterprise CVN-65 Model Kit,B00061HIOE
Tamiya RC Frog 2005 Assem Univ. Shaft,B000J49W9M
Tamiya 300035071 – 1:35-Scale| US M577 Armoured Command Post (5),B000LFSJ0C
Tamiya 70122 Plastic Panel 0.3 mm| 5 Pieces| 257 x 364 mm| White,B001Q150W0
Tamiya 75025 Wind-Up Power Generator Set,B07JG2N4KT
Tamiya Models A6M2 Zero Fighter Model Kit,B000QSBXHK
Tamiya America| Inc 1/35 Japan Self-Propelled Gun Type 1| w/6 Figures| TAM35331,B0045E7HJ4
Tamiya America| Inc Straight Tweezers| TAM74004,B01LX1ZMZT
Tamiya America| Inc Polycarbonate PS-61 Metallic Orange| Spray 100 ml| TAM86061,B008JXCAQM
Tamiya Models US Navy PBR31 Mk.II Model Kit,B000LFWKM0
Tamiya 1/10 Frog Kit,B000CBNRA2
Paint Stirrer (2 Pack) - Tools - Tamiya,B000BMV0HE
Tamiya 300051529 - TT-02 C-Parts Driver.,B00CI05V7C
Tamiya 86001 Paint Spray| White,B0000WS04G
Tamiya 89718 McLaren Mercedes MP4-13 1:20 Scale Plastic Model Kit - Requires Assembly,B00FB0ACJ8
Tamiya RC Egress 2013 1/10 4WD Vehicle,B00FKPANTI
Tamiya 300035005 – 1: 35 WWII British Anti-Tank Gun 6 Pound (3),B005NNDUME
Tamiya 2010 DT02 RC Holiday Buggy,B003ULOMAA
Tamiya 74044 Fine Drill Set,B000J49X9Q
Tamiya America| Inc Acrylic XF57| Flat Buff| TAM81357,B0006O52T4
Tamiya America| Inc Planetary Gear Box Set| TAM72001,B00061HIDU
Tamiya America| Inc Motorized Support Legs: 1/14 Semi| TAM56505,B0000WRYJ8
Tamiya America| Inc Modeling Pointed Brush PRO II Ultra Fine| TAM87172,B00VTDYF8K
Tamiya Color Flat Enamel Paint 10ml XF-1 Flat Black,B003FLWZ8G
Tamiya Nissan Skyline GT-R R32 - Nismo Custom 1/24 Scale Model Kit 24341,B0111YVTTY
Tamiya America| Inc 1/10 LandFreeder Truck Kit| 4WD CC01| TAM58579,B00DSVF5FS
Tamiya 35203 1/35 Ger. Jagdpanther Late Version Tank Plastic Model Kit,B000LFSMK4
Tamiya 35209 1/35 Pz Kpfw IV Ausf. H Early Ver. Tank Plastic Model Kit,B00061H4N4
tamiya,B00061H5JW
Tamiya America| Inc Wht Liquid Surface Primer 40ml| TAM87096,B000R9N5W4
TAMIYA 1/6 Motorcycle Series No.42 Honda CRF 1000 L Africa Twin【Japan Domestic Genuine Products】,B06Y69KZZG
Tamiya Endless 370Z Body Set,B004D37X5K
Tamiya 300024335 - Vehicles - 1:24 Nissan Skyline 2000 GT-R Street-Custom,B00LUBWCHW
Tamiya 24350 1/24 Leon Cvstos Mercedes AMG GT3 Plastic Model Kit| Model:TAM24350,B07RMLSPZ1
McLaren Honda MP4/4 ... 1/20 Grand Prix Collection No. 22 ... Model Kit by Tamiya,B003F9TXE2
Tamiya 12681 Carbon Pattern Decal Set Twill Weave/Fine,B073S56D12
Tamiya America| Inc Basic Tool Set| TAM74016,B01AND0FRG
Tamiya 51329 F Parts Bumper CR01 Toyota Land Cruiser 40,B001BHGHJ4
Tamiya Models X-1 Mini Acrylic Paint| Black,B0099WPJLA
Tamiya 300053088 DF Desk Square Studded Tyres Front/60/24 Pack of 2,B001Q0VTBW
Tamiya America| Inc Acrylic XF69| NATO Black| TAM81369,B01MXMCW5S
Tamiya 1/24 Aston Martin DBS Car Model Kit,B0037OQDPC
Tamiya 86012 Paint Spray| Silver,B0000WS06E
Tamiya America| Inc Polishing Compound Sponges| TAM87192,B07C6NMM2Z
Tamiya Craft Tool Series No.53 precision cutter,B003XDT3MM
Tamiya USA TAM87114 Paint Retarder (Acrylic) 40Ml,B002TZVZE4
Tamiya Polycarbonate PS-50 Sparkling Pink Color Spray,B001AMZUOS
Mitsubishi A6M5c Zero Fighter Zeke 1/48 Tamiya,B00061HJ2A
Tamiya 300087087 WS Holder Pen Earth Light,B000GEWX78
British Battle Cruiser Hood & E Class Destroyer - 1:700 Scale Ships - Tamiya,B001PYUP00
Benetton Ford B-192 Model Car by Tamiya,B00061H178
Tamiya America| Inc 1/10 Body| White: 58372 F350| TAM9335455,B000MTIF38
Tamiya Models X-22 Mini Acrylic Paint| Clear,B0099WQ7RA
Tamiya Models Vought F4U-1A Corsair Kit,B00NXENA34
Tamiya 20068 1/20 Ferrari SF70H Plastic Model Kit,B079HRMS6C
Toyota Celica (1/24) Scale Plastic Model Made by Tamiya,B00061H1PK
Tamiya 300014070 - 1:12 Honda Cbr110xx Super Blackbird,B000LFPUUE
Tamiya America| Inc 1/72 Mosquito FB MKVI/NF| TAM60747,B00061HGUA
Tamiya America| Inc Fine Craft Saws Line Carving| TAM74097,B0042VKAPI
Tamiya 1: 35 WWII Zimmerit Design Set 300012647 Tiger I,B00963HO9C
Tamiya 86506 AS-6 Spray Olive Drab (USAAF) 3 oz,B001Q158HM
Tamiya 300020060 1/20 Lotus Type 79 1978,B003GALRR6
Tamiya 1:24 Mazda MX 5 Miata,B005C8MRQA
Tamiya America| Inc Acrylic XF52| Flat Earth| TAM81352,B0006O52QC
Tamiya USA TAM85007 Spray Lacquer TS-7 Racing White,B000BN68NO
Tamiya TAM81024 Acrylic X24 Gloss|Clear Yellow,B0006O524Y
Tamiya America| Inc Polycarbonate PS-21 Park Green| Spray 100 ml| TAM86021,B000WT9H4O
Tamiya America| Inc Plastic Cement 20ml| TAM87012,B002CDPZDK
Tamiya America| Inc Polycarbonate PS-41 Bright Silver| Spray 100 ml| TAM86041,B0000WRZZ6
Tamiya 60705 60705-1:72 MIL Mi-24 Hind Helicopter| Model Building| Plastic Kit| Crafts| Hobbies| Gluing| Unpainted,B01AND0CKG
Tamiya F4U-1 Corsair Birdcage Hobby Model Kit,B00CR9CGT0
Tamiya RC Volkswagon Type 2 Combi Van (M-06) 58668 1:10 Assembly Kit,B07PFFJWGX
Tamiya Mazda RX-7 R1 - 1/24 Scale Model Kit 24116,B000LFPVKS
Tamiya Spray Lacquer TS-44 Brilliant Blue - 100ml Spray Can 85044,B000BN33GO
Tamiya Models Fletcher Class Destroyer,B00061HIPS
Tamiya America| Inc Polycarbonate PS-5 Black| Spray 100 ml| TAM86005,B01M1RBAWH
Tamiya America| Inc Masking Sticker Sheet (5) Plain Type| TAM87130,B004WBC0AQ
Tamiya America| Inc Spray Lacquer TS-77 Flat Flesh 2| TAM85077,B001Q119H0
Messerschmitt Bf109 E-3 - 1:72 Scale Aircraft - Tamiya 60750,B00061HGV4
Tamiya 74076 Cutting Mat A3 Size TAM74076,B000K28UKK
Tamiya 35364 1/35 German Marder III M Plastic Model Kit,B07MG4PVPD
Tamiya 300074103&nbsp HG Straight Tweezers RevAction.,B01LXPHHBZ
Tamiya TAM81369 Acrylic XF69| NATO Black,B0006O530C
Tamiya Weathering Master 6-Sets(A|B|C|D|E|F) [Japan Import],B00M66FM86
Tamiya Mitsubishi GTO Twin Turbo - 1:24 Cars,B000WFP67U
Tamiya Tiger I Tank Full Option Kit,B0006SG118
Tamiya America| Inc 12666 1 35 Photo Etched Grille Set German Panther| TAM12666,B00Y9OZTD6
Tamiya America| Inc Polycarbonate PS-38 Translucent Blue| Spray 100 ml| TAM86038,B0000WRZYC
Tamiya Models M4A3 Sherman Model Kit,B000LFSN1W
Tamiya America| Inc Pin Wheel Adapter Set| TAM53056,B0000WRXTE
Tamiya 1/14 Scania R470 High Line Vehicle,B000OBL964
Tamiya 86527 AS-27 Spray Gunship Gray 2 3 oz,B001Q11NTE
Tamiya #74024 Modelling Razor Saw for most RC cars,B000J49X8C
Tamiya PS-53 Lame Flake Paint 86053,B001Q11JW0
tamiya,B001AI4L42
Tamiya 1/35 Brick Wall Set Kit,B00061HJ66
Spitfire VB 1/48 Tamiya,B00061HH1S
Tamiya 24354 1/24 Ford Mustang GT4,B08563SXMX
Tamiya Plastic Model 1: 35 300035112 German Army Leopard 1 A4 – 1,B000LFQT1S
Tamiya America| Inc A Parts: TT02| TAM51527,B00CI05V6S
TAMIYA 81786 Acrylic Mini XF86 Flat Clear 10ml Bottle,B006ZMXJMI
Tamiya 300012657 - 1:12 Fork Set Ducati 1199 Panigale S,B00KGMTA76
Tamiya 27T RC Dirt Tuned Motor,B002VOCSDU
Tamiya America| Inc Polycarbonate PS-45 Translucent Purple| Spray 100 ml| TAM86045,B0006SG28U
Tamiya America| Inc Spray Lacquer TS-1 Red Brown| TAM85001,B001EK94DY
Tamiya Model – 35294 –  – Semovente M40 Scale 1: 35,B001HBJ2UK
Tamiya 58651 RC Nissan Skyline GT-R (R32) TT02D Drift Spec 1/10 Kit,B078VDKMBZ
Tamiya America| Inc Weathering Sponge Brush| Medium| TAM87083,B000H7MVSU
U.s Modern 4x4 Utility Vehicle With Grenade Launcher - 1:48 Military - Tamiya,B003198FG8
Tamiya 1/48 Military Miniature Series No.38 Soviet KV-2 Heavy Tank Gigant 32538,B0126841AI
Tamiya 24078 NISSAN SILVIA K's ( Japanese Import ),B000WNABN6
Tamiya 1/12 Motorcycle | Model Building Kits | No.81 SUZUKI RGV-ƒ¡ XR89 14081 [ Japanese Import ],B000WN6L76
Tamiya America| Inc 1/10 Toyota GR Supra 4WD TT-02 Kit| TAM58674,B07XB1C3ZR
Tamiya 35350 1/35 US Tank Destroyer M10 Mid Prod Plastic Model Kit,B01FVGXRJI
Tamiya America| Inc Acrylic XF24| Flat Dark Gray| TAM81324,B0006O52MG
Tamiya America| Inc Acrylic XF59| Flat Desert YEL| TAM81359,B0006O52UI
Tamiya America| Inc 1/10 TA07 PRO 4WD Chassis Kit| TAM58636,B01EACDBZ4
Tamiya 47397 47397-1:10 RC HKS Skyline GT-R Size A (TT-01E) Remote-Controlled Car / Vehicle Model Building Kit Hobby Assembly Multicoloured,B07PGKT9ZG
Tamiya America| Inc Polycarbonate PS-54 Cobalt Green| Spray 100 ml| TAM86054,B000KC2HAE
Tamiya 1: 48 Scale Model – 32529 –  – Tiger I Prod Original D A K – ,B000FG8376
Tamiya 300035130 – 1: 35 US M151 A2 Ford Mutt with Pendant (1),B000LFUEH8
Tamiya 51365 RC Body Set Nissan GT-R (R32),B001V5IF96
Fine Spec 2.4G Electric RC Drive Set (RC Model) by tamiya,B0077K0WM2
Tamiya Craft Tool Series No.20 design knife [new price] 74020,B002LE7L9G
Tamiya America| Inc Panel Line Accent Color| 40ml Black| TAM87131,B005CTJUVE
Tamiya America| Inc 1/14 Tractor Truck 4WD Freightliner Cascadia Evolution Kit| TAM56340,B00J5D3WW6
Tamiya 1/12 Honda F-1 (1/12 Big Scale Car: 12011),B003F9XT7O
TAMIYA Polishing Compound Fine and Finish SET,B00XDRKEGC
Tamiya 35064 1/35 German Leopard Medium Tank,B000WN6P0Y
Tamiya America| Inc CVA Super Mini Shock Unit Set (2)| TAM50746,B0000WRXPS
Tamiya 1/48 Arado Ar. 196A Seaplane,B003JTGZZS
Tamiya Spray Lacquer TS-15 Blue - 100ml Spray Can 85015,B0013BPPXW
Tamiya America| Inc Spray Lacquer TS-79 Semi Gloss| TAM85079,B000ZVV8UA
Tamiya 300035068 35068 BR.Chieftain MK.5 Tank,B00061HJ8E
Tamiya America| Inc Acrylic X16 Gloss|Purple| TAM81016,B0006O520I
Tamiya America| Inc Panel Line Accent Color| 40ml Brown| TAM87132,B005CTJUX2
Tamiya Acrylic X1 Gloss|Black TAM81001,B0069GDGNM
Tamiya 14129 1:12 Ducati 1199 Panigale S Model,B00JOZ4JJ0
Tamiya 31615 1/700 British Battleship Prince of Wales Plastic Model Kit,B000BLERKM
Tamiya 78030 1/350 Japanese Battleship Yamato Plastic Model Boat Kit,B00BBO0Y96
Tamiya America| Inc 1/35 Mod US Military Equip Set| TAM35266,B00061H5EC
Tamiya 35366 1/35 British M10 Iic Achilles Plastic Model Kit,B07NPXXJXC
Tamiya Mitsubishi Lancer RC Body Set,B002DVKI7E
Tamiya Models 60785 Mitsubishi A6M3/3a Zero Fighter Model 22 Building Kit,B00GFEXPB6
Tamiya 300054491 Building Accessories 1: 10 Rally Cockpit Set Left Hand,B00ECKCN4K
Tamiya 35367 1/35 German Heavy SP Howitzer Hummel Plastic Model Kit,B07R8V51CP
Tamiya Model 300012645 – 1: 350 WWII Yamato Wooden Deck Decoration Accessories,B008I00EKK
Tamiya Nissan 300zx Turbo 1/24 Scale Model Kit 24087,B000WNCBJI
Tamiya 300074069 File Flat 6 mm Wide for Plastic,B01LZBY75N
Tamiya 58564 1/10 Toyota Land Cruiser 40 CC-01 Black 4WD Kit,B00BBPUB8Y
Tamiya 1 700 Aircraft Carrier DDV192 Ibuki,B07BXHB66G
Tamiya Acrylic X18 Semi Gloss|Black TAM81018,B0006O521C
Tamiya 300012637 - 1:20 Racing Belt Set A,B00422ML90
Tamiya 300032502 – 1:48 WWII German Chain Wheel with Goliath,B00061H45C
Tamiya Polycarbonate PS-37 Translucent Red Spray Paint,B001Q1386K
Tamiya Land Cruiser RC Body Parts Set,B001BHEKDE
Tamiya Ultra-dash Motor (Mini 4wd),B002RKPHNQ
Tamiya America| Inc 1/10 Front Body: 58397| TAM9335487,B0019MK65W
Tamiya America| Inc TS-92 Metallic Orange| 100 ml Spray Can| TAM85092,B00LAN2KY0
Tamiya 87137 CEMENT for ABS 40ml for Plastic Model from Japan /item# R6SG5EB-48Q8574,B01H0NJWUS
TAMIYA 87176 Decal Adhesive Japan Import,B012D2PWAU
Tamiya 53664 Aluminum Motor Heat Sink TT01,B00061HFKG
Tamiya America| Inc Craft Cotton Swab| Triangle XSmall 50 pc| TAM87105,B0026IBC38
Tamiya 24275 1/24 Porsche Carrera GT Plastic Model Kit,B000WN89RQ
Tamiya America| Inc 1/10 Toyota Supra 4WD TT-02D Drift Spec Kit| TAM58613,B00UP346UC
Tamiya 15455 JR Light Dash Motor,B009A2YPNW
Tamiya 35127 1/35 Israeli Merkava MBT Tank Plastic Model Kit,B000UCHXP8
Tamiya 61071 1/48 Fairey Swordfish M.I Floatplane,B0006NMOY6
Tamiya 85016 Lacquer Spray Paint| TS-16 Yellow - 100ml Spray Can,B0019GL8UU
Tamiya America| Inc Acrylic XF62| Flat Olive Drab| TAM81362,B0006O52WQ
Tamiya America| Inc 1/48 A1H Skyraider USN| TAM61058,B00061HH8G
Tamiya America| Inc 1/10 2017 Bigwig 4WD Off Road Buggy Kit| TAM47330,B01N2AI9ZE
Tamiya America| Inc Type 380 Sport-Tuned Brushed Motor: 3.5mm Bullet| TAM54393,B008GY168C
Tamiya America| Inc 1/24 '88 Porsche 911 Turbo| TAM24279,B000AJ146K
Tamiya 51451 Body Set Mazda RX-7 1st Generation,B0054WRJ80
Tamiya TAM81353 Acrylic XF53| Flat Neutral Gray,B0006O52QW
Tamiya 35059 1/35 Russian T34/76 1943 Tank Plastic Model Kit,B000LFSIV2
Tamiya Mazda RX-7 1/24 Scale Model Kit 24110,B00061HJGG
Tamiya 24213 1/24 Mitsubishi Lancer Evolution Vi Plastic Model Kit,B000LFWJY4
Tamiya America| Inc Acrylic X7 Gloss|Red| TAM81007,B01IF77278
Tamiya 56352 Arcos 1:14 RC MB Arocs 3363 6x4 ClassicSpace| White,B06X1G8L95
Tamiya 1/100 Grumman A-6A Intruder,B00061HHLS
U.S. Medium Tank M4A3 Sherman (w/Single Motor) (Plastic model) by Tamiya,B00963HO9M
Tamiya America| Inc Polycarbonate PS-46 Iridescent Purple/Green| Spray 100 ml| TAM86046,B07996RGX9
Tamiya #20045 Ferrari F310B 1/20 Scale Plastic Model Kit|Needs Assembly,B00061H18C
tamiya,B00AF2Q3CM
Tamiya America| Inc TS-62 NATO Brown| TAM85062,B0000WRZSI
Tamiya America| Inc Diorama Texture Paint (Powder Snow Effect)| TAM87120,B0042ISUMQ
Tamiya America| Inc Acrylic X6 Gloss|Orange| TAM81006,B0006O51UO
Tamiya (Japan Import),B00475AQM6
Tamiya 1/700 Waterline Series No. 904 British Navy Destroyer O Grade 2 Ship Set Plastic Model 31904,B001PYUP1E
Tamiya 300035233 1:35 WWII German Flak Panzer IV Whirlwind (4),B000WN8CUU
Tamiya 74048 Craft Tools - HG Straight Tweezers,B0131XZBVK
Tamiya 20061 1/20 Lotus Type 79 1979Martini Plastic Model Kit,B0046EDDCI
Tamiya America| Inc Acrylic X10 Gloss|Gun Metal| TAM81010,B0006O51X6
Tamiya 61059 1/48 Lockheed F-117A Nighthawk Plastic Model Airplane Kit,B000WNAJN8
Tamiya America| Inc Masking Tape| 10mm| TAM87031,B0000WS000
Tamiya America| Inc Acrylic XF63| Flat German Grey| TAM81363,B0006O52XA
Tamiya Polycarbonate PS-49 Metal Blue Paint,B001Q11J9S
Tamiya 300014066 1: 12 Honda CB 750 °F Custom Tuned,B000LFNTMU
Tamiya 32584 1/48 German Panzer IV AUSF.H Plastic Model Kit,B00T73UPQ0
Tamiya America| Inc Spray Lacquer TS-33 Dull Red| TAM85033,B071YMKKG9
Tamiya 86526 AS-26 Spray Light Ghost Gray 3 oz,B001Q17744
Tamiya America| Inc Masking Tape for Curves 3mm| TAM87178,B00VTDYX5U
Tamiya Acrylic Mini XF86 Flat Clear 10ml Bottle,B00ISAGE5O
Tamiya 300024266 1: 24 Scale – Set of Rally Mechanics (5),B000LFSHI6
Tamiya America| Inc 1/48 A6M3 Type 32 Zero Fighter| TAM61025,B00061HJ20
Tamiya America| Inc Acrylic XF67| NATO Green| TAM81367,B01MYNV5I9
Tamiya 35039 1/35 U.S. M3 Tank Lee Plastic Model Kit,B07N8Z3VW5
Tamiya 300014121 – 1: 12 Honda NSR500 '84,B009KI2KV0
Tamiya 74024 Craft Tools - Thin Blade Craft Saw,B01LZNS7VG
Tamiya Nissan Skyline GT-R R34 - Nismo Z-Tune 1/24 Scale Model Kit 24282,B000WNCCYM
Tamiya America| Inc Aircraft Spray Paint AS-7 Neutral Gray (USAF) 100ml| TAM86507,B0006SG2B2
Tamiya Models SdKfz 251/1 Ausf D Hanomag Model Kit,B000LFWHGE
Tamiya America| Inc Masking Tape Refill| 6mm| TAM87033,B000BMUOO4
Tamiya 24345 Mercedes-AMG GT3 1/24 Scale kit,B075DGB4TF
Tamiya America| Inc 1/14 Monster Beetle Trail GF-01TR 4WD Chassis Kit| TAM58672,B07RD3MNH7
Tamiya 35087 1/35 German Sturmgeschutz IV Plastic Model Kit,B000LFWEWG
Tamiya RC Models JR Rising Trigger White Super XX Chassis 1/32 Scale,B002P67AKA
Tamiya 1/48 Avro Lancaster B Mk.I/III,B001P5HJOE
Tamiya 1/10 RE Release Hot Shot Kit,B000RAW51K
Tamiya 300087141 Cotton Buds Flat Round Pack of 50,B00963HU32
Tamiya – 77518 – Model Boat – Kreuzer SCHARN Horst,B001PYXPTI
Tamiya 300058605 - 1:10 RC Nismo R34 GT-R Z-Tune (TT-02D),B00T2DKL5K
Tamiya 35164 1/35 King Tiger Production Turret Tank Plastic Model Kit,B000LFQU62
TAMIYA 58656 58656-1:10 MB 190E debis Zakspeed TT-01E| RC Car/Vehicle Model Building Kit| Unvarnished,B07D8V7VRT
TAMIYA 1/14 RC Big Truck Series No.47 Mercedes-Benz Actros 3363 6 × 4 giga space full set of operations 56347,B01BHQQYEQ
Tamiya America| Inc Acrylic XF8 Flat| Blue| TAM81308,B0006O52DU
Tamiya America| Inc 1/10 Toyota GAZOO Racing TS050 Hybrid 2019 F103GT 2WD Kit| TAM58680,B083QJP1B9
Tamiya America| Inc 1/10 Audi A4 Quattro Touring TT-01 4WD Chassis Kit (Type E)| TAM47414,B07WL2ZQ2R
Tamiya 35020 1/35 German Hanomag SDKFZ 251/1 Plastic Model Kit,B000WN8AHA
Tamiya Ford Aeromax Semi Truck,B0000WRYHA
Tamiya 35157 1/35 U.S. Marine M60A1 Tank Plastic Model Kit,B000LFQTY0
Tamiya 35359 1/35 US Medium Tank M4A3E8 Sherman Plastic Model Kit,B078WN1RMV
Tamiya TAM87179 87179 Masking Tape for Curves 5Mm| White,B00VTDZ08E
Tamiya 300035268 1: 35 WWII Special Vehicle 223 Light Späh Tank (2),B000WN8ENU
Tamiya 87085 Weathering Master C Set,B000FODYHW
Tamiya Models TM31359 Mogami Japanese Light Cruiser Model Kit,B00Y7W22VW
Tamiya 31614 1/700 US Navy Battleship New Jersey Plastic Model Kit,B001PYXPMK
Tamiya 74041 Electric Handy Drill,B000J46WZ4
Tamiya 24136 1/24 Volkswagen 1300 Beetle 1966 Plastic Model Kit,B000WN88Q8
Tamiya 300020067 1: 20 Red Bull Racing Renault RB6,B009LC1QTC
Tamiya 54612 RC Motor 15.5T Brushless TBLM-02S,B00R0QALB0
Tamiya USA TAM85013 Spray Lacquer TS-13 Clear,B000BMV0II
Tamiya 1/70 Apollo Lunar Spacecraft (Limited Edition),B002A9J5EG
Tamiya 72001 Planetary Gearbox Set,B001Q11U4C
Tamiya America| Inc 1/10 Volkswagen Karmann GHIA 2WD M-06 Kit| TAM58677,B084T489G6
Tamiya America| Inc 1/35 W German Flakpanzer Gepard| TAM35099,B00061HJAC
Tamiya M06 Alfa Romeo Giulia Sprint,B004LVOZPU
Tamiya 1: 48 300032564 – Special Automotive 251/1 Cable Type D Chain (2),B0026IBBTI
Tamiya 35216 1/35 Ger. Tiger I Early Production Tank Plastic Model Kit,B000WN8BZG
Tamiya 85049 Spray Lacquer TS-49 Bright Red - 100ml Spray Can,B000BN9II6
Tamiya Models M1A2 SEP Abrams Tusk II Model Kit,B009KI2KHY
Tamiya America| Inc Acrylic X32| Titanium Silver| TAM81032,B0006O5280
Tamiya America| Inc 1/35 US M8 Light Armored Greyhound Combat Patrol| TAM25196,B07XB24DKR
Tamiya Acrylic X25 Gloss|Clear Green,B0006O525I
Tamiya 54298 1/10 Touring Car Cockpit Set (Left-Hand Drive),B004WXW612
Tamiya 89772 1/35 US Modern Elite Infantry w/Accessory Limited,B00187OVUO
2 Pack TAMIYA 87038 Extra Thin Cement Glue FINE TIP 40ML,B07BPM26CJ
Tamiya Models Fairey Swordfish Mk.II Model Kit,B000NNK0CC
Tamiya 40Ft Container Semi-Trailer for Tractor Trucks,B004PO4SD2
Tamiya America| Inc Putty| Basic Type| TAM87053,B000BMYWYW
Tamiya Set of Figurines of German Panzer Grenadier| WWII Period| 300032514| 1:48,B000C8KO1K
Tamiya 35120 1/35 US M48A3 Patton Tank,B00061HJBG
Tamiya America| Inc Masking Sticker Sheet (5) 1mm Grid Type| TAM87129,B004WBC07Y
Tamiya 24349 1/24 Toyota Gazoo Racing TS050 Plastic Model Kit,B07NPXXD4D
Tamiya USA TAM86030 Polycarbonate PS-30 Brilliant Blue,B001Q170LO
Tamiya America| Inc 1/10 Toyota GAZOO Racing WRT Yaris WRC 4WD TT-02 Kit| TAM58659,B07FCG1G4G
Tamiya Tam85005 Spray Lacquer Ts-5 Olive Drab - 100Ml Spray Can Car,B000BN68NE
Tamiya 87097 Tamiya Polyester Putty 40g,B00OC0LZ30
Tamiya America| Inc Spray Lacquer TS-51 Racing Blue| TAM85051,B0014BOEII
Tamiya TAM54500 54500 Rc TT02 High Speed Gear Set| 68T| Brown,B00CI062YI
Tamiya 300035332 1:35 US M151A2 Transporter Grenada 1983,B00F04Y6BU
Tamiya America| Inc Acrylic X2 Gloss|White| TAM81002,B0006O51SQ
Tamiya 60305 1/32 Mcdonnell F-4 C/D Phantom II Plastic Model Airplane Kit,B00061HG5U
Tamiya 1/72 War Bird Collection No.68 Japan Navy Kawanishi Local Fighter Shiden 11-inch Shell Plastic Model 60768,B00061HGZU
German Heavy Cruiser Prinz Eugen - 1:700 Ships - Tamiya,B001PZ1CA6
Tamiya America| Inc Acrylic Mini X-35 Semi Gloss Clear| 10ml Bottle| TAM81535,B006ZMXJXM
Tamiya Acrylic Mini Xf-90 Red Brown 2-10ml,B07M73RQB7
Non Scratch Long Nose Pliers - Tools - Tamiya,B000BN78NI
Tamiya RC F104 Rubber Tires Front Type A (2),B0035WV8AQ
Tamiya America| Inc 1/10 R/C TA07RR 4WD Touring Chassis Kit| TAM47445,B088KGKN2V
Tamiya 58647 1/10 R/C M-07 Concept Chassis Kit TAM58647| Brown,B06ZY297CC
Tamiya America| Inc Body Accessory Parts Set: 1/10 Touring| TAM54139,B001P05H1G
Tamiya USA TAM74046 Basic File Set,B000BMUONA
Tamiya 74047 HG Angled Tweezers,B000J46WZY
Tamiya Acrylic Mini XF-85 Rubber Black - 10 ml (1/3 oz),B00F288SPO
Tamiya 24123 1/24 Scale Sports Car Series Toyota Supra Model Kit (300024123),B000WN57YE
Tamiya – 31907 – Model Boat Destroyer USS Cushing,B001PYVLB2
Tamiya America| Inc 540-J Brushed Motor: 3.5mm Bullet| TAM53689,B00061HFYC
Tamiya 300060704 Spitfire Planes,B0196F4SXY
Tamiya 32535 1/48 Russian KV-1 Plastic Model Kit,B000GDMXP6
Tamiya 300061052 – 1:48 WWII German V-1 Fiseler FI103,B000LFSQ0U
Tamiya Models Prince of Wales Battleship,B00061HIPI
Tamiya America| Inc 1/10 Wheel Bag| 12mm Hex (2): 58089| 58065| TAM9335085,B0006O53I4
Tamiya - Honda Cb750f Kit - Cf406,B000LFQNQE
Tamiya 74001 Side Cutter for Plastic - MK801,B000H7H4YQ
Tamiya 84320 RC Car,B00A7O7UIO
Tamiya 19439 1/32 Jr Racing Mini Beak Spider Premium Kit,B00JTQVNO8
TAMIYA TS-21 Gold Spray Lacquer,B000BN68OI
TAMIYA 87153 Tamiya HG Pointed Brush Ultra Fine,B00GNVKUHS
Tamiya Spray Lacquer TS-11 Maroon - 100ml Spray Can 85011,B001Q0YXVK
Tamiya RC system No.63 TFU-01 ESC cooling Fight unit 45063,B00DUNSQU0
TAMIYA 1/10 SCALE R/C 4WD HIGH PERFORMANCE RACING CAR PORSCHE TURBO RSR TYPE 934 BLACK EDITION (TA02SW CHASSIS) 47362,B077NBSB6H
Tamiya 1:35 British Main Battle Tank Challenger 1 (Mk.3,B000WNCECC
Tamiya Models King Tiger (Porsche Turret),B000LFWGKG
Tamiya 85003 Lacquer Spray Paint| TS-3 Dark Yellow - 100ml Spray Can,B000BN32QK
Tamiya 300050568 M Chassis Frame Wheels (2) Building| 54 x 24 mm,B00061H772
Tamiya 58596 1/10 Dual Ridge TT-02B 4WD Buggy Kit,B00MIHHJV6
Tamiya 70127 Plastic Panel 0.4 mm 4 Pieces 257 x 364 mm| Clear,B001Q0Z9S6
Tamiya Weathering Master Drybrush Effect Pack D - Paint,B000K26JQ2
Tamiya TAM87068 Polishing Compound-Coarse,B000BLFF5I
Tamiya Models USS Missouri BB-63 Circa 1991 Model Kit,B0099FMFU0
Tamiya Nissan 350Z Track 1/24 Scale Model Kit 24254,B00061H29K
Tamiya 56338 1/14 RC Scania R470 Highline Orange Edition,B00GZIRV4E
Tamiya 300032512 – 1: 48 WWII German Infantry Figures Set (15),B000BLJJRS
TAM12650 1:35 Tamiya Zimmerit Coating Sheet for Panzer IV Ausf J (Tamiya kit),B009A2YM2G
Tamiya 74052 Decal Tweezers,B000J44ZT4
Tamiya America| Inc 1/10 On Road Racing Truck Front/Rear Tires (2)| TAM51589,B01H32DK7C
Tamiya 18641 1/32 Jr Racing Mini Shooting Proud Star Kit,B00Y9OZT90
Tamiya America| Inc RS-540 Torque-Tuned Brushed Motor: 3.5mm Bullet| TAM54358,B0078JJX72
Tamiya 1/35 Infantry Fighting Vehicle TAM35264,B00061H5DS
Tamiya Suzuki GSX1300R Hayabusa Street 98 Model Motorcycle| 300014090| 1:12 Scale,B000W6J288
Tamiya 20066 Porsche 928s 1:20 Plastic Kit,B005MP1SAY
Tamiya 50520 Rc Cva Short Shock Unit Set Ii,B0000WRXNK
Tamiya 300014122 Racing Rider 2013 Model car| 1:12 Scale,B004AQKNCK
Tamiya America| Inc 1/14 Globe Liner 2WD Semi Tractor Kit| TAM56304,B0000WRYG6
Tamiya America| Inc F1 Front Upright Set| TAM50395,B00061H6Z0
Tamiya 18643 Mini 4WD Rise-Emperor (MA Chassis) 1/32,B017R6W4SK
Tamiya P-51B Mustang 1/48,B00061HH4A
Tamiya 86022 PS-22 Racing Green Spray Paint| 100ml Spray Can,B001Q16ZP6
Epoxy Sculpting Putty by Tamiya,B000BMTGX4
Tamiya Models M10 IIC Achilles Destroyer British Tank,B00KGMT6CU
Tamiya 1/6 motorcycle No.25 1/6 Suzuki GSX1100S sword 16025,B00061H056
Tamiya 300014084 1:12 Kawasaki Ninja ZX-12R Street 1999.,B000LFQOPE
Tamiya America| Inc Spray Lacquer TS-71 Smoke| TAM85071,B001EKAOT2
Porsche Boxster Model Car 1/24 Tamiya,B00061H286
Tamiya America| Inc Work Station with Magnifying Lens| TAM74064,B01LZNPVXW
Tamiya America| Inc Polycarbonate PS-2 Red| Spray 100 ml| TAM86002,B0069G1YSG
Tamiya America| Inc Acrylic X27 Gloss| Clear Red| TAM81027,B00TT856HG
Tamiya USA TAM86057 PS-57 Pearl White 100ml Spray Can,B002O4BR2U
Tamiya 35371 1/35 German Infantry Set Mid WWII,B0815BNBTG
Tamiya 1/48 Republic P-47D Thunderbolt - Razorback,B000WN6TUA
Tamiya America| Inc 1/16 U.S. Main Battle Tank M1A2 Abrams Full-Option Kit| TAM56041,B076FM2L2J
Tamiya 24133 1/24 Toyota Celica GT4,B000WN88N6
Tamiya America| Inc 1/72 Supermarine Spitfire Mki| TAM60748,B00061HGUK
Tamiya 1:35 3.7cm Anti Tank Gun (Pak 35/36),B000WN5A0K
Tamiya 1: 24 300024175 – Taisan Star Card Porsche 911Gt2 1995,B000LFPW48
Tamiya 1/700 WWII Japanese Aircraft Carrier Shinano,B001PZ1C3S
Tamiya 1/350 US Navy Aircraft #2,B00061HIOY
Tamiya 1/24 Mitsubishi Lancer Evolution VI Car Model Kit,B00061H1PA
Tamiya Tools Finishing Materials 87204 Metal Primer (40ml),B084GX4VNL
Tamiya America| Inc 1/14 Team Reinert Racing Man TGS 4WD TT-01 Type E Kit| TAM58642,B01MZHXW2B
Tamiya 87038 Extra Thin Cement Glue Fine Tip 40ml 2 Pack,B07Z9FL49Z
Tamiya 35027 Military Barricade Set Model Kit| 1/35 scale,B00061HJ5W
Tamiya 300024209 1: 24 Toyota Corolla WRC,B000WNACEE
Tamiya Honda RC166 GP Racer,B002PHP14G
Tamiya 300087081 WS Ageing Pen/Light Brown,B000H7MVSK
Tamiya America| Inc Acrylic XF12 Flat| Jungle Gray| TAM81312,B0006O52FS
Model Kit - German Jagdpanzer IV Lang Metal Gun Barrel Set - 1:35 Scale - Tamiya,B00NXENEYO
Tamiya 87086 Weathering Paint Stick Marker - Sand,B000GEYNWQ
Tamiya America| Inc 1/10 Raikiri GT 4WD On-Road TT-02 Kit| TAM58626,B018VPCFJE
TAMIYA 87053 Sculpting Putty Basic Type 32g PLASTIC MODEL KIT CRAFT TOOLS NEW /item# R6SG5EB-48Q15214,B01H0NQ3ZU
Tamiya America| Inc Acrylic XF61| Flat Dark Green| TAM81361,B0006O52VW
Tamiya RC Super Stock TZ Motor,B0038PBNPK
Tamiya America| Inc 87194 Masking Tape for Curves| 12mm| TAM87184,B01N9P45S7
Tamiya 12043 1/12 LOLA T70 Mk III w/Photo-Etched Parts,B003YORNHW
Tamiya 300035162 - 1:35 German Armed Forces Army Mares 1A2 Milan (2),B000LFSPJC
Tamiya TAM85026 85026 Lacquer Spray Paint| TS-26 Pure White - 100ml Spray Can,B0014BJ730
Tamiya TAM35373 1:35 French Light Tank R35 [Model Building KIT],B003JTRP5C
Tamiya 300035187 WWII Zimmerit Spatula Set| Photo Etching| 1:35,B000WNCEJ0
Tamiya America| Inc Acrylic X23 Gloss|Clear Blue| TAM81023,B01FILOF06
Tamiya Models X-23 Mini Acrylic Paint| Clear Blue,B0099WQA36
Tamiya 87012 Plastic Cement 20ml 3pcs Set [Japan Import],B00M57E71O
Toyota Supra Model Car 1/24 Tamiya,B00061HJH0
Tamiya America| Inc 1/14 Team Hahn Racing Man TGS 4WD On Road TT-01 Type E Kit| TAM58632,B01CYDWATE
Tamiya 58623 rc car,B0151GE2BU
Tamiya USA TAM87048 Hi Finish Pointed Brush UltraFn,B000BMYWYM
Tamiya 300024328 1: 24 Porsche 934 Jagermeister,B00BBO0XQU
Tamiya America| Inc Polycarbonate PS-4 Blue| Spray 100 ml| TAM86004,B0000WS050
Tamiya 300035037 – 1: 35 WWII Figures Set German Afrika Korps,B0053XVIU0
Tamiya 35335 1/35 Nashorn Heavy Tank Destroyer Plastic Model Kit| Beige,B00I9O4LMM
Tamiya USA TAM81774 Acrylic Mini XF74 Olive Drab 10ml,B002EZD3IK
Tamiya Models X-2 Mini Acrylic Paint| White,B0099WQ55E
Tamiya Models X-18 Mini Acrylic Semi Gloss Paint| Black,B0099WQ21Q
Tamiya America| Inc Modeling Template Round 1-12.5mm| TAM74150,B07RFRKR3Z
Tamiya 35068 1/35 British Chieftain Mk5,B000WNAELK
Tamiya 1/35 US M151A2 W/Tow Missile Launcher,B000LFUJLE
Tamiya 35009 1/35 German PZKPFW II Plastic Model Kit,B000WN6OK0
Tamiya TM87058 Finishing Abrasive P1200 Toy| Multicolor,B000BLFF4O
Tamiya TAM58547 The Midnight Pumpkin| Black Edition 1/12 Monster Truck Kit| Brown,B00AH48YNY
Tamiya 24346 1/24 Ford GT Plastic Model Kit,B07N6K18W4
Tamiya SEMI REMORQUE Caisson RC 56302 Box Trailer 1/14 Scale Assembly Kit| Non Renseigné,B078LJ7KQ8
Tamiya 18714 1/32 Jr Racing Mach Frame Kit| with FM-A Chassis,B07MM3WLBB
Tamiya 1/24 Lunch Box Mini SW-01 4WD Monster Truck Kit,B07QXHFW7F
Tamiya America| Inc 1/18 Konghead 6x6 G6-01 Monster Truck Kit| TAM58646,B071S24YL4
Tamiya America| Inc Acrylic XF18 Flat| Med Blue| TAM81318,B0006O52JE
Tamiya 3 Axle Reefer Semi Trailer,B00140L220
Tamiya 35291 1/35 German 3Ton 4x2 Cargo Truck Plastic Model Kit,B001643W7M
Tamiya America| Inc 1/10 TT-01 Type-E TT-02 Front/Rear Wheels (4)| TAM54741,B01MYH55ZO
Tamiya 300087062 Cement kit,B0012H1FAE
Tamiya- RC NISMO COPPERMIX Silvia Radio Controlled Model 58612| Unknown,B00UP346PC
Tamiya America| Inc 1/10 Mazda RX-7 FD3S Drift Special 4WD On Road TT-02D Kit| TAM58648,B072FBB33C
Tamiya America| Inc Spray Lacquer TS-29 SemiGloss Black| TAM85029,B0013BM7B0
Tamiya 50519 CVA Mini Shock Unit Set II,B0000WRXNA
Tamiya 1/35 U.S. Military Police Set Kit,B000LFUDGA
Tamiya America| Inc TS-14 Black Spray Lacquer| TAM85014,B0013TFXJK
Tamiya 300032554 – 1: 48 WWII German Flak VIERLING 38 20 mm (4),B00106HR7C
Tamiya America| Inc 1/12 Nissan Titan 2WD Off Road Racing Truck Kit| TAM58511,B0077K0PW4
Tamiya 81762 Acrylic Mini XF62 Olive Drab 1/3 oz,B009ACS632
Tamiya USA TAM87080 Weathering Paint Set B,B000GKU9N2
Tamiya America| Inc 1/24 Calsonic Skyline GTR| TAM24184,B000LFPW8E
Tamiya 300074066 Diamond File for Photo-Etched Parts,B000E7ONQQ
Tamiya U.S. Submarine Gato Class & Japanese Submarine Chaser No.13,B001PZ1CAQ
Tamiya 35369 1/35 German Lt Tank Panzerkampfwagen 38t Ausf E/F,B07X9JYGPC
Tamiya 57405 1/8 Rc Dancing Rider Trike Kit,B077T4GYN8
Tamiya America| Inc Polycarbonate PS-55 Flat Clear| Spray 100 ml| TAM86055,B0034ZBK98
Tamiya America| Inc Weathering Sponge Brush| Fine| TAM87084,B000H7H518
Tamiya 1/24 Scale kit 24353 Mazda Roadster MX-5 RF,B084GMQ5XP
Tamiya 85050 Spray Lacquer TS-50 Blue Mica - 100ml Spray Can,B0013BNZZ2
Tamiya America| Inc 1 32 Vought F4U-1D Corsair| TAM60327,B073MYF61K
Tamiya America| Inc B Parts| Suspension Arm: TT01| TAM51003,B00061H9XY
Tamiya America| Inc Model Cleaning Brush| Anti Static| TAM74078,B01LZC0A3Q
Tamiya 18706 Jr Starter Pack Ar Speed Spec Aero Avante,B01N318T7T
F-22 Raptor by Tamiya,B00061HGYG
Tamiya 50245 Snap Connector Set 01/81,B00061H6WI
Tamiya 86016 Paint Spray| Metallic Blue,B000BN6JFG
Tamiya Japanese Heavy Mogami Cruiser,B002W5UJSE
Tamiya 300074099 Replacement Pro Straight Blade Pack of 5,B01LZ0D5J0
Tamiya America| Inc 1/72 Republic P-47D Thunderbolt| TAM60769,B00061HH04
