Bandai Hobby - Gundam IBO - #33 Gundam Barbatos Lupus Rex| Bandai HGIBO 1/144,B0721B13DZ
Bandai Hobby HGBD GBN-Base Gundam ''Gundam Build Divers''| White,B07K3736Q6
30 Minute Missions #20 Bexm-15 Portanova (Black)| Bandai Spirits 30MM,B07YNPXC8V
Bandai Hobby HGCE Mobile Suit GundamSEED Destiny Windam 1/144 Scale Color-Coded Plastic Model,B084DF4Y18
Bandai Hobby HG Gundam Barbatos Lupus Gundam IBO Building Kit (1/144 Scale),B01ICR1WL8
Bandai Hobby Moby Dick One Piece - Grand Ship Collection,B0087D8KPY
Bandai Hobby - Gundam UC - Sinanju (Animation Color)| Bandai MG| Multi-Colored| 8,B00B596V26
Bandai 5057935 Hg00 00 Gundam Seven Sword/G 1/144 Model Kit,B07S7CNFNM
Bandai Hobby HG Gundam Barbatos & Long Distance Transport Booster Gundam IBO Building Kit (1/144 Scale),B0162CNR4U
Bandai Hobby HGUC Full Armor Destroy Mode/Red Version Gundam Unicorn Model Kit (1/144 Scale),B01DTX1O0Y
Bandai Hobby SD EX-Standard Gundam Exia Action Figure| Multi-Colored| 8 (BAN202753),B013OWJY48
Bandai Hobby HG 1/144 Gundam Astaroth Rinascimento Gundam IBO Model Kit Figure,B072BPL6L4
Bandai Hobby MG God Gundam G Gundam| BAN106042,B00030EU80
Bandai Hobby #44 Gundam Exia Repair II| Bandai Gundam 00 Action Figure,B0024MN64E
Bandai Hobby #12 Astray Red Frame 1/144| Bandai Seed HG Action Figure,B00067YY2M
Bandai Hobby #75 GP02A MLRS Custom| Bandai HGUC Action Figure,B000MKYLL2
Bandai Hobby RGM-79 GM Ver.2.0| Bandai Master Grade Action Figure,B001P4DFM0
Bandai Hobby MG Wing Gundam Proto Zero (EW) Gundam Wing: Endless Walt,B00EOEB908
Bandai Hobby Pokemon Model Kit Lugia Pokemon| Multi,B07RJXCFM8
Bandai Hobby - Masked Rider Kuuga Amazing Mighty & Rising Mighty PartsSet| Bandai Spirits Figure-Rise Standard,B0894H5PBZ
Bandai Hobby MSV #4 Hyperion Gundam Seed Action Figure,B0002YNR5O
Bandai Hobby #42 Verde Buster Gundam| Bandai Stargazer Action Figure,B000FVRIEU
Bandai Hobby #24 Cherudim Gundam HG| Bandai Double Zero Action Figure,B001F0ODK2
Bandai Hobby EW-04 1/100 High Grade Endless Waltz Custom Gundam Heavyarms Model Kit,B0006N148S
Bandai Hobby #8 MSN--03 GOGG| Bandai HGUC Action Figure,B00030EVDE
Bandai Hobby RX-78 GP03S Gundam| Bandai Master Grade Action Figure,B00030EU4O
Bandai Hobby HGUC 1/144 #212 Galbaldy Beta Zeta Gundam,B07B3T5XRH
Bandai Hobby HGBD Build Doll Sarah Build Divers 1/144,B07HJFTXXW
Bandai Hobby MG 1/100 ZZ Gundam Ver.Ka ZZ Gundam Model Kit Figure,B072MGQ9N7
Bandai Hobby #18 GN-X HG| Bandai Double Zero Action Figure,B001AHX5PY
Bandai Hobby #37 Seraphim Gundam HG| Bandai Gundam 00 Action Figure,B001PLPJHC
Bandai Hobby MG Gundam Age-II Magnum Gundam Build Divers Model Kit,B07KZD2TV9
Bandai 1/144 HG RX-124 Gundam TR-6 Haze' N-Thley II,B07Z9SGR49
Bandai Hobby #113 RGM-79C GM Type C HGUC Action Figure (1/144 Scale),B003OTINSU
Bandai Hobby #116 MSN-06S Sinanju 144 HGUC (165297),B003Y2WDAG
Bandai S.H.Figuarts Rei & D-O Star Wars/Dawn of Skywalker,B07YPJSQHW
Bandai Hobby MS-06S Char's Zaku II Mobile Suit Gundam Perfect Grade Action Figure| Scale 1:60,B0006N14BK
Bandai Hobby - 30 Minute Missions - #05 Customize Scene Base (Waterfield Version)| Bandai Spirits 30MM,B089DC4VQ7
Bandai Hobby Space Battleship Yamato 2199 (Argo) Cosmo Reverse Version Action Figure,B00NAM9AOW
Bandai Figure-Rise Standard Kamen Rider Genm Action Gamer Level 2,B086JNVN4C
Bandai Hobby HG 1/144 #39 Ptolemaios Arms Gundam Build Divers,B07BNL8W2D
Bandai Gundam FIX Figuration Metal Composite Wing Gundam Snow White Prelude,B081XHKDNY
Bandai Hobby Re/100 Hamma-Hamma ZZ Gundam Model Kit Figure,B0725J1MSG
Bandai Hobby - Gundam 08th MS Team - #155 Gundam Ez8| Bandai HGUC,B07H66H9MZ
Bandai 5055454 Rx-93 Nu Gundam (Ver. Ka) MG Model Kit| from Char'S Counterattack,B07HM4PM1K
Bandai Hobby Transformation Belt ver.20th DX Den-O Belt Kamen Rider Den-O,B087QXDPB7
Bandai Hobby S.H.Figuarts Scarlet Witch (Avengers/Infinity War),B07ZXF3VCH
Bandai Hobby Real Grade 1/144-Scale 00 Raiser Gundam 00 Action Figure,B00T41F4IO
Bandai Hobby HGBF Amazing Strike Freedom Gundam Build Fighters Model Kit (1/144 Scale),B01N35L240
Bandai Hobby MG Gundam Epyon (EW) Gundam Wing: Endless Waltz,B004UILW6E
Little Battlers Experience #13 Nemesis| Bandai Spirits LBX,B07XF3VPC9
Bandai Hobby Perfect Zeong| Bandai Master Grade Action Figure,B00030EUX0
Gundam Seed Perfect Strike Gundam| Bandai Spirits PG 1/60,B07YNQ9DN2
Bandai Hobby SD EX-Standard Wing Gundam Zero Version EW Action Figure| Multi| 8 (BAN202754),B013OWK04Q
Bandai Hobby #131 RGM-79R GM II| Bandai HGUC Action Figure,B005ED3PAK
Bandai Hobby Destiny Gundam| Bandai Master Grade Action Figure,B000VO0546
Bandai Hobby Figure-Rise Mechanics Frieza Hover Pod DRAGON Ball Z Building Kit,B01MCW500I
Bandai Kamen Rider Zero-One DX Cyclone Riser,B082WMFBG2
Bandai Hobby HG IBO Gundam Flauros IBO: 2nd Season Building Kit (1/144 Scale),B01LWT9JSJ
Bandai Hobby Star Wars 1/144 Plastic ModelDeath Star Attack Set Star Wars,B07BNJGHPT
Bandai Hobby Figure-Rise Mechanics Saiyan Space Pod DRAGON Ball Z Building Kit,B01JLFUZ40
Bandai Hobby HGUC 1/144 #87 MS-06F Zaku II FZ 0083: Stardust Memory Model Kit,B00171JH82
Bandai Hobby RG 1/144 Full Armor Gundam Unicorn Gundam UC Model Kit,B07GWLC3HY
Bandai Hobby #49 PSYCHO GUNDAM| Bandai HGUC Action Figure,B00030EUXA
Bandai Hobby Justice Gundam Seed| Bandai MG Hobby Figure,B06XSVZ6HX
Bandai Hobby #10 Grand Ship Collection Baratie One Piece Model Kit,B00KA0YYJS
Bandai Hobby HGBF Wing Gundam Zero Flame (Honoo) Gundam Build Fighters Model Kit| 1/144 Scale,B00RYSALQE
Bandai Hobby No. 01 Jet Vtol Ultraman| Bandai Mecha Collection Hobby Plane,B017JT76TC
Bandai Hobby Lbx #16 Ifrit Little Battlers Experience| Multi (BAS5058921),B07YNQ9VB7
Bandai Hobby Sangoku Soketsuden Dong Zhuo Providence Gundam Sd Model Kit,B07RYGM2Q2
Bandai Hobby HG Obsidian Fury Pacific Rim: Uprising,B0784QJ6C3
Bandai 5056831 Hsm-03 Gogg 1/144 Hguc Plastic Model Kit,B07K7KP46Z
Bandai Hobby #104 RGM-89S Stark JEGAN| Bandai HGUC Action Figure,B002Z6ISQU
Bandai Hobby Star Wars Model Kit 1/12 BB-8 & D-0 Diorama Set| Multi,B07WRFHSXP
Bandai Hobby ZETA GUNDAM 2.0| Bandai Master Grade Action Figure,B000BOBGW6
Bandai Hobby #99 NZ-666 Kshatriya| Bandai HGUC 1/144,B07RHT2F38
Bandai Hobby Mobile Suit Gundam #14 MS-06s Zaku II| Bandai Spirits SDCS| Multi (BAS5058862),B07YNQ4P7K
Bandai Hobby HGBD 1/144#13 New Main Mobile Suit (Tentative) Gundam Build Divers| Multi,B07YNPR3GP
Gundam Build Divers: #24 New Protagonist Armor| Bandai Spirits HGBD1/144,B084DFDGST
BANDAI Spirits Gundam Plastic Model Kit Haropla Ball HARO,B07FTCY9BR
Bandai Soul of Chogokin Power Rangers: Megazord GX-72 Action Figure,B07M7GJJ7H
Bandai Hobby BB #390 SD Full Armor Unicorn Gundam Model Kit,B00IAGUOI4
Bandai Hobby SD EX-Standard 005 (Destroy Mode) Gundam Unicorn Model Kit,B015OWBIRW
Bandai Hobby HGUC Hyaku Shiki (Revive) Gundam Zeta Action Figure (1/144 Scale),B01GHDAS3C
Bandai Hobby 1/1000 Star Blazers Wave Motion Experimental Ship Ginga Star Blazers 2202,B07DW5W3FR
Bandai Hobby Snowspeeder Set Star Wars| Bandai Star Wars 1/48 & 1/144 Plastic Model Hobby Vehicle,B06XSXMRZR
Bandai 1/72 Millennium Falcon Std Ed SW A New Hope PG,B078JC7LWV
Bandai Hobby #55 Gundam Schwarzritter Gundam Build Fighters| Bandai HGBF Hobby Figure,B06XSVBYPK
Bandai Hobby BAN206312 RG #21 1/144 00 Quanta Gundam 00 Action Figure,B01CFKZSGI
Bandai Hobby Star Wars B-Wing Starfighter Star Wars 1/72| White (BAN230456),B07CMQYS88
Bandai Hobby #28 RX-78 Gundam GP03 Dendrobium Orchis 1/144 High Grade Universal Century Model Kit,B00030EU9Y
Bandai 5057781 30mm 1/144 Option Armor for Close Combat Alto Exclusive/Dark Green,B07P9VQXWB
Bandai Hobby HGBD 1/144#17 New Main Mobile Suit Customize Item (Tentative) Gundam Build Divers,B07YNQ1NZJ
Bandai Hobby HGBD Gundam Zerachiel Build Divers 1/144 Model Kit,B07KZD9C46
Bandai Hobby #65 EMS-10 ZUDAH| Bandai HGUC Action Figure,B000FJH3WY
Bandai Hobby Star Wars 1/12 First Order Stormtrooper Rise of Skywalker,B07WRFNBLC
Bandai Hobby SD EX-Standard 007 Astray Red Frame Gundam Seed Astray Building Kit,B017S56RNS
Bandai Hobby Petitrits Saber/Okita Souji| Multi (BAS5059017),B07ZTDQSYV
Bandai Hobby GP01Fb Gundam Bandai Master Grade Action Figure,B00030EV70
Bandai Hobby Figure-Rise Labo Hoshino Fumina (The Second Scene) Gundam Build Fighters Try,B07P9W8Q95
Bandai Hobby HG Hyakuren Amida Use Gundam IBO Building Kit (1/144 Scale),B0162CNS9O
Bandai 5055446#21 Gundam Barbatos Lupus Hg IBO 1/144 Model Kit| from Gundam IBO,B07DXLPT5T
Bandai Hobby HGBD 1/144 GBN Guard Frame Gundam Build Divers Model Kit,B07GWMN6F8
Bandai Hobby Shining Gundam| Bandai Master Grade Action Figure,B00030EUBC
Bandai Hobby RGM-79(G) GM Master Grade Action Figure,B00030EU62
Bandai Hobby Re 1/100 Bawoo ZZ Gundam Building Kit,B01LEQL98U
Bandai Hobby #05 Slash Image Ver. (Green) 30 Minute Missions| Bandai Spirits Customize Effect Model Kit,B089DHF45F
Bandai Hobby Resistance Vehicle Set Star Wars: The Last Jedi,B0759D7ZPR
Bandai Hobby Star Wars 1/72 X-Wing Red Squadron (Special Set)| Multicolor,B01LX1Y3CA
Digimon: Metal Garurumon (Amplified)| Bandai Spirits Figure-riseStandard,B084DF6829
Bandai 5057820 Sangoku Soketsuden Zhang He Altron Gundam Sd Model Kit,B07VSMZC48
Bandai Hobby MG Figure Rise Super Saiyan Son Goku Dragonball Z Model Kit (1/8 Scale),B003FZ89TG
Bandai Hobby - 30 Minute Missions - #30 bEXM-15 Portanova Marine Type(Blue Gray)| Bandai Spirits 30MM,B089DF2DHV
Bandai 1/144 HG RX-124KH2 Gundam TR-6 Kehaar II,B086WS7RFD
Bandai Hobby Gunpla Starter Set: Gundam Vs. Zaku II| Bandai HGUC Action Figure,B003KX5OWS
Bandai Hobby Strike Rouge + Skygrasper 1/60| Bandai Perfect Grade Action Figure,B000AO54CK
Bandai Hobby MG Gundam Double X Gundam X Model Kit| 1/100 Scale,B00RYSALUU
Bandai Hobby 30MM 1/144 Optional Weapon 1 1/144 Scale Color-Coded Plastic Model,B087D24GPG
Bandai Hobby EW-01 1/100 High Grade Endless Waltz Gundam Nataku Model Kit,B0006N147Y
Bandai Saint Cloth Myth EX Scylla Io Saint Seiya,B083JLQ5MX
Bandai Hobby LED Unit [White] 12 Light,B07VZT3CMD
Bandai 1/144 HGBC Diver Ace Unit Gundam Build Divers,B079JV6LDL
Bandai Hobby Mecha Collection U.N.C.F. Andromeda Class Set Star Blazers Model Kit,B07GWF6RJM
Bandai Hobby - Clear Action Base1 Display Stand 1/100 (Box/10)| Bandai,B07NVMQ9BM
Bandai Hobby #95 HI-Nu Gundam HGUC Action Figure,B0024MN64O
Bandai S.H.Figuarts (True Bone Carving Method) Kamen Rider OOO Gatakiriba Combo,B0846ZZKW1
Bandai Hobby HG 1/144 #09 Gundam 00 Diver Ace Gundam Build Divers,B07CMYPSLX
Bandai Hobby Wing Gundam Ver. EW Bandai MG Action Figure,B004KJ41F2
Bandai Hobby - Gundam Build Divers RE:Rise - #34 Gundam Anima[Rize]|Bandai Spirits HGBD 1/144,B087D2PRW7
Gundam: #13 HARO Loader| Bandai Spirits HaroPla,B083KM7R4B
Bandai Hobby Lbx #15 Xenon Little Battlers Experience| Multi (BAS5058881),B07YNPCZQX
Bandai Hobby #72 RGM-79FP GM Striker HGUC Action Figure,B000JCES5M
Bandai Saint Cloth Myth EX Libra Shiryu Saint Seiya,B0827QVYBH
Bandai Hobby #16 HGBF 1/144 Gundam Amazing Exia Gundam Build Fighters Model Kit,B00KRVJBHK
Bandai Hobby HG IBO 1/144 #13 Gundam Gusion Rebake Gundam Iron-Blooded Orphans Building Kit(Discontinued by manufacturer),B017JT76R4
Bandai Hobby HGBD 1/144 Gundam Love Phantom Gundam Build Divers Model Kit,B07FTGBS34
Bandai Hobby HG The Origin Zaku I Gundam The Origin Action Figure,B01CFKZO94
Dragon Ball GT Super Saiyan 4 Vegeta (New PKG Ver)| Bandai Figure-riseStandard,B07SHXJC3V
Bandai Hobby Figure-Rise Standard Super Saiyan 2 Son Gohan DRAGON Ball Z Building Kit,B01HZ6Q9QU
Bandai Hobby HG 1/144 #22 GM Guard Custom Gundam MSV-R,B07CNC74GL
Bandai Hobby HGUC 1/144 #215 Moon Gundam Moon Gundam,B07FGHQX1Q
Bandai Hobby Sangoku Soketsuden Liu Bei Unicorn Gundam Sd Model Kit,B07QFWWV2B
Bandai HGBD 1/144 Gundam Double O Diver Plastic Kit,B079JXRJ5K
Bandai Hobby HG 1/60 Arbalest (Ver. IV) Full Metal Panic! Invisible Victory,B079DLK1CZ
Bandai Hobby Gundam Spiegel Master Grade Action Figure,B00030EUDA
Bandai Hobby Launcher Sword Strike Gundam| Bandai Master Grade Action Figure,B0015C7N0M
Dragon Ball Z Perfect Cell (New Pkg Ver.)| Bandai Spirits Figure-riseStandard,B07YNPWP4M
Bandai Hobby - Unicorn Gundam (Version Ka)| Bandai Spirits MGEX,B08BXCXP4T
Bandai Hobby RMS-106 HI-Zack| Bandai Master Grade Action Figure,B00030EUXK
Bandai Hobby Figure-rise Standard SSGSS Goku (Special Color Ver.) Dragon Ball Super Model Kit,B07GWF5NXW
Bandai Hobby Pokemon Model Kit Ho-Oh Pokemon,B07RLPQKNB
Bandai 5057732 Ms-06R-1A Zaku Gaia/Mash Custom HG 1/144 Model Kit,B07NC2RFG3
Bandai Hobby HGUC 1/144 Mk-II (Titans) Zeta Gundam Model Kit,B014SCW74M
Bandai Hobby #03 Guren Type-02 1/35 Code Geass| Bandai Mechanic Collection Action Figure,B0015C7N1Q
Bandai Hobby #27 Cielnova Option Armor for High Mobility (Blue) 30 Minute Missions| Bandai Spirits 30 MM,B08BXFJT8R
Bandai HG 1/144 TEKKADAN Complete Set,B074WNL4Q6
Bandai Hobby - G Gundam - #110 God Gundam| Bandai 1/144 HGFC,B07T6GSQ5H
Bandai Hobby - 30 Minute Missions - #31 bEXM-14T Cielnova (White)|Bandai Spirits 30 MM,B08BXCVXWQ
Gundam Build Divers: #23 Uraven Gundam| Bandai Spirits HGBD 1/144,B084DFF34L
Bandai Hobby WF-03 Gundam Deathscythe 1/144| Bandai W-Series Action Figure,B000JX4X74
Bandai Hobby HG 1/144 Mobile Armor Hashmal Gundam IBO Action Figure,B01LXGO2Y3
Bandai Hobby Vehicle Model Millennium Falcon (Empire Strikes Back Ver.) ''Star Wars''| White (BAS5055704),B07K2GGSYD
Bandai Hobby EXP003 System Base 001 1/144 - Builders Parts,B005JAC842
Bandai Hobby #54 00 Raiser Plus GN Sword LLL Gundam 00 Action Figure (BAN160996),B002NE792I
Bandai Star Wars Perfect Grade 1/72 Scale Millennium Falcon,B073ZRGX6T
Bandai Hobby RX-178 Gundam Mk-II Titans Bandai Perfect Grade Action Figure,B000K7SDXE
Bandai Hobby Figure-Rise Standard Son Goku Dragon Ball Z Model Kit Figure| Multi (BAN219762),B071JNCT1Q
Bandai Hobby MG 1/100 Jegan Char's Counterattack,B07CNH9QDD
Bandai Hobby Extreme Blast Mode Mobile Suit Gundam Seed Destiny Model Kit (1/100 Scale) (BAN151244),B000VO054G
Bandai Hobby #16 Gundam Astray Green Frame 1/100| Bandai Gundam Seed Action Figure,B001R2IQRY
Bandai Hobby Figure-Rise Standard Super Saiyan Trunks Dragon Ball Z Model Kit Figure| BAN217615,B072BBRLRR
Bandai Hobby Figure-Rise Standard Ultraman Suit Ver 7.5 Ultraman 1/12| White,B07K36Z4Y5
Bandai Hobby Star Wars 1/144 at-at Walker Building Kit| Multi (BAN214476)| 8,B01MS93U0Y
Bandai Hobby HGUC 1/144 #34 MS-06FS ZAKU II Garma Zabi Use Mobile Suit Gundam: MSV Model Kit,B00030EUDU
Bandai Hobby HGBF Kampfer Amazing Model Kit (1/144 Scale),B00GT6XLVO
Bandai Hobby HGUC 1/144 Blue Destiny Unit1 Exam Ms Gundam: The Blue Destiny Model Kit Figure,B071JNCYJL
Bandai Hobby HG 1/144 Gundam FSD Gundam The Origin,B079DKWWC5
Bandai Hobby HG The Origin 1/144 GM Intercept Custom ''Gundam MSV-R'',B07FTKR4FS
Bandai Hobby Star Wars 1/144 Plastic Model X-Wing & Y-Wing Starfighter Star Wars,B07B3J9KKH
Bandai Hobby SDBD RX-Zeromaru Sinkikessho ''Gundam Build Divers'',B07K36XSFR
Bandai Hobby HG IBO Gundam Vidar IBO: 2nd Season Building Kit (1/144 Scale),B01LXGP4UP
Bandai Hobby 5057399 Rx-0 Unicorn Gundam (Destroy Mode) Hguc 1/144 Model Kit,B07NVN56QR
Bandai Hobby 30 Minute Missions #13 Eexm-17 Alto Black| Bandai Spirits 30 MM| Multi,B07VXLPYWW
Bandai Hobby HGUC 1/144 Efreet Schneid Unicorn Model Kit Figure,B071F2QW6T
Bandai Hobby #155 HGUC Gundam Ez8 Model Kit| 1/144 Scale,B00B596Y0U
Bandai Hobby HG 1/144 Zaku II Type C/Type C-5 The Origin Model Kit Figure (BAN216745),B071JND3WB
Bandai Hobby #16 Real Grade 1/144 Char's Z'Gok Model Kit,B00J4G4Q6U
Bandai Hobby HG 1/144 Graze EIN Gundam Iron Blooded Orphans Model Kit,B01BD3NF0O
Bandai Hobby #65 Gundam Astraea HG Bandai Gundam 00 Action Figure,B003KX5OW8
Bandai Hobby MG Sazabi Version Ka Model Kit (1/100 Scale),B00EOEBG2Y
Bandai 1/144 HG RX-9 Narrative Gundam B Equipment Gundam Base Limited,B082YFRTXT
Bandai Hobby - Gundam Build Fighters - #64 Cherudim Gundam Saga Type.GBF| Bandai HGBF,B07RFRLGZT
Bandai DX YSP Watch Yokai Watch,B081H93KGC
Bandai Hobby Delta Plus Mobile Suit Gundam Model Kit (1/144 Scale),B003Y2WDAQ
Bandai 1/144 HGUC Narrative Gundam A Equipment Plastic Kit,B07HJJ7CCX
Bandai 5057584 Achilles Lbx Model Kit| from Little Battlers Experience,B07NV9J56J
Bandai Metal Build GAT-X105 Strike Gundam,B07R458W6B
Bandai Hobby #15 RG Gundam Exia Model Kit (1/144 Scale),B00IAGUSCG
Bandai Hobby Gundam RX-78-5 1/100 Master Grade,B00030EUQ2
Bandai Hobby - Neon Genesis Evangelion - Evangelion ProductionModel-02| Bandai Spirits Real Grade,B087D2QFZC
Bandai Hobby 1/144-Scale High Grade Transient Gundam Build Fighters Action Figure,B00T41F4V6
Bandai Hobby SDCS 00 Diver Gundam Gundam Build Divers Model Kit,B07FTD9NWN
Bandai Hobby Star Blazers U.N.C.F. Andromeda Class DX Star Blazers 2202 1/1000,B07HK797C9
Bandai Hobby MG Jesta Model Kit,B00B596V6W
Bandai Hobby 07 Grand Collection Marine Ship One Piece Model Kit,B00B596WUW
Bandai Hobby PG 00 Gundam Seven Sword/G Gundam 00 1/60| White| Model Number: -,B07GWH7942
Bandai Hobby 1/144 Bandai HGUC #106 Loto Twin Set,B0032ZD5QQ
Bandai Hobby #48 Cherudim Gundam GNHW/R Gundam 00 Action Figure,B002BRUGIQ
Bandai 1/144 HG RX-78-6 Gundam G06 Mudrock,B081VVK7C4
Bandai Hobby HGBF Miss Sazabi Model Kit (1/144 Scale),B00I0P6RG8
Bandai Hobby 1/144 High Grade Univeral Century #134 Unicorn Gundam 02 Banshee (Destroy Mode) (BAS5057983),B006F9CFZS
Bandai Hobby Star Wars 1/12 Plastic Model General Grievous Star Wars,B071F2M653
Bandai Hobby HGBF Star Build Strike Gundam Plavsky Wing Model Kit (1/144 Scale),B00GT6XLYQ
Bandai Hobby Star Wars 1/12 Plastic Model Boba Fett Star Wars,B014BFTMBC
Bandai Hobby Star Wars 1/72 Tie Interceptor Building Kit,B01FDBHK1C
Bandai Hobby SDGCS Unicorn Gundam 03 Phenex Gundam NT Model Kit,B07GW1GGY6
Bandai Hobby HGCE Strike Rouge Model Kit (1/144 Scale),B00HD4IZJY
Dragon Ball Z Super Saiyan 2 Son Gohan (New Pkg. Ver)| Bandai SpiritsFigure-Rise Standard,B07YNQ8GNX
Bandai Brocade Runner Star Wars Episode 4 / New Hope Vehicle Model No.14,B07FTBSTQQ
Bandai Hobby White Action Base1 Display Stand 1/100,B000SE0LGQ
Bandai 1/144 HG RX-124 Gundam TR-6 Hazel II,B07PX858C9
Bandai Hobby BB#375 Command Gundam Legend BB Bandai SD Action Figure,B008KZ5CR8
Bandai Hobby #32 Gundam Dynames Trans-Am Mode Gundam 00 1/144 - High Grade 00 Model Kit,B001M5BK74
Bandai Hobby Little Battlers Experience #11 Fenrir| Bandai Spirits LBX| Multi (BAS5058229),B07VVGGDFS
Bandai Hobby RG #24 Gold Frame Amatsu Mina Gundam Seed Astray Model Kit (1/144 Scale),B01N23YF6S
Bandai Hobby MS-06S Char's Zaku II Bandai Mega Size1/48 Action Figure,B0045T1JC0
Bandai Hobby MS-06 Zaku II 1/48| Bandai Mega Size Action Figure,B004KJ41DY
Gundam Build Divers Re:Rise - RX-78-2 Gundam & MS-06S Zaku II| BandaiSpirits SDCS,B0859QB2R6
Bandai Hobby Riolu & Lucario Pokemon Model Kit| Mulitcolor,B085RTKPT5
Bandai Hobby Strike Freedom Gundam Seed Destiny Mobile Suit Model Kit (1/100 Scale),B000JCES5W
Bandai Hobby Gundam RX-93-2 Hi-Nu Gundam MG 1/100 Scale (148832),B000MKYLLC
Pokemon Bandai Hobby Riolu & Lucario Pokemon Model Kit| Mulitcolor,B085RSB8CF
Bandai Hobby HGBF Ez-SR Kai,B00NAM9N7Q
Bandai Hobby R05 Aegis Gundam Remaster 1/144 HG Bandai Gundam SEED Action Figure,B005QKF7DE
Bandai 1/100 MG F-90 Gundam F90,B07WNZ5ML8
Bandai Hobby HG Atlas Gundam Thunderbolt Model Kit (1/144 Scale),B01N4PLQXN
Bandai Hobby Multi-Box Haro Green 1/1| Bandai Action Figure,B003YA5TZY
Bandai Hobby HG G-Reco Gehennam Mass Production Type Model Kit (1/144 Scale),B00O3RU8ZI
Pokemon: Pikachu Bandai Model Kit,B00F86EZE8
Bandai Hobby SD EX-Standard 014 Gundam Barbatos Lupus IBO: 2nd Season Building Kit,B01M4OQIT0
Bandai Hobby Full Mechanics 1/100 IBO Gundam Barbatos Lupus Gundam IBO: Season 2 Building Kit,B01LEQL5Y8
Bandai Hobby 1/144 HGUC Neo Zeong Gundam Unicorn Model Kit,B00KCHRSJM
Bandai Hobby HG Orphans 1/144 Graze Kai Gundam Iron Blooded Orphans Model Kit,B014SCWB0W
Bandai Hobby ZAKU II SHIN MATSUNAGA Custom Ver 2.0| Bandai MG Action Figure,B001GXSMS2
Bandai Hobby #43 Arche Gundam HG| Bandai Gundam 00 Action Figure,B0024MN61C
Bandai 5057821 Sangoku Soketsuden Xiahou Dun Tallgeese Iii Sd Model Kit,B07VX5NH3B
Bandai Hobby Star Wars 1/12 Plastic Model C-3PO & R2-D2 Star Wars,B075965NDK
Bandai 224519 MG MSZ-010 ZZ Gundam Ver.Ka 1/100 Model Kit,B07688ZNJ6
Bandai Hobby Figure-Rise Standard Android #18 Dragon Ball Model Kit,B06XC5G2TV
Bandai Hobby 1/144-Scale High Grade Crossbone X-1 Full Cloth Ver. GBF Gundam Build Fighters Action Figure,B00T41F9PC
Bandai Hobby MG Turn X Model Kit (1/100 Scale)| Model Number: BAN189508,B00J4G4FNE
Bandai HG 1/144 GJALLAHORN ARIANRHOD Fleet Complete Set Mobile Suit Gundam Iron Blood Orphans,B079D6LJ5F
Bandai Hobby Sdcs #13 Wing Gundam Zero EW Gundam Wing: Endless Waltz| Multi (BAS5057841),B07VYQ3FDZ
Bandai Hobby PMX-003 The-O Bandai Master Grade Action Figure,B003OTINRG
Bandai Hobby SD EX-Standard Aile Strike Gundam Action Figure,B013OWJYMA
Bandai Hobby Mecha Collection #5 Chopper Robot Crane Model Kit (One Piece),B00IAGUUBU
Bandai Hobby MG 1/100 Gundam F91 (Ver 2.0) Gundam F91,B07B3HXVBS
Bandai Hobby BANDAI Spirits Orufenzu Month Steel HG Mobile Suit Gundam Blood and Iron Gundam Astaroth Origin 1/144 Scale Color-Coded pre-Plastic Model| BAS5055464,B07GB7JJBV
Dragon Ball Super: Jiren| Bandai Spirits Figure-Rise Standard,B084DFF6HR
Bandai Hobby HGUC 1/144 GM Ground Type MS Gundam: 08th MS Team Action Figure,B01MRGRUD1
Bandai Hobby MG 00 Gundam Seven Sword/G Gundam 00,B0058KSCUC
Bandai Hobby HGUC 1/144 #46 RGM-79G GM Command Gundam 0080 Model Kit,B00030EUVW
Bandai Hobby 1/144 HG G-Reco Gundam G-Self with Perfect Pack Action Figure,B00YGEKDVM
Bandai S.H.Figuarts Han Solo (The Force Awakens) Star Wars: The Force Awakens,B07VSPMDY4
Bandai Hobby #31 Gundam Exia Trans-Am Mode| Bandai Double Zero Action Figure,B001M5BK6U
Bandai Hobby #37 MSM-03C HYGOG| Bandai HGUC Action Figure,B00030EUMG
Mobile Suit Gundam #10 Black Tri-Stars HARO| Bandai HaroPla,B07SDB6X71
Bandai Hobby HGBF 1/144 Galaxy Cosmos Gundam Build Fighters Figure Model Kit,B0784P282F
Bandai Hobby HGBC GunPla Battle Arms,B00HD4IWJM
Bandai Metal Build Mobile Suit Gundam Seed Aile Strike Gundam,B07CP384C7
Bandai Hobby MG 1/100 PSYCHO Zaku Ver Ka Gundam Thunderbolt Building Kit,B01LEQLBNS
Bandai Hobby EW-05 1/100 High Grade Endless Waltz Custom Gundam Deathscythe Hell Model Kit,B0006N1492
Bandai Hobby HG IBO 1/144 Astaroth Gundam Iron-Blooded Orphans Action Figure,B01CFKZKS4
Bandai Hobby MG 1/100 Hyaku-Shiki Version 2.0 Zeta Gundam Model Kit| Black,B00U7A8I52
Gundam Build Diver: #22 Enemy Gundam| Bandai Spirits HGBD 1/144,B083KL49T8
Bandai Hobby Musha Gundam MK-II Bandai Master Grade Action Figure,B003FG64RY
Bandai Hobby HGTB Zaku & Big Gun Anime Color Gundam Thunderbolt Building Kit (1/144 Scale),B01BD3NEC8
Bandai Hobby HG #33 Barbatos Lupus Rex Gundam IBO Model Kit (1/144 Scale),B01NCJW00A
Bandai Hobby #6 Beginning 30 Gundam 1/144| Bandai Gunpla Builders Action Figure,B004EH68VA
Bandai Hobby Figure-Rise Effect Aura Effect Building Kit| Blue,B01LEQL3R2
Bandai Hobby Aldebaran (Movie Effect Ver.) Yamato 2202| Bandai Star Blazers 1/1000 Hobby Space Ship,B072QCZSQ7
Bandai Hobby HG #04 EVA-01 Test Type Evangelion Model Kit,B003FG64SS
Bandai Hobby #14 Gundam Throne DREI HG| Bandai Double Zero Action Figure,B0015C7MZS
Bandai Hobby Going Merry Model Ship One Piece,B00435WX7G
Bandai Hobby RE/100 1/100 MSN-04 II Nightingale Char's Counterattack Model Kit,B00KRVJC2O
Bandai Hobby HG Gipsy Avenger (Final Battle Specification) ''Pacific Rim'',B07K353T26
Bandai Hobby MG Gundam F91 Gundam F91,B000GDI3JG
Bandai Hobby HG IBO 1/144 Rouei Gundam IBO Action Figure,B01N05VES1
Bandai Hobby HG #34 Reginlaze Julia Gundam IBO Model Kit (1/144 Scale),B01MSWUCEQ
Bandai Hobby - Gundam Build Divers - #39 '00 Gundam New Type(Tentative)| Bandai Spirits HGBD 1/144,B08BXD7FN2
Bandai Hobby Build Divers Gundam 00 Sky Higher Than Sky Phase HG 1/144 Model Kit,B07CNFRJ8X
Gudam Seed Destiny: #33 Force Impulse Gundam| Bandai Spirits RG 1/144,B083KLVSCX
Bandai Hobby MSV Strike Rouge + IWSP Gundam Seed Model Kit (1/144 Scale),B00062JD8M
Bandai Hobby 1/48 Mega Size RX-78-2 Gundam Model Kit,B0032ZD5RK
Bandai 1/144 RG RX-0 Unicorn Gundam Perfectibility| Not Included Blue-ray Box,B082X2KHSS
Bandai Hobby - 30 Minute Missions - #04 Tank (Brown)| Bandai SpiritsExtended Armament Vehicle,B087D3BPFZ
Bandai S.H.Figuarts Darth Vader Star Wars Episode 6 / Return of The Jedi,B07SJ6LQ6F
Bandai Hobby - Digimon - Black Wargreymon (Amplified)| Bandai SpiritsFigure-Rise Standard,B087D319KM
Bandai Hobby HGUC Jesta Cannon High Grade Universal Century 1/144 Gundam Unicorn Action Figure,B00APB792Q
Bandai Hobby SD Gundam #3 Nightingale Char's Counterattack,B07B3N64PG
Bandai Hobby SD EX-Standard RX-78-2 Gundam Action Figure,B013OWJYCU
Bandai Hobby #102 AMS-129 GEARA Zulu| Bandai HGUC 1/144 Action Figure,B002V8GWZ6
Bandai Hobby MG Gundam Kai Model Kit (1/100 Scale)| Astray Red Frame,B0042VJ018
Bandai Hobby Blitz Gundam 1/100| Master Grade,B007NU6IAG
Bandai Hobby Entry Grade #2 SSGSS Son Goku Dragon Ball| Multi,B082B29R2B
Bandai Hobby HG IBO Hugo Gundam IBO Building Kit (1/144 Scale),B01ICR1VKA
Bandai Hobby MS-14S Char S GELGOOG Ver 2.0| Bandai Master Grade Action Figure,B000RHKZKG
Bandai Hobby HGUC #19 MSM-07S Z'GOK Mobile Suit Gundam Model Kit (1/144 Scale) (BAN100568),B00030EU3U
Bandai Hobby HGBD #12 Gundam Astray No-Name Gundam Build Divers 1/144| White,B07CMVJPM1
Bandai Hobby Evangelion 1.0 You are Not Alone Model Evangelion-00 Prototype Action Figure (150532),B000RHKZKQ
Bandai Hobby - Gundam - #09 Silhouette Booster 2 (White)| BandaiSpirits SDCS,B087D2T5LN
Bandai Hobby 30Mm #05 30Mm 1/144 Option Parts Set 130 Min Missions,B07YNQ8GP5
#14 Grimgerde Gundam IBO| Bandai HG IBO 1/144,B07S1LPS52
30 MM: #24 eEXM-21 RABIOT (Orange)| Bandai Spirits 30 MM,B083KLRT73
Bandai Hobby Mecha Collection #02 U.N.C.F. Space Battleship Yamato 2202,B0776V2YBQ
Bandai Metal Robot Spirits Side MS Gundam Barbatos Lupus Lex,B083M6K95X
Bandai Hobby - Zeta Gundam - #235 Baund-Doc| Bandai Spirits HGUC 1/144,B087D39PFK
Bandai Hobby - Kamen Rider W - Kamen Rider Joker| Bandai SpiritsFigure-Rise Standard,B085THTSM8
Bandai Hobby SD Sangoku Soketsuden #28 Bug & Bu DUI Bing| Bandai Spirits SD| Multi (BAS5058856),B07WSKKMFX
Star Wars Star Destroyer| Bandai Star Wars 1/14500,B01BD3NIJM
Bandai Hobby Figure-Rise Standard Kamen Rider Double Cyclone Joker Kamen Rider| Multi,B07S91LLML
Bandai Hobby #11 Domellers III| Bandai Starblazers Mecha Collection,B00ME1VNHM
Dragon Ball GT Super Saiyan 4 Son Goku (New PKG Ver)| BandaiFigure-Rise Standard,B07SDFC6XM
Bandai #03 Aile Strike Gundam 1/144| Real Grade,B004KJ41E8
Bandai Hobby #62 Gundam Astraea Type-F HG Bandai Gundam 00 Action Figure,B003AH6EPK
Bandai Hobby Star Wars Character Line 1/12 R5-J2 ''Star Wars'',B07K2N2QRV
Bandai Hobby HGUC 1/144 #51 GM Space Command Gundam 0080 Model Kit,B0006M173G
Mazinger Z (Mazinger Z Infinity Ver.)| Bandai HG 1/144,B07CXJK863
Bandai 1/144 HG OZ-06 MS Leo Space Type Mobile Suit Gundam W W,B07JHKZ2HZ
Bandai Hobby HG IBO 1/144 Carta's Graze Ritter Gundam Iron-Blooded Orphans Action Figure,B01A9UP0C8
Bandai Hobby Pukiratsu Fate/Grand Order Archer/Gilga Mesh Color-Coded Plastic Model,B084DFR8ZD
Bandai Hobby #69 Gundam Raphael HG Bandai Gundam 00 Action Figure,B003OTINU8
Bandai Hobby HGBF Scramble Gundam Build Fighters Try Building Kit (1/144 Scale),B01HZ6Q2PI
Bandai Hobby Monkey D Luffy One Piece 1/8| Bandai MG Figurerise,B003Y2WDBU
Bandai Hobby Sdcs #10 Sisquiede (Titan Colors) Monoeye Gundams,B07N6LM18W
Bandai Hobby Star Wars 1/72 A-Wing Starfighter Building Kit,B01CFKZJR6
Bandai Hobby SDBF Star Winning Gundam Gundam Build Fighters Try Action Figure,B00RFNIHCI
Bandai Hobby Strike Freedom Full Burst Mode Mobile Suit Gunudam Seed Destiny Model Kit (1/100 Scale),B000JCES48
Bandai Transformation Belt ver.20th DX Decay Driver Masked Rider Decade,B07HWRPGNV
Bandai Hobby EW-07 Gundam Sandrock Custom Endless Waltz 1/144 High Grade Fighting Action Kit,B0006N14AG
Bandai Hobby Star Wars Character Line 1/12C-3PO Star Wars Action Figure| White,B00T41EW1O
Bandai Hobby Figure-Rise Standard Super Saiyan Vegeta Dragon Ball Z Model Kit Figure,B072DXB8ST
Bandai Hobby Gundam Build Divers #12 Mass-Produced Zeonic Sword| Bandai SpiritsHGBD 1/144| Multi (BAS5058826),B07XCZSVRP
Bandai Hobby S.H.Figuarts Hawkeye Avengers / Age of Ultron,B01M32V93E
Bandai Hobby #56 RX121-1 TR-1 Hazel Custom| Bandai HGUC Action Figure,B000ARCKK6
Bandai Hobby - Dragon Ball Z - Ultimate Son Gohan| Bandai SpiritsFigure-Rise Standard,B089DCSB86
Bandai Hobby #52 O Gundam| Bandai Gundam 00 Action Figure,B002K74NVI
Bandai Hobby BAN195959 HGBF Gundam Portent 1/144 Gundam Build Fighters Model Kit,B00RYSAQUU
Bandai Hobby HGBD:R Gundam Build Divers Re:Rise Enemy Gundam New Weapons (Temporary) 1/144 Scale| Color-Coded Plastic Model,B084DFF34Z
Mobile Suit Gundam #12 HARO Basic Green| Bandai Spirits HARO-Pla,B07YNR4R3R
Bandai Hobby SDCS Mazinger Z Mazinger| White| Model:BAS5055574,B07HJG5C8B
Bandai Hobby Mini Figure CollectionYoda (1/6 and 1/12) Star Wars,B01N5QYP91
Bandai Hobby 30MM Optional Armor for Conductor Machines [for Raviot/Navy] 1/144 Scale Color-Coded Plastic Model,B087D3528F
Bandai Hobby Graze Standard/Commander Type Gundam Bo Building Kit (1/100 Scale),B0162CNN76
Bandai Hobby RG 1/144 Νu Gundam Fin Funnel Effect Set Char's Counterattack| Multi,B07X9X6ZSL
Bandai Hobby Figure-Rise Mechanics HARO ''Gundam''| White (BAS5055583),B07HJDR7F8
Bandai Hobby HG #36 Bael Gundam IBO Model Kit (1/144 Scale),B01MY9X7CE
Bandai Hobby HGBF Sengoku Astay Gundam Action Figure,B00FKL6I8M
Bandai S. H. Figuarts Tony Stark Iron Man 3,B07Q82H34F
Bandai Hobby Figuarts Zero Super Saiyan Vegetto Dragon Ball Z,B0753JMHFY
Bandai Hobby HG 1/144 #02 GM III Beam Master Gundam Build Divers,B079JKYYYM
Bandai Hobby Metal Robot Spirit Side MS XN Raiser + Seven Sword Parts Set,B0779Z2JYM
Bandai Hobby HG The Origin Ms-04 Bugu Ramba Ral The Origin Building Kit (1/144 Scale),B01LXS92CV
Bandai Hobby MS-06S Char's Zaku II Ver 2.0 Master Grade Action Figure| Model:BAN149834,B000P5F7B2
Bandai Hobby HG Orphans Graze High Mobility Commander Type Gundam Iron-Blooded Orphans Action Figure,B0129DWEJU
Bandai Hobby - Pokemon - Gengar| Bandai Spirits Pokemon Model Kit,B0894G885H
Bandai Hobby #73 ORX-005 GAPLANT| Bandai HGUC Action Figure,B000KG499W
Bandai 1/100 MG Gundam Storm Bringer Gundam Build Divers GIMM & BALL's World Challenge,B07HJFX6JD
Bandai Bobby HGUC 1/144 Dijeh Zeta Gundam Model Kit,B07GWDLFVC
Bandai S.H.Figuarts Boba Fett (Star Wars: Episode VI -Return of The Jedi) Star Wars Episode 6 / Return of The Jedi,B07R3C1B6L
Bandai Hobby #91 GEARA DOGA| Bandai HGUC Action Figure,B001F0ODJS
Bandai Hobby EW-03 1/100 High Grade Endless Waltz Tallgeese III Model Kit,B0006N1488
Bandai Hobby HG Gipsy Avenger Pacific Rim: Uprising,B077RY282V
Bandai Hobby #64 MS-05B ZAKU I| Bandai HGUC Action Figure,B000F8MIHA
Bandai Hobby BAN203222 RG 1/144 #20 Wing Gundam Ver EW Gundam Wing Action Figure| Multicolor| 8,B017JT7BLK
Bandai Hobby Master Grade Geara Doga Action Figure Model Kit| 1/100 Scale,B00CSJZRRM
Bandai Hobby RX-78-2 Gundam Mobile Suit Gundam Perfect Grade Action Figure| Scale 1:60,B000K7QA20
Bandai Hobby HGBF Wing Gundam Fenice Action Figure,B00FKL6E4K
Bandai Hobby Figure-rise Standard Piccolo Dragon Ball Z,B079DK56L5
Bandai Hobby BB#231 MS-06S Zaku II| Bandai SD Action Figure,B000TNCTZ2
Bandai Hobby #61 00 Gundam Seven Sword/G HG| Bandai Gundam 00 Action Figure,B0032ZD5PC
Bandai Hobby PG LED Unit for RX-0 Unicorn Gundam Model Kit (1/60 Scale),B00O3RUERU
Gundam 00: Gundam Kyrios| Bandai Spirits MG 1/100,B084DFTCFR
Bandai Hobby Figure-rise Standard Super Saiyan Vegetto Dragon Ball Z,B07CMZ6JJB
Bandai Hobby HGUC Gouf Revive Mobile Suit Gundam Building Kit (1/144 Scale)| Multi-Colored| 8,B01BD3NIJ2
30 MM: #03 Tank (Olive Drab)| Bandai Spirits Extended Armament Vehicle,B0859QHFFH
Bandai Hobby BB#392 Neo Zeong Gundam UC Model Kit,B00J4G4FR0
Bandai S. H. Figuarts Iron Man Mark 43Avengers: Age of Ultron,B07Q4NY7XV
Bandai Hobby #26 Seravee Gundam HG| Bandai Double Zero Action Figure,B001GXSMVO
Bandai Hobby Figure-Rise Standard Legendary Super Saiyan Broly Building Model Kit,B0771SRRQW
Bandai Hobby Space Battle Ship Yamato 2199 Model Kit (1/1000 Scale),B007ZB06OW
Bandai Hobby Figure-Rise Standard Perfect Cell DRAGON Ball Z Building Kit,B01HZ6QAU0
Bandai Hobby MG 1/100 00 XN Raiser Gundam 00,B0728P4BDZ
Bandai Hobby - Gundam Build Fighters Try - #68 Fumina Hoshino| BandaiSpirits Figure-Rise Standard,B087D2NW77
Bandai Hobby - Keroro - Dororo Robo MK II| Bandai Keroro PlamoCollection,B07L3T7MND
Bandai Hobby MG Strike Rouge Ootori Ver. RM 1/100 Scale Action Figure Model Kit,B00DGN8640
Bandai Hobby Sandwich Sanrio Characters. Deluxe [2. My Melody Kuromi / My Melody] / Miniature Toy,B084MC75VT
Bandai Hobby EVA-02 Production Model Custom Evangelion Model Kit,B00DGN8E4C
Bandai Hobby PG 1/60 GN-001 Gundam Exia Model Kit,B075ZTSB9X
Bandai Hobby RX-78 GP02A Gundam| Bandai Master Grade Action Figure (BAN061220),B00030EV7A
Bandai 5055457 Msn-04 Sazabi (Ver. Ka) MG 1/100 Model Kit| from Char' Counterattack,B07HLW25VG
Bandai Hobby #29 GN Archer HG| Bandai Double Zero Action Figure (BAN157477),B001M5BK6K
Bandai Hobby HGBD:R Gundam Build Divers Re:Rise Gundam TRYAGE Magnum 1/144 Scale Color-Coded Plastic Mode,B084DFTCGC
Star Wars: New Item F| Bandai Spirits Star Wars Plastic Model,B07XL54YY3
Bandai Hobby Wing Gundam Zero Custom Pearl Coating| Bandai Perfect Grade Action Figure,B000P5F7DA
Bandai Hobby HG Graze Custom II Ryusei-Go Gundam IBO Building Kit (1/144 Scale),B017JT75L6
Bandai Hobby HGAC Wing Gundam Zero Model Kit (1/144 Scale),B00HD4IWJW
Neon Genesis Evangelion: Evangelion Unit-00 DX Positron Cannon Set|Bandai Spirits RG 1/144,B084DFKWCQ
Bandai Hobby BAN203219 Star Wars First Order Special Forces Tie Fighter| 1/72 Scale,B017JT793A
Bandai Hobby HGUC 1/144 Gustav Karl (UC Ver). ''Gundam Unicorn'',B07K3519NJ
Bandai Hobby #126 RGM-86R GM III| Bandai HGUC Action Figure,B004XQNF1I
Bandai Hobby - Gundam Build Divers - #238 Gundam Astray Type New MS(Tentative)| Bandai Spirits HGBD:R 1/144,B089DGTLC2
Bandai Hobby AV-98 Ingram Patlabor Action Figure (1/48 Scale),B00LGBMP4G
Bandai Hobby Gundam Gusion/Rebake Gundam IBO Building Kit (1/100 Scale),B018TGV2XU
Bandai Hobby Star Wars 1/12 Darth Vader (Return of the Jedi Ver.) Star Wars Model Kit,B07GWHF991
Bandai Hobby Orphans Gundam Barbatos Gundam Iron-Blooded Orphans Action Figure (1/100 Scale),B0129DW184
Bandai Hobby HGUC 1/144 #214 Byarlant Z Gundam,B07CMQVDWC
Project Sakura Wars: Spiricle Striker Mugen (Seijuro Kamiyama)| BandaiSpirits 1/24,B084DFD421
Bandai Hobby EX-06 Red Tail Cowboy Bebop Figure,B0012HJDAI
Bandai Hobby MS-06R-1A Zaku II Shin Matsunaga High Grade Universal Century Figure Model Kit,B00B596V8A
Bandai Hobby #116 MSN-06S SINANJU,B00520HIWG
Bandai Hobby SDCS Great Mazinger Mazinger,B07HJDY2Y6
Bandai Hobby EW-07 1/100 High Grade Endless Waltz Custom Serpent Model Kit,B0006N14AQ
SD Sangoku Soketsuden #32 Long Xian Liu Bei Unicorn Gundam| BandaiSpirits SD,B07YVWZYB4
Bandai Hobby Figure-Rise Standard Kid Buu Dragon Ball Z Building Kit,B01LEQLAFM
Bandai Hobby - Pac-Man - Pacmodel| Bandai Spirits Entry Grade,B089RZZV53
Bandai Hobby 1/100 Bandai Double Zero #13 00 Gundam + O Raiser Set,B001GXSMUA
Bandai Hobby HGUC #159 Gerbera Tetra Action Figure Model Kit| 1/144 Scale,B00CSJZRP4
Bandai Hobby Star Wars 1/12 Plastic Model Kylo Ren Star Wars,B01BD3NHNO
Bandai Hobby 30MM 1/144 Unmanned Reconnaissance Optional Armor (for Raviot/Purple)| 1/144 Scale| Color-Coded Plastic Model,B087D4C5FW
Bandai 1/144 HG RX-78XX Pixy (Fred Reber Custom),B084TJ6QWT
Bandai Hobby Mobile Suit Gundam #234 MS-06S Zaku II| Bandai Spirits HGUC 1/144| BAS5060453| Multi,B0859QBKDW
Bandai Hobby #08 RX-178 Gundam MK II (AEUG) 1/144| Real Grade,B007EAIF6A
Bandai Hobby HGFC 1/144 #110 G GUNDAM Mobile Fighter G Gundam Model Kit,B003FG64RO
Bandai Hobby Bandai Figure-Rise Standard 1/12 Ultraman Type-B Ultraman Model Kit|White,B07FYMPN7C
Gundam: #17 Phoenix Gundam| Bandai Spirits SDCS,B084DFF6HD
Bandai Hobby RG Build Strike Gundam Full Package Build Fighters Building Kit (1/144 Scale),B01LX4WDRM
Bandai Hobby SD Gundam #2 Crossbone Gundam X1 Crossbone Gundam,B07B3WCPCJ
Bandai Hobby Figure-Rise Standard Super Saiyan God Super Saiyan Vegeta Dragon Ball Super| White,B075ZTRBKT
Bandai Hobby Star Blazers 2199 Mecha Collection Kirishima Model Kit,B00ME1VNOU
Bandai Hobby HG Bracer Phoenix Pacific Rim Figure Model Kit,B077S4437R
Gundam Build Divers #16 New Item B (Information Prohibited)| BandaiSpirits HGBD 1/144,B07YNPJQW8
Bandai Hobby MG 1/100 00 QAN[T] Full Saber Mobile Suit Gundam 00V: Battlefield Record,B07DW73KCX
Bandai Hobby - One Piece - Spade Pirates' Ship| Bandai Grand ShipCollection,B07H7J7D4P
Bandai Hobby Lbx #2 Hyper Function Lbx Emperor Little Battlers Experience| Multi (BAS5058231),B07VYNVVRZ
Bandai Hobby RX-79[GS] Ground Type-S Ver. Gundam Bandai HG Thunderbolt Hobby Figure,B06XSV7WB5
Bandai Hobby HGBD: R 1/144#03 Marsfour Weapons Gundam Build Divers Re: Rise| Multi,B07VZTWKNN
Bandai Hobby HG Orphans Gundam Barbatos Gundam Iron-Blooded Orphans Action Figure (BAN201873),B0129DW0WG
Bandai Hobby - Pokemon - Rayquaza| Bandai Spirits Pokemon Model Kit,B08CCRHHTT
Kamen Rider Den-O: Den-O Sword Form & Plat Form| Bandai SpiritsFigure-Rise Standard,B084DFLNQR
Bandai Hobby Figure-Rise Effect Aura Effect Building Kit| Yellow,B01LEQKZ2Q
Bandai Hobby HGUC 1/144 #78 MSN-04 Acguy Mobile Suit Gundam Model Kit,B000NVKXYE
Bandai DX Chogokin VF-1A Valkyrie Maximilian Genus Super Dimension Fortress Macross,B07QC9VHJC
Bandai Hobby HG 1/144 #07 Geara Ghirarga Gundam Build Divers,B07BNKZDTM
Bandai Hobby Tamashii Option Act Building Action Figure,B01C6WCSEK
Bandai Hobby 30 Mm #16 Bexm-15 Portanova [Brown] 30 Min Missions| Multi (BAS5059001),B07XG1MYQ3
Bandai Hobby MG Gundam Astray Blue Frame D Action Figure,B00NAM9HB8
Bandai Hobby HG Orphans Graze Gundam Iron-Blooded Orphans Action Figure,B0129DWF0I
Bandai Hobby #3 Gundam Dynames HG| Bandai Double Zero Action Figure,B000VO055K
Bandai Hobby HGUC #187 Crossbone Gundam X1 Action Figure,B00NAM9NQ2
Bandai Hobby Mechanic Collection Model Getter Robo 1 Action Figure,B001NDJFF4
Bandai 5055720 Nobell Gundam HGUC 1/144 Model Kit,B07HGW2WN5
Bandai Hobby #122 Geara Zulu Guard Type| Bandai HGUC Action Figure,B004HCJWVU
Bandai Hobby Figure-Rise Standard Super Saiyan 3 Son Goku Dragon Ball Z Building Kit,B01LEQLDLI
Bandai Hobby HG IBO 1/144 #14 Grimgerde Gundam Iron-Blooded Orphans Building Kit| 8| Multi-Colored (BAN202305),B018TGV2OO
Bandai Hobby Star Wars 1/12 Plastic Model Stormtrooper Star Wars,B00O3RU8O4
Bandai Hobby MG Freedom Gundam (Ver. 2.0) Gundam Seed 1/100| Multi-Colored| 8 (BAN204883),B01BD3NJ8C
Bandai Hobby Figure-rise Mechanics Doraemon (Ganso Ver.) Doreamon,B07DW57L36
Bandai Hobby EW-03 Gundam Heavyarms Custom Endless Waltz 1/144 High Grade Fighting Action Kit,B0006N149M
Bandai 223031 Black Action Base 5 1/144 Model Kit,B075CMYVWN
Bandai Hobby HGUC 1/144 #210 RX-79[G] Ground Gundam Type Gundam 08th MS Team,B079DM7P4G
Bandai Hobby BB#251 FA Gundam| Bandai Action Figure,B000NGQX9I
Bandai Hobby HGUC 1/144 #20 RGM-79 GM Mobile Suit Gundam Model Kit,B00030EU4E
Bandai Hobby HG Eldoran Go-Saurer Go-Saurer 1/300| White,B07FYRFLQM
Ultraman Zero: Ultraman Suit Zero (Action Ver.)| Bandai SpiritsFigure-Rise Standard,B084DFTB57
Bandai Hobby HGUC Gundam F91 Action Figure,B00EOEBFZ2
Bandai Hobby #5 Mecha Collection Dessula-II Space Battleship Yamato 2199 Model Kit,B00LIRIFJW
Bandai Hobby Space Battle Ship Yamato 2199  Model Kit (1/500 Scale),B00EOEBS5O
Bandai Hobby Gundam RX-78-4 1/100 Master Grade,B00030EUPS
Bandai Hobby Bandai 223030 Black Action Base 4 1/100 Model Kit| Multi,B075CHFBXJ
Bandai Hobby SHIN Musha Gundam Sengoku No JIN| Bandai MG Action Figure,B001P9CF8U
Bandai Hobby 1/60 Freedom Gundam| Bandai Seed Action Figure,B0006N1424
Bandai Hobby GN-X Gundam Bandai Master Grade Action Figure,B002Z6ISPG
Bandai Hobby Gundam Build Divers RE:Rise #06 Nu-Zeon Gundam| Bandai Spirits HGBD:R1/144| Multi (BAS5058220),B07W1W5469
Bandai Hobby Star Wars U-Wing Fighter & Tie Striker Rogue One: A Star Wars Story 1/144| Multi (BAN212184),B01NAGYBE9
Gundam Build Divers #15 Earthree Gundam| Bandai Spirits SDCS,B07YNQC9S1
Bandai Hobby HG IBO 1/144 Barbatos Form 6 Gundam Iron Blooded Orphans Action Figure,B018TGV2TE
Bandai Hobby Dreadnought| Yamato 2202| Bandai Star Blazers 1/1000 Hobby Space Ship,B06XSFJ31Z
Bandai Hobby Star Wars 1/12 Plastic Model First Order Stormtrooper Star Wars,B014VTPPU0
Bandai Hobby RX-0 Unicorn Gundam HD Color with MS Cage Master Grade Figure| Scale 1/100,B0032ZD5QG
Bandai Hobby #2 Model HG EVA-02 Production Model Neon Genesis Evangelion Action Figure (Limited Edition),B000BFJYR4
Bandai Hobby HGUC #222 Narrative Gundam C Pack Gundam NT 1/144| White/Red| Model:BAS5056760,B07M8FJ8NX
Bandai Hobby S.H. Monsterarts Godzilla 1954 Action Figure,B01C6WCWXC
Bandai Hobby #21 Astray Mirage Frame 1/100| Bandai Gundam Seed Astray Action Figure,B002NE7928
Gudam Seed Destiny: #231 Gundam Infinite Justice| Bandai Spirits HGCE1/144,B084DFD21D
Bandai Hobby Hi-Resolution Model 1/100 Wing Gundam Zero EW Gundam Wing: Endless Waltz Model Kit Figure,B071JND4WG
Bandai Hobby Trafalgar Law's Submarine One Piece - Grand Ship Collection,B006Q4SQWS
Bandai Hobby #36 Destiny Gundam| Bandai Seed Destiny Action Figure,B000BOBGUI
Bandai Hobby - My Hero Academia - Izuku Midoriya| Bandai Spirits EntryGrade,B08B72GTBZ
Bandai Hobby #88 Sazabi Char's Counterattack 1/144 - High Grade Universal Century,B00171JH8W
Bandai Hobby #64 Gundam Avalanche Exia Dash Gundam 00 Action Figure,B003KX5OVE
30 Minute Missions #19 Eexm-17 Alto Ground Type (Brown)| BandaiSpirits 30MM,B07YNPQXHJ
Bandai Hobby Ho-Oh Pokemon| Bandai Spirits Pokemon Model Kit,B0892FXLBZ
Bandai Hobby #05 Freedom Gundam 1/144 Real Grade,B005JABU82
Bandai Hobby Gundam MK2 Ver 2.0| Bandai Master Grade Action Figure,B000ARCKM4
Bandai Hobby Vol. 2 Ox-King's Vehicle Dragon Ball| Bandai Mecha Collection Hobby Figure,B06XSLRDQ4
Bandai Hobby #27 Gundam Age-FX 1/144 High Grade Model Kit,B008B6BKRC
Bandai Hobby HG 1/144 #03 Grimoire Red Beret Gundam Build Divers,B079JTPZ21
Bandai Hobby Entry Grade #3 SSGSS Vegeta Dragon Ball| Multi (-),B082B12XB6
Bandai 5057814 30mm 1/144 Option Weapon 1| for Portanova,B07P7T59ZD
Bandai Hobby HGBD #24 Gundam Age-II Magnum SV. Ver Build Divers 1/144| White (BAS5055585),B07HJG5FHY
Bandai Hobby Lbx #14 Nightmare Little Battlers Experience| Multi (BAS5058315),B07X8T33N1
Bandai Hobby Perfect Grade 1/60 Skygrasper Gundam Seed Action Figure,B0009WFSZG
Bandai Hobby RE/100 Gundam Mark III Model Kit,B00P5R0YVS
Bandai 5057734 Ms-06R-1A Zaku Ortega Custom HG 1/144 Model Kit,B07NDRN9N5
Bandai Hobby Figure-Rise Standard Diver Ayame ''Gundam Build Divers''| White,B07K4BSTS4
Bandai Hobby Star Wars 1/12 Kylo Ren Rise of Skywalker,B07TWP5TWK
Bandai Hobby #162 HGAC XXXG-01W Wing Gundam Model Kit| 1/144 Scale,B00E36ROZ6
Bandai Hobby Strike Gundam + IWSP| Bandai Master Grade Action Figure,B000I6BI6Q
SD Sangoku Soketsuden #27 Xu Huang Gundam Deathscythe| Bandai SpiritsSD,B07WRFHJDZ
Bandai Hobby HGBF Lightning Z Gundam Gundam Build Fighters Model Kit (1/144 Scale),B00WW4F5F2
Bandai Hobby #105 MS-06F-2 ZAKU II F2 Zeon Ver. Bandai HGUC Action Figure,B0032ZD5P2
Bandai Hobby Gundam Exia Trans-Am Mode Gundam 00| Bandai MG Hobby Figure,B0032ZD5OS
Bandai Metal Build XM-X1 Crossbone Gundam X1,B07HQRPSQB
Bandai Hobby Gundam Build Divers: #28 Wodom Pod| Bandai Spirits HG Build Divers1/144,B084DFM2JN
Bandai Hobby Star Wars Character Line Shadow Stormtrooper Star Wars 1/12,B07DHRMPBY
Bandai Hobby - Gundam Build Divers - #40 Gundam Astray New TypeArmamaent (Tentative)| Bandai Spirits HGBD 1/144,B08BXCLVV4
Bandai Hobby HGBD: R 1/144#05 Valkylander Gundam Build Divers Re: Rise| Multi| Model Number: BAS5058219,B07VYNSMXY
Bandai Hobby 30 Mm Multi Booster Unit 30 Min Mission,B07SB394CL
Bandai Hobby #59 HG Gundam Gold Frame Astray Amatu Mina Model Kit| 1/144 Scale,B00DGN85MI
Bandai Hobby HG Arbalest Ver.IV (Emergency Deployment Booster Equipment Ver.) Full Metal Panic! Invisible Victory 1/60 Figure Building Kits,B07KZ45JVW
Bandai Hobby SD Gundam RX-78-2 Gundam & Cross Silhouette Frame Mobile Suit Gundam,B07B3VWW7T
Bandai Hobby MSV #3 Ginn High Mobility| Bandai Seed Action Figure,B00062JD9Q
Bandai Hobby Super Deformed (SD)#05 Zeta Gundam Zeta Gundam Bandai SDGCS,B07CMTLQ11
Bandai Hobby #57 HG Gundam Astray Blue Frame Second L Model Kit| 1/144 Scale,B00C0NRVQ6
Bandai Hobby #17 RG Wing Gundam Zero EW Model Kit (1/144 Scale),B00O3RU8G2
Bandai Hobby HG 1/144 Hyakuren Gundam Iron-Blooded Orphans Model Kit,B014SCW9JU
Bandai Hobby #68 ZAKU I Black| Bandai HGUC Action Figure,B000GLKP76
Bandai Hobby #67 Gundam Zabanya HG 00 Action Figure| Black and Silver (BAN164562),B003OTINS0
Bandai Hobby HaroPla Mobile HARO ''Gundam Build Divers'',B07K3736PT
Gundam G40 (Industrial Design Ver.) Gundam| Bandai Spirits HG 1/144,B07YCGKHFB
Bandai Hobby Petitrits #05 Saber Miyamoto Musashi Fate/Series| Multi (BAS5059010),B07YNPXWS7
Bandai Hobby #137 Zaku 1 Sniper (Yonem Kirks Custom) Bandai HGUC Action Figure,B0071QGXMA
Bandai Duel Gundam Assault Shroud 1/100 Master Grade,B006F9CFZ8
Bandai Hobby SDGCS Freedom Gundam Seed'',B07K36XTZL
Bandai Hobby MG Gundam Exia Gundam 00 (BAN159452),B002BRUGI6
Bandai Hobby Figure-Rise Standard Super Saiyan Gogeta Dragon Ball Z,B07XRX4LN2
Bandai Hobby Gundam Build Divers: #29 Enemy Gundam's New Armor Item| Bandai SpiritsHG Build Divers 1/144,B084DGJX2V
Bandai Hobby - Gundam - #14 Harofitter| Bandai Spirits HaroPla,B087D2YV7Q
Bandai Hobby #50 Arios Gundam GNHW/R| Bandai Gundam 00 Action Figure,B002BUWGMW
Bandai Hobby 30MM bEXM-14T Sierra Nova (Green) 1/144 Scale Color-Coded Plastic Model,B084DFTCGH
Bandai Hobby - Project Sakura Wars - Spiricle Striker Mugen (AnastasiaPalma Type)| Bandai Spirits HG 1/24,B089DHF2ZP
Bandai S.H.Figuarts Spider-Man Advanced Suit,B07R3BZPDX
Bandai Hobby - Gundam Seed - #11 Destiny Gundam| Bandai RG 1/144,B00B596VB2
Bandai Hobby Ultraman Zero Set up Ultraman Gide,B076M1RJ5V
Bandai Hobby Wing Gundam Zero (EW) Ver.Ka Endless Waltz| Bandai Spirits MG 1/100 Model Kit,B089DC39FY
Bandai PG 1/60 RX-0 [N] Unicorn Gundam Unit 2 Banshee Norn FINAL BATTLE Ver. Plastic Kit,B077QSKY18
Bandai Hobby Thousand Sunny Model Ship One Piece - Grand Ship Collection,B006Q4SQKA
Bandai Hobby - Gundam Build Divers RE:Rise - #37 Build Divers 4 UnitFinal Battle Set (Special Color Version)| Bandai Spirits HGBD 1/144,B087D2KWZF
Bandai HG 1/144 THE GUNDAM BASE LIMITED Unicorn Gundam Perfectibility [Destroy Mode],B07HTQY65J
Bandai Hobby - Gundam IBO - #01 Gundam Barbatos| Bandai HG IBO,B07QKZYZ1P
Gundam Build Divers #10 Injustice Weapons| Bandai Spirits HGBD 1/144,B07X9X1847
Bandai Hobby Gundam The Origin: #26 RX-78-02 Gundam (The Origin Ver.)| HG TheOrigin 1/144| Multi,B083KL78YR
Bandai Hobby #93 NU Gundam (Heavy Weapon System)| Bandai HGUC Action Figure,B001R2IQS8
Bandai Hobby NEKO BUSOU TENKO MORI 2 APOCALYPSE TRIKE MDL KIT,B07FT9Q642
Bandai Hobby 1/144 HGCE Freedom Gundam Action Figure,B00YGEKDBW
Bandai Hobby Figure-Rise Effect Ground Effect Model Kit Figure,B072MGQPQF
Bandai Hobby Aegis Gundam Seed 1/100-Master Grade,B008KZ5CPA
Bandai Kaitai Shou-ki RX-93 ν Gundam Option Parts Fin Funnel| Not Included MS Body,B082YG53H3
Bandai Hobby - Clear Action Base 4 (1/100) (Box/15)| Bandai ActionBase,B07XFCQJPF
Bandai Hobby - Gundam Seed Destiny - 006 Strike Freedom Gundam| BandaiSD EX-Standard,B07SDND7VD
Bandai Hobby MSN-02 Zeong| Bandai Master Grade Action Figure,B00030EUCQ
Bandai Hobby HGUC Mobile Suit Gundam: Hathaway of The Flash Meser (Temporary) 1/144 Scale| Color-Coded Plastic Model,B084DFSH6N
Bandai Hobby Wing Gundam Bandai Master Grade Action Figure| Model Number: BAN162352,B003AH6EPA
Bandai Hobby HG 1/144 #13 RX-Zeromaru Gundam Build Divers,B07CNH77KJ
Bandai Hobby Figure-Rise Mechanics Trunks' Time Machine Dragon Ball Z Model Kit Figure,B0718YPN6F
Bandai Hobby HG The Origin Gundam Local Type Gundam The Origin Building Kit (1/144 Scale),B01FDBHGG6
Bandai Hobby - Crossbone Gundam X-1 Full Cloth| Bandai MG,B000LP5BZI
Bandai Hobby HGBF Zaku Amazing Model Kit| 1/144 Scale,B00E3JH52K
Bandai Hobby Figure-Rise Standard Super Saiyan Broly Full Power Dragon Ball Super| White| Model:BAS5055712,B07HJDLC8X
Bandai Hobby Star Wars 1/12 Plastic Model Han Solo Stormtrooper Star Wars,B079DK55GJ
Bandai Hobby MG Aile Strike Gundam Ver. RM 1/100 Scale Action Figure Model Kit,B00C0NRVKW
Bandai Hobby MSN-06S SINANJU Ver Ka| Bandai Master Grade Action Figure,B001GXSMSW
Bandai Hobby Pokemon: Eevee Bandai Model Kit| Multicolor,B084ZZR7NB
Bandai Hobby #21 Gundam Age-3 Normal Gundam Age 1/144 - High Grade Age,B007K0RQ4G
Bandai 1/144 HG Mazinger Z Black Ver. (Mazinger Z Infinity Ver.),B08356L6SH
Bandai Hobby Strike Freedom Gundam| Bandai Perfect Grade Action Figure,B00435WX76
Bandai Hobby Mazinger Z (Shin Mazinger)| Bandai Action Figure,B002BRUGK4
Bandai Hobby SD Gundam EX-Standard Destiny Gundam Building Kit,B01BMW5E1O
Ultraman The Animation: Ultraman Suit Ver 7.5 (Action Ver.)| BandaiSpirits Figure-Rise Standard,B083KLSQXY
Bandai Hobby #123 Jegan ECOAS Type| Bandai HGUC Action Figure,B004KJ41FW
Bandai Hobby HG 1/144 Hyakuri Gundam Iron-Blooded Orphans Model Kit,B014SCW83W
Bandai Hobby - Gundam Wing - #236 Gundam Heavyarms| Bandai SpiritsHGAC 1/144,B089DC4VPP
Bandai Hobby - Gundam Build Divers RE:Rise - #36 Tertium Arms| BandaiSpirits HGBD 1/144,B087D2KWZB
Demon Slayer Tanjiro Kamado| Bandai Spirits Model Kit,B087QZGN24
Bandai Hobby #9 Avalanche Exia 1/100| Bandai Double Zero Action Figure,B001AHX5Q8
Bandai 1/100 MG Hyaku-Shiki Crash Gundam Build Divers GIMM & BALL's World Challenge,B07KT27YTB
Bandai #01 RX-78-2 Gundam 1/144| Real Grade,B003KX5OXW
Bandai Hobby RG 1/144 Unicorn 02 Banshee Norn Gundam UC Figure Model Kit| Model Number: BAN221060,B077RY282W
Bandai Hobby HG Man Rodi Gundam IBO Building Kit (1/144 Scale),B0162CNTIE
Bandai S.H.Figuarts Luke Skywalker -Battle of Crate Ver. Star Wars: The Last Jedi,B07VYC3XLJ
Bandai Hobby ZETA Gundam 1/60 Bandai Perfect Grade Action Figure,B00030EVDO
Bandai Hobby - Gundam Iron-Blooded Orphans: #41 Gundam Hajiroboshi|Bandai Spirits HG IBO 1/144,B087D2KWYY
Bandai Hobby Starblazers Type 0 Model 52 Autonomous Space Fighter Black Bird Yamato 2202 1/72,B07KZ45YC1
Bandai Hobby HG IBO MS Option Set & Tekkadan Mobile Worker Gundam IBO Building Kit (1/144 Scale),B01IEBNLIO
Bandai Hobby #38 OO Raiser Designer s Color Ver.| Bandai Gundam 00 Action Figure,B001P4DFIY
Bandai Hobby HGBF 1/144 Hi-Mock Model Kit,B00P5R148U
Bandai Hobby Zaku 1 Gundam Thunderbolt Version HG Action Figure,B00J4G4J0I
Bandai Hobby One Piece: Thousand Sunny Land of Wano Version| Bandai Spirits SailingShip Collection| BAS5060269| Multi,B0859QC2C2
Bandai Hobby Super Deformed (SD)#04 Cross Silhouette Zaku II Mobile Suit Gundam Bandai SDGCS,B07CMSQRGC
Bandai Hobby Dom Mobile Suit Gundam| Bandai MG Hobby Figure,B00030EVBG
GaoGaiGar| Bandai Spirits SDCS,B07VZTF2Z6
Bandai Hobby HG 1/144 #08 Leo NPD Gundam Build Divers,B07BNKHY99
Bandai Hobby Pokemon Model Kit Reshiram Pokemon| Multi,B07RDQ8SN4
Bandai Hobby Gundam 00 Raiser 1/60 Perfect Grade Model Kit,B002NE7964
Bandai Hobby Entry Grade #1 Kamen Rider Zero-One Kamen Rider| Multi,B082B1HHK9
Bandai Hobby WF-04 Gundam Heavy Arms 1/144| Bandai W-Series Action Figure,B000JX6R28
Gundam Sentinel FAZZ (Ver.Ka)| Bandai Spirits MG 1/100,B07YNQ1NZK
Bandai Hobby #39 ZUGOCK-E| Bandai HGUC Action Figure,B00030EUP8
Bandai Hobby Star Wars 1/12 Plastic Model Shoretrooper Star Wars,B01LXSA3TW
Bandai Hobby RX-79(G) The Ground War Set 1/144 - UC Hard Graph,B002K74NTA
Bandai Hobby MG Gundam Second Revise Model Kit (1/100 Scale)| Astray Blue Frame (BAN160998),B002NE792S
Bandai Hobby RX-178 Gundam Mk-II AEUG| Bandai Perfect Grade Action Figure,B000K7SDY8
Bandai Hobby Gundam MK-II Titans| Bandai Master Grade Action Figure,B000EGD46C
Bandai Hobby Accessories LED Unit (Blue)| White (BAS5056759),B07K35P6TX
Bandai Hobby HGBD 1/144 Gundam Shining Break Build Divers Model Kit,B07GW9ZZPM
Bandai Hobby METAL BUILD Gundam ASTREA TYPE-F (GN HEAVY WEAPON SET),B077W15SVK
Bandai Hobby HGUC 1/144 #213 Unicorn Gundam 03 Phenex Destroy Mode (NT. Ver) Gundam NT,B07CMRFQYF
Bandai Hobby MG Gundam Fenice Rinascita Gundam Build Fighters Action Figure,B00VJKHPJO
Bandai Hobby HGBC #45 No-Name Rifle Build Divers,B07FGJ9QPH
Bandai Hobby R16 M1 Astray Remaster 1/144 HG Bandai Gundam Seed Action Figure,B007NU6NG0
Bandai Hobby BB#239 Shining Gundam Bandai SD Action Figure,B000TNGRZA
Bandai Hobby HGBF Beargguy P (Pretty) Gundam Build Fighters Try Building Kit (1/144 Scale),B01HZ6Q3WU
Bandai Hobby RX-79(G) EZ-8 Gundam Master Grade Action Figure,B00030EVHU
Bandai Hobby Schwalbe Graze Mcgillis Unit Gundam IBO Building Kit (1/100 Scale),B017JT793K
Bandai Hobby Evangelion 1.0 You are Not Alone Model Evangelion-01 Test Type Action Figure,B000RHKZL0
Bandai Hobby Starblazers Mecha Collection Schderg Space Battleship Yamato 2199 Action Figure,B00T41EVZG
Bandai Hobby HG 1/144 RGM-79SC GM Sniper Custom (Gundam The Origin),B07GRR344M
Bandai Hobby Gundam Build Divers #11 Zakrello HARO| Bandai Spirits HaroPla| Multi,B07XBVWW6R
Bandai Hobby S.H.Figuarts Padme Amidala (Attack of The Clones),B06XZ3DF18
Bandai Hobby 30 Mm #14 Bexm-15 Portanova Navy 30 Min Missions| Multi (BAS5058914),B07W1X859S
Bandai Hobby HG The Origin 1/144 Guntank Early Type Gundam The Origin Model Kit,B00U7A8I2K
Bandai Hobby RE/100 Gun-EZ Victory Gundam Model Kit,B07GW9H8C7
Bandai 5057592#130 Rgm-96X Jesta| Bandai Hguc,B07QT4SLND
Bandai Hobby Figure-rise Standard Masked Rider Build Rabbit Tank Form Kamen Rider,B07CMYHVJ9
Bandai Hobby MG 1/100 GM Sniper II Gundam 0080 Action Figure,B01N0A0V6E
Bandai Hobby #46 Susanowo Bandai Gundam 00 Action Figure,B0028VOG5O
Bandai Hobby RG MSN-06S Sinanju Gundam UC Action Figure (1/144 Scale),B01GHDAQYS
Gundam Build Divers RE:Rise #01 Earthree Gundam| Bandai Spirits HGBD:R1/144,B07W1W5468
Bandai Hobby Real Robot Revolution L-Gaim Mark-II| Bandai Action Figure,B000MKYLM6
Bandai Hobby Nu Gundam Version Ka Char's Counterattack 1/100 - Master Grade,B0091O17LM
Bandai Hobby WF-10 Gundam Epyon 1/144| Bandai W-Series Action Figure,B000JX6R78
Bandai Hobby RG 1/144 #28 Tallgeese (EW) Gundam Wing: Endless Waltz,B079DL99KC
Bandai Hobby Best Mecha Collection General Franky One Piece Model Kit,B00FKL6IH8
Bandai Hobby 30MM Optional Armor for Conductor Machines [Raviot/White] 1/144 Scale Color-Coded Plastic Model,B089DGZHP1
Bandai Hobby HG #01 Gundam G-Self with Atmospheric Pack Reconguista in G Action Figure (1/144 Scale),B00M1APWB4
Bandai Hobby #163 HGAW Gundam Double X Model Kit| 1/144 Scale (BAN183664),B00E36RP0A
Bandai Hobby HG 1/144 #06 Seravee Gundam Scheherazade Gundam Build Divers,B079JTFPBV
Bandai Hobby HG 1/144 #11 Gundam Jiyan Altron Gundam Build Divers,B07CMYHVJ2
Bandai Transformation Loading Toy Gun DX Neo Dien Driver Kamen Rider Zio,B07PY8F5TR
Bandai 5057782 30mm 1/144 Option Armor for Close Combat Alto Exclusive/Orange,B07P5QV1VM
Bandai Hobby MG 1/100 RX-93-2 Hi-Nu Gundam Ver.Ka Char's Counterattack Model Kit| Model Number: BAN192078,B00KRVJBFW
Bandai Hobby - Gundam Seed - BB#257 Freedom Gundam| Bandai SD,B07Q4MXKPP
Bandai Hobby MG 1/100 GM Command (Colony Type) Gundam 0080 Model Kit,B0776P762J
Project Sakura Wars: Spiricle Striker Mugen (Azami Mochizuki Type)|Bandai Spirits HG 1/24,B084DFDKMF
Bandai Hobby Evangelion 2.0 You Can Not Advance Model Evangelion Mark.06 Action Figure (177914),B008KZ5BDS
Bandai Hobby #101 RX-0 Unicorn Gundam (Unicorn Mode)| Bandai HGUC Action Figure,B002NE795K
Bandai Hobby Star Wars 1/72 Poe's X-Wing Fighter The Force Awakens Building Kit,B01HZ6Q6I6
Bandai Hobby Star Wars Character Line 1/12 Darth Vader Star Wars Model Kits,B00O3RUSUI
Bandai Hobby M-9 Gernsback (Ver. IV) Aggressor Squadron Full Metal Panic! Invisible Victory 1/60| White,B07KZ2X4MY
Bandai Hobby #8 Model HG EVA-05 Mass Production Model Neon Genesis Evangelion Action Figure (Limited Edition),B000BFJYS8
Bandai Hobby 167089 Shenlong Gundam XXXG-01S(EW) Battle Model| 1/100 Scale,B004HCJWWE
Bandai Hobby MS Option Set 9 Gundam IBO Model Kit,B01N12LLHK
Bandai Hobby - 30 Minute Missions - #29 eEXM-17 Alto Ground Type(Olive Drab)| Bandai Spirits 30 MM,B087D2KD6G
Bandai Hobby RX-78 GP01 Gundam| Bandai Master Grade Action Figure,B00030EV6G
Bandai 1/144 RG OZ-00 MS 2 Tallgeese II Plastic Kit,B07KD9VWDT
Bandai Hobby MG Providence Gundam Seed 1.100 (BAN215629),B01MZBAP3K
Bandai 225765 Cross Silhouette Frame Sdgcs Model Kit (White) from Mobile Suit Gundam,B07B3PX44J
Bandai Hobby IBO 1/100 Gundam Barbatos Form 6 Gundam IBO Action Figure,B01A9UP1KY
Bandai Hobby RG 1/144 #29 Sazabi Char's Counterattack,B07CMYHVJ4
Bandai Hobby Master Gundam| Bandai Master Grade Action Figure,B00030EUA8
Bandai Hobby #63 1.5 Gundam HG Bandai Gundam 00 Action Figure,B003FG64SI
Bandai Hobby MG Sengoku Astray Gundam Model Kit (1/100 Scale),B00HD4ILWK
Bandai Hobby #4 Gundam Kyrios HG| Bandai Double Zero Action Figure,B000VO055U
Bandai Hobby Action Base 1 Display Stand (1/100 Scale)| Unicorn,B001N9XV0I
Bandai 5056826#02 Gundam Vidar IBO Full Mechanics 1/100 Model Kit| from Gundam IBO,B07K7J914Y
Ultraman The Animation: Ultraman Suit A (Action Ver.)| Bandai SpiritsFigure-Rise Standard,B084DFKVJZ
Bandai Hobby Banda Hobby HG 1/144 Transient Gundam Glacier Gundam Building Kit,B01LEQKXIC
Bandai Hobby RX-0 Gundam Unicorn Unit 02 Banshee 1/100 Master Grade (175316),B0071QGXHU
Dragon Ball Z Bardock| Bandai Spirits Figure-Rise Standard,B07YNPBXS5
Bandai Pill Bugs Action Figure 02 3colors Set,B07H6ZDC2V
Bandai Hobby HGTB Full Armor Gundam ver Thunderbolt Anime Color Gundam Thunderbolt Building Kit (1/144 Scale),B01BD3NDBU
Bandai Hobby #4 Gundam Virtue 1/100| Bandai Double Zero Action Figure,B0012C59G0
Bandai Hobby Sword Fish II Cowboy Bebop| Bandai Action Figure,B0012HJDBM
Bandai Hobby HG 1/60 Laevatein Ver.IV Full Metal Panic! Invisible Victory,B07FGHQX1P
Bandai Hobby HG The Origin 1/144 Guncannon First Type (Iron Cavalry Company) Gundam The Origin Building Kit,B01LEQLBRO
Bandai Hobby #71 MS-05L ZAKUI Sniper Type Bandai HGUC Action Figure,B000I6BI7U
Bandai Hobby Figure-Rise Standard Krillin Dragon Ball Z Model Kit Figure (BAN219761),B071G2J7BJ
Bandai Hobby HGCE 1/144 Strike Freedom Gundam Revive Gundam Seed Destiny Building Kit,B01LEQL8J0
Bandai Hobby #66 00 Quanta HG| Bandai Gundam 00 Action Figure,B003OTINRQ
Gundam Build Divers Re:Rise - #33 Gundam Aegis Knight| Bandai SpiritsHGBD 1/144,B0859QJNYL
Bandai Hobby HG #03 EVA-01 The Movie Awakening Version Evangelion Model Kit,B0036W4KVY
Bandai Hobby HG MS Option Set 7 IBO: 2nd Season Building Kit (1/144 Scale),B01LYFQ5RR
Star Wars: #17 X-Wing Fighter (Rise of Skywalker Ver.)| Bandai SpiritsVM,B083KLRT7G
Bandai Hobby HGTB Psycho Zaku Anime Colored Gundam Thunderbolt Action Figure,B01CFKZIUY
Bandai Hobby HG #37 Vual Gundam IBO Model Kit (1/144 Scale),B06XCF1B6N
Bandai Hobby Mobile Suit Gundam MSV MS-06R-2 Johnny Ridden Only Zaku II 1/144 Scale RG Model Kit,B075CLGPC9
Bandai Hobby MG 1/100 Gundam Exia Dark Matter Model Kit,B00QJL76HE
Bandai Hobby MSN-06S Sinanju Ver. KA Titanium Finish Bandai MG Action Figure,B0032ZD5OI
Bandai Hobby HG 1/144 #42 Skyhigh Wings Gundam Build Divers,B07CMR54LP
Project Sakura Wars: Spiricle Striker Mugen (Azami Mochizuki Type)|Bandai Spirits HG 1/24,B084DFKWCX
Bandai DX Kiramei Base & Majin Carry Set Majin Sentai Kira Major,B084C6D4M2
Bandai Hobby #148 High Grade Universal Century 1/144 Gundam Delta Kai Action Figure,B009HN39P4
Bandai Hobby WF-11 Altron Gundam 1/144| Bandai W-Series Action Figure,B000JX4XBU
Bandai Hobby Figure-Rise Standard Ultraman Suit Tiga Ultraman| Multi (BAS5058872),B07YNQC9RZ
Bandai Hobby Force Impulse Gundam| Bandai Master Grade Action Figure,B00171JH8M
Gundam Seed HARO (Pink)| Bandai Spirits Figure-Rise Mechanics,B07X8RC7XY
Bandai Hobby #119 Nobel Gundam 1/144| Bandai HGUC Action Figure,B004ANBDFO
Bandai Hobby #14 RG Strike Freedom Model Kit (1/144 Scale),B00EOEB95S
Gundam Build Divers Re:Rise - #32 Protagonist's Unit's New Weapons 2|Bandai Spirits HGBD 1/144,B0859QBKDN
Bandai Hobby Going Merry Model Ship One Piece - Grand Ship Collection,B0071QGXES
Bandai 5055701 012 Gundam Deathscythe Hell (EW) SD Ex-Standard Model Kit| from Gundam Wing: Endless Waltz,B07HGWT4ZL
Bandai Hobby MG 1/100 Gunner Zaku Warrior (Lunamaria Hawke Custom) Gundam Seed Destiny,B07SFT534B
Gundam Build Divers RE:Rise #07 Core Gundam (G3 Color) & Veetwo Unit|Bandai Spirits HGBD:R 1/144,B07VVGBK25
Bandai Hobby HGBD 1/144#4 Gundam Justice Knight Gundam Build Divers| Multi (BAS5058203),B07VZTW8ZJ
MSV #7 Dreadnought Gundam Gundam Seed| Bandai HG Seed 1/144 Model Kit,B0004EAGDS
Bandai Hobby Action Base 1 Display Stand (1/100 Scale)| Clear,B000VO056O
Mazinger Z Great Mazinger (Mazinger Z Infinity Ver.)| Bandai HG 1/144,B07CXMYK95
Bandai PG 1/60 GN - 0000 + GNR - 010 Trans-am Riser Clear Color Body Plastic Kit,B0716STM46
Bandai Hobby HG 1/144 #05 Ogre GN-X Gundam Build Divers,B079JNR66V
Bandai Gundam Heavyarms Ver EW 1/100 Master Grade,B006F9CFWQ
Bandai Hobby Hi-Res 1/100 Gundam Astray Red Frame ''Gundam Seed Astray'' Model Kit,B07FTFXF4J
Bandai 5055433 Lightning Gundam HGBF 1/144 Model Kit from Gundam Build Fighters Try,B07GNKK1S7
Bandai Hobby HGUC 1/144 Mk-II (AEUG) Zeta Gundam Model Kit,B014SCW5LW
Bandai Metal Build Strike Freedom Gundam Soul Blue Ver.,B07GSJ7QJ6
Bandai Hobby Sdbd 1/144#18 Avalanche Rex Buster Gundam Build Divers| Multi (BAS5058870),B07YNPXC8T
Bandai Hobby MS-06F Zaku II Mobile Suit Gundam Perfect Grade Action Figure| Scale 1:60 (072361),B0006N14BU
Bandai Hobby #1 Beginning Gundam 1/144 Bandai Gunpla Builders Action Figure,B003VPYN1S
Bandai Hobby MS-18E KAMPFER| Bandai Master Grade Action Figure,B00030EU3A
Bandai Hobby Star Wars Character Line Shadow Stormtrooper Star Wars 1/6| Black,B07HJNHLSS
Bandai 1/100 MG RGX-96Xs Jesta Chezarr Type Team B & C Mobile Suit Gundam NT,B07NWGP431
Bandai Hobby - 1/1 Cup Noodle| Bandai Spirits Best Hit Chronicle,B089DGYZTY
Bandai S. H. Figuarts Black Widow Avengers/End Game,B07Q82JYFD
Bandai Hobby Bandai Gundam Sandrock Ver EW 1/100 Master Grade (171536),B005ED3PAU
Bandai Hobby HG #05 EVA-02 Evangelion: 2.0 Version Evangelion Model Kit,B003FG64UG
Bandai Hobby - Fate Grand Order - #08 Saber/Altria Pendragon| BandaiSpirits Petitrits,B087D2J7HR
Bandai Hobby #1 Gundam EXIA HG| Bandai Double Zero Action Figure,B000VO0550
Bandai Hobby #53 Reborns Gundam HG Gundam 00 Action Figure,B002K74NTU
Bandai Hobby MS-06F ZAKU II Ver 2.0| Bandai Master Grade Action Figure,B0013H61RA
Bandai DX Yo-Kai Watch Elda ver. K Yo-Kai Watch,B07PMPLLRJ
Bandai Hobby Star Wars 1/12 Plastic Model Clone Trooper Star Wars,B01DTX1MGA
Bandai Hobby MG Gundam Exia (Ignition Mode) Gundam 00 (BAN161015),B003UTUF1W
Bandai Hobby Poe's Boosted X-Wing Star Wars| Bandai Star Wars 1/72 Plastic Model Hobby Space Ship,B07597QDNT
Bandai Hobby HGBF Build Burning Gundam Gundam Build Fighters Try Action Figure (1/144 Scale),B00M1APMU0
Bandai Hobby 1/100 Graze Custom Gundam Iron Blooded Orphans Model Kit,B01DTX1MC4
Bandai Hobby #204 Barzam Z Gundam| Bandai HGUC 1/144 Hobby Figure,B06XSXV4BV
Bandai Hobby #49 Gaddess HG Bandai Gundam 00 Action Figure,B002BRUGJA
Bandai Hobby #5 Gundam Astraea 1/100| Bandai Gundam 00 Action Figure,B0015C7N0W
Bandai Hobby MG 00 Raiser Gundam 1/100 Scale Model Kit (BAN169914),B004PEIB2G
Bandai 1/100 MG XXXG-01H Gundam Heavy Arms EW Egel Unit,B081VTLCXZ
Bandai Hobby RG #07 Gundam MK-II (Titans) Z Gundam Bandai RG 1/144,B007EAIFJ2
Bandai Hobby #3 Super Custom Zaku F2000 1/144| Bandai Gunpla Builders Action Figure,B003VPYN2C
Bandai S. H. Figuarts Iron Man Mark 85Avengers/End Game,B07Q934HDX
Bandai Hobby HGBF 1/144 Gundam The End Gundam Build Fighters Model Kit,B00U7A8DAC
Bandai Hobby Star Wars 1/72 Tie Fighter Building Kit| Multi-Colored| 8| Model Number: BAN194870,B00RYSAWVS
Bandai 1/100 MG MBF-P02 Gundam Astray Red Dragon,B07P46YT9H
Bandai Hobby Figure-Rise Standard Final Form Frieza Dragon Ball Z Building Kit| Multi| One-Size,B01FDBHK7Q
Bandai Hobby Gundam GP-01/Fb Gundam 0083 1/60 - Perfect Grade,B000VG6DO0
Bandai Hobby #38 GM Cold DISTRICTS| Bandai HGUC Action Figure (BAN120465),B00030EUPI
Bandai 1/60 PG GAT-X105 Perfect Strike Gundam Expansion Parts for Strike Gundam| Not Included MS Body,B084TT1S8K
Bandai Hobby HG Full Mechanics Gundam Vidar IBO: 2nd Season Building Kit (1/100 Scale),B01LXSCUWS
Bandai Hobby MG Figurerise Son Goku Dragonball Z Model Kit (1/8 Scale),B0035MOFTW
Bandai Hobby Star Wars 1/12 Plastic Model BB-8 & R2-D2 Star Wars,B0162CNVPU
Bandai Hobby Sangoku Soketsuden Cao Cao Wing Gundam SD Model Kit,B07SK7KXXM
30 Minute Missions #15 Eexm-17 Alto (Flight Type) [Navy]| BandaiSpirits 30 MM,B07XBW7JKP
#02 Zhang Fei God Gundam SD Sangoku Soketsuden| Bandai SD,B07QFWY2YX
Bandai Hobby RG 1/144 Unicorn Gundam UC Model Kit Figure| Multi-Colored| 8 (BAN216741),B071JNCT1N
Bandai Hobby HGBF Gundam Exia Dark Matter Model Kit (1/144 Scale),B00I0P6RGI
Bandai Hobby G Gundam #230 Death Army| Bandai Spirits HGFC 1/144| Multi,B07W1X5WZ5
Bandai Hobby SD BB Senshi #367 Kshatriya Mobile Suit Gundam UC Model Kit,B0052PEUEK
Bandai Hobby Standard Super Saiyan 4 Son Goku Dragon Ball GT Action Figure (BAN214497),B01N0A0UI6
Bandai Hobby - Gundam IBO - #35 Gundam Kimaris Vidar| Bandai HG IBO1/144,B07HLY25YD
Bandai Hobby HG 1/144 #10 Galbaldy Rebake Gundam Build Divers,B07CMQVLPD
Bandai S.H. Figuarts Spider Man (Spider Man: Far from Home),B07QZ12S1Z
Bandai Hobby Tamashii Option Act Building Damaged Version Action Figure,B01C6WCWFK
Bandai Hobby Starblazers Space Battle Ship Yamato Final Battle Ver. Yamato 2202 1/1000,B07KZ34NQT
Bandai Hobby #28 Cielnova Option Armor for High Mobility (Black) 30 Minute Missions| Bandai Spirits 30 MM,B08BX93WVV
Bandai Hobby HGUC Zeta Z Gundam Model Kit (1/144 Scale),B06XBTKZ2C
Bandai Hobby Real Grade #12 Gundam GP01 Zephyranthes Action Figure Model Kit| 1/144 Scale,B00C0NS0IO
Bandai Hobby #15 Gundam Nadlee HG| Bandai Double Zero Action Figure,B0015C7N0C
Gundam Build Divers RE:Rise #08 Core Gundam (Real Type Color) &Marsfour Unit| Bandai Spirits HGBD:R 1/144,B07VZTBVGL
Bandai Hobby Mecha Collection #08 Nazca Starblazers Model Kit,B00LGBMPAU
Bandai Hobby HGUC R-Jarja ''ZZ Gundam'' Model Kit,B07K38QFML
Bandai Hobby HG Sakura Taisen Reyutra Fighter Plane| Infinite (Tenmiya Sakura) 1/24 Scale| Color-Coded Plastic Model,B084DFNQLG
Bandai Hobby Action Base 1 Display Stand (1/100 Scale)| Black (BAN148215),B000KG499M
Bandai Hobby SD Gundam #1 RX-78-2 Gundam Mobile Suit Gundam,B07B3VRLM8
Bandai Hobby #86 RX-93 Nu Gundam HGUC Action Figure,B0013H61R0
Bandai Hobby Sdcs #08 Silhouette Booster (Red) Mobile Suit Gundam,B07YNQ3KJZ
Bandai Hobby HGUC Gyan Revive Mobile Suit Gundam Action Figure,B01CFKZQ1K
Bandai Hobby #01 Yamato 2199 Bandai Star Blazers Mecha Collection Action Figure,B00IWJ5A0G
Bandai Hobby - Kamen Rider - Masked Rider Hibiki| Bandai SpiritsFigure-Rise Standard,B089DDWQLH
Bandai Hobby #6 MSM-07 Z GOK| Bandai HGUC Action Figure,B00030EV9I
Bandai Hobby Kotobukiya Evangelion 1.0 You are (Not) Alone PVC Statue 1/6 Misato Katsuragi: RE 19 cm,B07QF7CXCD
Bandai Hobby HGBC #46 HWS & SV Customize Weapon Set Build Divers,B07HJN3VJY
Bandai Saint Cloth Myth Andromeda Shun Early Bronze Cloth Revival Ver. Saint Seiya,B085SZDTY2
Bandai Hobby Cinema-Rise Standard Sheriff Woody Toy Story,B07R8G222R
Star Wars: New Item E| Bandai Spirits Star Wars Plastic Model,B07XQRHYG8
Bandai Metal Build Double 00 Raiser Designers Blue Ver. Mobile Suit Gundam 00 (Double O),B07ZMYX28S
Bandai Hobby RG#13 RX-78 GP01 Gundam GP-01Fb,B00C0NS2RI
Bandai 5059158 Rx-78Nt-1 Gundam Nt-1 Alex 1/144 Hguc Model Kit,B00030EUWQ
Bandai Metal Build Gundam Astraea + Proto GN High Mega Launcher,B07ND1GRTZ
Bandai Star Wars TIE - Advanced X1,B00O3RUSOO
Bandai Hobby Ball Gundam MS 8th Team Master Grade Action Figure,B0009P7WUC
Gundam: RX-78-2 Gundam (Beyond Global)| Bandai Spirits HG 1/144,B084DF682G
Bandai Hobby RX-78-2 Gundam Ver.KA| Bandai Master Grade Action Figure,B00030EUHQ
Gundam Build Divers #14 New Item A (Information Prohibited)| BandaiSpirits HGBD 1/144,B07YNPQMTG
#191 RX-78-2 Gundam (Revive) Mobile Suit Gundam| Bandai HGUC,B07NVP1W38
Bandai Hobby #10 Zeta Gundam Scale 1/144 Real Grade Figure,B0091O14SI
Bandai Hobby Slave I (Jango Fett Ver.) Star Wars| Bandai Star Wars 1/144 Plastic Model Hobby Space Ship,B06XSVYJ9N
Bandai Hobby Gundam Build Divers Re:Rise - #31 Protagonist's Unit's New Armor 2|Bandai Spirits HGBD 1/144| BAS5059544| Multi,B0859Q96ZT
Bandai Hobby - 30 Minute Missions - #06 Attack Submarine (Blue GrayGray)| Bandai Spirits Extended Armament Vehicle,B08BXCVXX1
Bandai Hobby HG-02 Dragon| Bandai G Gundam Action Figure,B000VI76FS
Bandai Hobby MG Universe Booster Model Kit (1/100 Scale),B00HD4IZF8
Bandai Hobby HGPG #21 Petit'gguy Chara'gguy Ayame Gundam Build Divers,B07HJBX8FV
Gundam Build Divers #9 Gundam Seltsam| Bandai Spirits HGBD 1/144,B07XF55L75
Bandai Hobby Spirits Soryumaru| Bandai Spirits HG 1/144,B07YCK6RDN
Bandai Hobby #36 PMX-003 The O HGUC Action Figure,B00030EUH6
Bandai Hobby MG 1/100 RX-78 Gundam The Origin Model Kit| 8| Model Number: BAN201314,B014SCW9DQ
Bandai Hobby EW-02 1/100 High Grade Endless Waltz Wing Gundam Zero Custom Model Kit,B0006N148I
Bandai Hobby HGUC 1/144 #211 Leo Gundam Wing,B079DM32GC
30 Minute Missions #18 Bexm-15 Portanova Space Type (Gray)| BandaiSpirits 30MM,B07YNQ3DNQ
Bandai 1/100 RE / 100 ZMT-S12G Shokew Mobile Suit V Gundam,B088WCLPZ8
Bandai S. H. Figuarts Super Saiyan God Super Saiyan Vegeta-Super-Dragon Ball Super Broly,B07PBWQN3W
Bandai Hobby Standard Super Saiyan 4 Vegeta Dragon Ball GT Action Figure,B01MSICIHH
Bandai Hobby HGUC 1/144 #89 Kampfer Mobile Suit Gundam: 0080 Model Kit,B001AHX5RM
Bandai Hobby HGUC #178 Full Armor Unicorn Gundam Model Kit (1/144 Scale) (BAN189487),B00IAGUUFQ
Bandai Hobby ZGMF-1001/K MG 1/100 Slash Zaku Phantom [Yzak Jule Custom] Z.A.F.T Mobile Suit,B0878J9M3Z
Bandai Hobby Star Wars 1/72 Y-Wing Starfighter Building Kit,B00WW4FDBI
Bandai Hobby Mazinger Z| Bandai Action Figure plastic model kit,B001NDJFEU
Bandai 1/144 RG OZ-00 MS2B Tallgeese III,B07VJYXFD7
Bandai Hobby DX Yokai Watch Elda Yokai Watch,B07D3CYTLS
Bandai Hobby PG RX-0 Unicorn Gundam Model Kit (1/60 Scale) (BAN194365),B00O3RUFQ0
Bandai Hobby Mega Size 1/48 Unicorn Gundam [Destroy Mode] Gundam UC Model Kit Figure,B07211LMXL
Bandai HGBF 1/144 Cherudim Gundam Saga Type.GBF Model Kit,B075CLK1C3
Bandai Hobby #14 Mecha Collection Darold Star Blazers 2199 Kit,B00QQ1QLBO
Bandai Saint Cloth Myth Kigunas Hyouga Early Bronze Saint Cloth-Revival Edition Saint Seiya,B07P7P9XZV
Bandai SDEX Standard Hello Kitty / RX-78-2 Gundam Mobile Suit Gundam x Hello Kitty,B07YNPXC8N
Bandai Hobby Mecha Collection #02 Yukikaze Starblazers Model Kit,B00IWJ59UW
Bandai Hobby - Ultraman Suit Darklops Zero (Action Version)| BandaiSpirits Figure-Rise Standard,B08BXD7FNP
Bandai Hobby No.09 Justice Gundam Seed 1/144-Real Grade,B007ZB06V0
Bandai Hobby Sd #33 Yan Huang Zhang Fei God Gundam Sd Sangoku Soketsuden| Multi (BAS5058923),B07YVWX5CH
Bandai Hobby HGUC 1/144 #40 ZAKU II Mobile Suit Gundam Model Kit,B00030EUQC
Bandai Hobby Figure-Rise Effect Burst Effect Model Kit Figure,B071JNCXS3
Bandai Hobby BB#385 Knight Unicorn Gundam Bandai SD Action Figure,B00EOEBH6O
Sakura Wars Kobu-Kai (Ichiro Ogami Type)| Bandai Spirits HG 1/20,B07YNPQXJ2
Bandai Hobby 30MM bEXM-14T Siernova [Dark Gray] 1/144 Scale Color-Coded Plastic Model,B084DFD22D
Bandai Hobby HGUC 1/144 Sinanju Stein (Gundam Narrative) Gundam UC Model Kit,B07FT613X6
Bandai RX-0 Full Armor Unicorn Gundam Ver.Ka 1/100 Master Grade,B005QKF860
Bandai Hobby Figure-Rise Standard Super Saiyan Son Goku Dragon Ball Z Building Kit,B01FDBHK94
Bandai Hobby HGBD 1/144#15 Seltsam Arms Gundam Build Divers,B07YNPXL3J
Bandai Hobby Gundam LED| Green,B005L9ZUBY
Bandai Hobby Digimon Reboot Omegamon Digimon,B0041F085M
Bandai Hobby Red Force One Piece - Grand Ship Collection,B0071QGXKW
SD Sangoku Soketsuden #34 Wu Sheng Guan Yu Yun Chang Nu Gundam| BandaiSpirits SD,B07YVWRNZ2
Bandai Hobby - Gundam Seed Astray - #24 Gundam Astray Gold FrameAmatsu Mina| Bandai RG,B07GR3B8CP
Bandai Hobby HGBF #17 Gundam Fenice Rinascita Gundam Build Fighters Action Figure (1/144 Scale),B00LGBMHZI
Bandai Hobby Mecha Collection #2 Chopper Robot Wing Model Kit (One Piece) (BAN189431),B00IAGUSAS
Bandai Hobby Model Building Kit,B0776TG6K7
Bandai Hobby Vol.5 Yamcha's Mighty Mouse Dragon Ball| Bandai Mecha Collection Hobby Vehicle,B071F2HVFR
Bandai Hobby #97 JEGAN| Bandai HGUC Action Figure,B002BRUGJ0
Bandai Hobby #16 Seravee Gundam 1/100| Bandai Double Zero Action Figure,B001R2IQRE
Bandai Hobby Figure-rise Standard SSGSS Vegeta (Special Color Ver.) Dragon Ball Super Model Kit,B07GWGQ965
Go-Saurer: Gran-Saurer| Bandai Spirits HG Eldoran 1/300,B0859Q5GZV
Bandai Hobby Figure-Rise Standard Super Saiyan God Super Saiyan Vegetto ''Dragon Ball Z''| White,B07KZDQJGF
Bandai Hobby HG 1/144 #13 Astray Blue Frame Gundam Seed Model Kit,B00062J9IQ
Bandai Hobby 30MM Exa Vehicle (Airfighter Ver.) [Gray] 1/144 Scale Color-Coded Plastic Model,B084DFD427
Bandai Hobby #11 Over Flag HG| Bandai Double Zero Action Figure (BAN152378),B0013H61OS
Bandai 5057819 Sangoku Soketsuden Huang Zhong Gundam Dynames Sd Model Kit,B07VSPDN7G
Bandai Hobby Thousand Sunny Model Ship One Piece New World Version,B005JABN8Y
Bandai Hobby MG Build Strike Gundam Full Package Model Kit (1/100 Scale),B00GT6XM0E
Bandai Hobby R08 Calamity Gundam Remaster HG Bandai Gundam Seed Action Figure,B006F9CFVC
Bandai Hobby HGPG Petit'gguy Milk White Gundam Build Fighters Building Kit (1/144 Scale),B01FDBHGRU
Bandai Hobby - Gundam Build Divers RE:Rise - #35 Aun[Rize] Armor|Bandai Spirits HGBD 1/144,B087D3W1KF
Bandai Hobby Strike Noir| Bandai Master Grade Action Figure,B000N6U042
Bandai Hobby HGUC #175 02 Banshee Norn Unicorn Gundam Model Kit (1/144 Scale) (BAN189503),B00IAGUM9A
Ultraman Tiga: Ultraman Suit Evil Tiga| Bandai Spirits Figure-riseStandard,B084DFF6H7
Gundam Build Divers: #21 Gundam GP-Rase-Two-Ten| Bandai Spirits HGBD1/144,B083KM32VV
Bandai S. H Figuarts Iron Man Mark 45Avengers: Age of Ultron,B07Q93FWKJ
Digimon Darts 5 Inch Action Figure Wargreymon by Bandai Hobby,B003YC1Y1U
Bandai Hobby Sangoku Soketsuden Guan Yu Yun Chang Change Nu Gundam Sd Model Kit,B07QFWW7NF
Bandai Hobby Dragonball Z SDCC 2018 S.H. Figuarts Super Saiyan God SS Broly Event Exclusive Color Edition,B07FQSRVGN
Bandai Hobby HGBF #05 Beargguy III Action Figure,B00FKL699U
Bandai Hobby #146 GM Sniper II 1/144th HGUC Action Figure,B008KZ5B4W
Bandai Hobby 1/144 Millennium Falcon Star Wars: The Last Jedi,B07596MG8J
Bandai Hobby G-08 G Gundam| Bandai G Gundam 1/144 Action Figure,B00067YYC2
Neon Genesis Evangelion: Unit-01 (Evangelion: New Theatrical Edition)|Bandai Spirits LMHG,B084DFDKNC
Bandai Hobby Robot Soul Side KMF Gurren Special-Type Code Geass Revival of Lelouch (BAS57042),B07NDP4W8P
Bandai Hobby #100 RX-0 Unicorn Gundam (Destroy Mode)| Bandai HGUC Action Figure,B002NE795A
Bandai Hobby Gundam Deathscythe EW Version Bandai MG Action Figure,B003OTINTO
Bandai Hobby Star Wars 1/144 Plastic Model Millennium Falcon (Lando Calrissian Ver.) Solo: A Star Wars Story,B07C1Z25TS
Bandai Hobby Star Wars 1/144 Millennium Falcon Rise of Skywalker,B07SGGFLNT
Bandai 1/144 RG XM-X2 Crossbone Gundam X2,B082Y8YTW5
Bandai Hobby HGBF 1/144 Gm/Build Fighters Model Kit Figure,B071JND3D8
Bandai Hobby IBO 1/100 Grimegerde Gundam Iron-Blooded Orphans Building Kit,B01BD3NFTK
Bandai Hobby Perfect Gundam| Bandai Master Grade Action Figure,B00030EUTE
Bandai Hobby Armor Girls Project MS Girls FA-010A FAZZ Gundam Sentinel,B077QS9WLM
Bandai Hobby 30MM eEXM-17 Alto (Air Battle Specifications) [Orange] 1/144 Scale Color-Coded Plastic Model,B084DF6823
Bandai Hobby Gundam Wing: Endless Waltz: Wing Gundam Zero (Plated Coating) Hi-Resolution Model Kit,B078QDZ4XC
Bandai 222131 Clear Action Base 4 1/100 Model Kit,B075CM5787
Bandai Hobby HGBF R-GyaGya Model Kit (1/144 Scale),B00O3RUL00
Bandai Hobby SD Sangoku Soketsuden #26 Dian Wei Master Gundam| Bandai Spirits SD,B07WTKD76P
Little Battlers Experience #03 Odin| Bandai Spirits Hyper Function,B07YNPCZQF
Bandai Metal Build High Maneuver Test Pack for Gundam Astraea| Not Included MS Body,B083JL9D31
Bandai Hobby Banshee Norn (Unicorn Mode) High Grade Universal Century Figure Model Kit,B00B596V6M
Bandai Hobby HGUC Guncannon Revive Action Figure (1/144 Scale),B00VJKI0I4
Bandai Hobby HG 1/144 #04 MomoKapool Gundam Build Divers,B079JN7VSM
Bandai 1/144 RG RX-93 Double Fin Funnel Expansion Unit for New Gundam| Not Included MS Body,B07Y2TMPHC
Bandai Robot Soul Side KMF Lancelot siN Code Geass Wiederbelebung von Lelouch| BAS57041,B07NDNGDKD
Bandai Hobby HGBF Beargguy III Kai Build Fighters Try Action Figure,B00NAM9H04
Bandai Hobby MG Gundam RX-78-2 Version 3.0 Action Figure Model Kit| 1:100 Scale,B00CRSXK4Q
Bandai Hobby HGBD: R 1/144#02 Veetwo Weapons Gundam Build Divers Re: Rise,B07W2WRXFR
Bandai Hobby MG 1/100 Sinanju Stein (Narrative Ver.) ''Gundam NT''| White,B07K36XTZK
Bandai Hobby Figure-Rise Standard Son Goku Ultra Instinct ''Dragon Ball Super'',B07K3FCRN2
Bandai Hobby #99 NZ-666 Kshatriya| Bandai HGUC Action Figure,B002NE791Y
Bandai Hobby Star Wars 1/12 Plastic Model R2-D2 (Rocket Booster Ver.) Star Wars,B07FGJ9P6N
Bandai Hobby Figure-Rise Standard Android #17 Dragon Ball Model Kit,B06XCJ2HFD
Bandai Hobby MG 1/100 Plan303E Deep Striker Gundam Sentinel,B078KGV9KT
Bandai Hobby HGUC 1/144#225 Silver Bullet Suppressor Gundam NT,B07Q2J6XHD
Bandai Hobby MG Unicorn Gundam 03 Phenex Model Kit (1/100 Scale),B00HCV6T6E
Bandai Hobby #45 O Gundam (Type A.C.D.)| Bandai Gundam 00 Action Figure,B0024MN644
Bandai Hobby Mecha Collection Wave Motion Experimental Ship Ginga Star Blazers Model Kit,B07GWMYJZW
Bandai Hobby HG 1/144 MS-04 Bugu (Ramba RAL Custom) Plastic Model from Mobile Suit Gundam: The Origin,B07NC1LQYN
Bandai Hobby HGTB GM Anime Color Gundam Thunderbolt Action Figure,B01CFKZGZQ
Bandai 1/144 HG RX-79 (G) SW Slave Wraith Parachute Pack,B084TJT1QJ
Bandai Hobby RX-0 Unicorn Gundam OVA Version 1/100-Master Grade,B0037V099G
Bandai Hobby Entry Grade #4 Doraemon Model Kit| Multi (BAS5060272),B0859QM7W3
Bandai Hobby - Kamen Rider Geiz| Bandai Figure-Rise Standard,B07KZM1VKT
Bandai Hobby HGBC Giant Gatling Gundam Build Fighters Model Kit Action Figure (1/144 Scale),B00VJKHSUK
Bandai Hobby Figure-rise Standard Uzumaki Naruto Naruto,B07DWD7BNX
Bandai Hobby Mecha Collection #1 Chopper Robot Tank Model Kit (One Piece) (BAN189430),B00IAGUSG2
Bandai Hobby HGUC 1/144 V2 Assault Buster Gundam Victory Gundam Model Kit,B00U7A8K7I
Bandai 5057591 Gundam Astray Gold Frame Amatu Mina Hg 1/144 Model Kit,B07PFVNN37
Bandai Hobby HG IBO Julieta's Mobile Reginlaze Gundam IBO| Building Kit (1/144 Scale),B01ICR1WHM
Bandai Hobby HG #35 Kimaris Vidar Gundam IBO Model Kit,B01MS949M6
Bandai Hobby #51 Seravee Gundam GNHW/B HG 00 Action Figure,B002K74NTK
Bandai Hobby MG 1/100 Sinanju Stein Ver. Ka Model Kit Action Figure,B00APB7930
Bandai Hobby Dragon Ball Super: Super Saiyan God Super Saiyan Son Goku Figure-Rise Plastic Model Kit,B072J22P9T
Gundam Build Divers: #26 EX Valkylander| Bandai Spirits SD BuildDivers,B084DFD229
Bandai Hobby #1 Model HG EVA-01 Test Type Neon Genesis Evangelion Action Figure (Limited Edition),B000BFJYQU
Bandai Hobby IRON-BLOODED ORPHANS Full Mechanics GUNDAM BAEL 1/100 Scale Plastic Model Kit,B01MZBGISP
Bandai Hobby HG IBO Gundam Gusion Rebake Full City Gundam IBO Building Kit (1/144 Scale),B01ICR1UAQ
Bandai Hobby #12 Gundam Throne Zwei HG Double Zero Action Figure,B0013H61QG
Bandai Hobby 1/144 RG Gundam Astray Red Frame Action Figure,B00YGEKDLW
Bandai Hobby Sdcs #07 Silhouette Booster (Green) Mobile Suit Gundam,B07YNQ7KRF
Bandai 5057064 Kamen Rider Faiz Plastic Model Kit| from Kamen Rider,B07KZR59MK
Bandai 1/100 MG LM 314 V 23/24 V 2 Assault Buster Gundam Ver.Ka,B07M8LZ1HH
Bandai Hobby Turn A Gundam| Bandai Master Grade Action Figure,B000RHKZLU
Bandai 1/144 RG RX-0 Unicorn Gundam Unit 3 Phenex (Narrative Ver.),B07ZXFFXX2
Bandai Hobby WF-02 Shenlong Gundam 1/144| Bandai W-Series Action Figure,B000JX2V1Y
Sakura Wars Kobu-Kai (Sakura Shinguji Type)| Bandai Spirits HG 1/20,B07YNPQXHR
Bandai Hobby Star Wars Character Line 1/12 R5-J2 ''Star Wars'',B07K2M31CB
Bandai Hobby RE/100 #10 Gyunei Guss’ Jagd Doga Char's Counterattack,B07DW679PN
Bandai Hobby #22 00 Gundam HG| Bandai Double Zero Action Figure,B001D76J68
Bandai Hobby RG #6 Skygrasper with Launcher/Sword Pack Gudnam Seed Model Kit (1/144 Scale),B006F9CFXU
Bandai Hobby HG Gundam Gusion Gundam IBO Building Kit (1/144 Scale),B0162CNUN8
