Hatsune Miku Figure TOONIZE Cartoon Color ver.,B088ZJMWW6
Furyu Sanrio Idol Master SideM Vol.1 TOMA 15cm Stuffed Soft Plush Japan,B07QL47L9Y
Furyu 3.5 To Love Ru Darkness: Momo Belia Deviluke Noodle Stopper Figure White Ver.,B01B796JJ8
Furyu furyuB-Project Cum Emotion Cum Emotion â‘  + â‘¡ 10 Set Stuffed Soft Plush Doll Genuine,B07N73XQJS
Love Live! Sunshine!! Watanabe You CYaRon! Ver. Chobirume PVC Figure,B01LVUVDCS
Furyu 6.6 Is the Order a Rabbit?: Chino Kafu Special Figure (Uniform Version),B076VH7HXK
Furyu Petit Rascal Posing Big grin Stuffed face Version About 33cm,B01N4KJNCH
Calyx I take immediately GACKT Gakuto together! plush pink only,B01N9BZPC6
Furyu 8.2 Sword Art Online Alicization: Alice Schuberg SSS Figure,B07ZN12YK7
Furyu Official Sesame Street Floral Ribbon Big Plush - 3271 - 15 Elmo,B005CU6A8E
Furyu Love Live! Sunshine !! Book-Type cans case Azalea,B06XQLQPCT
lovelive! Bath towel 120 ~ 80cm (B) 1-year pattern,B0179OYK1Y
Love Live! Sunshine !! have Petit mini figure Guilty Kiss Kiku Ohara separately,B072HWF5Y5
Furyu Sanrio Pomupomu Pudding 27cm Sitting Style Big Stuffed Soft Plush Japan,B07XQ2JSMT
COBRA Real Figure Lady,B00FTK7UTK
Furyu 8 Love Live!: Kotori Minami Special Figure,B017FQRX60
B-Project Applique Porch Takeshi Kaneshiro Toshiyuki Toyonaga Thrive,B01N7Q7RKQ
Furyu Fate/Grand Order Mash Kyrie Light Action Figure| 6.7,B01MT1OQRM
11 Chi's Sweet Home Plush Toy-Open Eyes,B01BEMVM8G
RWBY Weiss Schnee PVC Special Figure,B07R43N5J6
Osomatsu's Goodnight 6 retaining clips BIG stuffed fourteen pine-fir all two set about 35cm,B01G3J93QI
Vocaloid Tokyo: Cartoony Hatsune Miku Figure,B085GLT3R1
Furyu Everyone's lottery To LOVE Ru Darkness last Get Award Momo Velia Deviluke Yukata Figure color change Ver.,B00EGMKHJC
Furyu Danganronpa 3: The End of Hope's Peak Academy: Juzo Sakakura Special Figure,B01M1SP4FK
Furyu Nemuneko Cute and Fluffy Cat Plush 13'' with Mouse Biscuit ~ Large Brown Cat Kitty Neko Plush,B074WKZ5W1
Furyu To Love RU Darkness 3 Gym 6 Golden Darkness Yami Uniform Figure,B00JM5GIO6
Furyu Osomatsu's Ã— Sanrio Osomatsu Hello Kitty 30cm Big Stuffed Soft Plush Japan,B06W5HJ8BW
Gudetama sausage stuffed BIG,B01E58VGAU
Furyu 8.2 Love Live! Sunshine!!: Kunikida Hanamaru SSS Figure Mijuku Dreamer,B07JMQ6LKP
Minnano-Kuji Is It Wrong to Try to Pick Up Girls in a Dungeon Desk mat C Award queue Goddess Loki|Hephaistos|Freya|Familia Myth,B013ESW1RY
Osomatsu's aligned six retaining clips| stuffed mascot larch separately,B01G3ALHCA
B-PROJECT die-cut embroidery pouch Shakumura Toshiki Masuda Teijin,B01N20C1PB
Ensemble Stars! Stuffed -Knights- Izumi Sena single item,B01DXBHRCQ
Handsome high school Earth Defense part love love deformed BIG cans badge Naruko sulfur (single),B01N1O3M17
Sissy pedal Parco cafe limited acrylic Keychain Juichi Fukutomi,B01MZ837M7
KRUNK ~ BIGBANG BANG BANG BANG Nesoberi path case V.I Sunri separately,B01MZE7KR1
Furyu Cinnamoroll Hood Head Big red Stuffed Soft Plush Doll Genuine,B0791KJV6M
Furyu Love Live! School Idol Project Umi Sonoda u's Figure,B00IV6069A
Furyu Sword Art Online the Movie: Silica Ordinal Scale Special Action Figure| 6.3,B0727T1XJR
Furyu 6.7 Girls Und Panzer: Saori Takebe Special Figure,B074DVYBGH
Eh panda AAA Nesoberi stuffed green (Naoya Urata),B00JZDLMUK
Furyu Sanrio Danshi Boys Deformed 16cm Mascot Plush - Shunsuke Yoshino,B07WYBSMFJ
Furyu Ensemble Stars Undead DX 10 Plush - Rei Sakuma,B01MT22M8Z
Furyu 7.4 Yurikuma Arashi: Lulu Yurigasaki Special Figure,B0108AXFVC
Furyu Sanrio Cinnamoroll Trick-or-Treat Candy 16cm Stuffed Soft Plush,B083NYR9H4
Furyu Fairy Tales Series 8 Super Sonico Queen of Blue Version Figure,B013N2DQD4
Furyu Hatsune Miku x Rascal Special Figure,B086BD96LM
Furyu Nemuneko White Cat Plush Cushion 30cm with Japanese Red Pattern (Close Mouth),B07WHNM59W
Furyu Miss Kobayashi's Dragon Maid: Kanna (Finest Kimono Version) 1:7 Scale PVC Figure| Multicolor,B08BVLJ7F5
Furyu My Melody Glitter Doll Big Stuffed Soft Plush 36cm Japan Cute Kawaii,B082QWPNWX
Furyu 6.7 Love Live!: Kotori Minami Complete Figure,B00TPYAQYM
Furyu furyuTouken Ranbu Online Potedan Puppet 10 3 Set Akashi Country line / Hotarumaru / Aizen Kunitoshi Stuffed Soft Plush Doll Genuine,B07H2W7RNJ
Fate Grand Order Sanrio Saber Altria Pendragon Alter Character Prize Plush Toy Doll Collection Vol.6 Anime Art FGO,B07HN4BX5Q
Furyu Re:Zero Starting Life in Another World: Rem The Wolf and Seven Little Goats Fairy Tall Series SSS Figure,B07XYYZBMN
FuRyu Yuri!!! On Ice Victor Nikiforov 16cm Plush,B074RCBQXD
Everyone's lottery SHOW BY ROCK !! 2nd LIVE's Nyan! ROM separately,B017PPWK1Y
Furyu Everyday Life Series 7 Super Sonico Bath Cleaning Time Version Figure,B00RHKWPLI
FuRyu Yuri!!! On Ice Yuuri Katsuki 16cm Plush,B074RCQQ7F
Terminator Salvation T-600 Endoskeleton Damage Color Ver. PVC Figure,B00A4H6THC
Furyu Minnano Kuji Touken Ranbu@Online Towel Camp 2nd Wild Dance of Swords Sports Towel E Award Maeda Toushirou,B073BHX81Q
Dangan refute deformed rubber mascot 2 Fujisaki Chihiro separately,B00LTQBRDS
Furyu Cinnamoroll Bear Huggy Big Smile Mouth ver 45cm Stuffed Plush Limited,B07PF639W6
Dangan Ronpa Noodle stopper Figure 3 Type set.,B01M3WA8L8
Furyu Osomatsu SAN - KARAMATSU 15'' Plush,B076VS2SGF
Furyu Minnano Kuji Touken Ranbu@Online Towel Camp 2nd Wild Dance of Swords Sports Towel E Award Sohayanotsurugi,B0736QYC93
Furyu 7.8 Love Live!: Hanayo Koizumi Love wing bell Special Figure,B01E5RWZQU
Furyu Everyday Life Series 7.5 Super Sonico in Heels Action Figure,B00NR8LX6C
Nauearashi ensemble Stars! Hook figure Kaoru Mikaarashi animation prize flue,B071NCJX2S
Furyu Cardcaptor Sakura Cerberus Kero-Chan DX 30cm Plush,B07GC9M9JT
Furyu Journey Muffler Towel Orange ~ Red Single Item of Fantastic Beasts and Witch,B01N1RPRBA
FuRyu Nemuneko Cute and Fluffy Cat Plush 15‘’ With Orange ~ Large Orange Cat Kitty Neko Plush,B01M15468W
Will is wrong to seek to meet everyone's lottery dungeon or G Award rubber strap [Eyes],B013LI4YD6
Furyu Angel Beats! Kanade Tachibana Dress Ver PVC Figure,B00AXUPFZC
Everyone's lottery swords Ranbu Hanamaru G Award Mochipuchi acrylic key chain Ishikirimaru,B06XQ3XL18
Adventure time Long BIG plush Jake Jake only,B00XRDFCN2
Furyu My Melody Girly Pink Big Chromium Stuffed Soft Plush Doll Genuine 30cm,B08BXWMBFT
Furyu My Melody Navy & Pink Big My Melody Stuffed Soft Plush Doll Genuine,B07PVGBZXM
Furyu Hatsune Miku Toonize Figure (Basic Color),B088YYFSP4
Furyu 5.1 Inuyasha Noodle Stopper Figure,B08DCN1VY1
Furyu Sword Art Online ALO ALfheim Online 6.5 Leafa Beach Figure,B00ZQ3Y6J2
Sword Art Online ALO figure SWORD ART ONLINE prize Fleurs (with all two full set + Poster bonus),B00EYCEQZU
Certain Magical II index Santa figure Fleurs (with all two full set + Poster bonus),B01KPI47AU
furyuKRUNK Ã— Bigbang Big ~ Fantastic Baby ver.1 ~ G-Dragon Stuffed Soft Plush Doll Genuine,B01387FO9I
Furyu FR10737 Cardcaptor Sakura Cute Frog Outfit Figure,B085T15SXD
Furyu Sanrio Pochacco Relaxing Green 22cm Stuffed Plush Doll,B07R8G6FRF
furyu ensemble Stars! ! Trickstar Mao Isara stuffed Soft plush 16cm japan,B084ZMMN36
Tokimeki Restaurant X.I.P. Fuwa Kento Plush Toys,B01N6L2RF9
Furyu Gakutchi Collection Figure Figurine 9cm Best of The Best MILD & Wild 2set,B07SN1NV7M
Furyu 6.2 The King of Fighters '98: Mai Shiranui Noodle Stopper Figure,B07XSPK6J7
Furyu Super Sonico Concept Figure Military (Forest Camouflage Version),B07MQYZQ71
Furyu To Love RU Darkness 3 Gym Momo Velia Deviluke Uniform Figure,B00JM5GFU8
Fullmetal Alchemist Special Figure Edward Elric Another Version 17cm 6.7 inches,B081LVX8N9
AAA Eh panda pastel Fluffy stuffed Red Chiaki Ito,B01AZ20REQ
Touken Ranbu Noodle Stopper Figure Yakuken Toshiro 13cm 5.1 inches,B07VSDB71K
lovelive! Sunshine !! stuffed toy mascot to 1 grade ~ Kurosawa Rubyi,B01JU7HOY8
Future Card Buddy Fight Aim for it! Buddy Champion! [Region Locked / Not Compatible with North American Nintendo 3ds] [Japan] [Nintendo 3ds],B01NBLUSNI
Furyu 6.7 Touhou Project Sakuya Izayoi Premium Perfect Cherry Blossom Figure,B075F8KC43
Furyu My Melody Kuromi Very Big Big Stuffed Soft Plush 45cm Japanese ver. Cute,B08J3R2H1Z
Furyu Overlord: Ainz Ooal Gown 1: 7 Scale PVC Figure| Multicolor,B07KNQCD2W
Fate Grand Order Sanrio Archer Ishtar Character Mini Figure Statue Collection Vol.3 Anime Art FGO,B07PHTGV5X
King Chari Hui BPROJECT beating Ambitious hooking figure MooNs2 Kazuminami ToshiAkira RyuHiro Anime prize flue,B06ZZSV7YW
Contact touch detective Nameko cultivation kit Collection Figure equipment Grade 6 nameko single item Nameko figure flues,B00O8HWAVS
Usavich Tokotoko spring figure Putin separately flue,B00PXF5PI4
Sword Art Online Undine Asuna 7 Collectible Figure [Furyu],B07H8Y3PDY
FuRyu Yuri!!! On Ice Yuri Plisetsky 16cm Plush,B074R9M84S
Furyu Fate/Grand Order Assassin Jack the Ripper Servant Action Figure| 6.3,B0778H7QX3
Furyu Cardcaptor Sakura Cupcake Cerberus Kero-Chan DX 30cm Plush,B07V1Q5XP2
Furyu Love Live! Sunshine!! Kiyose Akame 1st Year Deformed Plush - Hanamaru Kunikida,B07D4621ZH
Pomupomu pudding king pudding BIG stuffed crown cane (single),B0183MXN1O
Furyu AAA Example Panda Straw Hat Mascot A Pattern Orange,B075PW3CLK
Ensemble Stars! BIG stuffed Sakuma Brothers all set of 2,B01LEY0N8Y
Furyu Danganronpa: Kyouko Kirigi Minna no Kuji -Wakkuwaku no Dokkidoki- Figure,B00FILF56U
Furyu Princess Connect! Re:Dive: Kyaru Special Figure,B085G4KB8P
Furyu 6.3 To Love Ru Darkness: Lala Satalin Deviluke Noodle Stopper Figure (Red Version),B01LYKLPL0
Furyu 5 Super Super Pochaco Noodle Stopper Figure Light Blue Ver.,B017OTRP4S
Sonico her life adhesion interview Special figure chatting time SUPER SONICO Super Sonico prize Fleurs Poster bonus,B00KNPWXM0
. Single item - Little Busters - Rin Natsume Character Figure Gym Uniform ver (japan import),B005UN74ZG
Furyu That Time I Got Reincarnated as a Slime: Demon Lord Rimuru 1:7 Scale PVC Figure| Multicolor,B08FBJYQDP
Furyu Cute Lie of Otters Caught Three Sets of Size 15cm Stuffed Soft Plush Doll Genuine,B08732MWT2
Furyu Pom Pom Purin Honey Bee Costume 33cm Plush - Mouth Closed,B07G228LZZ
Furyu Danganronpa 3: The End of Hope's Peak Academy: Nagito Komaeda Special Figure,B01GAZN9QU
Furyu Princess Connect! Re:Dive 1:7 Scale PVC Figure| Multicolor,B08CBH25XK
furyu Cinnamoroll mouth open Cherry Blossom BIG stuffed Soft plush 30cm Japan,B084TYH6Y5
Furyu Sword Art Online the Movie: Sinon Ordinal Scale Special Action Figure| 6.7,B01N58RYBT
Ro-Kyu-Bu! Full set of 2 together and figure chicks Minato Tomoka-Hakamada Hinata (japan import),B00A0D7DSY
Re: Zero -Starting Life in Another World-: Ram SSS Figure in Wonderland Antique Ver.,B086J6Y436
Furyu Marumofubiyori Moppu 34cm DX Plush Doll,B07D7JSQJ1
Sissy pedal GRANDE ROAD stuffed Hakone Gakuen (2) Todo single item,B00WHZANP8
Furyu Hatsune Miku Ã— Rascal The Raccoon 10th Anniversary SEGA Keychain Music! Hatsune Miku Rin Kagamine Len Rascal 15cm [3 Set] Stuffed Soft Plush Doll Genuine,B07KDNQQSX
FuRyu Ensemble Stars UNDEAD Koga Oogami DX 30cm Plush,B077GK2FWC
SHOW BY ROCK !! Chobiru Me Petit - Shin cancer Crimson's - all four set,B01D14ZDLM
Furyu Minnano Kuji Touken Ranbu@Online Towel Camp 2nd Wild Dance of Swords Sports Towel E Award Kikkou Sadamune,B073BKV8N9
Furyu 7.4 Is the Order a Rabbit?: Rize Tedeza Tea Time Special Figure,B075F9SLVT
Sissy pedal GRANDE ROAD round acrylic Charm [Arakita] separately,B01LCPV30M
Furyu 5 Prison School: Meiko Shiraki Noodle Stopper Figure Hot Ver.,B01C9RGWNA
Furyu 7 Super Sonico Concept Figure Easter Bunny Pink Ver.,B01C9R7ZBI
Furyu Cinnamoroll Kitten cat stuffed Soft plush 17cm cinnamon NESOBERI ver.,B07Z5BV76P
Furyu Ensemble Stars Valkyrie 6.3 Plush - Nazuna Nito,B01MT93TGP
UnchainBlades Exiv [Japan Import],B0039LXN2O
Little Busters! Complete figures 3 Little Busters! Fleurs (with all two full set + Poster bonus),B00E2MGIDU
Furyu Sanrio Pomupomu Pudding Big 40cm Stuffed Soft Plush Japan,B07ZWDTRQ4
Furyu Sanrio Cinnamon Cinnamoroll Sailor Big Blue hat Stuffed Soft Plush Doll Genuine 30cm,B072QDJDV4
Furyu Hypnosismic Division Rap Battle Figure Figurine 10cm MAD Trigger Crew 3set,B07S8VR9MW
Furyu 5 To Love Ru Darkness: Nana Astar Deviluke Noodle Stopper Figure (Navy Version),B074CYHCW2
Furyu Ensemble Stars! Stuffed -Undead- [Sakuma Zero] (Single),B01EC9BSNM
Furyu Everyday Life Series Super Sonico Eating Donuts Figure| 5,B00NBSRD26
Cat not laugh with the transformation prince strange cat Girl figure 2 anime Sailor toy prize Fleurs (with all two full set + Poster bonus),B00F1B7KKG
Furyu Danganronpa 3: The End of Kibougamine Gakuen 6 Plush - Kyosuke Munakata,B01MQGJOZM
Hello Kitty to Issho! Figure character prize Fleurs (with all two full set + Poster bonus),B00C6QZFGK
Furyu 7.5 Fate/stay night UBW Rin Tohsaka Master Figure,B014OTD6A8
Furyu Sword Art Online the Movie: Asuna Ordinal Scale Special Action Figure| 6.7 (Pearl Color Version),B07PPTYD4M
Furyu Cinnamoroll Namco Limited Cap Nurse Stuffed Soft Plush Doll Genuine 20cm,B08BKFPBCW
Furyu Hello Kitty Robot 16-Inch Plush| White,B00D8SOLZQ
Ensemble Stars! Stuffed -Knights- Sakuma Rintsuki single item,B01DXBO634
Furyu To LOVEru Darkness Kotegawa Yui Deviluke PVC Figure,B00FKQQZW6
furyu Kinnikuman hold figure Kinnikuman PVC Figure Figurine Genuine,B086D981F5
Furyu Yowamushi Pedal: New Generation AMU-PRZ8627A Teshima Junta Stuffed Plush,B079944CWW
Furyu Sword Art Online II ALO Sinon Special Action Figure| 7,B01MTKAE9X
furyu Kinnikuman devil generals noodle stopper Figure Figurine 14cm japan,B088X2XWSV
Furyu Sanrio Danshi Boys Deformed 16cm Mascot Plush - Seiichiro Minamoto,B07WWBCT2C
furyu Grand Bleu fantasy a little bit hooked Petit Figure Figurine 4cm 4set,B0823L3JZY
Furyu Sanrio Cinnamoroll cat Costume White 16cm Stuffed Soft Plush Japan,B084MN1NPH
Furyu Ensemble Stars! -3-B- deep sea So汰 Stuffed Soft Plush Doll Genuine,B074CK211N
Furyu Attack on Titan 7.4 Mikasa Ackerman Figure,B00MU65HZA
Super Sonico 80's Green Ver. PVC Concept Figure,B07R43MXCN
Fate Grand Order Sanrio Archer Arjuna Character Mini Figure Statue Collection Vol.4 Anime Art FGO,B07QDZQQYV
Furyu Love Live! Sunshine!!: The School Idol Movie Over the Rainbow: Kanan Matsuura Hi! Cheese! Figure,B07ZJMR1GD
Gudetama Gudegude figure mascot [C. bacon and eggs] (single),B00W9F5ILU
lovelive! Sunshine !! has Petit stuffed second year all three set,B07117PQ79
Furyu 8 Love Live!: Rin Hoshizora Love wing bell Special Figure,B00WMYQV9Q
Furyu 5 Super Sonico Noodle Stopper Figure Sunburn Ver.,B01B5JADYW
Furyu to Love Ru 3 MEA Kurosaki Darkness Figure| 6.5,B00NBSRD3K
Furyu LoveLive! Sunshine! !! Chobirume Petit Figure 2nd Grade Riko,B076Q53DGV
Furyu Kyo-fu! Zombie Neko Cat Lying Down Stuffed Plush - Pink Cat with Opened Mouth| 12,B06XQ7P5R9
Furyu Sanrio Cinnamoroll Sailor red Ribbon 32cm Big Stuffed Soft Plush Japan,B072QDHL5Z
Contact touch detective Nameko cultivation kit golden Purapura figure mascot two set Nameko u0026 golden Nameko golden Nameko Nameko mascot figure flues,B00PVANGIM
Love Live!: School Idol Project Complete Figure -Maki Nishikino -,B07Y8CR1YM
Furyu Danganronpa 2: Goodbye Despair: Nagito Komaeda Ultimate Lucky Student Kuji Figure,B00TZI3W44
Furyu GRANBLUE Fantasy Stuffed Soft Plush 1 16ãŽ Sandalphon Japanese Limited,B07S8ZBZDZ
Furyu 5.5 Hatsune Miku Noodle Stopper Figure,B07T8825VR
! Ensemble Stars BIG stuffed - shepherd's purse| Momoki - [Hitoshiusagi shepherd's purse shepherd's purse separately],B01MYU3UDK
Everyone's lottery ensemble Stars! Feedback B Award Sakuma zero deformed figure of the king,B01H5QC1SA
Furyu Alien SSS Premium Big Figure Luminous Phosphorescent Version 26cm 10.2 inches,B0823M1DYG
Furyu Grand Bleu Fantasy Figure Figurine 10cm Vane Siegfried Eustace 3set cute,B07YKJKDXC
Furyu Fate/Grand Order Shielder 6.5 Mascot Plush,B06XHN7BZF
Furyu Re: Zero Starting Life in Another World Rem and Ram SSS Figure Set Alice in Wonderland Ver.,B0842KLR8K
Furyu Fate/Grand Order: Osakabehime 3rd Ascension SSS Servant Figure,B07T88145S
Furyu Gochiusa is The Order a Rabbit Special Figure Chiya Ujimatsu Tea Party Ver. 18cm,B0819LBJBL
Furyu Your Order Rabbit is ?? Tippy 3 Set Stuffed Soft Plush Doll Genuine Vertical 13 ÃEhorizontal 19cm,B071KVCPS1
Furyu 8 Love Live!: Umi Sonoda Special Figure,B017PAPX5E
GRANRODEO Gran Rodeo Roger & Gina embroidery flat pouch B separately,B01MTLLFHF
Furyu Ensemble Stars! Plush Toys - Meteor Corps - deep sea So汰 Separately,B01ICO65CC
Furyu Zombieland Saga Mizuno Ai Nekorobi BIG stuffed Soft plush 30cm Japan,B083XMSMZN
Furyu Sword Art Online the Movie: Kirito Ordinal Scale Special Action Figure| 6.7,B076R78FZ1
Furyu Ensemble Stars! Face Pouch Full Set of 6,B01LXWN9RR
Furyu Fate/Grand Order Design produced by Sanrio 1 Mash Kyrielight Stuffed Plush| 5.5,B079YNVQQY
Furyu Sword Art Online ALO ALfheim Online 7.5 Asuna Undine Special Figure,B00O5M2LYM
Caligula Overdose - PS4 Japanese ver.,B077GM963C
Waiting in the Summer Character Figure 1 animation prize Fleurs (all two full set + Poster bonus),B012JTSWZE
Furyu Catherine Special Figure,B07YZ3B95V
Furyu 7 Is the Order a Rabbit?: Rize Tedeza Special Figure (Tea Party Version),B082NF6LVP
Furyu Love Live! School Idol Project Ayase Eli Summer Blue Ver. PVC Figure,B015NFT2FU
. ~ Blue coloring Alien Real Figure - Limited Color ver,B00DU1HXUQ
Furyu 8 Fate/kaleid liner Prisma Illya 2wei!: Kaleid Figure Miyu Edelfelt,B00RT8NLXY
Furyu Fate/Grand Order Saber Altria Pendragon Servant Action Figure| 7,B01HPJM2XQ
Furyu Attack on Titan 6.5 Levi Ackerman Cross Handed Special Figure,B00VWXHS72
Furyu 3.5 To Love Ru Darkness: Momo Belia Deviluke Noodle Stopper Figure Navy Ver.,B01B2BI6FQ
Prison School Prison School noodle stopper figure Meiko Shiraki anime cartoon goods prize Fleurs (all two Furukonpu set),B01KPHLCYK
Furyu furyuTouken Ranbu Online 5 Large Kurikara Stuffed Soft Plush Doll Genuine,B071Z6884Y
Furyu Swords Ranbu -Online- Little bit Clear Mascot 2 Candlestick Setsuko Tadashi Single Item,B0196HYYUO
Furyu Granblue Fantasy Hooking Figure Figurine 10cm Sandalphone kawaii cute,B07QVDNDR5
Love Live! The School Idol Movie clear mascot Part1 starry sky Lin separately,B06XHH6XRP
Furyu 7 Super Sonico Concept Figure Rider Suits,B08CGRTRS3
Furyu 8 Love Live!: Maki Nishikino Special Figure,B01CJIJ3GW
Furyu My Melody Ultra Big Red Stuffed Soft Plush Doll Genuine 58cm,B07XYNS44S
Tama BIG stuffed in Gudetama brave tool,B01AGBHUSM
Furyu Strike Witches Figure - 3858 - 9 Sanya V Litvyak,B007R9185S
Everyone of lottery you touch Detective Nameko cultivation kit H Award clear file three set various Nameko and the other two separately,B009P4U3EU
It 's your spirit owner towel whole set of 2,B01KZTJ0W4
Furyu Shin Megami Tensei Persona 4 Golden: Satan 5.5 Action Figure,B00G4DULCY
Furyu 7.8 Touken Ranbu Online: Honebami Toushirou Special Figure,B01I86QAAQ
Furyu 8.2 Love Live! Sunshine!!: Yoshiko Tsushima SSS Figure,B07123VFWS
Furyu 8.2 Love Live! Sunshine!!: Ruby Kurosawa SSS Figure Mijuku Dreamer,B07LG424G1
Furyu Love Live! Sunshine!!: The School Idol Movie Over the Rainbow: Dia Kurosawa Hi! Cheese! Figure,B07ZJMTTDF
Furyu Dogs and Cats Every Day and which Way are Also Kept Fun Hesoten Stuffed for Big cat Clients Inutoneko Kodansha Prize Soft Plush Doll Genuine,B084LKVYF7
Strike Witches figure Perrine-H Clostermann Fleurs (Poster with bonus ),B005YY5TZI
Furyu Tokimeki Restaurant 3 Majesty Tsukasa Kirishima Plush Toys,B01MS1LWR5
Everyone's lottery swords dancing ONLINE towel Jin C Awards KoYukihidari character bath towel,B01LXARXOL
Furyu Pom Pom Purin Honey Bee Costume 33cm Plush - Open Mouth,B07G1YCCGV
Furyu Hypnosismic Sanrio remix BIG stuffed Soft plush 30cm Ichiro Samatoki 2set,B07VWHS66R
Furyu Love Live! Sunshine!! Kiyose Akame 2nd Year Deformed Plush - Chika Takami,B07D46186W
Furyu Accel World: Yuniko Kouzuki Pure Colors Special Figure,B00BBQNKAE
FURYU THE ALLIANCE ALIVE FOR NINTENDO SWITCH REGION FREE JAPANESE VERSION,B07T96QL7M
Furyu Anim.O.V.E Fine Quality 11 Lily Vocaloid Figure Bondage Ver.,B07DM4QMCS
Furyu 3.1 Avengers: Infinity War: Iron Spider Noodle Stopper Figure,B07SQXV965
FuRyu Gudetama Lazy Egg 13'' Plush - Baby Egg Pants Type A,B01MSWPONR
Furyu Strike Witches Figure - 3858 - 9 Charlotte E Yeager,B007G49KJK
Furyu FULLMET ALALCHEMIST Nesoberi Big Edward Elric and Roy Mustang 2 Set Stuffed Soft Plush Doll Genuine 30cm,B081ZKZVBT
Furyu Re: Zero Starting Life in Another World: Rem (Oniyome Version) 1: 7 Scale PVC Figure,B07S4HJ6YY
KRUNK BIGBANG Fluffy room mat 3 V.I Isunhyon separately,B01EMNP4M4
Furyu Hypnosismic Sanrio remix BIG stuffed Soft plush 30cm Ramuda Jyakurai 2set,B07VXFMRZL
Furyu Hatsune Miku Spring & Summer Image 2 Set Stuffed Soft Plush Doll Genuine 15cm,B07R8S6GH5
Furyu Everyday Life Series Super Sonico Morning Toothpaste Version Figure,B07TLVWBKT
FuRyu Nemuneko Cute and Fluffy Cat Plush 13‘’ ~ Large White Cat Kitty Neko Plush,B01M1G5Y32
Furyu Show by Rock!! Chobirume Trichronika Kai 5cm Petit Figure,B07PXV1785
Furyu Birds of Prey: Harley Quinn SSS Figure,B088YW8WXH
Furyu Sword Art Online: Asuna (Undine) Special Action Figure| 6.7,B07BZGNZK6
Danganronpa 3: The End of Hope's Peak High School Despair Arc 6 Plush: Izuru Kamukura,B06VSKTSKC
KRUNK ~ BIGBANG BANG BANG BANG BIG stuffed 2 D-LITE Daesung,B01MZXRIDV
Furyu Accel World: Black Lotus Figure,B00C3W5PXK
Furyu Fate/Apocrypha Ruler Jeanne d'Arc Action Figure| 7,B07BB31P37
Sword dance ONLINE Chocolate up and trick figure Petit 4 Tsung left 3 characters,B075XJWNTH
Furyu 6.3 RWBY: Ruby Rose Special Figure,B01N5L0UVX
Furyu Re: Zero Starting Life in Another World SSS Figure REM in Arabian Night 8.2,B07N7ZRRK4
Furyu Re:Zero Starting Life in Another World: Rem in Milky Way SSS Figure,B089YGVLTY
Furyu kimetsu no Yaiba Demon Slayer 3 Set tanjiro zenitsu inosuke Stuffed Soft Plush Doll Genuine 16cm,B0823N252S
Ensemble Stars! Hook figure Kaoru,B071KZQRCW
Demon Slayer: Kimetsu no Yaiba: Hikkake Figure 2 -Hashibira Inosuke-,B086CFNKXG
Furyu Sanrio Gudetama Egg-in Cloud-Style 33cm Big Stuffed Soft Plush Japan,B07L9QYW2W
It would be wrong to seek to meet the guys of lottery dungeon or A prize Hestia figures,B013K823WG
Monster Hunter XX Mitsune Series Female Gunner 1/7 Complete Figure,B07VTS8VF4
Sissy pedal can badge Onoda hill,B00RIO659Q
Furyu 7 Cardcaptor Sakura: Sakura Kinomoto Fine Quality Figure,B00HRT1BUA
Sissy pedal clear mascot Hakone Gakuen Arakita YasushiTomo single item,B012SXJJEY
Furyu To Love RU Darkness Lala Satalin Deviluke Yukata Figure,B00EJ2ONGC
Furyu My Melody Baby Angel Big Stuffed Soft Plush Kuromi Sanrio Japan,B083H7RBMN
Furyu Chiitan Puppet Stuffed SoftPlush Baby Bottle Japan Limited Goods Kawaii,B07NPFC8PK
Furyu FR9429 Re: Zero Rem SSS Red Hood Figure| Brown,B07D8T93VM
GRANRODEO Gran Rodeo Roger & Gina Sit BIG stuffed full set of 2,B011TZWDLS
Furyu Okamiden: Okikurumi Noodle Stopper Figure Petit II,B07GDFCZDM
Furyu Dororo: Hyakkimaru 1:8 Scale| Multicolor| 10 inches,B0868Z83QX
Furyu Cinnamoroll Check & Cherry Big 2 Set Stuffed Soft Plush Doll Genuine 30cm,B0844RRFDH
Furyu 6.7 Food Wars!: Shokugeki no Soma: Erina Nakiri Figure,B012V4UNUO
Everyone's lottery To LOVE Ru - Trouble - Darkness continue B Award voice with stuffed animals all one,B00KJSNWMG
NEMU cat sash BIG plush - approx. 33 cm-white NEMU cat (B) only,B072V2G8KJ
Furyu Ensemble Stars! -3-B- Nito Nazuna Stuffed Soft Plush Doll Genuine,B074CGWJXJ
Eh panda yellow yellow Kuttari stuffed Eh ~ Panda AAA ,B012N175FG
Furyu My Melody Strawberry pochette Big Stuffed Soft Plush Kuromi Sanrio Japan,B07QFHZRJ6
Furyu Fullmetal Alchemist: Roy Mustang Special Figure,B07H56J999
FuRyu Nemuneko Cute and Fluffy Cat Plush 15‘’ with Little Hamster ~ Large Yellow Cat Kitty Neko Plush,B00I7LHSOK
Furyu Pingu Oversized Pillow 45cm Stuffed Soft Plush Japan Limited,B07D6MJXXR
KonoSuba: Megumin (Shiromuku Version) 1:7 Scale PVC Figure,B08BCRXX2J
Furyu 5.5 Fate/Grand Order: Caster Nero Claudius Noodle Stopper Figure,B07F39RNMB
ToLOVEる とらぶる ダークネス ナナ＆メアフィギュア アニメ プライズ フリュー（全２種フルセット）,B00DO60MSC
Furyu Nemuneko DX Plush Beret Version - White / Charcoal,B0778LNYDG
Furyu 8.2 Love Live! Sunshine!!: You Watanabe SSS Figure,B01MRDBPES
furyu Cinnamoroll organdy ribbon pink BIG stuffed Soft Plush 30cm kawaii cute,B07XM2LRTS
Furyu Sebastian Michaelis: 20cm Black Butler - Book of The Atlantic Statue Figurine Bundled with 1 A.C.G. Trading Card (10529),B089Y3C2NG
Furyu Hatsune Miku Tokyo: Cartoony Figure,B08DC9M7VV
Love Live! School Idol Project Grade 3 Yazawa Niko Solar Bobblehead Figure,B01IRW1RA4
Love Live! Sunshine !! blanket freshman single item,B01N5QXAUD
Furyu Strike Witches Figure - 3858 - 9 Yoshika Miyafuji,B004FKA7L8
Furyu S.A.O. Sword Art Online: Leafa/Lyfa Alo 7 Action Figure,B00G4DULLA
lovelive! Wobbling solar to 3-year-Ayase Eri,B018XMZ5ZG
Furyu Big Yeast Ken Samomelon Melon Pan Bread Dog Plush| 10 Inches,B0825G2B3Z
furyu ensemble Stars! 2 A Natsume Sakasaki stuffed Soft plush 16cm japanese ver.,B084RHW4K5
Fate/Grand Order Shielder/Matthew Kyrielight PVC Figure,B004L47WT8
Furyu Tokimeki Restaurant X.I.P. Date Kyoya Plush Toys,B01N4I83PP
Zombie Land Saga Romero posing plush,B07PB9N4FS
Furyu Sanrio Cinnamoroll nesoberi Big 60cm B Pattern Sleep Stuffed Soft Plush,B07P5CFT62
AAA example Panda Petanko applique porch Mitsuhiro Hidaka yellow yellow pouch,B01E7DYJS4
Koda Kumi KLOOP (croup) BIG stuffed pink green all set of 2,B01DA6LGUS
Super Sonico Sonico her life adhesion interview Special figure prize Fleurs Poster bonus grinded hot today,B00OUFZXUI
Furyu World Conquest Zvezda Plot: Lady Venera Special Figure,B00OYHMMXI
Furyu Ensemble Stars Face Pouch 3 Morisawa Chiaki Porch Chiaki Stuffed Soft Plush Doll Genuine,B07D3X4BN5
Furyu Ensemble Stars Face Pouch 4 Kagehen Mika Mascot Kagehen Mika Pouch Stuffed Soft Plush Doll Genuine,B07BBSG3TD
Ensemble Stars TakashiSachiin EiSatoshi stuffed fine Ansuta Fleurs,B01B9NUDNA
furyu Sakuma Rintsuki ensemble Stars! Hook figure Lin Yue Â· Izumi true Ansuta figure PVC Figure Figurine Genuine,B01J4AT86S
Eh Panda purple purple Kuttari stuffed Eh ~ Panda AAA ,B012N1AU9E
Furyu NemuNeko DX Plush Mochi Oishi Version - Yellow / Green Mochi,B0778LNYDF
Furyu 7.8 Knights of Sidonia: Placental Hoshijiro (Ena Hoshijiro) Special Figure,B00WS5FXQG
Furyu Re:. Zero Starting SSS Figure Figurine 21cm Red Hood Pearl Color ver 2set,B07QGPB8SG
Love live Sunshine bath towels Part2 3-year (single),B01NCSNKLR
Furyu Love Live! School Idol Project Complete Figure Kousaka Honoka PVC Figure,B00YZ5CDME
Kemono Friends Chobirume Petit Alpaca Suri Lion Moose Figure Set of 3,B077SHKHKS
furyuKRUNK Ã— Bigbang Super Big 3 SOL Sol Taeyang bae Stuffed Soft Plush Doll Genuine,B010XKGMTE
Furyu 6.7 Love Live!: Nico Yazawa Complete Figure,B00N60XWYM
Fate Grand Order Sanrio Shielder Mash (Mashu) Kyrielight Character Mini Figure Statue Collection Vol.4 Anime Art FGO,B07QKFVCZZ
Furyu is The Order a Rabbit? Bloom: Rize Tedeza Special Figure (Cheerleader Version),B08KNZQ537
Magi Shindobatto clear mascot Dorakon single item of adventure,B01M9C25QZ
Tamayura hitotose figure 1 maple & Kaoru animation prize Fleurs (all two full set + extra attaching,B0088YXIPE
Furyu Nemuneko White Cat Plush Cushion 30cm with Japanese Blue Pattern (Open Mouth),B07WDDWVDM
lovelive! Sunshine !! stuffed mascot to 3-year-Canaan Matsuura separately,B01LQ0XXU6
Shokugeki no Soma Figure set of 2 Takumi Aldini& Alice Nakiri by Furyu,B01CQJCLKY
Mochi Alien fan fan stuffed yellow propagation set Emi Naruse,B06XJSBDTC
Furyu 7.4 Yurikuma Arashi: Ginko Yurishiro Special Figure,B00XBPKPGK
Furyu Everyone's Lottery Bikkuriman Demon vs Angel D Award Glass All Three,B00XF4PRGA
Furyu 5 Super Sonico Friend Hold Figure White Ver,B017VXLKDO
Furyu Prize! Transformers Age of Extinction Real PVC Figure Bumblebee 6.5,B00UGI6MLW
Furyu Little Twin Stars Kiki and Lala Friends 2 Stuffed Soft Plush Doll Genuine,B07NMBT3J9
Furyu 7 Is It Wrong to Try to Pick Up Girls in a Dungeon?: Aiz Wallenstein Familia Myth Special Figure,B015Z0DJIY
Furyu 8.2 Love Live! Sunshine!!: Mari Ohara SSS Figure Mijuku Dreamer,B07FNHCLVW
Furyu 5.5 Kantai Collection: Kancolle: Northern Princess Abyssal Fleet Special Figure,B015UYB8E2
Furyu Cinnamoroll Pastel Big 35cm Stuffed Soft Plush Japan Limited,B07TX3MGPW
Furyu 8.2 Sword Art Online Alicization: Kirito SSS Figure,B07YG7DP1W
Tora-dora! Figure ~ Taiga & Minori - blitz 20th prize Fleurs (all two full set + Poster bonus),B00AQ987XC
Furyu Sanrio Cyber Girl SIRO Vtuber Design 12cm All Three Set Stuffed Soft Plush,B086DKW43B
Furyu Ssss.Gridman: Rikka Takarada Special Figure,B07T3YLG86
Furyu 5 Prison School: Meiko Shiraki Noodle Stopper Figure Cool Ver.,B01C9RI8OQ
Furyu 5 To Love Ru Darkness: Mikan Yuuki Noodle Stopper Figure (White Version),B074N2FGGK
Furyu 5.5 Persona 5 Royal: Goro Akechi Noodle Stopper Figure,B0844TNY12
Furyu 5.5 To Love Ru Darkness: Mea Kurosaki Noodle Stopper Figure (Black Version),B0722K96GX
Furyu 8.2 Love Live! Sunshine!!: Dia Kurosawa SSS Figure,B01N4QOIRB
Furyu 8 Fate/kaleid liner Prisma Illya 2wei!: Kaleid Figure Illyasviel von Einzbern,B00RT8MF54
Everyone's lottery Dangan refute hope the school and despair of high school students The Animation Wakkuwaku Dokkidoki ver G Award deformed figure Owada Monshi single item of,B00IB7W9OY
[Limited availability] Rewrite-rewrite - deformed figure 2 (all three sets) bird Akane Chihaya (japan import),B008GRL7LU
Furyu 8.2 Love Live! Sunshine!!: Dia Kurosawa SSS Figure Happy Party Train,B0799KQFP8
Pom Pom Purin Honey Bee Costume Mascot Plush - With Honey Spoon,B07FHK49SZ
Re: Zero -Starting Life in Another World-: Rem SSS Figure in Wonderland Antique Ver.,B0832F1PCB
Furyu 6.7 Love Live!: Nozomi Toujou Complete Figure,B00TPYAS2C
Furyu Ensemble Stars! -Ra bits- MurasakinoHajime Stuffed Soft Plush Doll Genuine,B01H5M14K0
Fate Grand Order Sanrio Berserker Cu Chulainn Character Prize Plush Toy Doll Collection Vol.5 Anime Art FGO,B07GYXDJLS
Furyu 8 Love Live!: Honoka Kosaka Special Figure,B01ANOBYL6
Furyu Love Live! Sunshine!! Kiyose Akame 1st Year Deformed Plush - Yoshiko Tsushima,B07D45LCQM
Love Live! School Idol Project Niko Yazawa PVC Figure,B01BVU0NMM
Furyu Strike Witches Figure - 3858 - 9 Perrine Clostermann,B005XTYE4G
Furyu My Melody Lie Down and Relax Big Stuffed Soft Plush 30cm My Melody Kawaii,B07T6T77DL
Ensemble Stars! Stuffed Kozuki three set,B01K1SJSYE
Furyu Sanrio Cinnamoroll 35cm Big Kuchiake Stuffed Soft Plush Japan,B07GJQNNZT
Furyu Love Live! Sunshine!!: The School Idol Movie Over The Rainbow: Riko Sakurauchi Hi! Cheese! Figure,B07TDJ3YN4
Furyu YOSHIKITTY Christmas Big Stuffed Soft Plush 27cm Japan Cute Kawaii,B0812CDJH7
SHOW BY ROCK !! Purazumajika Nesoberi stuffed [cyan] separately,B01M3PI8BD
Furyu Hello Kitty Sesame Street Plush - 3215 - 12 Kitty Elmo,B0051MLYPM
Furyu 6.3 Touhou Project Sanae Kochiya Super Special Series Figure,B07YC44L6F
Furyu World Conquest Zvezda Plot: Professor Um Special Figure,B00TPYCEPG
Furyu Ikki Tousen Western Wolves: Kanu Unchou Noodle Stopper Figure,B0832V8JZJ
Furyu Sanrio Pochakko Dojikko Pien 2 Big Stuffed Soft Plush 35cm Japanese ver.,B08HZ45H17
Fate Grand Order Sanrio Yan Qing Assassin of Shinjuku Character Mini Figure Statue Collection Vol.3 Anime Art FGO,B07PFK7SVH
Furyu Sanrio Characters Vampire Knight! Big Stuffed Soft Plush 35cm 3set Kawaii,B08HGSFNPG
Furyu Big Yeast Ken Chigiri Pome Bread Dog Plush| 11 Inches,B0825G16F3
Furyu 5.5 Sword Art Online Alicization: Kirito Aincrad Noodle Stopper Figure,B0844XS4FH
Fate Grand Order Master Hero Woman PVC Figure Tropical Summer,B0888WHNH7
Pom Pom Purin Sushi Mascot Plush with Elastic Band - Futomaki Pompompurin,B076DNNJBT
Furyu Ensemble Stars! Stuffed Toy 1-A Nagumo Tetsutora,B01MQ24IY2
Furyu Re:Zero Starting Life in Another World: Ram The Wolf and Seven Little Goats Fairy Tall Series SSS Figure,B07YTZW9G8
KRUNK ~ BIGBANG BANG BANG BANG BIG stuffed 3 set of 2,B01N99IOEN
Furyu Pom Pom Purin and Muffin Goodnight DX 35cm Plush Doll,B07W7W5BWB
Furyu 7 is It Wrong to Try to Pick Up Girls in a Dungeon?: Hestia Familia Myth Special Figure,B01AOKXDU4
Fate/Grand Order MoonCancer/BB Noodle Stopper Figure,B084X19B7R
Furyu Kemono Friends: Serval Chobirume Petit Figure,B06VVYT1W6
Furyu Sanrio Gudetama Standard Big 30cm nesoberi Stuffed Soft Plush Japan,B014D1EKGG
FMA Fullmetal Alchemist Nesoberi Lie Big Stuffed Plush Figure Toy Edward Elric 11.8,B0772M6DGK
Furyu 6.7 Kantai Collection: Kancolle: Aircraft Carrier Wo-Class Abyssal Fleet Special Figure,B00U28OO9S
FuRyu Ensemble Stars! Switch 16cm Plush - Natsume Sakasaki,B073XT4YQC
furyu Sanrio YOSHIKITTY Halloween Costume BIG stuffed Soft Plush 27cm kawaii,B07XF2W4M8
Furyu 7.4 Suicide Squad: Harley Quinn Special Figure,B077SV19P4
Furyu 5 Super Super Pochaco Noodle Stopper Figure Neon Green Ver.,B01DLQM5ZW
Furyu SHOW BY ROCK !! tri Kuronika Prince stuffed all three,B07D721LLB
Aria the Scarlet Ammo figure - Snow White u0026 gravel - Hoshitogishiroyuki - gravel whole set of 2,B007G455S0
Everyone's lottery selector infected WIXOSS C Award cushion Tama WIXOSS card bundled,B00QY7KWVK
Furyu Everyday Life Series 6 Super Sonico After Taking Bath Version Figure,B00KO3ELXK
Gakutchi Special BIG stuffed,B06XJKBNF9
KEYTALK MONSTER key talk monster BIG stuffed red,B06X9NPTLW
Little Busters! Little Busters! Character Figure 2 animation prize Fleurs FuRyu (with all two full set + Poster bonus),B01KPI7TVE
FuRyu CardCaptor Sakura Spinel Sun Lying DX 30cm Plush,B07BNZ2R75
Furyu Super Sonico Everyday Life Series - 4.5 Sonico Sitting with Fan Figure,B00PU0DELW
Furyu Fate Grand Order (Absolute Demonic Front Babylonia) Gilgamesh SSS Figure 21cm 8.26 inches,B083W2WVY6
Furyu Zombieland Saga Konno Junko Nekorobi Big Stuffed Soft Plush 30cm Kawaii,B07WNP7FWT
Furyu Yuki Yuna is a Hero: Yuki Yuna Character Figure Vol.1,B00TCADL8C
Furyu My Melody Girly Sweet Pink Big Stuffed Soft Plush Sanrio Japan,B07P5RF6HY
Everyone's lottery Dangan refute seedlings Makoto everyone| long-awaited C Awards stuffed,B01N26CEXA
Furyu Sword Art Online II Special GGO Gun Gale Online 6 Kirito Figure,B00RD489RC
The interested in meeting the people of the lottery dungeon grated draw wonder Goddess feast C Awards are wrong Clear Poster separately,B017CU86EC
Furyu 6.7 Girls Und Panzer: Yukari Akiyama Special Figure,B01JL5MBF6
Furyu Pompom Purin Ultra Big Stuffed Soft Plush 45cm Bow tie Japanese Kawaii,B07N811RKK
furyu My Melody wonder of forest BIG stuffed Soft plush 30cm japanese ver.,B0823KH3Q4
Furyu Darkstalkers: The Night Warriors: Morrigan Aensland Noodle Stopper Figure (2P Color Version),B0792MWNRC
Furyu 5 Touken Ranbu Online: Kashuu Kiyomitsu Noodle Stopper Figure,B019EX4POU
Furyu Show by Rock!! Chobirume Trichronika Shu Zo 5cm Petit Figure,B07PYYTCCQ
Furyu Fate/Grand Order: Master/Female Protagonist Special Figure Tropical Summer,B08JHR71MR
Furyu 6.7 Cardcaptor Sakura: Sakura Kinomoto Special Figure Series Happy Crown,B015S8ZGPW
Furyu 5 To Love Ru Darkness: Haruna Sairenji Noodle Stopper Figure (Red Version),B078V83C8J
Furyu 8.2 Love Live! Sunshine!!: You Watanabe SSS Figure Daisuki dattara Daijoubu!,B073MB9LGT
Furyu kimetu no Yaiba kisatutai Design Art Panel 25cm Japanese ver. Cute,B089SHMGBX
Furyu Love Live! School Idol Project Nozomi Toujou Character Figure,B00E57S52O
KRUNK ÃEBIGBANG tank top stuffed 2 V.I Sunri separately,B01294QLXE
Furyu My Melody Strawberry pochette & Shoes Big Stuffed Soft Plush Kuromi Sanrio Japan 30cm,B0844GG94H
Furyu 5.5 Fate/Grand Order: Foreigner Katsushika Hokusai Noodle Stopper Figure,B07SHGT2H2
Aria the Scarlet Ammo figure - Aria & Riko - Riko Mine separately,B00HRO2OYM
Furyu Osomatsu SAN JYUSHIMATSU Oyasumi Brother Big 14'' Plush,B076TNKNXS
Furyu 6.6 Is the Order a Rabbit?: Chino Kafu Special Figure (Tea Party Version),B07YFXRWR9
Sanrio My Melody & Kurumi 2L Kurumi Big Plush Doll,B00BCPMX7K
Furyu 6.7 Girls Und Panzer: Katyusha Special Figure,B076V745F4
Furyu Hatsune Miku: Kagamine Len Toonize Figure (Basic Color),B08CNG3W5B
Everyone's lottery dungeon would be wrong or D Award muffler towel determine the encounter [Ririruka],B013NCZJUM
Furyu 6.3 Re:Zero -Starting Life in Another World- Ram Noodle Stopper Figure (Oni Costume Version),B08DCQVSQR
Furyu Love Live! School Idol Project Kotori Minami Character Figure,B00EDFBVWY
Furyu Ensemble Stars Big Stuffed Adonis Single Item,B06XC1KXRR
KRUNK ~ BIGBANG BANG BANG BANG Sit stuffed full set of 5,B01MTDGA9M
Furyu Isutoken. Divided Ireland Big 2 Set Stuffed Soft Plush Doll Genuine,B0832D53GL
Furyu Accel World: Kuroyukihime Figure,B00CPQ5EJO
Furyu Eh Panda AAA Rainbow Tsumikko Mascot Blue (Shinjiro Atae),B00WGRJ5Y2
Everyone's lottery swords Ranbu A B C D last figure set of 5,B01M0EHEFL
Wise Man's Grandchild: Sizilien Von Klode 1:7 Scale PVC Figure| Multicolor,B086DNJ3MF
Furyu Gurren Lagann: Yoko Tokyo Cartoony Figure,B08KG45DD6
Gudetama Gudetto Hanami BIG stuffed,B01DHYLYUK
Furyu Show By Rock!!: Crow Special Figure,B01AA1F27O
B pro-B-PROJECT beating Ambitious bran dang stuffed plainclothes ver. MooNs Otosumi Momotaro separately,B06XGCSWNP
Furyu Sanrio Cinnamoroll with Muted Mouth 45cm Jumbo DX Plush Doll,B07WX4FRJH
Furyu 8.2 Love Live! Sunshine!!: You Watanabe SSS Figure Mijuku Dreamer,B07GZ41NXT
Furyu Super Sonico Concept Figure 80's Another Color (Yellow Version),B085PSVY5Z
Furyu Sanrio Characters Vampire Knight! Stuffed Soft Plush 17cm 5set Cute Kawaii,B08HJJJ8LC
Furyu 6.7 Food Wars!: Shokugeki no Soma: Alice Nakiri Figure,B01DGJKJK2
Little Busters! Characters figure 3 Little Busters! Prize flues all two full set of posters with extra,B003URGI0G
Furyu Love Live! School Idol Project Sonoda Umi Swimsuit ver. Figure,B00MU65IWM
Furyu Grand Bleu Fantasy Hook Figure Figurine 10cm Siegfried ver kawaii cute,B07X8H28JR
Furyu Cardcaptor Sakura: Sakura Kinomoto Special Figure Series Lovely Kitten,B00UZICWEE
Zombie Land Saga: Junko Konno 1:7 Scale PVC Figure,B07W1NW1LZ
Furyu 6.7 Cardcaptor Sakura Clear Card: Sakura Kinomoto Special Figure Series Tomoeda Junior High School Uniform,B07PVMZJKY
Furyu 5.5 Sword Art Online the Movie: Ordinal Scale: Leafa Noodle Stopper Figure,B07C9GN65H
Furyu furyuTouken Ranbu Online in The Number Length Sone Nagasone Kotetsu Stuffed Soft Plush Doll Genuine,B0823JL64B
Furyu Weiss Schn e e: 17cm Special Figure Bundled with 1 A.C.G. Trading Card (AMU-PRZ9551),B089YC46DL
Everyone's lottery ensemble Stars! Feedback F Award Animal stuffed Hitoshiusagi shepherd's purse single item of the king,B01H5QX5N0
Furyu 8 Love Live!: Rin Hoshizora Special Figure,B01CMHFOD6
Furyu Grandblue Fantasy Lancelot Special Figure,B08BZHFJZ3
Sissy pedal GRANDE ROAD stuffed Hakone Gakuen (1) Shinkai single item,B00WHZAXFI
Fate Grand Order Furyu Saber Miyamoto Musashi Figure,B07DD9HZRH
lovelive! Wobbling solar to 3-year-Yazawa Nico,B018XMYVOW
furyu ensemble Stars! 2 A Adonis Otogari stuffed Soft plush 16cm japanese ver.,B07JDPLNL1
Furyu Super Sonico Concept Figure 80's Another Color (Blue Version),B085Q48YXG
Furyu 3.9 Okami: Amaterasu Noodle Stopper Figure Petit (Roll Over),B01NALFLWO
Furyu Hatsune Miku with You (2018 Version) 1:7 Scale PVC Figure| Multicolor,B07KNYR8W7
Mawaru survival strategy figure 1 MAWARU-PENGUINDRUM Fleurs (all two full set + Poster with bonus),B017VYZKYI
Furyu Fate/Grand Order Archer Altria Pendragon Servant Action Figure| 7,B075B17PSD
furyu Cinnamoroll organdy ribbon light blue BIG stuffed Soft Plush 30cm kawaii,B07YS6FH8C
Furyu 5.1 Cyber Girl Siro Noodle Stopper Figure,B07KXM8RJG
Furyu 8 Fate/kaleid liner Prisma Illya 2wei!: Chloe von Einzbern Figure,B00T09EFA8
Furyu Ensemble Stars -! Knights - Tsukinaga Leo Stuffed Soft Plush Doll Genuine,B01F6PIJNS
Furyu Twigs Rise Cardcaptor of Sakura Sakura Big 2 Set Stuffed Soft Plush Doll Genuine,B00WBAA796
KRUNK ~ BIGBANG super BIG stuffed G-DRAGON Ji,B00Q6PAREC
Furyu A Certain Magical Index III: Accelerator Premium Figure,B07Q1NSBHP
Everyone's lottery wimp pedal -GRANDE ROAD- Maware! High rotation! A prize Arakita figure all one,B0129SH9AO
Furyu 6.7 Cardcaptor Sakura: Sakura Kinomoto Special Figure Series Cheerful Pink,B0105MRST8
Furyu Alien SSS Premium Big Figure (Special Color Edition),B07KXNVJLP
Furyu 8.2 Love Live! Sunshine!!: Chika Takami SSS Figure,B01LZA3WWJ
Furyu 6.7 Food Wars!: Shokugeki no Soma: Takumi Aldini Figure,B01DGJLLFE
Furyu Two Car: Megumi Meguro Special Figure,B0799J4ZJ9
Everyone's lottery ensemble Stars! 5 people equipped with meteor Corps! G Award cushion cover Ra bits Hitoshiusagi shepherd's purse separately,B01MDM3688
Furyu Pom Pom Purin Lying Down Nesoberi 40cm DX Plush Doll,B07W62ZZ27
Furyu 8.2 Love Live! Sunshine!!: Ruby Kurosawa SSS Figure Happy Party Train,B07D52SS1R
Furyu Love Live! School Idol Project Maki Nishikino u's Figure,B00K0XIMEI
Furyu Every Day Life Series 8 Super Sonico Making Sweets Time Version Figure,B00P22AGLE
Furyu Ensemble Stars! trickstar Snow True Stuffed Soft Plush Doll Genuine,B071NP9N78
Furyu Ass Detective Tissue Box case Ass Detective Stuffed Soft Plush Doll Genuine,B086KYLYL5
Furyu 6.7 Love Live!: Maki Nishikino Complete Figure,B00N612QNO
Furyu 8 Fate/kaleid liner Prisma Illya 2wei Herz! Figure Illyasviel von Einzbern (Another Version),B01JIFLK06
Furyu Ensemble Stars! -3-B- Tsukinaga Leo Stuffed Soft Plush Doll Genuine,B074CFRZNV
Touch Detective Nameko cultivation kit Collection Figure equipment Grade 8 universe Nameko flue prize,B00C3EV7KS
Everyone's lottery absolute despair girl Dangan refute AnotherEpisode C Award stuffed null tree clenched hand separately,B01A5BUE18
Furyu Hypnosismic Division Battle Figure Figurine 10cm MAD Trigger Crew Samatoki,B07S9WWPQZ
Furyu Sanrio Pomupomu Pudding Chocolate hat 41cm Big Stuffed Soft Plush Japan,B075YWJSDQ
Unusual talent battle Bloody Vivre Special figure Genesis World Create Chifuyu Himeki Anime prize flues in their everyday system,B00XFBSU7G
You touch Detective Nameko cultivation kit Special mascot star Nameko separately Nameko mascot doll stuffed Fleurs,B01KBDMFHG
Furyu Love Live! Sunshine!! Kiyose Akame 1st Year Deformed Plush - Ruby Kurosawa,B07D4676PJ
Furyu 8 Fate/kaleid liner Prisma Illya: Magical Ruby Illyasviel von Einzbern Figure,B00IV5YVSS
Furyu Zombie Land Saga NEKOROBI BIG stuffed Soft plush 30cm Sakura Minamoto,B07VWGVD3Y
Furyu Anim.O.V.E Fine Quality 8.5 Ice Lily Vocaloid Figure,B00JM5GJ1S
Furyu 6.7 Super Sonico Concept Figure Holy Girl Black Ver.,B01KBSMIUA
Furyu 'M Your Spirit Your Spirit and Tapioca XL Product Stuffed Soft Plush Doll Genuine,B084FD6MMW
Sound of the Sky Collection Figure vol.2 Rio,B01AZ4TOR0
Furyu Love Live! Sunshine!! The School Idol Movie Over The Rainbow: Ruby Kurosawa Hi! Cheese! Figure,B0834Q2W72
Christmas set winter Komi acrylic key chain Akita Shoten reeds Kiba,B01NCVLTY9
furyuKRUNK Ã— Bigbang Bang Bang Bang BIG1 2 Set Stuffed Soft Plush Doll Genuine,B01M9H37NI
Furyu Food Wars!: Shokugeki no Soma: Erina Nakiri Figure Last get Prize by Everyone's lottery,B01BBV29RI
lovelive! Sunshine !! stuffed mascot sophomore Koumi Sen'uta separately,B01JHRNZ58
Furyu 6.7 Fate/stay night UBW Illyasviel von Einzbern Master Figure,B016EJBGPS
Furyu 4.6 Do You Love Your Mom and Her Two-Hit Multi-Target Attacks?: Mamako Oosuki Noodle Stopper Figure,B07XH46G6W
Furyu Rezero Re:Zero Ram in Milky Way SSS Figure 21cm,B088B9P537
Furyu Fate Grand Order Ruler Jeanne d'Arc Action Figure| 7,B01N0AFUGY
Furyu Gudetama Together With Gyudechama 40cm DX Plush Doll,B07F3KRXMR
Furyu 3.9 To Love Ru Darkness: Golden Darkness Noodle Stopper Figure (Black Version),B01MQUUMM1
Furyu You Watanabe Figure SSS Love Live! Sunshine!! Anime Statue,B076QH9PWP
Furyu Re:Zero Starting Life in Another World: Emilia Sleeping Beauty Fairy Tall Series SSS Figure,B08KD69J68
Certain Magical ‡U Santa figure Kuroko separately,B00EMSNEKY
Furyu Sword Art Online (S.A.O) Figure Asuna on Stairs| 6.5,B00CFICFJY
Furyu Cherry Blossom Pom Pom Purin With Green Beret 12 Plush,B06Y91F715
Furyu Wonder Woman 1984 Special Figure,B089SRGBMR
lovelive! Sunshine !! Pass Case - first grade - Yoshiko Tsushima (single),B01N0HFK0D
Everyone's lottery Heavy Object last Get Award Mirinda figures - Special Color ver.,B01CS3HIYM
Ensemble Stars! UNDEAD Dark Knight Halloween mini figure Sakuma zero separately,B01M0761WY
B-PROJECT ~ beating Ambitious ~ Nu dang Nesoberi stuffed north gate Lun ”ù¹ (single),B01M26N3DF
of furyu Cinnamoroll Ultra Big Cinnamon Wink 45cm Big Stuffed Soft Plush Doll Genuine,B087R5NJ64
Furyu 8.2 Love Live! Sunshine!!: Kanan Matsuura SSS Figure Happy Party Train,B078YHTFHW
Furyu Love Live! School Idol Project Ayase Eli Nico Plush Toy,B01IRW1NFI
Furyu Ensemble Stars! -3-A- Morisawa Chiaki Stuffed Soft Plush Doll Genuine,B0857D95TX
furyu ensemble Stars! ! fine Tori Himemiya stuffed Soft plush 16cm japanese ver.,B084ZNG79V
Furyu furyuDREAMS Come True Debut 30 Anniversary Dorikuma-Warukuma Soft Color Dorikuma Stuffed Soft Plush Doll Genuine,B07VWH7QXP
Re: Zero Starting Life in Another World: Rem (Oiran Dochu Version) 1: 7 Scale PVC Figure,B07VMJDPF4
Mawaru survival strategy figure 1 Princess Of The Crystal separately,B01FEWLUZW
furyu My Melody large stuffed toy Classic 55cm,B078871XLF
Furyu Silica: ~6.2 Sword Art Online The Movie: Ordinal Scale x Statue Figurine + 1 Anime Themed Trading Card Bundle (PRZ8456),B075WFV7YX
Furyu THE IDOLMASTER side M Design by Sanrio stuffed Soft plush 15cm vol.7 Kei,B0822QPH4R
Furyu 6.7 Girls Und Panzer: Yukari Akiyama (Winter Clothes Version) Figure,B079FQJ639
Furyu Re:Zero Starting Life in Another World SSS Figure Set Rem and Ram in Milky Way,B08BC5PXHF
Furyu 5.5 Sword Art Online: Alicization: Yui Noodle Stopper Figure,B07JMN15M6
furyu My Melody Kuromi Glitter Doll BIG stuffed Soft plush 30cm cute kawaii,B081MSK7DM
Fullmetal Alchemist Special Figure Roy Mustang Another Version 19cm 7.48 inches,B081LVZSNN
Furyu The Movie Black Butler Book of The Atlantic : Ciel Phantomhive & Sebastian Michaelis Special Figure Set [Japan Import],B07YYZ8K1X
Furyu Love Live! School Idol Project Nico Yazawa u's Figure,B00KRNYZKQ
Furyu 8 Fate/kaleid liner Prisma Illya: Magical Ruby Illyasviel von Einzbern Figure Wieder,B00O5M115W
Furyu Sword Art Online (S.A.O) Figure Classic Version 1 Asuna on Stairs| 6.5,B00I0N8M0E
KRUNK BIGBANG Hatohagu BIG stuffed 2 T.O.P single item,B010OZ2EKO
Furyu 6.3 Touhou Project Reimu Hakurei Premium Perfect Cherry Blossom Figure,B06XNNYK8M
AAA Eh Panda Neck Pouch Stuffed Green Green Naoya Urata,B00XSVRKB0
Furyu 5 Super Super Pochaco Noodle Stopper Figure Suntan Ver,B01MTL3I8B
Furyu 5.1 Kizuna AI Noodle Stopper Figure (Smiling Version),B07RB3VNL2
Furyu Ensemble Stars! -1-B- Shinobu Sengoku Stuffed Soft Plush Doll Genuine,B071WH3VY5
KRUNK × BIGBANG アップリケポーチ T.O.P スンヒョン 単品,B011E2SCVG
Furyu Super Dangan refute 2 Goodbye Despair School Puppet Komaeda Stuffed Soft Plush Doll Genuine 25cm,B00JUYZSQI
Furyu 8.2 Love Live! Sunshine!!: Mari Ohara SSS Figure,B06ZZJHCFM
Furyu To Love Ru Darkness Haruna Sairenji PVC Figure,B00IDRT1HK
Hirakata Park sissy pedal systemic memo clear file Makishima,B01N9RGU9J
Love Live! Complete figures ear LoveLive! Complete Figure Anime prize Fleurs all two Furukonpu set by flue,B01APPLTUE
Furyu Kimetu no Yaiba Ã— Rascal Collaboration Big Vol.3 Rengoku Soft Plush 23cm,B08LYL6NVY
Furyu Ensemble Stars! ! Knights Narukami Arashi Stuffed Soft Plush 16cm,B0872DWN5L
Civilization Hirakihana Aoi seat Revelations Amazon limited drama style CD super-Aoiza pink performance standards and Kensuke Hen & bonus track,B00GQR4T9E
Little Busters! Character Figure gym clothes Ver Kurugaya Yuiko all two,B00P2ALYJY
Furyu Cardcaptor Sakura Hot Cake Cerberus Kero-Chan DX 30cm Plush,B07WVG76VY
Furyu I para Orekkuma My Summer Big 2 Set Stuffed Soft Plush Doll Genuine,B073R9QCWP
Hidamari Sketch ~ honeycomb Collection Figure 3 Fleurs (with all two full set + Poster bonus),B01KPI43KY
Touken Ranbu -ONLINE- little bit hooked figure Petit 1 all four set,B015ZMTOJA
Everyone's lottery Dangan refute 3-The end of hope-month peak Gakuen - Mirai Hen E Award porch all three sets,B01LX80D4E
Unusual talent battle Bloody Vivre Special figure primordial root-of-origin Ayayumi Takanashi Anime prize Fleurs Poster bonus in their everyday system,B00Y48FX38
Furyu FR10526 Tsuujou Kougeki Oosuki Mamako Noodle Stopper Figure,4105266543
Danganronpa Three-Dimensional Mug Cup Bver,B0745G7WL1
Furyu Along My Melody Girly Pink Big Chromium Stuffed Soft Plush 17cm Japan,B086BT2NHG
Furyu The Irregular at Magic High School: Miyuki Shiba Shiba Brother Figure,B00MLLYF2A
Furyu Zombie Land Saga: Ai Mizuno 1:7 Scale PVC Figure| Multicolor,B07VWD8SCY
Furyu Domestic Girlfriend: Hina Tachibana Figure,B07YMJJZ11
Fate/Grand Order Saber 6.5 Mascot Plush,B06XHQJ4LX
Furyu 6.7 Love Live!: Umi Sonoda Complete Figure,B00RAIO7LS
Attack on Titan Chobirume Collection Levi Ackerman PVC Figure,B01AOKXGGA
Furyu Magi Shindobatto Clear Mascot Hunin Single Item of Adventure,B01MAXH2H0
Furyu Re:Zero Starting Life in Another World: Ram Mermaid Fairy Tall Series SSS Figure,B08H14M7KS
Furyu Danganronpa 3: The End of Kibougamine Gakuen 6 Plush - Makoto Naegi,B01N8X9RLZ
Furyu 5.5 Sword Art Online Alicization: Alice Synthesis Thirty Noodle Stopper Figure,B085CBS6G8
Furyu 6.2 Touhou Project Reisen Undongein Inaba Special Figure,B07W96QFQW
Furyu Angel Beats! Scene Figure - 6 Kanade Tachibana,B005NKD7B6
Fate Grand Foreigner/Katsushika Hokusai Noodle Stop Figure,B08HNKK2SF
Furyu 8.2 Sword Art Online Alicization: Lisbeth SSS Figure,B07TSGGLD3
Demon Slayer: Kimetsu no Yaiba: Hikkake Figure 2 - Set (3 Items),B00RKS47KE
Furyu Tuxedo Sam Pink Character Bag 20cm Japanese ver. Cute Kawaii,B08G1VGJMG
Chobiru Me figure Mikasa separately Attack on Titan,B01M4MHETF
Furyu Cinnamoroll Dream Replacement Spring Big Milk Stuffed Soft Plush Doll Genuine 25cm,B07PVV6D51
Furyu Love Live! Sunshine!!: The School Idol Movie Over The Rainbow: Hanamaru Kunikida Hi! Cheese! Figure,B07ZVD2QP5
Yuri !!! on ICE bath towels all three set Viktor Niki follower Krumlov Kachisei Yuri Yuri pre Seth key,B0719VPLCJ
Rewrite heroine figure 1 Feng Chihaya [prize],B005UWKCYM
Furyu Sword Art Online II Special GGO Gun Gale Online 6.5 Sinon Action Figure,B00RPGWLI6
Love Live! Sunshine !! Pass Case freshman Kurosawa Rubyi single item,B06XBDRZTH
Furyu Ensemble Stars! -Ra bits- White Tomoya Stuffed Soft Plush Doll Genuine,B01H5M2EAE
Furyu Cute Lie of Otter Halloween Big 44cm Stuffed Soft Plush Doll Genuine,B08BNJBCY9
Furyu Princess Connect! Re:Dive: Kokkoro Special Figure,B08H845HCP
Furyu My Melody OH! Ninja Big Stuffed Soft Plush 30cm 2set Japanese ver. Kawaii,B089CHT3S8
AAA Eh panda Sit stuffed all seven,B01IBPGYDW
Ensemble Stars! Pure white Tomoya face pouch single item,B01MPZPVWZ
SHOW BY ROCK !! Tri Kuronika & maple Nesoberi stuffed oxalic zone separately (prize),B01MXXO9F9
Re: Zero Starting Life in Another World: Rem (Shiromuku Version) 1: 7 Scale PVC Figure,B07RTBRCBS
Furyu 8 Fate/kaleid liner Prisma Illya 2wei!: Kaleid Figure Chloe von Einzbern,B01ISNTQOQ
Furyu Sword Art Online S.A.O. 2 Silica 6.5 Action Figure,B00CN97HIY
furyuKRUNK Ã— Bigbang Super Big Nesoberi V.I Sunri Stuffed Soft Plush Doll Genuine,B0784R1117
KIRIMI chan. Yellowtail kun and Kamaboko chan together stuffed path case Kamaboko chan separately,B01N9ZFWSO
Furyu Albedo 1/7 Scale Figure アルベド 1/7スケールフィギュア,B07QH43VW1
Furyu 5.9 Yu-Gi-Oh!: Seto Kaiba Noodle Stopper Figure,B07T8GV91L
Furyu 6.7 Fate/kaleid liner Prisma Illya 2wei!: Illyasviel von Einzbern Magical Beach Figure,B00WMEY6LQ
Ensemble Stars! Stuffed -Ra bits- Hikari Tenma,B01H5M376O
Osomatsu's Goodnight 6 retaining clips BIG stuffed fourteen pine about 35cm,B01G3JBL8Q
Furyu Furyu Sword Art Online 6.5 Asuna with Sword Action Figure,B0131DVKNS
Love Live Yoshiko,B073TJ9DBJ
FuRyu Ensemble Stars Rei Sakuma DX 30cm Plush,B07556VXPW
Zombie Land Saga: Sakura Minamoto 1:7 Scale PVC Figure,B07VTRK5PF
Furyu 6.7 Is the Order a Rabbit??: Cocoa Special Figure (Sailor Version),B07MJGZBYL
Girls & Panzer Angler rubber cord with stuffed 2 [Boko separately] of the team,B01K4CFXPA
Furyu Fairy Tales Series 7 Super Sonico Mermaid Version Figure,B01AOKZO10
Pom Pom Purin Sushi Mascot Plush with Elastic Band - Pompompurin Sushi Chef,B076DJJNYX
Furyu 6.7 Yu-Gi-Oh! The Dark Side of Dimensions: Dark Magician Girl Magical Cute Figure,B01CBB65SQ
Everyone's lottery swords Ranbu Hanamaru G Award Mochipuchi acrylic key chain Yagen Toshiro,B06XPXNCDY
Furyu 6.3 Girls Und Panzer: Marie Special Figure,B07HNGDCGR
Furyu Re:Zero Starting Life in Another World: Rem in Wonderland SSS Figure,B07J5R46VL
Furyu 6.7 Yu-Gi-Oh! The Dark Side of Dimensions: Yugi Muto Duelist Special Figure,B01FA0IWKO
Of Sonico her life adhesion interview Special figure morning toothpaste Super Sonico Pretty SUPER SONICO prize flue,B00H07ZZJC
Furyu Nemuneko DX Plush Winter Color Fluffy Version - White / Teal,B0778HNZ62
Furyu Love Live! School Idol Project Kotori Minami u's Figure,B00IV604F6
Furyu Love Live! Stuffed Toy Mascot ~ Printemps ~ Ear ”T‰Ê-Bird-Kayo All Three Sets,B00W6XAUR2
Furyu 6.6 RWBY: Weiss Schnee Special Figure,B07FNJL6GM
Furyu 3.9 Avengers: Infinity War: Iron Man Noodle Stopper Figure,B07V7QJ35S
Furyu 5 To Love Ru Darkness: Haruna Sairenji Noodle Stopper Figure (White Version),B075XJLKMM
Danganronpa 3: The End of Hope's Peak High School Future Arc 6 Plush: Yasuhiro Hagakure,B01MS7G7WE
Accel World Infinite burst Kuroyukihime Special figure AW yukata anime Figures Collectibles prize flue,B01J5JX8OQ
Furyu Super Sonico Genie of the Lamp Fairy Tall Series SSS Figure,B072MC6THS
Furyu Ensemble Stars! Stuffed 2-A Koritaka Hokuto,B01MSHW30U
Furyu 8.2 Love Live! Sunshine!!: You Watanabe SSS Figure Happy Party Train,B0799JDHRR
Furyu GRANBLUE Fantasy Stuffed Soft Plush 1 16ãŽ Belial Japanese Limited Cute,B07S8ZHJPH
KRUNK BIGBANG Hatohagu BIG stuffed 2 D-LITE,B013UD7JKM
Ensemble Stars! UNDEAD Dark Knight Halloween mini figures all four set,B01KDW4JT2
Ensemble Stars hooking figure Shinobu Sengoku,B01G8L0MOS
Furyu Laid Back Camp: Nadeshiko Kagamihara (Premium Noodle Stopper Version) 1: 8 Scale PVC Figure| Multicolor,B07S171WJ1
B-PROJECT beating Ambitious NEXT DREAM everyone of lottery F Award Metal Charm G Award clear file ~ Takeshi Kaneshiro ~,B06WP4PH64
Super Sonico noodle stopper figure Wink Wink border black border separately,B06XYFWP4Z
Furyu Hook Figure Demon Slayer Kimetsu no Yaiba Tanjiro Kamado Zenitsu Agatsuma Hanging Figures,B07WPSQDFW
Furyu GRANBLUE Fantasy Stuffed Soft Plush 1 16ãŽ Lucifer Japanese Limited Cute,B07SFDRH77
Furyu My Melody Girly Purple Big Stuffed Soft Plush Kuromi Sanrio Japan,B07W4THKN3
Photo Kano photo session figure 3 [C. or HazamaSaki of the (single)],B00G571CQS
[Blitz 20th] Accel World Chobiru Me figure Accel World All three set Kuroyukihime Chiyuri Nico,B009LDZUSY
Furyu Sanrio Danshi Boys Deformed 16cm Mascot Plush - Kota Hasegawa,B07WP778JJ
Furyu Ensemble Stars Valkyrie 6.3 Plush - Kagehira Mika,B01MU838KJ
Furyu Kyofu! Zombie cat Illustrations Porch All Four Set,B01IBFVRNO
Furyu Sanrio Danshi Boys Deformed 16cm Mascot Plush - Yu Mizuno,B07WP8CC74
Furyu Sword Art Online Ordinal Scale: Yuna 1: 7 Scale PVC Figure,B07NRKFP8D
FMA Fullmetal Alchemist Nesoberi Lie Big Stuffed Plush Figure Toy Roy Mustang 11.8,B0772HHPLS
Furyu Cinnamoroll Choir BIG stuffed Soft plush 25cm Blue cinnamon kawaii cute,B083NSJ34D
Sword Art Online vignette figure classic ver. Asuna Battle game animation prize Fleurs,B00H6XD6DM
Big Stuffed of furyu My Melody Uruuru Omeme Soft Plush Kuromi Sanrio Japan,B083H7LYHY
Furyu Attack on Titan 7.5 Eren Yeager Figure,B00LK0N3W6
Furyu 5.5 Fate/Grand Order: Caster Nitocris Noodle Stopper Figure,B07H8ZV1WT
Furyu Re:Zero Starting Life in Another World: Ram kaguya-Hime Fairy Tall Series SSS Figure,B07T633DFB
furyu ensemble Stars! ! fine Yuzuru Fushimi stuffed Soft plush 16cm japan,B084ZN9FX7
Girls und Panzer theater version is captains! Stuffed 3 all three sets per also Gomuhi,B01N38AANL
Furyu Sinon: ~6.7 Sword Art Online The Movie: Ordinal Scale x Statue Figurine + 1 Anime Themed Trading Card Bundle (PRZ8225),B0757YMRNY
Furyu 8.2 Love Live! Sunshine!!: Chika Takami SSS Figure Daisuki dattara Daijoubu!,B07118LP5Z
SHOW BY ROCK Purazumajika swimsuit stuffed all four set,B01HXL31CM
Furyu Minnano Kuji Touken Ranbu@Online Towel Camp 2nd Wild Dance of Swords Hand Towel G Award Imanotsurugi,B073BDW56F
B-PROJECT ~ beating Ambitious ~ clear mascot sound already (single),B01MQPDFZT
Gudetama sushi & Nesoberi BIG stuffed sushi single item,B0186VSGX2
Furyu Fullmetal Alchemist: Edward Elric Special Figure,B075SCFXQV
Furyu S.A.O. Sword Art Online: Asuna Yuuki Alo 6 Action Figure,B00G4DULP6
Accel World Avatar figure AVATAR FIGURE Fleurs (with all two full set + Poster bonus),B01KPI8NSM
Furyu Archer Artoria Pendragon: ~7.1 Fate/Grand Order x Statue Figurine + 1 Anime Themed Trading Card Bundle (PRZ8549),B07BR3KXYW
Eh panda AAA Nesoberi stuffed yellow Mitsuhiro Hidaka,B00JZDKUOY
Furyu Re:Zero Starting Life in Another World: Ram Candy House Fairy Tall Series SSS Figure,B084VL7YKY
Furyu Super Sonico Concept Figure Military (Urban Camouflage Version),B07M61THT3
Furyu My Melody Navy & Pink Big Chromium Stuffed Soft Plush Doll Genuine,B07Q1WRLH1
Furyu 5 Super Sonico Noodle Stopper Figure Pink Ver.,B00PLBX79O
Furyu 5.9 Persona 5 Royal Joker Noodle Stopper Figure,B082CZBHYK
Furyu 6.3 Re:Zero -Starting Life in Another World- Rem Noodle Stopper Figure (Oni Costume Version),B08G57RX3Z
Furyu Love Live! School Idol Project Honoka Kousaka u's Figure,B00IV60398
Furyu Sanrio Cinnamoroll Purple Hydrangea Flower 30cm Plush Doll,B07V5D6DVZ
furyu Re: Zero kara Hajimeru Isekai Seikatsu SSS figures fairy tale series The Wolf and the Seven Young Kids [Rem| Ram 2 set] PVC Figure Figurine Genuine,B082WB153W
Furyu Dangan refute Hope of high School Students of The School and Despair The Animation Monokuma Big 2 Smile Stuffed Soft Plush Doll Genuine,B00IHZ6RKW
Furyu Danganronpa: Junko Enoshima Minna no Kuji -Wakkuwaku no Dokkidoki- Figure,B00N1UFXX0
FuRyu Nemuneko 13‘’ Fluffy Big White Cat Plush With Pink Winter Poncho,B078Z54ZL7
Furyu 5.5 Avengers: Endgame: Captain America Noodle Stopper Figure,B07WCRVYPZ
Furyu Re:Zero Starting Life in Another World: Rem Candy House Fairy Tall Series SSS Figure,B0811Z7CCR
furyu SANRIO CHARACTERS Spooky night My Melody BIG stuffed Soft Plush 35cm,B0834CHRGX
Food Wars!: Shokugeki no Soma: Erina Nakiri Figure A Prize by Everyone's lottery,B01AA0PONM
Furyu Sanrio Characters Spooky Night Gentleman Pochakko Soft Plush 17cm,B07XSBW499
Furyu Ensemble Stars! -Undead- 4 Set Stuffed Soft Plush Doll Genuine,B01EC8ZC8U
Furyu 6.7 Girls Und Panzer: Darjeeling Special Figure,B01LHGKRTE
Furyu Fate Grand Order Lancer Scathach Action Figure| 7,B01NAESLQ9
Furyu Ensemble Stars Knights DX 10 Plush - Ritsu Sakuma,B01MU3N8J0
Furyu Fate Grand Order Lancer Scathach Third Ascension Action Figure| 7,B07BRL3QHT
Furyu Nemuneko Cute and Fluffy Cat Plush 13'' with Mouse Biscuit ~ Large White Cat Kitty Neko Plush,B074WKH4LB
Ikki Tousen Western Wolves Noodle Stopper Figure Uncho Kanu,B086D1B5G8
Furyu Accel World Infinite Burst Kuroyukihime Special Figure| 7,B01LXISE0K
Furyu Ensemble Stars !! Knights 5 Set Ansuta Knights New ver Stuffed Soft Plush Doll Genuine,B0872DYF5R
Furyu Rascal the Raccoon sherbet color mascot stuffed C,B07D6ZQKYQ
Dance ☆ Deco in style ~ Jewel pet magic! [Japan Import],B0095BNKP2
Furyu 8.2 Love Live! Sunshine!!: Riko Sakurauchi SSS Figure Daisuki dattara Daijoubu!,B071FY1WC9
Furyu Toradora! figure Taiga & Minori Taiga Aisaka separate,B00IG3JIYC
Furyu 8.6 Super Sonico Mermaid SSS Figure,B07BGTMXJ9
Mawaru survival strategy figure 2 anime character Fleurs (whole set of 2 + Poster with bonus),B0095PC2BG
Furyu Love Live! Sunshine !! Book Type can case CYaRon! (Sharon),B06XR1W6XM
Furyu Chiitan Puppet Stuffed SoftPlush bat Japan Limited Goods Kawaii Otter,B07NPC9GRF
Furyu Love Live! Sunshine!!: The School Idol Movie Over The Rainbow: Riko Sakurauchi Hi! Cheese! Figure,B07YJ1TX1W
B pro-B-Project Beating Ambitious Moons Porch,B06XSW9NLC
Furyu Love Live! School Idol Project Rin Hoshizora Character Figure,B00D5TERWA
Furyu KRUNK ~ Bigbang Monster Mascot 1 G-Dragon Ji Single Item,B017UBOW46
Furyu Ensemble Stars! 2-B Okami Akirakiba Stuffed Soft Plush Doll Genuine,B073WQBZG6
Furyu 5 Gurren Lagann: Yoko Noodle Stopper Figure,B0763J4PTV
Everyone's interested in meeting in the lottery dungeon Award wonder if last get wrong Hestia figures - Special Color ver. ~,B013MNCZUO
Furyu Cinnamoroll Cherry Blossom Big 2 Set Stuffed Soft Plush Doll Genuine,B0868BQGVK
Card Captor Sakura Keroberos Laying Down 16 Plush,B07BJKX42B
is The Order a Rabbit?: Cocoa (Cheerleader Version) Non-Scale PVC Figure,B085F3SMM5
Furyu My Melody Shop Style stuffed Soft plush 17cm KUROMI Â· MYMELO 3set,B07Z8HRCNN
Furyu 6.7 Cardcaptor Sakura: Sakura Kinomoto Special Figure Series In Uniform,B01L8JJPMU
Furyu 5 To Love Ru Darkness: Nana Astar Deviluke Noodle Stopper Figure (White Version),B075C3SKWT
Furyu 6.3 Touhou Project Yuyuko Saigyouji Super Special Series Figure,B07M76X7F7
Furyu Pom Pom Purin with Muffin Motifs DX 45cm Plush Doll,B07PZZ7HHD
Furyu Ensemble Stars! ! Knights Sena Izumi Stuffed Soft Plush 16cm,B0872F3QYS
Furyu The Irregular at Magic High School: Tatsuya Shiba Shiba Brother Figure,B00SIMOH6U
KRUNK ~ BIGBANG super BIG stuffed 2 ~ T.O.P hyung ~,B00XJJ5KU4
Furyu Sanrio Danshi Boys Deformed 16cm Mascot Plush - Ryo Nishimiya,B07WXFSM1F
Swords Ranbu ONLINE clear mascot whole set of 6 (prize),B012Z7PT8I
Furyu 8.2 Love Live! Sunshine!!: Dia Kurosawa SSS Figure Mijuku Dreamer,B07KXML2SD
Furyu Yuru Camp Laid-Back Camp Nadeshiko Kagamihara Special Figure 18cm,B0846FTVZD
Furyu 3.9 Mirai Akari Noodle Stopper Figure (Hello Version),B07TPRWS97
Furyu 3.9 To Love Ru Darkness: Golden Darkness Noodle Stopper Figure (White Version),B01MQUUGML
Furyu Sanrio Hypnosis Mic Big 30cm Ichiro Stuffed Soft Plush Japan,B07ZBVW67W
Datenshi no Amai Yuuwaku x Kaikan Phrase [Japan Import],B002S0NGY2
is It Wrong to Try to Pick Up Girls in a Dungeon?: Hestia 1: 7 Scale PVC Figure,B07V6KJMSB
Furyu Everyone's lottery ensemble Stars! Feedback H Award rubber strap of the king Trickstar 4 Set of Comp,B07D71CQB8
Sissy pedal NEW GENERATION New Year secret clear acrylic key chain & Maruei killer whale rubber strap Onoda 3-piece set,B01MT924RZ
Furyu 8.2 Love Live! Sunshine!!: Ruby Kurosawa SSS Figure,B01M25QJE7
Furyu Sanrio Cinnamoroll cat Costume Black 16cm Stuffed Soft Plush Japan,B084T92Q39
Furyu 3.9 Mirai Akari Noodle Stopper Figure (Smile Version),B07TJDRFFR
Furyu Haiyore Nyaruko-San Cthuko Cthugha PVC Figure,B00EVAWQSO
Yuri!!! On ICE stuffed all three set,B06XPJ12DY
Furyu kyou Kara orewa !! Theater Version Big Stuffed Soft Plush 26cm 2set,B08FMTW2TX
Furyu 7.8 Touken Ranbu Online: Namazuo Toushirou Special Figure,B01GAZ1G2E
Furyu ! Ensemble Stars Big Stuffed - Kaoru éD”n - [Hakaze Kaoru Kaoru Separately],B01MPZEHE9
furyuKING of Prism by PrettyRhythm Mascot 3 Kinpuri Juo Council Kakeru Stuffed Soft Plush Doll Genuine,B073V5CNVV
SHOW BY ROCK !! Purazumajika instrument acrylic key chain all four,B01K9ON0GW
CLANNAD Kuranya etc. Figure 1 Animal ver. Out of the total two only Fuko Ibuki,B0056MXDT2
furyu movie Doraemon 2020 Doraemon BIG stuffed Soft plush 35cm japanese ver.,B084V73923
A Certain Magical Index Ⅱ Character Figure1 -Index-,B07DCBX45J
Furyu Sword Art Online 5.5 Kirito with Sword Action Figure,B0131DMQFO
Super Sonico 80's Style Set 2 PCS Character Prize Figure Statue Furyu Anime Art Collection,B07DCPWCFC
D Gray man HALLOW bath towel Lavi D.Gray-man,B01ILO4K3E
Furyu 3.9 To Love Ru Darkness: Golden Darkness Nakayoshi Hold Figure,B07P8YLSFQ
furyu ensemble Stars! ! fine Eichi Tenshouin stuffed Soft plush 16cm japan,B084ZNGCJV
Furyu My Melody Lie Down and Relax Big Stuffed Soft Plush 30cm Kuromi Kawaii,B07T4NSW8P
Furyu Pochakko OH! Ninja Big Stuffed Soft Plush 30cm 2set Japanese ver. Kawaii,B089D2D6LJ
Eh Panda AAA Rainbow Tsumikko mascot orange (Takahiro Nishijima),B00WGRJ3M6
Rewrite scene figure Kobe birds separately,B009JBJ7LO
King of prism KING OF PRISM by Pretty Rhythm BIG cans badge Saionji Leo separately,B01HEVITIC
Ensemble Stars! Stuffed UNDEAD Hakaze Kaoru separately,B01EC994JC
Furyu 4 Hatsune Miku Noodle Stopper Figure (China Version),B08DCDLNPW
Furyu 6.7 Is the Order a Rabbit?: Chino Kafu Tea Time Special Figure,B01EM9DUEC
Furyu Sword Art Online Alicization Stuffed Soft Plush 16cm Alice Eugeo 3set,B07R1P22Q5
Furyu Grand Bleu Fantasy Figure Figurine 10cm Vane Siegfried Eustace Vane ver.,B07ZBV6GMS
Furyu Lily from Anim.o.v.e Premium Figure - 3854 - 10 Lily,B008MF69UU
Furyu 6.7 Cardcaptor Sakura: Sakura Kinomoto Special Figure Series Sakura Card,B01N2MGXDM
Furyu Fate/Grand Order Rider Altria Pendragon Santa Alter Servant Action Figure| 7,B076KBYDLK
furyu ensemble Stars! ! fine Wataru Hibiki stuffed Soft plush 16cm japanese ver.,B084ZP371J
Furyu My Melody Soft Dreamy Big Stuffed Soft Plush 37cm Kuromi Kawaii Japanese,B07RR7Q6Y3
Furyu 6.7 Girls Und Panzer: Miho Nishizumi Special Figure,B01MR9RJF2
Furyu 8.2 Love Live! Sunshine!!: Riko Sakurauchi SSS Figure,B01N7Z82JV
Furyu Strike Witches Figure - 3858 - 9 Erica Hartmann,B007RGC5RQ
Furyu Ensemble Stars Sakuma Rei Unit Costumes Undead Stuffed Soft Plush Doll Genuine,B07DS9DR3D
Danganronpa 3: The End of Hope's Peak High School Future Arc 6 Plush: Juzo Sakakura,B01MUAPWEC
Furyu Love Live! School Idol Project Kousaka Honoka Beach Figure,B00KRNYXG2
Furyu 5 Super Sonico Friend Hold Figure Gold Ver,B017VYZ38Q
Furyu Lily from ANIM.O.V.E Fury 7 Action Figure (Fine Quality),B00BRGXPXK
FURYU MODEL DEBUT #NICOLA NINTENDO SWITCH REGION FREE JAPANESE VERSION,B07VZW9N5D
Furyu Strike Witches Figure - 3858 - 9 Eila Ilmatar Juutilainen,B006F1MSM6
Furyu My Melody Nekomimi Halloween Stuffed Soft Plush 17cm 3set Japanese ver.,B08GKYQQXZ
Love Live Sunshine Chobirume Figure Azalea - Hanamaru,B01LYDE7CJ
Furyu Sanrio Cinnamoroll Cinnamon Antique Style Big Purple Stuffed Soft Plush Doll Genuine 30cmcm,B07WPHJG2M
The Legend of Zelda: A Link Between Worlds 2 Cosplay Cap - Type A - Link. Imported from Japan.,0298765667
Furyu 8.2 Love Live! Sunshine!!: Yoshiko Tsushima SSS Figure Mijuku Dreamer,B07FNFT29P
Furyu 5.4 Sword Art Online the Movie: Ordinal Scale: Silica Noodle Stopper Figure,B07F36SG7L
AAA Eh panda Sit stuffed Shuta Sueyoshi peach pink,B01IJZFR46
Furyu Strike Witches Figure - 3858 - 9 Gertrud Barkhorn,B008MF6B7G
Love Live! Sunshine!! Chobirume Petit Figure Third Grade Kanan Matsuura (single),B078TJQWR3
furyu SANRIO CHARACTERS Spooky night Cinnamoroll BIG stuffed Soft Plush 35cm,B07Y7DVPDP
Furyu 6.7 Touhou Project Marisa Kirisame Premium Perfect Cherry Blossom Figure,B075366M68
Yuri! ! ! On ICE bath towel Victor Nikiforofu,B06XX6ZDWL
Furyu Love Live! Sunshine!!: The School Idol Movie Over the Rainbow: Chika Takami Hi!Cheese!,B07R1Y4XBQ
Furyu Super Sonico BiCute Bunnies Figure,B08K3B2Z9W
Furyu Pochakko Good Night Night Mascot 9cm 3set Japanese ver. Cute Kawaii,B08L41FMPP
Furyu Love Live! School Idol Project Rin Hoshizora u's Figure,B00JG5A7BW
Furyu Angel Beats! Tenshi PVC Figure,B00MWME3HK
Furyu 6.7 Darkstalkers: The Night Warriors: Felicia Noodle Stopper Figure,B07R3F48ZD
KRUNK BIGBANG Sit stuffed 2 SOL Sol Taeyang separately,B00UN3LH5Q
Introduction Shacho & Tomic squeeze ball pewter single item,B01MZ4XRPD
Furyu Ensemble Stars Stick Pass Case Undead Sakuma Zero Stuffed Soft Plush Doll Genuine,B074G45GBK
furyu Love Live! Sunshine !! Book Type can case Guilty Kiss,B06XR3F6W3
Angel beats-Angel Beats! Anime figure Angel only,B008AGPHFE
ShokuŒ of Soma figure Megumi / Yumi whole set of 2,B013OHRGN4
Furyu Magic-Kyun Renaissance Mochi 6 Plush Part 2 - Kanato Hibiki,B01MR7HI1L
Furyu Tsukiuta. Tsukino Park Six Gravity Yayoi Haru Plush Toy,B01NBB48UQ
Furyu Princess Connect! Re:Dive: Pecorine Special Figure,B085FXWYBD
Furyu Chiitan Gororito Nekorobi Big Stuffed Soft Plush 35cm Kawaii Cute Otter,B07P9YHVTJ
Furyu Black Butler: Ciel Phantomhive Special Figure,B07NBCZTSL
Furyu 5.5 Danganronpa: Trigger Happy Havoc: Sakura Ogami Figure,B00I1ADLKW
Furyu Every Day Life Series 8 Super Sonic Spare Clothing Time Version Figure,B00LK0N3V2
Furyu NemuNeko DX Plush Mochi Oishi Version - White / Pink Mochi,B0778DT2YX
Furyu 5 Super Sonico Friend Hold Figure White & Gold 2 Figures complete set,B01610003O
Furyu World Conquest Zvezda Plot: Lady Plamya Special Figure,B00PT3QY7Q
Furyu - Figurine Black Butler Book of The Atlantic - Ciel Phantomhive Special 13cm - 3596710439140,B07R2FLVSJ
Furyu Nemuneko Aurora Shells Big Tea Stuffed Soft Plush Doll Genuine,B07HKGDLCC
Furyu Gudetama Mochi tto Fluffy Sakura - Mochi Style Big Stuffed Plush Japan,B07NKGNDXB
Furyu Every Day Life Series 7.5 Super Sonico Outing Time Version Figure,B00HOX7KPO
Furyu 8.2 Love Live! Sunshine!!: Riko Sakurauchi SSS Figure Mijuku Dreamer,B07JMVZLYH
Furyu to Love Ru 3 Master Nemesis Darkness Figure| 4,B00NBSRCUY
Everyone's lottery swords Ranbu Hanamaru A prize has Petit Marukko BIG cushion California Kiyomitsu,B06XPQVXHB
Furyu KIMETSU NO YAIBA Bath towel 120cm Vertical design Tanjiro Nezuko anime,B07Z2SK8T4
furyu ensemble Stars! ! Trickstar Makoto Yuuki stuffed Soft plush 16cm japan,B084ZMS2WF
Furyu Puella Magi Madoka Magica: Side Story Magia Record: Iroha Tamaki Special Figure,B0787ZKRV3
Furyu Sanrio Gudetama Ultra Big 42cm Stuffed Soft Plush Japan,B07KM317CM
Furyu 7.8 Touhou Project Aya Shameimaru Premium Figure,B07BFNN3H6
Furyu 6.3 Touhou Project Patchouli Knowledge Premium Figure,B07FKCVPX8
Furyu Sword Art Online the Movie: Yuna Ordinal Scale Special Action Figure| 6.6,B078T8451J
Pom Pom Purin Sushi Mascot Plush with Elastic Band - Tamago Pompompurin,B06XQT6ZV1
Furyu To Love RU Darkness Yami Yukata Figure,B00EJ2VSOW
Ensemble Stars! Stuffed -Ra bits- Hitoshiusagi shepherd's purse,B01H5LZUSS
Furyu Sanrio Cinnamoroll 43cm Ultra Big Stuffed Soft Plush Japan,B078T8M1FY
Furyu Yuki Yuna is a Hero: Itsuki Inubozaki Character Figure Vol.1,B013XIHD5U
Furyu Nemuneko DX Plush Tampopo - White / Blue,B0778C3B3R
Furyu Girls' Frontline: Agent 1:7 Scale PVC Figure| Multicolor,B0888V55MF
KRUNK ~ BIGBANG tank top stuffed toy 1 SOL separately,B00ZBLAZLC
Furyu 6.7 Unhappy Go Lucky!: Hanako Happiness Premium Figure,B01L8LQJZ4
Everyone's lottery ensemble Stars! 5 people equipped with meteor Corps! G Award cushion cover Rabits Hikari Tenma separately,B01M6439SH
Furyu Love Live! Sunshine!!: the School Idol Movie: Mari Ohara Hi! Cheese! Figure,B07Y7GWLJF
Cardfight!! Vanguard: Ride to Victory [Japan Import],B00AZF9K5G
Furyu Fate/Grand Order Design Produced by Sanrio Merlin Stuffed Plush| 5.5,B079VSSV2N
Furyu 6.7 Food Wars!: Shokugeki no Soma: Soma Yukihira Figure,B01AOKXAN4
KRUNK ~ BIGBANG super BIG stuffed D-LITE Daesung,B00TX1LTXY
Furyu Yuki Yuna is a Hero: Miyoshi Karin Character Figure Vol.2,B00XG0ONF4
Furyu GRANBLUE Fantasy Stuffed Soft Plush 1 16ãŽ 3set Japanese Limited Kawaii,B07S8V1D8L
Furyu furyuOsomatsusan Good Night 6 retaining Clips Big Juushimatsu Ichimatsu Karamatsu Choromatsu Todomatsu Osomatsu 6 Set Stuffed Soft Plush Doll Genuine,B079LHW1TK
Furyu Dangan refute Deformation Rubber Mascot 3 Hagakure Hiro Yasushi Single Item,B00NOX35RK
Furyu Toukenranbu Online Nuikko in The Number â‘¡ Taikogane Sadamune Plush 16cm,B087CKMTMR
Furyu 6.7 Is the Order a Rabbit?: Sharo Kirima Tea Time Special Figure,B01MSMQX8Z
Furyu Ensemble Stars! -Switch- Aoba Spinning Stuffed Soft Plush Doll Genuine,B071ZX5DP7
EXSTETRA (Japan Import),B00D11G4YG
Furyu Touken Ranbu ONLINE9MUNETHIKA Kanji KOSEI 3set Stuffed Soft Plush,B076318ZN9
furyu ensemble Stars! ! Trickstar Subaru Akehoshi stuffed Soft plush 16cm japan,B084ZMZT1M
Furyu Yowamushi Pedal: New Generation AMU-PRZ8627B Sangaku Manami Stuffed Plush,B0799BK32J
Everyone's lottery sissy pedal GRANDE ROAD E Award serif rubber strap Bakyun,B00URR4P6G
Love Live! Sunshine!! Takami Chika CYaRon! Ver. Chobirume PVC Figure,B01LWCSZH3
Furyu 6.3 Touhou Project Alice Margatroid Special Figure,B07QSJPVYX
Furyu Danganronpa 3: The End of Hope's Peak Academy: Kyosuke Munakata Minna no Kuji Figure (Another Version),B01M0HDVU0
Furyu 8.2 Love Live! Sunshine!!: Hanamaru Kunikida SSS Figure,B01MQIW91G
Touken Ranbu ONLINE serif Rubber Mascot 2 all five sets (prize),B01LY64MX8
Furyu Sanrio My Melody Furry Big DX 37cm Plush Doll,B07QHG3J67
Furyu Re:Zero Starting Life in Another World: Rem Red hood SSS Figure (Pearl Color Version),B07S1YWH4Q
Furyu 8.2 Sword Art Online Alicization: Asuna SSS Figure,B07TJV92GP
Furyu Hatsune Miku BiCute Bunnies Figure,B084YXY4R8
Harukana Receive: Haruka Ozora 1: 8 Scale PVC Figure,B07R3HZK2Q
Fate Grand Order Sanrio Rider Ozymandias Character Mini Figure Statue Collection Vol.3 Anime Art FGO,B07PFK6M37
Furyu Danganronpa 2: Goodbye Despair: Chiaki Nanami Minna no Kuji Figure,B00LM5KQ92
Furyu Danganronpa 3: The End of Hope's Peak Academy: Hajime Hinata Minna no Kuji Figure,B01MQS6BSZ
Everyone's lottery SHOW BY ROCK !! 2nd LIVE's Nyan! Tutu separately,B017PPTDWI
Eh panda AAA strawberry stuffed blue Shinjiro Atae,B00WUXRFZ8
Furyu 7 Is the Order a Rabbit??: Cocoa Hoto Special Figure (Tea Party Version),B07WP2KV59
Pompom pudding BBW plump BIG plush 1 species Prize,B079BLQDS8
Furyu 8 Fate/kaleid liner Prisma Illya: Magical Sapphire Miyu Edelfelt Figure,B00IV5YX3G
Furyu Fairy Tales Series 8 Super Sonico Queen of Hearts Version Figure,B00SWU95PQ
Furyu 6.7 High School Fleet: Mashiro Munetani Special Figure,B01IZ1NPSY
Furyu Gudetama Fried Egg Hamburger Big Stuffed Toy 40cm,B01N7BWH9Z
Furyu - Figurine Aliens - Alien SSS Premium Dark Brown ver 26cm - 4549660397632,B08HPW3FPN
Furyu Nemuneko Big Plush - Goldfish White Tan Version,B0778FC4RN
Love Live! Sunshine !! have Petit mini figure ~ CYaRon! ~ Koumi Sen'uta separately,B06VV39D4X
Fate / kaleid liner Prisma Ilya zwei Hertz! Gomuhi per also stuffed [Ilya] separately,B01ID3C7TC
Furyu Fate Grand Order Avenger Jeanne d'Arc Action Figure| 7,B01MQDEXXL
Furyu Danganronpa 3: The End of Hope's Peak High School Despair Arc 6 Plush: Hajime Hinata,B01N0TMBCO
Furyu Everyone's Lottery Ensemble Stars! 5 People Equipped with Meteor Corps! A Prize Trickstar Tapestry,B01MA3UQ57
Everyone's lottery selector infected WIXOSS E Award-glass Ruuko WIXOSS card bundled,B00QYAOAA6
Everyone's lottery SHOW BY ROCK !! ~ 2nd LIVE's Nyan! ~ Voice with a stuffed toy (cyan),B01EMXO93O
FuRyu Nemuneko Cute and Fluffy Cat Fireworks Plush 13'' ~ Large Navy Blue Cat Kitty Neko Plush,B074WJP7JK
Furyu Danganronpa: Junko Enoshima Minna no Kuji -Wakkuwaku no Dokkidoki- Figure (Queen Version),B00IAEMZ8S
Furyu Little Busters! Characters Figure 3 Little Busters! Prize flues All Two Full Set,B003URKNIE
Furyu Sanrio Hypnosis Mic Ikebukuro Division 3set 16ãŽ Yamada Stuffed Soft Plush,B07RRNSFXQ
Accel World Avatar Figure: Chiyuri Kurashima & Kuroyukihime 2 FIGURES SET,B008H21O4Y
Furyu Eromanga Sensei: Sagiri Izumi Special Figure,B073R738KH
Furyu 7 High School Fleet: Wilhelmina Braunschweig Ingenohl Friedeburg Special Figure,B01LXP1M9D
Furyu Sanrio My Melody Snow Blue Big 37cm Stuffed Soft Plush Japan,B01M8I49OY
Furyu 8.2 Love Live! Sunshine!!: Kanan Matsuura SSS Figure Mijuku Dreamer,B07H2X5XLN
FuRyu Nemuneko Cute and Fluffy Cat Plush 13‘’ ~ Large Yellow Cat Kitty Neko Plush,B01LXVXX81
Furyu Black Butler: Sebastian Michaelis Special Figure,B07YMNTRTL
Furyu Ensemble Stars Undead 4 Set Stuffed Soft Plush Doll Genuine,B0867NLQ7H
Furyu Magic-Kyun Renaissance Mochi 6 Plush Part 2 - Monet Tsukushi,B01N7TA8LW
Furyu Card Captor Sakura Cup Cake Kero Big Stuffed Soft Plush 25 cm Cerberus,B07PPQYZ7W
Furyu AAA Eh Panda tan Stuffed Chiaki Ito red red,B01K9LBSX2
Furyu 7.5 Food Wars!: Shokugeki no Soma: Ikumi Mito Figure,B0173ES0ZM
Furyu You Touch Detective Nameko Cultivation kit Mini Wind Chimes Strap Triplets Nameko Separately Strap Flue,B01KBVMS8Y
It 's Your Spirit Rotation Spirit Porch Another Ding! Tea Separately,B01M0G87LF
Furyu 5.5 Sword Art Online Alicization: Asuna Aincrad Noodle Stopper Figure,B07WR3N7MY
Monster Hunter circle around phosphorus stuffed Airou A single item,B00O9VNMEM
Furyu Fate/Grand Order Design Produced by Sanrio 2 Zhuge Liang Kong Ming Stuffed Plush| 5.5,B079X257SF
furyu Gudetama glutinous sakura - mochi BIG stuffed Soft plush 35cm japan,B0823K7VHT
BPROJECT beating Ambitious bran dang stuffed plainclothes ver. Kitakore THRIVE whole set of 5,B01LYPHYI0
Furyu Yowamushi Pedal New Generation Clear Mascot Strap Shoukichi Naruko (Single),B071LLQ9KL
Furyu Accel World: Infinite Burst: Kuroyukihime Special Figure,B01IV48KR6
Furyu Sanrio Cinnamoroll Bear Hug with Smiling Mouth 45cm Big Plush,B07SSHMB78
Sissy pedal GRANDE ROAD scarf stuffed toy - Hakone Gakuen - all three sets,B01A8KYLWE
Everyone's lottery Yuri !!! on ICE G Award Rubber Mascot Set of 3 Yuri Victor Yuri,B071SJYVB8
Osomatsu's ÃESanrio Characters fir ÃEMy Melody BIG stuffed animals,B06Y4W3VQB
Furyu Demon Slayer: Kimetsu no Yaiba: Hikkake Figure 2 -Kamado Tanjiro-| Multiple Colors,B086CWC2S7
Furyu Accel World: Chiyuri Kurashima Avatar Figure,B00CGF0LD8
furyu Hatsune Miku series TOONIZE Kagamine Ren green Figure Figurine 13cm,B089SY67VY
Love Live! Sunshine!! Chobirume Petit Figure Third Grade Mari Ohara (Single),B078TLJ9W5
Swords Ranbu -ONLINE- bran dang stuffed 2 d?tanuki Seikuni separately,B014B2L6MS
Popular Sword Art Online ALO Figure(2 Species Set) Asuna Rifa,B00DQ5N1FW
Doraemon: Nobita no Kiseki no Shima [Japan Import],B006G6KK0W
Furyu Accel World: Kuroyukihime Pure Colors Special Figure,B00BBQM7JY
Furyu Strike Witches Figure - 3858 - 9 Mio Sakamoto,B008XSF3YE
Furyu Pom Pom Purin with Bow Tie DX 45cm Plush Doll,B07V59KLV8
Furyu Fate/Grand Order: Absolute Demonic Battlefront: Babylonia: Kingu SSS Figure,B0848G9W4L
Ensemble Stars! Plush Toys - Meteor Corps - Takamine Midori separately,B01ICO2WXI
Furyu 7 is The Order a Rabbit?: Syaro Kirima Special Figure (Tea Party Version),B084VL8LJH
Furyu Jin Gudetama Big Stuffed Soft Plush Japan Limited Goods Kawaii KAT-TUN,B07P8KPL77
Furyu 8.2 Love Live! Sunshine!!: Riko Sakurauchi SSS Figure Happy Party Train,B0788F27BT
Furyu Denpa Onna Microfiber Sports Towel (Wake up Helio),B00BQWCBCQ
Touken Ranbu ONLINE Potedan! Puppet stuffed 2 crescent SoKon separately,B01NCJ139Q
Furyu My Teen Romantic Comedy Snafu: Yui Yuigahama (Shiromuku Version) 1:7 Scale PVC Figure| Multicolor,B08CHNQCL4
Furyu Love Live! School Idol Project Hanayo Koizumi u's Figure,B00HY0P8Y2
Furyu Ensemble Stars! Stuffed 3-A Mamorusawa Chiaki Uniform ver Separately,B06WWKPZ5L
Furyu 5 Super Sonico Noodle Stopper Figure Silver Ver.,B00VY9CF3Q
Furyu Vividred Operation Kuroki Rei PVC Figure,B00FEEZA0M
Furyu 7 To Love Ru Darkness: Mikan Yuuki Special Figure,B06VX9ZVVZ
Furyu Slow Start: Hana Ichinose Figure,B0799HZ97D
Furyu Ensemble Stars Valkyrie Itsuki Shuu Mascot Stuffed Soft Plush Doll Genuine,B072M9G5F5
YG BEAR BIGBANG Hatohagu BIG stuffed G-DRAGON single item,B00SXZHHAA
Furyu furyuTouken Ranbu Online in The Number 3 Set Stuffed Soft Plush Doll Genuine,B081214W8N
Furyu Danganronpa Another Episode: Ultra Despair Girls: Genocider Syo Minna no Kuji Figure (Pearl Color Version),B019BRPV88
Sissy pedal GRANDE ROAD applique porch Hakone Gakuen Hayato Shinkai single item,B01KBVNOGE
Zettai Zetsubou Shoujo Danganronpa Minna no Kuji/lottery B Genocider Sho Figure BANPRESTO Dangan Ronpa by Banpresto,B01C6O2UUU
ドラえもん のび太の宝島 - 3DS,B077TNCB8L
furyu Hypnosis microphone -Division Rap Battle- hooking figure Fling Posse Ramuda AmemuraPVC Figure Figurine Genuine,B07XFBDC91
Furyu Sanrio Pomupomu Pudding Rozuboa 30cm Big Stuffed Soft Plush Japan,B01FPAWE8A
Hidamari Sketch x honeycomb Collection Figure 1 Miyako single item (japan import),B00BTBZ6PS
furyu Touken Ranbu -ONLINE- noodle stopper figure Shokudakiri MitsutadaPVC Figure Figurine Genuine,B0856ZTGQ2
Furyu About Sanrio My Melody Kuromi Sitting Big 31cm Stuffed Soft Plush Japan,B083ZZ5ZFN
Furyu 6.7 Super Sonico Concept Figure Unicorn Blue Pearl Ver.,B01HK2XIRM
Furyu Strike Witches Figure - 3858 - 9 Minna-Dietlinde Wilcke,B0051SPH18
Love live Sunshine bath towel Part2 2-year (single),B01MS3XPL0
Girls & Panzer Angler team rubber cord with stuffed all three sets of,B01J3IG788
Furyu Chiitan Tokotoko Chiitan Stuffed Soft Plush 26cm Japanese Limited Kawaii,B07N7XLRPK
Furyu Re:Zero Starting Life in Another World: Rem Yuki Onna Fairy Tall Series SSS Figure,B07SQWS58R
Magi Shindobatto clear mascot Hinahoho single item of adventure,B01M2YAXTC
Furyu Sword Art Online the Movie: Asuna Ordinal Scale Special Action Figure| 6.7,B06WD8NFBJ
Furyu FR9462 Re: Zero Ram SSS Red Hood Figure| Brown,B07M7FLRBM
Furyu Chiitan Stuffed Toy Soft Plush Pouch arms Folded Japan Limited Item Kawaii,B07P1SLFVD
Furyu Chiitan Nesoberi Big Stuffed 35ãŽ Otter Japan Limited Kawaii Japan Goods,B07MCQR8JP
Furyu Asuna Yuuki Sword Art Online S.A.O. 6 Action Figure,B00BWI5WT8
Fate Grand Order Sanrio Lancer Karna Character Mini Figure Statue Collection Vol.3 Anime Art FGO,B07QKFM35R
Furyu Fate/Grand Order Saber Musashi Miyamoto Servant Action Figure| 6.3,B078NJX7LN
Furyu Eugeo Synthesis Thirty Two Sword Art Online Alicization Statue Figurine Bundled with 1 A.C.G. Trading Card (0657),B089LWCN24
Furyu Ensemble Stars! Valkyrie Itsuki Shuu & Kagehen Mika Stuffed Soft Plush Doll Genuine,B077YM36MY
Furyu Granblue Fantasy Hooking Figure Figurine 10cm Lucifer kawaii cute GURABURU,B07QVLH51P
Furyu My Melody Little Red Riding Hood and The Wolf Costume Big Stuffed Soft Plush Kuromi Sanrio Japan,B089MCL3B1
Re: Zero Starting Life in Another World: Ram (Shiromuku Version) 1: 7 Scale PVC Figure,B07SZKWXCF
Furyu Ensemble Stars! Stuffed 3-A Hakaze Kaoru Uniform ver Separately,B06X9KC1HY
Furyu Sword Art Online S.A.O. 2 Lisbeth 6.5 Action Figure,B00CN97HPM
Furyu 6.2 Girls Und Panzer: Alice Shimada Special Figure,B073M7NF7V
Furyu Sanrio Pomupomu Pudding Premium Character Type Alarm Clock,B07Q5GRBW9
Furyu Cinnamoroll Opening Closed Summer Color Big Stuffed Soft Plush 30cm Kawaii,B08FLM4S39
to Love-Ru Darkness: Mikan Yuki Amagasa 1:7 Scale PVC Figure,B08J8LQ33T
Furyu Re:Zero Starting Life in Another World: Ram Red hood SSS Figure (Pearl Color Version),B07S6SQFYH
Furyu Cinnamoroll extends Konekoneko Big Stuffed Soft Plush 27cm Japanese ver.,B087T7RSZ9
Furyu Kimetu no yaiba hooked 3set Figure Figurine 10cm Japan cute kawaii 3set,B07X3F13CP
Furyu 8 Love Live!: Nico Yazawa Special Figure,B010XXE6PI
Furyu To Love Ru Darkness Mikan Yuuki PVC Figure,B00IDRT288
Little Twin Stars illustrator collaboration die cut pouch Horaguchikayo's design Red separately,B01AJ5B3UG
Furyu Granblue Fantasy Hooking Figure Figurine 10cm Berial kawaii cute GURABURU,B07R273FVL
FuRyu Ensemble Stars! Switch 16cm Plush - Tsumugi Aoba,B073XVB467
Furyu Demon Slayer: Kimetsu no Yaiba: Hikkake Figure 2 -Agatsuma Zenitsu-| Multiple Colors,B086CG1TJC
Furyu Love Live! Sunshine!!: The School Idol Movie Over the Rainbow: You Watanabe Hi! Cheese! Figure,B07SBDDN9W
Dantarian of bookshelf“Ç•Pfigure II anime prize Fleurs ( all two full set + poster with bonus ),B008WL2EM6
