Space Invaders Anniversary [Japan Import],B00009MDCT
Ensemble Stars! Emblem metal badge vol.1 Trickstar single item (prize),B01HXXO6OW
Saikyo Shooting Collection Vol.3: Sol Divide and Dragon Blaze [Japan Import],B0006ZL2BK
Taito Re:Zero − Starting Life in Another World Rem- Overalls ver.-| Multiple Colors (T18520),B08GM52PW4
Taito lottery Honpo Fate / stay night I award deformed figure Saber single item (japan import),B00AJEBQBO
Aru Kagaku no (Railgun) Misaka Mikoto & Kuroko Shirai night figures Misaka Mikoto separately by TAITO,B00NFA24SI
Happy Meal Tomica (TOMICA) McDonald's Hitachi Construction Machinery wheel loader ZW220,B01LYW3R13
Taito 6.3 Kantai Collection: Kancolle: Urakaze Figure,B01GHGN8NQ
Taito Re: Zero -Starting Life in Another World-: Rem Precious Figure (Magician Version),B0893YX811
Taito Monogatari Series: Nadeko Sengoku Figure,B00GX34V6M
Taito Re:. Zero Emilia Rem Lamb Summer Ket 100cn Japanese ver Cute Kawaii,B08GY5QNKM
Claymore capsule collection figures all very set of 5 (japan import),B003XN353K
Taito Final Fantasy Brave Exvius Lottery Last FFBE Award 3rd Season Fina Figure (Last FFBE Version),B07Z9N6DNL
Taito Project Diva Hatsune Miku 2nd Season Spring Version 7 Figure,B07TY9G3KF
Taito Re: Life in a Different World Starting from Zero ●Precious Figure ●REM-Original Salopette Swimwear ●ver.,B08F5G7HVP
Taito Alice: 18cm Jamma Prize Statue Figurine Bundled with 1 A.C.G. Trading Card (451085400),B08GL5M86Y
Bubble Bobble: Magical Tower Daisakusen [Japan Import],B000FMLJF8
Puchi Copter 2 [Japan Import],B0009CM8HW
Re:Zero REM-Sabaru's Training Suit ver-,B08GLZYXD1
Taito Hatsune Miku Plush Doll Series Miku,B01D5V3ZE8
Taito Pocket Tomica (Tomica) P047 Toyota Alphard White,B00F4ZHKLI
Taito Their Tsukkomi Bear Cup Sleeve 5 Set Stuffed Soft Plush Doll Genuine,B084FSRX4G
Taito 7 Love| Chunibyo & Other Delusions: Rikka Takanashi Figure,B00ILPW0RM
Taito Great Writer Stray Dogs Sit Stuffed Dazai Single Item,B01N9F9331
Bubble Bobble - Nintendo NES,B00004SVNS
Taito Super Sonico Summer Beach Figure,B00E6PK3WU
Taito 8 Super Sonico Figure Along with Pochaco,B00LC25JN8
Two box Arcadia Reiji Matsumoto Super Mecha (The Movie Galaxy Express 999 version) (japan import),B0014VGKM6
Taito Final Fantasy XIV Shining Mouse & Mouse Pad Volume 2 Carbuncle,B07M9WYBHY
Hatsune Miku 10th Anniversary Kagamine Rin Lottery Taito-Kuji Drawing Acrylic Charm Award,B07C3VJ5MC
Ver smile Hatsune Miku ~ CuteRody stuffed .,B00I0UT8Z0
We are Honma Meiko & Anjo Naruko figure you do not yet know all set of 2 the name of the flower seen that day (japan import) by Taito,B0072STLI0
Taito Gloomy Bear Purple Hard Cover Case for iPhone 3G/3GS,B004V9ATCU
Hatsune Miku Senbonzakura earphone jack Metal Charm whole set of 6,B00E6P09YM
It is not Taito lottery Honpo cardboard cherry 18 species last Happy Award a total of 19 1 carton,B01BWGANZ2
Nyanbo swaying tail solar figure (gray),B01N4VTW08
Movie High speed! Free! Starting Days carabiner with stuffed Nanase much single item (prize),B01MS1SGRR
Taito Original Autumn Clothes 7 Hatsune Miku Action Figure (Renewal Version),B07YQXYXGX
Free! Aiichiro Nitori Pillow Case About 25 inch Width by Taito,B018FYBC9U
Taito lottery Key H Award mini figure strap CLANNAD Sakagami Tomoyo separately strap figure Clannad TAITO TAITO,B00MF9N1C8
Movie High speed! Free! Starting Days deformed figure vol.2 Taito (all three Furukonpu set),B01C8HU4AS
Shaun the Sheep super BIG stuffed,B011IWQM1Y
Persona 4 Arena - P4U ~ 8.5 Yukiko Amagi Figure,B00DRCN94M
Taito Go it! Anpanman mega Jumbo Bread Pouch Stuffed,B01DGNUWU0
Kantai Collection KanColle Deformed Figure Vol. 8 Tokitsukaze PVC Figure,B01MRAIU0M
Taito Cardcaptor 5 Set with Sakura Clear Card Hen Ball Chain Stuffed Soft Plush Doll Genuine,B07HMGXGLK
Taito Hatsune Miku Autumn & Winter image stuffed Soft plush 16cm Winter ver.,B0828S3DPF
Space Invaders 91,B0009W8TWA
Taito Final Fantasy All Stars Deformed Stuffed vol.1 All Two,B01L8JUEUC
Taito 2.5 Official Doraemon Plush Doll - Doraemon (Red),B006W1FAX8
Taito Final Fantasy XIV A Realm Cactuar Figure Room Lamp Light| 8.6,B01DF6KBCC
Densha de Go! Pocket: Chuuousenhen (Taito Best) [Japan Import],B000JC20KM
Taito Dragon Quest AM The Mark of Erdrick Pocket Watch 6cm 2set Gold & Silver,B07SZQNFF1
Taito Danboard Vol. 2 Big Brown Action Figure,B01MSMMJJ8
Taito Final Fantasy XIV Fat Chocobo USB Stand Light,B07F6XBTS2
Wizardry Summoner [Japan Import],B0007MSMGA
Taito Sakura Miku draw down 2020ver. Taito online crane Ver. Figure,B084ZDF4MW
Taito ted2 sit Tank top XL Premium Ted Stuffed Soft Plush Doll Genuine,B07BY5XL13
Taito 7 Kantai Collection: Kancolle: Yahagi Figure,B00WM15K9G
Taito Moomin Mofumofu Blanket 100cm Moomin White Moomin valley kawaii cute anime,B083959DBN
Taito lottery Honpo IS- Infinite Stratos E Award figure Laura Bodewig,B007Q6S2YW
Taito Hatsune Miku Senbonzakura Music Box Vermilion [ ver ],B00FHJ0BIK
Taito lottery Honpo Key F Prize desktop LCD cover God Kamikita Komari (Little Busters!),B00CFJL8Y6
Taito Splatoon 2: Curling Bomb Cleaner (Neon Green Version),B07FT8ND4J
Taito Kirby of The Stars Stained Glass-Style Blanket Flannel Fabric Kawaii Japan,B07KRV8SH7
Taito Final Fantasy XIV Fat Chocobo Alarm Clock (Yellow)| 6.3,B07F3R73RT
Taito Original Autumn Clothes 7 Hatsune Miku Action Figure (Renewal Version) (Taito Online Crane Version),B07Z6M2ZV4
Taito Fate/Extra Last Encore Nursery Rhyme PVC Figure,B07R62TYR4
Bust-A-Move,B000035Y62
Miami Vice: The Game [Japan Import],B000GBRL6E
Taito Final Fantasy XIV A Realm Spriggan Shiny Coin Bank| 7,B06XCD9GR1
Taito Magic Show Series 8 Super Sonico Action Figure with Black Top hat,B00NR8LX8A
Taito Persona 4 the Animation PVC Figure ~ 7 Chie Satonaka,B008YQNU4A
Ys IV: Mask of the Sun -a new theory- [Japan Import],B0007XQ446
Railfan: Taiwan High Speed Rail [Japan Import],B000VPIQ0U
Retro Space Invaders Game 5 Pack No Show Socks,B07GMTVK8C
Taito Original Casual Clothes 4.7 Hatsune Miku Action Figure,B07XF1Y7P9
Taito Danboard Solar Bobblehead Figure,B01N7MF205
Court Ver separately fluffy snow Miku Hatsune Miku Plush Doll 2012 (japan import),B00H0R8EV8
Taito Square Enix Dragon Quest Orange Slime Squishy Stress Ball Toy 7cm,B08GTVDNYG
Taito Re: Zero -Starting Life in Another World-: Rem Doll Crystal Figure,B07VDDBLJF
Taito Guilty Crown Premium Figure - Inori Yuzuriha,B008VQEQYQ
Taito Monogatari Series: Ougi Oshino Figure,B017C39CY2
Taito Sword Art Online PUCHIEETE Figure -Sinon-,B08C9W397Q
Ensemble Stars Deformed Figure Vol. 4 - Arashi Narukami,B06XP96VHG
Taito Re:Zero AMP Rem~Winter Maid Image ver~,B08K3HVVXR
Dissidia Final Fantasy Extra Large Moogle 20 inch Plush Toy,B01FDURA3Q
Taito 6.3 Kantai Collection: Kancolle: 1-401 Figure,B015TW51SE
Space Battleship Yamato super Mechanicsburg shiny wave motion gun Yamato,B001OFTFME
Kantai Collection Kancolle - Agano Figure 'Junbichu' ver.,B01JDXU43C
Taito Final Fantasy XIV Shiny Mouse and Mouse pad Meteor Mark ver.Japan Limited,B07649NZCB
Taito Sword Art Online Aincrad Fencer Asuna PVC Figure,B01F4YGKQE
Taito Memories Joukan [Japan Import],B0009NUOPY
Lufia & the Fortress of Doom,B0007Y66N4
Taito Final Fantasy XIV Fat Cat USB Stand Light| 3.1,B08H144MVL
Taito Queen of Blades Anne Lotte Figure,B01LWAP8RT
Limited prize multiplier cover [2013 celebration of Dengeki spring] Sword Art Online B separately (japan import),B00BVGO9AE
Taito Final Fantasy XIV Moogle Desk Clock| 6.3,B07WRHYV5K
Taito Guilty Crown Premium Quality PVC Figure ~5.5 - Ayase Shinomiya,B00ABWF1LU
Taito Re: Zero -Starting Life in Another World-: Rem Precious Figure (Original Maid Swimsuit Special Version),B07TP4GCJH
Taito 8 High School DxD NEW: Rias Gremory Bunny Girl Figure,B00KRNZ3ZM
Free! Drawn by lying pillow cover Nagisa Hazuki by Taito Corporation,B013VC1084
Target: Renegade,B000EAASO4
Bubble Bobble| Part 2,B00004SVNT
Taito Fate/Extra: Last Encore: Rin Tohsaka Figure,B07FZ4WQLJ
Taito 7 Hatsune Miku 2nd Season Autumn Version Action Figure,B07F3PC89B
Taito 7 Kantai Collection: Kancolle: Amatsukaze Figure Renewal ver.,B0866Y3KTD
Single item that you want to monitor Hatsune Miku secret police music box secret police  thee,B00M7RSEAM
Eighty-nine Terashin evening figure story series Ishin Nishio animation project Taito,B014ZAVYWS
Taito Inu x Boku SS: Karuta Roromiya Figure,B00DTLTDI2
Doraemon secret tool mini figure A Tokara really Speaker,B00RHZL6VS
Taito Monogatari Series: Kiss Shot Acerola Orion Heart Under Blade Figure,B06XQB3B7N
Gardening Mama [Japan Import],B001IDYN7O
Taito Free! -Eternal Summer-: Iwatobi Swim Club Deformed Figure Award Set of 4,B00UH9E2M6
Taito Final Fantasy XIV Grimoire Moggle Electronic Memo Pad,B07B4WY363
Dragon Quest AM Big stuffed lemon slime separately,B01MY4STIU
Indiana Jones and Last Crusade,B00004SVQM
Taito The Legend Of Zelda: Hyrule Pocket Watch (Breath Of The Wild),B06Y4MXSVM
Taito Galaxy Express 999 Super Mechanics Galaxy Super Express 999 Issue (Japan Import),B001TOC2WA
Taito lottery ensemble Stars! INSIDE embroidery emblem Charm Award Kozuki separately,B06VTTY6X2
Hatsune Miku Series Miku & Luke stuffed Hatsune Miku single item,B019V2SENM
Taito Re: Zero -Starting Life in Another World-: Rem Precious Figure (Original Winter Version) (Special Version),B0822SGJP9
Dragon Quest AM Soft Vinyl Figure Slime Tower,B01FF6WUK6
Taito Final Fantasy XIV All Stars Thea Rhythm Dissidia Y'Shtola Stuffed Plush| 7,B01M68C9CW
Taito Final Fantasy Brave Exvius Lottery A Award 3rd Season Fina Figure,B07ZPNK6WQ
Taito Final Fantasy XIV Namazuo Big Manju Type Stuffed Soft Plush Seigetsu 35cm,B07R5RD6VZ
Taito Moomin Family 18cm Plush Doll - Moominmamma,B0766726KV
Taito 6.5 Denpa Onna to Seishun Otoko: Erio Touwa Figure Ver.2,B007IS405S
Fairy Tail Figure ( Manga Anime ) Everybody Happy A Prize LUCY PVC FigureTaito Kuji,B00919723E
lovelive! Sunshine! ! Aqours earphone jack strap vol.2 10 pieces BOX,B06Y4ZCR5R
Taito lottery Honpo LeafAQUAPLUS C Award posters all two,B00HQ8X240
Taito lottery Honpo Little Busters! E Award Square mini Cushion Strap Rin Natsume,B00I229VFS
Taito Original Winter Clothes 6.2 Hatsune Miku Action Figure (Renewal Version),B083RSF65B
Devil superman Hen ~ H Award Big D magnet single item of seven Taito lottery Honpo Kinnikuman - (japan import),B00CJOCFDA
Taito Re: Zero -Starting Life in Another World-: Rem Precious Figure (Jacket and Swimsuit Version),B089QFWSZS
Taito Re: Zero -Starting Life in Another World-: Rem Precious Figure (Original Winter Version),B082B1FN1R
Taito Free! Eternal Summer Draw Down Lying Pillow Cover vol.2 Momotaro Mikoshiba Separately,B018BSMWTY
Taito Fina & Moogle: 14cm Jamma Prize Puchieete Statue Figurine Bundled with 1 A.C.G. Trading Card (451113400),B08GL1XX2L
Splatoon Big Shiny Light Blue Turquoise Squid 20 Plush Pillow,B01KBDG8W4
Taito Sword Art Online II ALfheim Online Undine Asuna PVC,B015NFTGTW
Battle Gear 2 [Japan Import],B00005OUS4
Toradora! Real Figure Prize Taito (only Aisaka Taiga) [Toy],B005JWSBZA
Taito Hatsune Miku Senbonzakura Miku Plush Toy Hatsune Miku (Crowe of P and Together) Separately,B01CM67H2I
Re:Zero Rem~Kimono Maid ver~,B08G4BKJ75
Doraemon secret tool mini figure Basho fan,B00RHZ5UDI
Taito Ano Natsu de Matteru Ichika Takatsuki PVC Figure,B00CW7XQ00
Taito Original Casual Clothes 4.7 Hatsune Miku Action Figure (Sega Version),B07YZRDLPC
Space Invaders 25th Anniversary Bundle [Japan Import],B0000AKGOJ
Taito ChaX GP Extra Large Smile Gloomy Pillow Stuffed Soft Plush 46cm Standard,B07PWL6M6W
Taito Re: Zero -Starting Life in Another World-: Rem Precious Figure (Original Cheerleader Version),B07VVB4KLQ
Yurikuma Arashi bear Ginsu Teddy stuffed toy,B016F4TYCY
Taito H:55 Super Sonico & Pochaco Original Multi Cloth,B00K8PLXUS
Taito Kaguya Luna PUCHIEETE Figure,B08CCDVKV9
. Single item Taito lottery Honpo Starry Sky register Ska F Award photo album design Bver (japan import),B00BFPI07E
Asphalt Urban GT (Taito Selection 2800) [Japan Import],B000EOVRW2
Taito Dragon Quest AM Glitter Room Light 20cm 2set DQ kawaii cute,B082HG2WG1
Don Doko Don [Japan Import],B0000ZPUL4
Kinnikuman M.U.S.C.L.E. Buffaloman figure Taito Kuji B Prize,B00CLKWRZI
Taito Final Fantasy XIV SL size stuffed Soft plush 30cm Mamet Nu Mou kawaii,B083LHY33S
Taito Ensemble Stars Relaxation 4 Class Set Stuffed Soft Plush Doll Genuine,B07DQD31L8
Rascal Does Not Dream of Bunny Girl Senpai Series: Coreful Figure Mai Sakurajima ~Bunny ver.~| Multiple Colors (T83221),B08GM2P41Z
Moomin oversized soft Motchi Ri ~ stuffed toy,B06Y17VZKH
Taito Queen's Blade Rebellion 7 Sigui Figure,B00AJIQXOU
Bubble Bobble,B00004R9H9
Taito Chakkusu GP XL guru-to-Real-of-The-Dead Stuffed Pink of The Dead Separately,B015SS4LIA
Taito 8 Free! -Eternal Summer-: Haruka Nanase Figure,B00U3DK0CW
Taito Final Fantasy XIV Khloe Aliapoh Figure Minion ver. 2017 FF14,B075S8V3J7
AMNESIA CROWD Amnesia cloud heart charm key ring Ikki separately prize,B071DXBDNC
Taito Hatsune Miku Winter Blanket 100ãŽ AYAMI ver. Pink RIN REN kawaii Vocaloid,B081TJYYFC
Taito Sword Art Online Alicization: Alice Synthesis Thirty Figure,B07RPM2CXK
Taito A.I.Channel Kizuna Ai Original Figure,B07YMC5ZRX
Dragon Quest Pocket Watch Slime & Metal Slime slime (single),B01N5OMN80
Taito Sword Art Online S.A.O. Senkou no Asuna Figure ~ 7 Asuna Yuuki,B00CMX34P6
Taito Hoozuki no Reitetsu Karashi Mustard Rabbit 13 Plush,B01M0S1P82
Free! Rubber badge Haruka Nanase prize,B06VV3SHJW
Taito Final Fantasy XIV Inflatable Vinyl Carbuncle (Emerald)| 17.7,B07GNWDYXM
Taito 5.9 Kantai Collection: Kancolle: Ro-500 Figure,B01BGXZJRS
松本零士 スーパーメカニクス クイーン・エメラルダス号(劇場版 銀河鉄道999ver.),B001KZ8KOW
Taito Final Fantasy XIV A Realm Tonberry Figure Room Lamp Light| 5.5,B01BHU4ZFW
Cadash - Sega Genesis,B000035XIG
Taito Guilty Crown Inori Uzuriha School Uniform Figure,B00BJREVJ4
taito Hatsune Miku original Summer ver. Renewal LD â€‹â€‹color Figure Figurine 20cm,B07V5SZ3XQ
Fleet collection - ship this -. Ver fracture length 10cm gun-chan slippers length 10cm gun-chan in the single item,B01LZBHG63
Baka to Test to Tsu in! G Award memo pad Mizuki & Hideyoshi & Minami maid,B01EBQ04PE
Pocket mini Tomica TOMICA 12 scale London bus LONDON BUS,B015D1YNRG
Super Sonico magical figure Sonico Pochako magic show of SUPER SONICO prize Taito Poster bonus,B00M6HPGSQ
Taito 7 Hatsune Miku Birthday 2019 Action Figure,B07T6SMQ7Z
Operation Wolf,B0039D38A4
Metal Gear Solid The Phantom Pain Desert Snake Tap Sound Cardboard Box,B01IRW271C
Yotsubato! DANBOARD cardboard figure stamp 2 Emotions SECRET separately,B00WVTU7DI
タイトー限定 ハイスクール・フリート 岬明乃 フィギュア タイトー制服,B01M2CTDY0
Kiteretsu Daihyakka big action figure roller assistant,B00XBWELVI
Taito lottery Free! Eternal Summer clear file & sticker whole set of 5,B00VJ89PXA
Ultimate Spider-Man [Japan Import],B000FAH8IW
Taito Gloomy GP Chax Bear Stuffed Plush| Pink| 10,B017EUXDT8
Champion Wrestler: Jikkyou Live [Japan Import],B000069U6D
Rambo III,B003AHZ0SW
Taito Persona 4 Arena P4U The Ultimate Kanji Tatsumi 8 Action Figure,B00EJ93VL8
Taito Guilty Crown: Kuji Honpo B Award Mana Ouma Figure,B0089LAD0O
FINAL FANTASY ALL STARS face cushion vol.2 Moogle,B06WD39X8T
Psychic Force Complete (w/ 3 Figurines) [Japan Import],B000BV44VE
Taito Monogatari Series: Black Hanekawa Figure,B01KPHP21O
Knight Quest,B000JX2D12
Final Fantasy XIV oversized fat Chocobo Plush Toy,B0194IUM2Y
Taito lottery Honpo Fate / stay night H Award Clear File Set Saber & Rin Rin other two separately,B00AJEA8XG
Color collection DX live! Ayase ERI separately,B00PJRN9OI
Taito Re: Zero -Starting Life in Another World-: Rem Precious Figure (Knit Dress Version) (Sega Version),B07YQJXDK9
Taito Monogatari Series: Shinobu Oshino Donut Figure,B0765QJNN8
Taito Hatsune Miku Autumn & Winter image stuffed Soft plush 16cm Autumn ver.,B07ZR5MZK9
taito Kankore Yahagi in preparation Renewal Figure Figurine 18cm japanese ver.,B08HK6Q9WB
Ensemble Stars! Deformed figure vol.4 2 species,B06XRCXHKQ
Ensemble Stars! T-shirt Trickstar white woman one-size-fits-all,B01MEG5425
Taito-Vocaloid Hatsune Miku Plush Toy Stuffed Doll- 7 Miku- Yellow Dress by Taito,B01F46X74K
Densha de Go! Final (Eternal Hits) [Japan Import],B000P4H6A8
Taito 6.7 Sword Art Online: Asuna Action Figure (Loading Version),B01GKRAUDI
TV animation Free! Deformed character figures Nagisa Hazuki popsicles,B018OZWTJM
Taito Re:Zero Rem～Sakura Ver~,B08ND3VVD9
Taito Rent a Girlfriend Big Plush ~Mizuhara Chizuru~,B08MBC36NZ
Fleet collection - ship this - dot picture rubber path case [Yamato] separately,B06VWXQFMK
Galaxy Express 999 Real Figure full set of 2 (japan import),B001KWX9DM
Taito Dragon Quest AM Big Figure Figurine 20cm Slime knight cute japanese LD,B07W4TY8SX
Taito 7 Love| Chunibyo & Other Delusions: Rikka Takanashi Figure Summer Clothes Ver.,B00L9OYWJQ
Taito Sakura Miku Big Plush,B08K3FC2ZD
Taito 8 Super Sonico Space Police Ver.,B00FAOW8XS
Taito Final Fantasy XIV Shining Mouse & Mouse Pad Volume 2 Fat Chocobo,B07M65S4T8
Queen of blades Anne Lotte Figure by Taito,B00OC137AS
Taito Square Enix Dragon Quest Green King Cure Slime Squishy Stress Ball Toy 7cm,B08GTL143Y
Taito lottery Free! Eternal Summer Clear file clear sticker Award Halloween separately,B00VKKWXWC
Taito Dragon Quest AM Slime 70cm Floor Mat,B07K42D3NG
Final Fantasy XIV minion figures vol.3 [thunk red| Krull] two Assortment,B06XV8Y3ZK
Galacta Meisaku Gekijou: Rakugaki Oukouku (PlayStation2 the Best) [Japan Import],B00007G79L
Taito Splatoon 2: Curling Bomb Cleaner (Sun Yellow Version),B07M8282JB
Ano Natsu de Matteru Waiting in The Summer Remon Yamano Figure,B07TMBFK9L
Taito iPhone 3G3GS corresponding cover Gurumi Gloomy all three four sets,B071NGHLX6
Taito Fate/Extra: Last Encore: Caster Nursery Rhyme Figure,B07GZPVMV4
We still do not know the name of the flower we saw that day. Meiko Honma Meiko Honma & Anjo Naruko figure [prize],B005UWKB5M
Taito Japanese Maguro Sushi Pillow,B01BVYNPBO
Taito Re: Zero -Starting Life in Another World-: Rem Precious Figure (Original Campaign Girl Version),B083RYD4YR
Taito lottery Free! Sweet macaron draw down multi-cross Last Happy Award,B00LBS3UFW
Taito 8 Super Sonico Winter Ver. Figure,B00PXB23CE
Space Invaders Mini Vinyl Figure,B01B3VVPV2
Taito Persona 4 The Ultimate in Mayonaka Arena P4U ~ 4 Elizabeth Figure -,B00GT4BPW8
Taito Sword Art Online: Alicization War of Underworld Big Plush ~Asuna~,B08MNVYKWT
Taito Super Mario Chain Chomp Bow-Wow Bowwow (It Moves When It Hears a Noise),B07NBHQNGC
Taito lottery Honpo Robotics and Notes F Award report set shallows autumn ear (japan import),B00AUCNN8E
Taito Lottery Free! Sugar Cake Nail Set Voice Code Award Nagisa Hazuki Separately,B00Q9LSQJG
Girls & Panzer theater version Oarai collaboration figure west to live ho,B0713W7NY3
White cat project star raccoon & carpenter raccoon stuffed star raccoon single item,B01EOMBLHK
Taito Kaguya-Sama: Love is War Big Plush ~Fujiwara Chika~| Multiple Colors (T83317),B08K3GC1MF
Taito Ensemble Stars Mugyu' and mascot Hasumi Yoshito,B07D3XWQVX
Taito Project Diva Hatsune Miku Sakura 2020 Version Figure| 7,B084DJD3G1
Taito 6.7 Sword Art Online II: Sinon Action Figure,B01DKU3N4G
Cardboard shampoo bottle DANBOARD SHAMPOO BOTTLE Yotsubato Anime prize Taito (with all two Furukonpu set + Poster bonus),B06XRD2T8N
Taito Final Fantasy XIV Oversize Senor Cactuar Stuffed,B01EWBKNM2
Taito Miffy Oversized More vol.4 Helmet Stuffed Soft Plush 46 cm Japanese ver.,B086J67F36
taito Hatsune Miku original Summer ver. Renewal Figure Figurine 20cm 2set cute,B07TRZ12CY
Taito Nyanbo swaying tail solar figure all four,B01MSZSY1O
Taito Kantai Collection Fleet Smartphone Speaker Vol.2,B07CQF6JR4
Hatsune Miku 10th Anniversary Kagamine Len Lottery Taito-Kuji Drawing Acrylic Charm Award,B07C3XQ1MB
Taito Persona 4 the Animation PVC Figure ~ 5 Nanako Dojima,B00ABWF30O
Puzzle Bobble 3 [Japan Import],B000069U6R
Taito Sakura Miku Stuffed Toy Stuffed Soft Plush Mascot 3set Miku Hatsune Japan,B07MVS1KP4
Taito Final Fantasy XIV: A Realm Reborn: Yukinko Stuffed Plush,B07V2FVRCT
Taito Final Fantasy XIV Minion Figure vol.2 Garuda 2.3 Tall,B01MY3G8FC
Great writer Stray Dogs lottery D-1 Award Atsushi Nakajima acrylic key chain acrylic charm,B06ZY9FKZJ
Taito 7 Kantai Collection: Kancolle: Shigure Kai Ni Space Invaders Collaboration Figure,B0764B5YCJ
Taito Re: Zero -Starting Life in Another World-: Rem Precious Figure (Original Sakura Version),B084DJK6TB
Taito Re:Zero Precious Figure Rem~ T Shirts on Swimwear~ Renewal| Multiple Colors (T83330),B08K3F9GNT
Taito 3.5 Kantai Collection: Kancolle: Ushio Figure,B019RTEWSK
The Castle of Shikigami II / Shikigami No Shiro II (Taito Best) [Japan Import],B0007XQ43W
電波女と青春男 藤和エリオ 単品 フィギュア タイトープライズ,B0060ROPVM
Persona 4 P4U di Ultimate in Mayo Naka Arena Kuji Lise & bear figure Taito (with all two full set + Poster bonus),B01KPI2UZE
Layer Section II [Japan Import],B000069S1S
Taito Dragon Quest AM Electronic memo pad Book of Adventure 18cm Japanese LD,B07S67RB59
Taito 459961500 Super Mario Bros. Ghost Boo Teresa Sensor Light,B01N4TT038
Bubble Bobble DS [Japan Import],B000BFGAVC
Taito lottery Honpo ensemble Stars! INSIDE all 28 species last Happy Award promotional materials set lottery tickets 60 sheets,B01M5HVKNN
Taito Great Writer Stray Dogs Sit Stuffed Ryunosuke Akutagawa,B01N1PZC6X
Taito Fate/Extra: Last Encore: Rider Francis Drake Figure,B07N9M8GQ6
Taito 451002700 Square Enix Final Fantasy FF All Stars Moogle Handlight Lamp Light Figure,B07FWKVVHZ
Taito 451113600 Project Diva Hatsune Miku Sakura Version Figure| 7,B07MJ4XM1M
Taito Super Mario Ultra Big Action Figure Bowser Game Japan Limited Goods,B07HNZWQPW
Taito Hoozuki no Reitetsu Karashi 12 Plush,B073RX4T8J
Taito Shirohime Quest: Aizu Wakamatsu Figure,B0151D90NI
Taito Pingu Extra Large Size Poses a Stuffed Toy Stuffed Soft Plush 38cm Japan,B07NWC363Y
Hatsune Miku 10th Anniversary Kaito Lottery Taito-Kuji Drawing Acrylic Charm Award,B07C3SF5X5
Taito 7 GRG x Super Sonico Race Queen Figure Gloomy Racing Genus,B00JG59ZHY
Taito Monogatari Series: Shinobu Oshino Donut Cushion Figure,B07FYL5RG8
Taito 6.3 Kantai Collection: Kancolle: Katori Figure,B01MSUGZD7
Taito Final Fantasy XIV Big Mandragora Queen 17 Plush,B01K8PPC7M
Taito Fate/Extra: Last Encore: Alice Figure,B07KVJGR1H
Final Fantasy XIV Extra Large Mandragora 15 inch Plush Toy,B01I2Z7SOK
Taito GP CGP-078 Gloomy Bear Mittens One Size Fits Most No Blood,B00Z8JP01C
Puzzle Bobble 3 for SegaNet [Japan Import],B000092PFI
Densha de Go! EX [Japan Import],B000069S55
A.L.C.O.N.,B003M27EHA
Taito Re: Zero -Starting Life in Another World-: Rem Precious Figure (Original Maid Swimsuit Version),B07SQQ7MHK
Yotsubato! Cardboard sensor with figures DANBOARD Taito,B06XRFKSDT
Free! Makoto Tachibana Pillow Case About 25 inch Width by Taito,B018FWK1R6
Taito Super Mario Bros. 1-UP Mushroom 12 Inch Plush Cushion,B01L9XDDMI
Taito Dragon Quest AM Dot Monsters Blanket 100cm Black DQ japanese limited cute,B07ZVWPXD7
taito patter of FFXIV USB Namazuo fan viable bacteria Assorted ver. Figure,B08C5LJ9GL
Taito Sumo Oversized Sumomi 42cm Stuffed Soft Plush Doll Genuine,B07NRZCJZZ
New Rainbow Islands [Japan Import],B000BVROSY
Taito lottery Free! Eternal Summer Flower afternoon flake seal Award Blossom single item,B014KDYQ3Y
Taito 451071500 Fate/Apocrypha Black Rider 7 Vol. 2 Figure,B07HMZNNY9
Final Fantasy XIV Minion Figure vol.1 - TATARU by Taito,B01N46SGN1
Suisui Sweet - Amai Ai No Mitsukekata [Japan Import],B0000E5SEF
After Class Love Beat [Japan Import],B000249UXM
スーパーマリオメーカー ビッグアクションフィギュア ビルダーマリオ,B01AHSJU7S
Taito My Youth Romantic Comedy is Wrong as I Expected Big Plush ~ Yukinoshita Yukino~ Big Plush| Multiple Colors (T83332),B08K3GY887
Jet de Go! 2 [Japan Import],B00005Y1PA
Little Busters! Itasha RC,B00GX322U4
Taito lottery Honpo Steins gate Chapter3 H Award report Paper & Notepad set â‘¡ separately Steins; Gate,B00P76YTUY
Date A Live 2 Tokizaki enthusiasts three figures,B00IRTRVGW
Taito Re:Zero Rem –Doll Crystal Dog Ears ver.| Multicolor| T83269,B08GM34CXQ
To Aru Majutsu no Index II Misaka Mikoto - Prize Figure (Taito),B004XSTKSS
Taito lottery Honpo Key ~ Second Edition ~ E award desk sheet rewrite single item (japan import),B009LFR4HW
Taito Shinobu Oshino [Sofa]: 12cm Jamma Prize Nishio Ishin Anime Project Statue Figurine Bundled with 1 A.C.G. Trading Card (TAI90804),B089SB4NQC
Taito Fate Stay Night Rin Tohsaka Prize Taito Premium Action 7 Figure,B002Z443EI
Zero Shikikan Josentoki Ni (Taito Best) [Japan Import],B000KKBJ2I
Taito lottery Honpo Ghost in the Shell: A Prize Motoko Kusanagi figure all one single item,B00G8K1SZ2
Taito Re: Zero -Starting Life in Another World-: Rem Precious Figure (Knit Dress Version),B0851V13Q2
Taito Doraemon Super Big 2019 Stuffed Soft Plush Doll Genuine,B07VH5YLTY
Free! Eternal Summer Rin Matsuoka figure childhood ver Anime prize Taito,B01B97XNOM
Taito Final Fantasy XIV All Stars Thea Rhythm Dissidia Cloud Strife Stuffed Plush| 8,B01M3U8J8Z
Taito Dragon Quest AM Loose Solar Figure Silver Metal Brothers,B07DVW6XS3
Taito Final Fantasy XIV A Realm Odder Otter Figure Room Lamp Light| 9.3,B07WPVST1Y
Taito 7 Hatsune Miku Figure Winter Image Version,B0819RSMH7
Densha de Go! Ryojouhen [Japan Import],B000067OZS
Taito Bungo Stray Dogs Atsushi Nakajima 6.3 Sitting Plush,B06XHXP2MP
Free! -Eternal Summer- SL Yamazaki Sosuke soft stuffed toy,B01HX8M3GK
Taito Ensemble Stars! Okami Akirakiba Metal Charm,B01K94QG2C
Taito Monogatari Series: Sodachi Oikura Figure,B01LYQAO18
Ys III Wanderers from Ys [Japan Import],B0002M2UC2
Taito Moomin Die Cut Tote Bag vol.2 40cm Moomin Kawaii Cute Anime Picture Book,B07VMNBW8P
Taito Puella Magi Madoka Magica Side Story: Magia Record - Kyubey 40cm Plush,B07N8MSTXV
Puzzle Bobble 3 DX [Japan Import],B000069U6X
Taito Space Invaders Pixel Beanie Peruvian Hat,B00FEO3GI0
Taito Guilty Crown Mini Chibi Figures-2.5 Gai Tsutsugami,B00AF0V8QK
Taito Hatsune Miku Summer Image Mascot Stuffed Soft Plush 11cm Marine ver. Cute,B07V5M8GPW
Taito 6.6 Kantai Collection: Kancolle: Yamato Figure,B017VZZFO2
Insector X,B000FYI9PE
SK Japan Kirby's Dream Land: Kirby Portable Fan,B07VYHLTRN
Taito Re: Zero -Starting Life in Another World-: Rem Precious Figure (Knit Dress Taito Online Crane Version),B07YHCFM4J
Taito Ano Natsu de Matteru Mio Kitahara Vol. 2 PVC Figure,B00B0NLO9C
lovelive! ƒÊ's holding hands deformed Keychain [Minoru Kosaka ”T‰Ê],B0182B97TS
XII Stag [Japan Import],B00008CP2P
Taito Re:. Zero Rem original campaign girl ver Precious PVC Figure 22cm,B084KS19N9
Taito Hatsune Miku Costumes Cafe Maid Version Figure| 7,B08K2RZGDS
Two medium-writer Stray Dogs Nakahara Hakosuta acrylic key chain,B071S9MV94
I want to have love even in the two disease! Original reversible cushion all one,B00I7N6O70
Puzzle Bobble 2 [Japan Import],B000069U6E
Taito Guilty Crown Premium Quality PVC Figure ~6.5 - Tsugumi,B008TOYNTS
Renegade,B000B4133I
Taito 7 Hatsune Miku Birthday 2020 Action Figure,B089CKBFW7
Gokuraku! Chuuka Taisen [Japan Import],B0000ZPUOG
Taito 7 Sword Art Online Alicization: Asuna Yuuki Action Figure (Casual Clothes Version),B0851TQ6B4
Taito Sword Art Online II Phantom Bullet 5 Sinon Action Figure,B00UCWQ9UQ
Taito 7 Kantai Collection: Kancolle: Akebono Space Invaders Collaboration Figure,B078MHJP32
Taito 7 Kantai Collection: Kancolle: Kashima Figure,B01N5HNZP3
Osomatsu's holding hands deformed key chains separately fourteen pine,B01EMZCPPG
Taito Final Fantasy All Stars FF Blanket Lightning Japan Limited,B0771MCFNB
Free! Eternal Summer SL Rin Matsuoka soft stuffed toy,B01DFXHYH0
Taito Final Fantasy XIV Moogle Desk Clock Red| 6.3,B082BCPF1X
Final Fantasy Mysidian Rabbit Plush H about 16.5 inches FF XIV by Taito,B01KJESPKS
Taito Bakemonogatari Black Hanekawa/Hanegawa in Pajamas 5 Action Figure,B00EJ93U5U
Taito Dragon Quest AM Big Stuffed Soft Plush 25cm Mimic & Dancing Jewel Mimic,B07SGBXBQT
Taito Gloomy Bear Plush Doll Argyle GP #519 Stuffed Animal Japan Jumbo Size 12 Inches Pink,B07Q6VW92G
Pet Shop Monogatari DS [Japan Import],B001931WEA
Taito Final Fantasy XIV Crystal Motion sensors Light Japanese ver. Cute Kawaii,B088R17TYN
Ensemble Stars! Mugyu' and mascot Trickstar Koritaka Hokuto single item (prize),B01G1GCI5G
Full set of 2 figures vol.2 Tanigawa Kitahara beauty Sakura waiting in that summer (japan import),B00A0C8E8S
Taito Rascal Series Coreful Figure Sakurajima Mai ~Newly Written Knit Dress ver.~,B08MBCZ46P
Doraemon BIG stuffed animal,B00PVJXY58
Hatsune Miku 10th Anniversary Lottery Taito-Kuji Drawing Acrylic Charm Award,B07C3RHLJF
Metal Gear Solid V CAUTION sound sensor light by taito,B016D3CAGE
Ensemble Stars multi Cross A single item,B01D5MK64Y
Taito Monogatari Series: Hitagi Senjogahara Figure (Owarimonogatari Version),B079HM6KJP
Side by Side Special 2000 [Japan Import],B00005OUSE
Final Fantasy XIV Minion Figure vol.1 - Y'SHTOLA by Taito,B01LYLPSAQ
Taito 6.3 Kantai Collection: Kancolle: Hamakaze Figure,B01F0OZY9M
Final Fantasy XV FF15 Kuplu Kopo Moogle Big Plush Stuffed Doll 23,B06Y637FNT
Final Fantasy XIV Minion Mascot Plush 3pcs Malboro Behemoth Mandragora,B01G9PA9NC
Taito 7 Monogatari Series: Yotsugi Ononoki Figure,B00SML2N5Y
Giga Wing Generations [Japan Import],B0007MSMG0
Starry Sky earphone jack Metal Charm Homare Kanakubo,B06WGP46S9
Taito 5.1 Kantai Collection: Kancolle: Yukikaze Figure,B01I20TNAC
Taito 7 Steins;Gate Hiyoku Renri no Darling: Kurisu Makise Figure,B009ZOU0NE
Slime AM slime pump bottle (blue) Dragon Quest,B01IVLV1FM
Taito Dragon Quest AM Big figure Killing Machine,B075D9TH9L
Hatsune Miku Senbonzakura earphone jack Metal Charm Miku ( black ) / Miku ( red) / Miku ( blue ) Set of 3,B00E6P0ARS
Taito Final Fantasy XIV A Realm Moogle Speaker| 5.9,B077T93MK3
Taito Hatsune Miku Autumn & Winter image stuffed Soft plush 16cm 2set kawaii,B07WGBWDF9
Taito Space Pirate Captain Harlock Super Mechanics Arcadia (TV Anime Color) (Japan Import) Corporation,B001MZ7OC4
Taito 6 Kantai Collection: Kancolle: Shimakaze Figure Decisive Battle Mode,B0825TK7TZ
Taito Re:Zero Big Plush ~ Rem~| Multiple Colors (T83331),B08K3FRJ6V
Taito Steins; GATE Steins; Gate Porch Snubbull UPa Stuffed Soft Plush Doll Genuine,B077RWQVKK
Taito Granblue Fantasy Vee Stuffed Plush Doll| 12,B01M31JCJR
Taito 6 Sword Art Online II: Yuuki Figure,B0171B090Q
Taito 7 Kantai Collection: Kancolle: Amatsukaze Figure,B0725RG3FZ
Taito Hatsune Miku [Autum Outfit RE:ver]: 18cm Vocaloids Original Statue Figurine Bundled with 1 A.C.G. Trading Card (TAI71100),B089G7PMK9
Taito Snow Miku Image Headphones Limited ver. Black & Blue Japan Limited,B07NGM2GDB
Taito Super Sonico Summer Beach Swimsuit Figure - Lemon Macaron,B00KO3EF6I
Taito Kantai Collection: Shimakaze Love Kanmusume Figure,B0778H4HKX
Space Battleship Yamato Resurrection Hen Super Mechanics Yamato (japan import) by Taito Corporation,B002YTMFWG
Tensai Bit-Kun: Gramon Battle [Japan Import],B0000AKGOB
Taito 6 Free! -Eternal Summer-: Haruka Nanase Figure Youth Ver,B004L3YVMA
STAND BY ME Dora Doraemon big action figure (arcade prize),B00MK25M2W
Taito Chakkusu GP All Purpose Rabbit Stuffed Plush [Trimming Coat Look] Standard,B07TM44GKT
Taito Chakkusu GP Oversized guru-to-Real ~ TEXTILLIC Round one Limited Damask Purple Stuffed Soft Plush Doll Genuine,B07C6HGWFY
Taito Kirby of The Stars PUPUPU Friends Cain Kirby Big Stuffed Soft Plush 30cm,B07R447ZK8
Taito lottery PSYCHO PASS- psychopaths - E Award pouch design ‡@,B00QTAAN1Q
Taito Persona 4 the Animation PVC Figure ~ 7 Rise Kujikawa,B00ABWF27I
Taito Snow Miku Image Headphones Limited ver. White & Blue Japan Limited,B07N7BMC5B
Taito Final Fantasy XIV Minion Micro Gigantender Solar Figure 15cm,B08KQ23YXF
Hat Trick Hero S [Japan Import],B000069U6F
Taito Gloomy GP Chax Bear Stuffed Plush| Pink| 10 by Taito,B01N7CDQTI
Taito Fate/Apocrypha: Assassin of Black 7 Action Figure,B078NJ5Y93
taito Ichiro Hypnosis Mic Hypnosis microphone Division Rap Battle hooking figure Buster Bros !!! Basuburo Ichiro Yamada figure PVC Figure Figurine Genuine,B07T2MVVMJ
Great writer Stray Dogs Ranpo Edogawa stained glass specification acrylic Keychain,B071RJ943H
Seirei Densetsu Lickle (Little Samson)| Famicom Japanese NES Import,B000068I3R
Taito Final Fantasy XIV Moglie Moogle Room lamp Blue Japan Limited,B074LJXYML
Mawaru Penguindrum Takakura Himari & Oginome RIngo Set of 2,B007PQ5I04
Demon Sword,B00004SVOU
Shin Megami Tensei Jack Frost 25th Anniversary Wallet,B07CLQ93JW
Taito Guilty Crown Mini Chibi Figures-2.5 Inori Yuzuriha,B00AF0V9SC
Bubble Bobble Old & New,B0001NBNEI
Taito Moomin fluffy oversized stuffed animals,B00TRQ260A
Taito Fate/Apocrypha: Rider of Black 7 Action Figure,B077SLPXKG
Taito Splatoon 2: Curling Bomb Cleaner (Neon Pink Version),B07FT8PJZ3
Persona 4 Yukiko Amagi figures Taito prize,B008FVHHZW
Taito Final Fantasy XIV: A Realm Reborn: Happy Bunny Stuffed Plush,B07YP8MVBL
Hatsune Miku ~Mandarin Dress ver~ Prize Figure| Multiple Colors (T83268),B08GLZXJ3N
Taito Miffy Melanie Limited SL Size 2020 Autumn Stuffed Soft Plush 30cm Kawaii,B08HZBZ1HV
Mushi Hime Sama [Japan Import],B000G15WLA
Taito lottery Free!,B00Q9LSSYO
Taito Re: Zero Precious Figure Figurine 15-20cm REM Salopette Swimsuit SP ver.,B0833H86N7
Taito Re:Zero Rem~Winter Cloth ver~,B08JKFLYCG
Taito Hatsune Miku Summer Image Mascot Stuffed Soft Plush 11cm Normal ver. Cute,B07V3JXC6F
Bakemonogatari Real Figure Hitagi Senjougahara separately by Taito,B003JZ0VUW
Dragon Quest Blue Slime 14 Plush Toy [Taito],B075TT3Z5T
Space Raiders [Japan Import],B00007HMVQ
Nyanbo swaying tail solar figure all four,B01N7ISCWQ
Taito Made in Abyss Nanachi Kuttari Stuffed Soft Plush Anime,B07PJ42GX7
Taito Shimakaze Decisive Battle Ver. Kancolle Prize Figure,B08L8XGQ7L
化物語 八九寺真宵リュック,B00C981SG6
TasukuTenruiko separately Aru Kagaku no Railgun Misaka Mikoto TasukuTenruiko figure whole set of 2,B006G599CI
Yokushin: Gigawing Generations (Taito Best) [Japan Import],B000CMRWB6
Mushihimesama [Japan Import],B0009NUOQS
Osomatsu's holding hands deformed Keychain vol.2 separately Choro pine,B01N2L0X4L
Taito Lottery Honpo Leaf X AQUAPLUS B Prize Draw Down Cushion All one,B00HQ8K8J2
Pocket Tomica (TOMICA) P045 NISSAN FAIRLADYZ Fairlady Z TAITO,B01HM00SWU
Sega Love Live! Sunshine!! Nesoberi Plush Doll Third Grade Kanan Matsuura Aozora Jumping Heart Ver. 6.7,B07KS8BMYN
Taito Monogatari Series: Second Season Shinobu Oshino Figure,B015A46NZG
Battle Gear 3 [Limited Edition] [Japan Import],B0000E5SEV
Taito Lottery Honpo Fate / Stay Night E Award Treasure Fixture Type Ballpoint Pen Caliburn Single Item,B00AJE7DS4
Aru Kagaku no (Railgun) Misaka Mikoto & Kuroko Shirai night figure [all] two full complete,B006QRT5DO
Taito Kantai Collection: Amatsukaze Love Kanmusume Figure,B07B7PB64P
Taito Final Fantasy All Stars Cloud Face 16 Cushion,B01NCQQ9O6
Taito 7 Super Sonico Figure Blue Ver.,B00BIXK99K
Taito lottery Free! Sugar Cake deformed figures Award Rin Matsuoka single item,B00Q9LSQ1E
Lady Stalker: Challenge from the Past| Super Famicom (Super NES Japanese Import),B0000645OH
Taito 8 Super Pochaco Figure Along with Sonico,B00L2KUJQC
Taito Final Fantasy XIV Online Minion Wind Bell Chocobo FF,B07W798T92
Bungo Stray Dogs 12 Big Plush Doll - Osamu Dazai,B01IJNQ18O
Taito Re: Zero -Starting Life in Another World-: Rem Precious Figure (Room Wear Version),B08KQ164TR
Psychic Force Puzzle Taisen [Japan Import],B00006LJVW
Moyashimon Monera Soft Vinyl Figure 4th Torikoidesu C. Torikoidesu separately figure prize Kaiyodo TAITO,B00SQOWME4
Relax Chaya bath towel white separately,B071H6XXSX
Taito Splatoon 2: Splat Roller Cleaner,B075GJ99XR
Tensai Bit-Kun: Gramon Battle [Japan Import],B0000AKGOG
Taito Original Summer Clothes 7 Hatsune Miku Action Figure,B073TJW5CV
Taito Ensemble Stars! Deformed Figure Vol. 1 Chiaki Morisawa PVC Figure,B01MTDJVSY
Taito Re:Zero - Starting Life in Another World Rem - Campaign Model Costume ver.,B08GM2ZZ4H
Evening figure skating story monster Guattari Nishio Ishin Anime Project Cosplay Prize Taito eighty-nine temple true (japan import),B006DYC2CQ
Taito Ensemble Stars Mugyu' and Mascot Knights Sakuma Rintsuki Single Item,B01IH9GLIU
Estpolis Denki II (Lufia 2: Rise of the Sinistrals) Super Famicom (Super NES Japanese Import),B000068I47
NINJA SAVIORS RETURN OF THE WARRIORS (UK IMPORT) [T],B07W93R74Y
Ys V - Lost Kevin| Kingdom of Sand [Japan Import],B000CSJ16O
Taito Yosuke Hanamura in Mayonaka Arena Action Figure,B00D75NAYI
Taito Re:Zero Precious Figure Rem ~Knit Dress ver.～ Renewal～| Multiple Colors (T83326),B08K3FHYD8
Date A Live strap origami,B01N0WOR2F
Mikoto figure index Mikoto Misaka Taito in Love banned list II of Certain Magical (with bonus poster) (japan import),B00AUT12VM
Taito Persona 4 P4U The Ultimate in Mayonaka Arena Aigis 6 Figure,B00BMI1EZE
Hatsune Miku Plush Doll Series Miku & Akiko stuffed full set of 2,B01AI61LYE
Free! Draw down lying pillow cover Makoto Tachibana by TAITO,B00RV4BMNW
Taito Dragon Quest AM Headphones Slime & King Slime Game Japan Limited Goods,B07HNXYYTM
Cool-headed cat good good of the ground cherry & NekoYoshiYoshi her stuffed NekoYoshiYoshi (single),B013N5HTQG
Taito Final Fantasy All Stars Deformed 6 Plush Doll Vol.4 Vaan,B06VVQ2GCQ
Taito Hatsune Miku Uniform Ver. Prize Figure,B08L45WZ7T
Taito Yotsuba &! Danboard Speaker,B00EV0BPAO
Heaven's Will [Japan Import],B000HDU19K
Taito Hatsune Miku Winter Live Action Figure Smiling Version,B082L45YL8
Taito Ensemble Stars! Deformed Figure Vol. 1 Subaru Akehoshi PVC Figure,B01N5TTDZW
Puzzle Bobble 4 [Japan Import],B00006LJGX
Taito 7 Hatsune Miku Winter Live Figure Action Figure (Sega Version),B082VHR6BC
Taito Final Fantasy XV Cactuar Cushion Stuffed Soft Plush Japan Limited 45cm,B077ZVVKKC
key Taito lottery F Award desktop LCD cover Rewrite Feng Chihaya,B00D6B14XM
Taito Persona 4 Arena P4U The Ultimate Naoto Shirogane 7 Action Figure,B00EJ93VKY
Taito Hatsune Miku Winter stuffed wink separately,B07D72332W
Taito 6 Attack on Titan: Krista Lenz Figure,B0161XXWV8
Gunslinger Stratos Dogma-magma SL stuffed dogma separately,B00B0LJS6U
Puchi Copter 2 [Limited Edition] [Japan Import],B0009CM8DG
Densha de Go! Final [Japan Import],B0001TXT3K
Taito Re: Zero -Starting Life in Another World-: Rem Precious Figure (Original Cheerleader Special Version),B07ZS256D4
Taito lottery Honpo Free! Square porch Award deformed characters (blue) separately,B00GOSPRFK
Taito SINoALICE Clean Nightmare Stuffed Plush Blue Version Japan Limited Goods,B07NC2S7Z1
Super Mario Bros Green Yoshi Big Acition Figure 12 inch,B018QFWVOI
Kantai Collection KanColle Deformed Figure Vol. 8 Amatsukaze PVC Figure,B01N38E68C
Ensemble Stars! Deformed figure vol.3 [Okami Akirakiba] separately,B01NCDUQ21
Saikyo Shooting Collection Vol.1: Strikers 1945 I & II [Japan Import],B00028EW68
Taito Re: Zero -Starting Life in Another World-: Rem Precious Figure (Marine Look Version),B089SQN2Y9
Taito Date A Bullet Coreful Figure - Tokisaki Kurumi～Swimwear ver.～ Prize Figure,B08K3FJRTC
Taito Ultraman Head Type Motion sensors Light 15cm Japanese ver.Cute Kawaii,B08BJW7TTC
Taito Final Fantasy XIV Bomb of Yura Pika Keychain 3 Set Stuffed Soft Plush Japan Limited,B073S54JCZ
Taito Ano Natsu de Matteru Kanna Tanigawa PVC Figure by Taito,B01LW6XB67
Darius Gaiden [Japan Import],B000069U6G
Watashi no Happy Manner Book [Japan Import],B000NCAPDC
Super Mario Bros. Red Koopa Shell Plush Toy,B01CGZ3CHE
Taito UFO Crane Dragon Quest King Slime Extra Large 16 Stuffed Plush,B08DRV5DP1
Taito Dragon Quest AM item's Gallery Special Zenithian Sword Heavenly Sword 22.8inch,B07N82TBYZ
Taito Hatsune Miku 10th Anniversary Kuji Honpo Action Figure,B079KQ5XTB
Taito Dragon Quest AM Big Stuffed Slime and Slime Beth Separately [Slime],B01IGZ5UP0
Taito Sukueni Cafe Nier Automata Vacuum Stainless Steel Tumbler New 2B 9S All Two NieR: Automata,B071V4V76F
Banpresto Marvel Iron Man 6.3-inch Creator x Creator Series Figure,B07DMTFHJW
Taito Re: Zero -Starting Life in Another World-: Rem Precious Figure (Original Salopette Swimsuit Version),B082WB1DTK
Taito 7 Hatsune Miku 2nd Season Summer Version Action Figure (Taito Online Crane Version),B07V67GCD8
Elevator Action,B000GBMGLY
Hakuoki SSL Sweet rubber strap Chikage Kazama separately,B00SP0MKA0
Langrisser III [Japan Import],B000A41FM8
Taito Ensemble Stars Mugyu' and Mascot Knights ShuSakuraTsukasa Single Item,B01IH9RZ80
Taito 7 Kantai Collection: Kancolle: Akizuki Otsukimi Figure,B01LHIJQ3U
Taito 8 Super Sonico Taito Staff Costume Ver. Figure,B00L8EIO5K
Doraemon the Movie: 2016 Birth of Japan Shin Nobita big action figure [Doraemon],B01D2NG0MS
Super Mario oversized Kutatsu and stuffed Yoshi Midori Yoshi single item,B019DNJC58
Metal Gear Solid The Phantom Pain Rock/Sand Snake Tap Sound Cardboard Box,B01IRW29MY
Taito Super Sonico Summer Beach Swimsuit Figure - Muscat Macaron,B00KO3EG9O
Taito Final Fantasy XIV Tataru Figure (Minion Version),B08733PV6W
Taito lottery Honpo Robotics Notes G Award rubber key chain gods Frau separately,B00AUCQ0PM
Saekano: How to Raise a Boring Girlfriend Big Plush ~Kato Megumi~ Big Plush,B08K3DDQ76
Final Fantasy XIV design pocket watch silver (Moogle),B01J3I1AKS
Taito Kirby's Fluffy Fluffy Super Big Plush Peluche 40cm 15.7 inches,B084L1PLM3
Dragon Quest AM Items Gallery Special Erdrick Roto Shield Dragon Quest 36cm 14.1,B07F5F9QZQ
Taito 6 Free! -Eternal Summer-: Rin Matsuoka Figure Youth Ver,B017VXNRJ4
Taito 7 Hatsune Miku 3rd Season Summer Version Figure,B08DFXQG4H
Ensemble Stars! Deformed figure vol.4 Izumi Sena single item (prize),B01MU5CA1Z
Taito Final Fantasy XIV Fat Chocobo Alarm Clock (White)| 6.3,B07HWY1SJR
Ultimate Spider-Man [Japan Import],B000FAJCM2
Arkanoid DS (w/ Paddle Controller) [Japan Import],B000W6O6DY
Taito Kantai Collection Maya Holiday Ver. PVC Figure,B01N4CCCDM
Funassyi Sorabi of Dole Nasshi Funabashi rocal character,B01E4XOWVQ
Taito Super Robo Nix Brave Raideen,B06XTHL3VZ
Fleet Collection ( this ship ) Bath Towel [ Tenryu u0026 Tatsuta ] separately,B00JXD1DPQ
Great writer Stray Dogs Doppo Kunikida stained glass specification acrylic Keychain,B072B726RJ
Taito Baka to Test Tsu in! Swimsuit Figure Prize (with All Two Full Set + Poster Bonus),B01KPI30HG
Taito 7 Hatsune Miku Birthday 2019 Action Figure (Sega Version),B07X29B6C5
Taito Dragon Quest: Emblem of Erdrick Pocket Watch (Silver),B074D1D43H
Taito Re:Zero Starting Life in Another World: Rem Marine Ver Action Figure,B08GQL7M7K
Taito 7 Hatsune Miku Winter Live Figure Action Figure,B07XYZG4TD
Taito Final Fantasy Dissidia All Stars Carnival Vol 6 Bartz Klauser 7 Plush,B06Y4GHHXF
Taito lottery Honpo Leaf ~ AQUAPLUS E Award mini multi-cross all four set,B00HQ8QAJY
Rozen Maiden: Geppetto Garden [Japan Import],B000LQWONE
Taito Rent a Girlfriend Coreful Figure Chizuru Mizuhara| Multiple Colors (T83208),B08GM46JZY
Denpa Onna Big blanket vertical blue Elio pajamas,B00UH28RMY
Taito Dissidia Final Fantasy Opera Omnia Pocket Watch vol.1 [Warrior of Light] Japan Limited,B07DLY75FY
Taito 8 Super Pochaco Winter Ver. Figure,B00OUIGYTE
Taito Hatsune Miku Winter stuffed glasses separately,B07D6ZFV7Y
Taito Doll Crystal Sakura Miku Figure,B086HKGN2N
Taito Monogatari Series: Second Season Mayoi Hachikuji Figure,B014IEZ9MM
Taito Memories II Joukan (Eternal Hits) [Japan Import],B0017P1QUU
Taito 5.9 Attack on Titan: Hange Zoe Figure,B01D1LD7QS
Banpresto KanColle goblins Akashi holiday figure SQ SPM 2 species set (japan import),B071L275SB
Taito Dragon Quest AM Slime Smartphone Speaker,B01L8H1FA2
Taito Final Fantasy All Stars Deformed 6 Plush Doll Vol.3 Warrior of Light,B01MTAJ5E9
Bust-a-Move 4,B00004RBF6
Capsule Sengoku Roman Tan your amulets all eight set,B003MLNYU2
Taito 6 Kantai Collection: Kancolle: Shimakaze Figure,B00LHPK7KU
Ray Tracers [Japan Import],B000069U6C
Ensemble Stars! Deformed figure vol.5 TakashiSachiin EiSatoshi,B01N0CMC6C
Taito lottery Free! Eternal Summer Flower afternoon cookie-style rubber Charm Award Makoto Tachibana single item,B014KDYVY8
Power Shovel ni Norou!! [w/ controller] [Japan Import],B00005Q2VL
Taito Super Mario Maker Big Builder Mario Action Figure,B073VY7GZ1
Takeshi no Chousenjou (Takeshi's Challenge) Famicom (Japanese NES Import),B000068I2T
PS2 Giga Wing Generations Japanese Game,B00N0UHMT4
Taito lot of Honpo songs Prince-sama Maji LOVE1000% C Prize deformed figure Shinomiya Natsuki,B008IQL1WY
Taito 6.7 Kantai Collection: Kancolle: Mamiya Figure,B017EBPOMQ
Taito SAKU-SAKU Panda Oversized Huggy Stuffed Toy Soft Plush Japan Limited Goods,B07QGSTW3D
Taito Square Enix Dragon Quest Blue Slime Squishy Stress Ball Toy 7cm,B08GV198ZJ
Robotics;Notes Frau Koujiro Taito PVC Figure,B00C3O0LFU
Jet de Go! (PlayStation the Best) [Japan Import],B00005OUS5
Taito Shinobu Oshino Story Series Glass Coaster Set vol.2,B078PRYBK9
Darius Gaiden [Japan Import],B000069SCN
Taito Final Fantasy XIV: Wind-up Ifrit Minion Figure Volume 1,B01M3RE6AW
Taito 6 Free! -Eternal Summer-: Makoto Tachibana Figure Youth Ver.,B018ID43LM
Re:Zero Precious Figure REM China Maid Ver.,B08CKW5MQQ
Warrior Blade: Rastan vs. Barbarian [Japan Import],B00007LL9Z
Taito Dreams Come True Debut 30 Anniversary Dorikuma-Warukuma sit Big 2 Set Stuffed Soft Plush Doll Genuine,B07VXTVRLD
Taito Dragon Quest AM Big Slime & Doraki Slime Stuffed Soft Plush Doll Genuine,B074W5BP9T
Baka to Test to Tsu in! (Hideyoshi Kinoshita figure) B Award,B00P275CDG
Taito Great Writer Stray Dogs Ryunosuke Akutagawa Mascot Prize Stuffed Soft Plush Doll Genuine,B076HQNXYX
Taito 7 Kantai Collection: Kancolle: Teruzuki Otsukimi Figure,B01L8GFOEG
Taito Hatsune Miku Autumn ver. ~Renewal~,B08GM3197P
Taito Final Fantasy All Stars Moogle Handy Light| 6.3,B074DSF83L
Taito Great Writer Stray Dogs Nesoberi Stuffed vol.2 [Chuya Nakahara] Separately,B01KJBTSKW
Great writer Stray Dogs character badge can badge Atsushi Nakajima,B06XJCKWV6
Rainbow Islands Extra: The Story of Bubble Bobble [Japan Import],B000148KFC
Taito Final Fantasy XIV A Realm Topaz Carbuncle Carbuncle Room Lamp| 6.3,B081RRJSFP
Taito Baka to Test Tsu in! Himeji Mizuki & Minami Shimada Figure All Two Full Set + Poster with Bonus,B01KPI34OA
Taito Magic Show Series 8 Super Pochaco Action Figure with Black Bunny ears,B00OYHMGC0
Cooking Mama [Japan Import],B000E67SB4
Taito 6.7 Date A Live II: Kotori Itsuka Elohim Gibor Ver. Figure,B00PT3QQQA
Taito HARINEZUMI-NO-Azuki Hedgehog Oversized Stuffed Soft Plush 42cm vol.2 Cute,B07P5RJY7C
Taito Dragon Quest large stuffed toy baby Satan / Momon 43ãŽ stuffed 2set,B07XPW5YFG
Taito Final Fantasy XIV Koropokkuru Stuffed Plush Japan Limited Goods Kawaii,B07LDZZJP8
Taito lottery Honpo Guilty Crown I Award Clear File Set design C / Daryl Yang other two separately,B0089LJ3AK
Taito Hatsune Miku Figure 3rd Season Spring Version,B0871V7X7Z
Arkanoid DS [Japan Import],B000W6J4WW
Super Puzzle Bobble All Stars [Japan Import],B000087NBE
Taito lottery Honpo Queens Blade Rebellion G Award Big magnet [Anne Lotte & Shigyi],B01JSCQSII
Taito 5.9 Kantai Collection: Kancolle: Akashi Day Off Figure,B076JRJC7X
Sega Love Live! Sunshine!!: Riko Sakurauchi SPM Super Premium Figure,B01M0WV7G2
Taito Kirby of The Stars Friends Good Night Big Stuffed Soft Plush Waddle Dee,B07NPR78GG
Taito Dragon Quest humidifier Metal Slime Separately,B017M4A2ZY
Taito Persona 4 Arena Chie Satonaka 7.5 Action Figure,B00DRCN92E
Konata figure Taito Station Costume Ver.1 Lucky Star Lucky Star Taito from Kagami & all two set (japan import),B005OVIPGQ
The Jetsons: Invasion of the Planet Pirates,B00002SW2H
Taito Cardboard Big Action Figure vol.2 [B. Red Dumbo Over] (Single),B01AU7TRVA
Taito Dragon Quest AM Shiny Piggy Bank Mimic & Cannibox 2set 11cm Kawaii Cute,B07PYTMQD8
Final Fantasy XIV minion figures vol.3 [Krull] separately,B06XV9WRSN
Taito Fate/Extra: Last Encore: Saber Nero Claudius Figure,B07PLCKH5G
Taito Original Autumn Clothes 7 Hatsune Miku Action Figure (Renewal Version) (Sega Version),B07YV8SPSB
Taito lottery Honpo Ghost in the Shell: A Prize Motoko Kusanagi figure all one single item by Taito,B01LW88XY1
Taito Oniichan Dakedo A Isae Areba Kankei Naiyone Anastasia Nasuhara 6.5 Action Figure,B00DRCN7GW
Ensemble Stars notebook type Sumahokaba private YumenoSaki School,B01MA6GAM3
Final Fantasy XIV Minion Figure vol.3 Set of 4 Characters (Thancred| Titan| Krile| Nutkin),B06XV8GCQG
Taito lottery Free! Eternal Summer Iwatonbi deformed figures Prize Tachibana Makoto separately,B00VKJBSOW
Taito Dragon Quest AM mesh Type Donut Shaped Cushion Slime DQ Kawaii Japan,B07D8TCN7S
Taito Rani VIII: 18cm Jamma Prize Statue Figurine Bundled with 1 A.C.G. Trading Card (451071600),B08GL4TN63
THE Figure of Railroad Crossing Illuminate!&ring!,B013OGBQ3Q
Ensemble Stars! Mugyu' and mascot Trickstar Yuki true single item (prize),B07D71PT7L
taito Super Mario large Plush Toy - Yoshi Green,B00WMOA2EG
TAITO Kubrick KUBRICK Devilman all 10 species set,B01FQAHU7E
Taito Chakkusu GP Hatsune Miku Type General Purpose Rabbit Mascot Gray 11cm Stuffed Soft Plush Doll Genuine,B00OVSQ2EU
Taito Dragon Quest AM Okina Glitter stuffed Soft plush 35cm Slime Santa Version,B07ZMFF543
Taito 7 Kantai Collection: Kancolle: Yamashiro Figure,B01N4NMMZK
Taito White cat Project Oversized Star Raccoon Motchi Ri ~ Stuffed Soft Plush Doll Genuine,B06XZ3H2ZG
Densha de Go! Professional 2 (Taito Best) [Japan Import],B00028EW72
Re:Zero Rem~Room wear ver~| Multiple Colors (T83203),B08GKWZCR3
Taito 7 Hatsune Miku Birthday 2019 Action Figure (Taito Online Crane Version),B07YPFYWTV
Mayoi Hachikuji Bakemonogatari Figure,B005DKGRKY
Taito 6.7 Kantai Collection: Kancolle: Northern Princess Major Damage Figure,B01CB720M0
Taito lottery Honpo Little Busters! F Award Big cans badge Saegusa Haruka Kei Kurugaya Yuiko,B00I24QGV8
Taito lottery Honpo Key D Award keyboard cover [Little Busters! Haruka Saegusa Ver.] Separately [Taito],B00XVI443M
Taito Lottery Honpo Free! Square Porch Award Iwatonbi high School Swimming Club Separately,B00GOSOO7C
Taito Galaxy Express 999 Movie Super Mechanics 999 No.,B001QWJCK0
Taito Granblue Fantasy: Narmaya Figure,B01NA7P1T9
Taito Final Fantasy XIV A Realm Tonberry Figure Room Lamp Light Extra Color| 5.5,B01N5LS5N6
Taito Re:Zero -Starting Life in Another World- - Rem - Precious Figure - Jumper Swimsuit ver,B086STNQFP
Taito 6.7 Kantai Collection: Kancolle: Isokaze Figure,B01KU8U0T2
Taito lottery Honpo DC Da Capo G award rubber key chain further (japan import),B00FADV1ZK
Space Invaders [Japan Import],B000092PK6
Taito 7 Hatsune Miku Winter Live Kagamine Rin Action Figure,B07ZMZWKX9
Taito Mamama Style Api 8 Hatsune Miku Action Figure,B0131E2OC8
Taito lottery ensemble Stars! INSIDE collection bottle Award Valkyrie single item,B01N1QGF9E
Taito Inu X Boku SS Shirakiin Ririchiyo PVC Figure Lab Coat Ver,B00E9JIMVM
The Jetsons - Nintendo NES,B00004SVR0
Taito Re: Zero -Starting Life in Another World-: Rem Precious Figure (T-shirt Swimsuit Version),B07T2WX1Q9
Taito Dragon Quest AM Soft Motchiri Stuffed Soft Plush 40cm Slime Beth Kawaii,B078H82XS8
Taito Fate Stay Night Saber Prize Taito Premium Action 7 Figure,B00BRGXP12
Bakemonogatari Real Figure Vol.2 whole set of 2 [Toy],B0041GN7P4
Taito 7 Kantai Collection: Kancolle: Tokitsukaze Figure,B06XZLKWXQ
Taito Poinko Mini Puppet (Brother & Brother) Set,B01M3Y3S6K
Persona 4 mini kid Figure vol.2 Kanji Tatsumi| white bell-Naoto Kuji Lycee bear all four sets (japan import),B00AHTP7CU
Operation Wolf,B00004SVSU
Taito Final Fantasy XIV Inflatable Vinyl Carbuncle (Topaz)| 17.7,B07GMMRYT4
Persona 4 Arena P-1 Grand Prix competition goodwill Kirijo Mitsuru| Akihiko Sanada (single),B00C65UG24
Taito Hatsune Miku Birthday 2019 Ver. Figure Vocaloid 7.1 [Japan Import],B07WPQBW72
Taito Final Fantasy All Stars Deformed 6 Plush Doll Vol.3 Squall Leonhart,B01NBW76DR
Taito Final Fantasy All Stars Deformed Stuffed vol.7 Zidane Separately,B06XVBLRJC
Taito Final Fantasy Pocket Watch 7 Set Complete Japan Limited,B07DC8ZT4R
Rastan Saga II [Japan Import],B0000ZPULE
Starry Sky earphone jack Metal Charm Kazuki Shiranui single item Starry Sky Charm earphone jack TAITO TAITO,B00T2IUIVM
Doraemon the Movie: Mini Action Figure Space Heroes whole set of 5,B00UR8DNPE
Taito 4.7 Monogatari Series: Shinobu Oshino Sofa Figure,B01A80QS84
Railfan [Japan Import],B000FSELLQ
Hatsune Miku Relieved Face Fluffy Plush Toy,B01N26TGW5
Taito Miffy Oversized More Stuffed Soft Plush vol.1 45cm Bruna Japanese Limited,B07N82VKGJ
Aquarius single item of key type LED light bottle treasure house of happy E award astral spirit in Taito lottery main office Fairy Tale everyone (japan import),B00919CAJK
Taito lottery Free! Eternal Summer Flower afternoon deformed figures Award Ryugasaki Rei single item,B014KDYULW
Taito Puella Magi Madoka Magica: Side Story Magia Record: Homura Akemi Figure (Glasses Version),B07B9348KY
Chakkusu GP face guru-to-real-mobile stand,B00OEPSECI
Taito Dragon Quest AM Large Figure King Slime 20cm,B0823N1CL6
Hatsune Miku Big Plush Doll Stuffed official Vocaloid 12,B072P2X5DM
Devilman high-grade realistic figure Shonen Magazine Taito made unused goods not for sale,B005MUT4K0
Taito Banana Fish Stuffed Soft Plush 11cm ASH Eiji 2set Anime Manga Kawaii Cute,B07SPBTG2Y
Taito Kirby of The Stars Fluffy More Big Stuffed Soft Plush 40cm Sleep Kawaii,B07VSGYWNS
Taito Nisemonogatari: Hitagi Senjougahara Figure,B00IDRRGCW
Super Sonico Itasha RC2,B00IM3IS74
Taito Official Doraemon 5 Inch Plush Doll Winking Open Mouth,B00HRHT8SE
Taito lottery Honpo IS-Infinite Stratos Last Happy Award figure Charlotte Dunois (yellow wedding dress Ver.),B007Q7DL2E
Taito Final Fantasy Dissidia All Stars Carnival Stuffed Plush - Tidus| 7,B06XQK4M82
Taito Kimetu no Yaiba Rengoku Kyoujurou mega Jumbo Nesoberi Stuffed Plush 40cm,B08KH6ZJW2
. Single item Hatsune Miku secret police music box secret police rust  Rin u0026 Len Ver,B00M72WL0Q
Taito Moomin Amit Series Stuffed Soft Plush 15cm Hattifatteners Knit Kawaii Cute,B07T8BQVXK
The Legend of Kage,B00004SVXF
Densha de Go! Shinkansen EX: Sanyou Shinkansen Hen [Gift Pack] [Japan Import],B000MWU9HA
[Toradora!] Bunny Girls Set,B003CJ3SNW
Taito Granblue Fantasy: Cagliostro Figure,B01HWAC0OE
Taito Final Fantasy Brave Aix via scan Moglie Moogle 30cm Stuffed Soft Plush Japan Limited,B07R9KP76K
Taito Hatsune Miku Spring & Summer Image Stuffed Soft Plush 16cm Summer ver.,B07RBD46YH
Taito Re: Zero -Starting Life in Another World-: Rem Precious Figure (Pretty Little Devil Version),B08CGV3GWS
Taito Final Fantasy XIV A Realm Carbuncle Eternal Calendar| 5.9,B078NJMKBH
Taito Nisemonogatari: Tsubasa Hanekawa Figure,B00I0MP4DS
Cleopatra Fortune [Japan Import],B000069U6P
Super Mario oversized Kutatsu and Plush Toy - Yoshi (Green),B01EAAR9S6
Fleet collection ship this deformed figure vol.6 all three sets,B01CFLEBWE
よつばと! ダンボークッション,B00FOPNFQC
taito Re: Zero Starting Life in Doll Crystal REM Figure Figurine 10-20cm SP ver.,B07VKBPLH9
Taito Dragon Quest Slime Headphones,B015FQ0D82
Super Sonic Summer Beach Figure Pink Strawberry Ver. by Taito,B00IP6A0N8
Taito lottery Free! Sugar Cake deformed figures Award Makoto Tachibana single item,B00Q9LSOQG
taito Dragon Quest Walk AM Walking figure Suramichi 1PVC Figure Figurine Genuine,B0882QYSZ8
Hatsune Miku fluffy [eyes closed] stuffed separately,B01JA4DFIK
Taito Final Fantasy Dissidia All Stars Carnival Vol 6 Cecil Harvey 7 Plush,B06Y43T88B
Pocket Tomica (TOMICA) P018 TOYOTA PROBOX JAF TAITO,B00HGQU4XO
Dragon Quest AM Slime handy cleaner metal slime separately,B01JCIPJYW
Taito Minion Maid Fluffy Goods 3 Stuffed Soft Plush Doll Genuine,B07DK3TLDG
Taito Kizuna Ai Puchietto Figure| 5.5,B07PQF9LY8
The Castle of Shikigami / Shikigami No Shiro [Japan Import],B000065U0K
Fleet collection ship this T-shirt vol.2 white,B01JRWBM9E
Kagamine Rin & Len x mustard-chan stuffed Rin single item (japan import),B00BG6MPB4
Taito [Invasion! Ika Ika Daughter]| such'm Alarm Clock! [B (Yellow) Type],B006AL618I
Ninja Warriors [Japan Import],B0000ZPUIW
Taito Final Fantasy Dissidia All Stars Carnival Stuffed Plush - Shantotto| 6.5,B06XQ99ZLS
Densha de Go! Shinkansen [Japan Import],B00005OUS7
Taito Pingu Big Hug Stuffed Soft Plush 60cm Japanese Limited Kawaii Penguin,B07N829KDC
Taito lottery Free! Eternal Summer Star night original cans mirror Award Makoto Tachibana single item,B0162JZCIC
Taito 6.3 Kantai Collection: Kancolle: Shiranui Figure,B01CB6BF86
Taito lottery Free! Eternal Summer shark pattern deformed figures Award Takashikai Yamazaki separately,B00VKJLMZ2
Taito Bowser Action Figure Posable Big 30cm King Koopa Official Super Mario Original,B07QLY81S2
Taito Chase H.Q. Special: Police S.C.I. Special Criminal Investigation [Japan Import],B000069U6J
Taito lottery Honpo Key ~ Second Edition ~ F award Poster rewrite single item (japan import),B009M5DM86
Taito Kizunaai Big stuffed Soft plush 30cm -A.I.Games 2019- anime kawaii cute,B07TDJ2LXH
ALL OUT !! earphone jack strap [2. stone Chomei Shimizu] (single),B06W2JPHG9
Hatsune Miku ~ Shaomai Mr. deformed figures all four sets,B00924G7PW
Taito Original Spring Clothes 7 Hatsune Miku Action Figure (Renewal Version),B088WTLL4H
Final Fantasy All Stars Fat Chocobo Plush Soft Touch Stuffed Toy,B07257FW5D
Little Samson,B000TV6SB0
Taito Super Mario Bros. Green Yoshi PVC Figure,B0157VFKCE
Taito Original Autumn Clothes 7 Hatsune Miku Action Figure,B074DDC1DS
Toaru Majutsu no Index Wikix II Misaka Mikoto Taito PVC Figure,B00BJRE6CG
MOOMIN Moomin woodgrain Sensor Light A red separately Moomin,B0711TYWJV
Dumbo DANBOARD USB humidifier yo zu ba ‚Æ! Zhuo humidifier,B01D0N11S8
Taito Hatsune Miku 10th Anniversary 7 Action Figure,B078864LTP
Taito Re: Zero -Starting Life in Another World-: Rem Precious Figure (Subaru's Training Wear Version),B07RRNNWM2
Taito Final Fantasy XIV A Realm Moogle Figure Room Lamp Light Blue| 7,B01I8BOK4O
NES - Blue Shadow - [PAL A - NO NTSC],B0006TNE7Q
Final Fantasy XIV Minion Mame Shiba Plush Stuffed Figure Toy Doll About 12,B07H585CWQ
Taito Star Kirby Battle Deluxe! BIG stuffed,B07CPQM7FD
Taito - Figurine Vocaloid - Hatsune Miku Summer Renewal 18cm - 3700936118950,B07ZMKJVWX
Taito lottery Honpo I Award Clear File Set Clannad CLANNAD,B00A6PR9QM
Taito Final Fantasy Brave Exvius Lottery C Award King Mog Plush Doll,B07ZC2WLK8
Taito 451085300 Project Diva Hatsune Miku 2nd Season Winter Version Figure| 7,B07MMFYKGF
Taito Final Fantasy XIV Shining Mouse & Mouse Pad Volume 2 Namazu,B07MDHXPX2
Taito Original Summer Clothes 7 Hatsune Miku Action Figure (Renewal Version) (Sega Version),B07V21BFQ6
Taito Kirby of The Stars Star Arise Big Stuffed Plush (Heart) Japan Limited,B07M81YW4W
Taito Square Enix Dragon Quest Rockbomb Squishy Stress Ball Toy 7cm,B08GTXKR59
High School D ~ D NEW Taito lottery Honpo A Prize Rias Gremory figure Save On limited,B00HVUAZV6
Taito Monogatari Series: Second Season Oshino Shinobu Figure,B00LHKRUOQ
Onna to Seishun Otoko Clear File / Towa Erio & Ryuko Mifune & Maekawa than Taito lottery Honpo Onna to Seishun Otoko,B00DN374ZA
Taito Rilakkuma Rilakkuma die Cut Blanket,B01BNI5JCQ
Homura [Japan Import],B000BBG8Q8
Starry Sky earphone jack Metal Charm Higashitsuki Suzu–ç single item Starry Sky Charm earphone jack TAITO TAITO,B00T2J5852
Taito Hatsune Miku ~2nd Season Spring ver.~ （Resale） Prize Figure,B08K3FTXR8
Taito Final Fantasy All Stars Headphone Mowgli Pattern (Single),B01LXRXWPE
Posters drawn by Taito lottery Honpo K last Happy Award Framed,B00NTXJCT0
Taito Free! Eternal Summer Free! Cafe Rosette vol.2 Yamazaki Sosuke (Single) Prize,B017P5CJ7O
Taito Final Fantasy XIV Metal Parts with PU Leather Mobile Cover red icon Japan,B07NTL1V57
Taito Sakura Miku~ Newly Written Figure 2021 ver~ Prize Figure,B08K3FYNDN
Taito Final Fantasy XIV Malboro Minion Plush,B07GSM131H
Kantai Collection Deformed Figure Vol. 7 Kiso Chibi PVC Figure,B01N7MFABD
Taito A.I.Games 2019 Kizuna Ai Puchietto Figure,B0824Q8BQV
Taito Hatsune Miku Plush Set of 2 Autumn & Winter ver.,B01MR5NGST
Sword Art Online SAO Alicization Alice Zuberg Integrity Knight Character Prize Figure Statue Collection Anime Girls Art,B07T42P58P
Hatsune Miku ~Room wear ver~ Prize Figure| Multiple Colors (T83195),B08CKX67LV
Taito Yu Narukami in Mayonaka Arena Action Figure,B00D75NB56
Space Invaders: The Original Game| Super Famicom (Japanese Super NES Import),B000068I43
Dragon Quest AM slime friends headphone slime Beth,B0711B2RCM
Taito Re: Zero -Starting Life in Another World-: Rem Precious Figure (Fluffy Parka Version),B086HQ34LJ
Taito Final Fantasy All Stars Deformed 6 Plush Doll Vol.4 Firion,B06VVGKP3H
Taito Final Fantasy XIV Tataru Taru Figure (Minion Version)| 5.9,B07PMZ6YX9
Puzzle Bobble DS [Japan Import],B0009X978Y
Love Live! Sunshine !! Aqours earphone jack strap vol.1 [3. Canaan Matsuura] (single),B01MSBS2WI
Cardboard notebook type Sumahokaba other models corresponding orange,B01M2XDT1T
Taito Dragon Quest AM dot Monsters Metal Slime Speaker Japanese ver.Cute Kawaii,B08C5F5N3K
Taito Touhou Project design headphones 19cm vol.2 Marisa Kirisame anime cute,B0834DH48X
Big tapestry draw down TAITO Kuji Honpo Japanese pampas grass cherry tree ogre A award (japan import),B009439514
Taito 7 Hatsune Miku 2nd Season Summer Version Action Figure (Sega Version),B07SLYF2WY
Taito lottery Honpo song Prince Sama ô Seriously LOVE Revolutions ribbon with shiny porch Award + Hand Towels & Charm with rubber Award [Ranmaru & Len & Mato],B01E52MA0G
Taito 6.3 Date A Live II: Tohka Yatogami Adonai Melek Ver. Figure,B00BMIVBW0
Taito Gantz Reika Shimohira 7 Action Figure,B00DRCN97O
Taito SINoALICE Space Invaders thorny princess blanket 90 cm japanese ver.,B084TWHQLV
Taito Hatsune Miku Winter Blanket 100ãŽ NEKO-MAGAME ver blue kawaii cute Vocaloid,B081TGH4RZ
Dominator Eliminator mode ver. Taito lottery Honpo PSYCHO-PASS psychopaths Last Happy Award Dominator sound figures - Eliminator mode ver. ~,B00FF9RG76
Taito Little Busters! Rin Natsume Stuffed Soft Plush Doll Genuine,B0868ZVY49
Taito Free Marine morning clear pouch award all three,B01MZ4UI2U
Taito Great Writer Stray Dogs Nesoberi Stuffed vol.2 [Ryunosuke Akutagawa] Separately,B01KJBWGME
Taito Persona 4 Izanagi 8 Action Figure,B00CN97K3Q
Psychic Force 2012,B0000206GG
Taito Captain Liliana Queen's Blade Rebellion 8 Action Figure,B00BRGXP1M
Taito Final Fantasy XIV Online A Realm Reborn Kuplu Kopo Stuffed Plush| X-Large/15,B018NXVK22
Taito 7.8 Hatsune Miku Taito Uniform Action Figure Volume 2,B07N5FQ34P
Taito Final Fantasy XIV A Realm Moogle Speaker Classical Trumpet Horn Type (Purple)| 5.9,B07K48D8YC
Mystical Fighter [Japan Import],B000148JKI
Idatenshou DS: Moero! Flame Kaiser [Japan Import],B000GVSRXK
Taito - Figurine Vocaloid - Hatsune Miku Winter V2 18cm - 3700936120526,B08CSYS1LN
Hatsune Miku ~3rd Season Autumn ver.~ Prize Figure| Multiple Colors (T83202),B08GM3XJ4K
Fairy Tail Figure ( Manga Anime ) Everybody Happy A Prize Erza Scarlet PVC FigureTaito Kuji (Separate) by Taito,B009197DB0
GRG Super Sonico race queen figure SUPER SONICO prize Taito Poster bonus,B00IC4QMPI
Taito Final Fantasy XV Bag Charm Watch - Black Logo,B07C9CQVK1
Taito 5.1 Monogatari Series: Shinobu Oshino Figure (Version 4),B01MSZAENS
Taito lottery Free! Eternal Summer Clear File & Clear sticker Award Iwatonbi set separately,B00VKKXUN8
Taito Final Fantasy XIV Namazuo Big Manju Type Stuffed Soft Plush Normal 35cm,B07PCLS75C
Super Mario oversized stuffed Sit Yoshi Green separately,B00S12MW50
Taito Hatsune Miku Figure Figurine 12cm Plain clothes ver. Normal & limited 2set,B07XXSGMCH
The Newzealand Story [PC-ENGINE Japanese Import],B0000ZPUKA
Space Invaders The Original Game [Japan Import],B0000ZPS5M
Super Mario Bros Koopa Shell Plush Big Size 16.5 inch Green Turtle shell,B0176561WM
Splatoon Splaroller Room Cleaner (lint cleaner) Nintendo TAITO Japan,B01F4R4518
Jet de Go! Pocket (Eternal Hits) [Japan Import],B000U4OJTO
Taito Hatsune Miku Winter ver. ~Renewal~| Multicolor| SQ21130,B08GM1S28V
Taito lottery ensemble Stars! INSIDE collection bottle Award Knights separately,B07D719ZY7
Space Invaders 90 [Japan Import],B0001488MW
Chakkusu GP instrumentation guru-to-real-stuffed (5th Halloween season aim ver.) Gosutan single item,B005PVBJAY
Love| Chunibyo & Other Delusions! Deformed figure Takanashi Rokka separately,B00I0Q8VIO
Taito lottery Free! Sugar Cake last happy Prize draw down multi-cross,B00Q9LSUHE
Taito Fate / Extra Last Encore Design Headphones 19cm vol.2 Caster Japanese,B07RWQBDK4
Tsu Prince-sama song Seriously LOVE2000% flute glass ST RISH separately prize,B00OXKDQ90
Taito Original Summer Clothes 7 Hatsune Miku Action Figure (Renewal Version),B07RXQ3ZHP
Taito Lottery Movie High Speed! Free! Starting Days Original Porch Award School Life Separately,B019I2QOAU
Taito Final Fantasy XIV Choco Chocobo Large Plush,B01N4QHZDS
Taito PSYCHOPASS psychopaths Daughter-in-Law Kore Lottery E Award 5 Big cans Badge Kagashu Stars,B00PXLHZYU
Super Mario Bros Koopa Shell Plush Big Size 16.5 inch Red Turtle shell by Taito,B01765DS7S
Taito Hatsune Miku Figure 3rd Season Winter ver. Prize Figure,B08LG4L2Z4
Metal Gear Solid The Phantom Pain Urban Miller Tap Sound Cardboard Box,B01IRW27PS
Taito Super Mario 30th Anniversary Gold Mario Action Figure,B016D2GMFU
Girls und Panzer theater version Boko XL's Oira jumbo authentic specifications! Eyepatch ver stuffed,B071DMK8C3
NARUTO Naruto Exhibition ETenkaIppin collaboration special ramen bowl,B06Y1B3MSC
Taito Re:Zero Precious Figure REM Fluffy Parka Ver.,B08L8VF6BL
Space Invaders Video Game 2 Pack Crew Socks Teen Adult,B07GMZVSBP
Taito Sakura Miku Mascot 2020ver. Stuffed Soft Plush 18 cm 3set Japan Cute,B085KZBM6T
Taito 7 Kantai Collection: Kancolle: Kaga Figure,B01NH9N8RQ
Cooking Mama 2 (Dream Age Collection Best) [Japan Import],B0034792FA
タイトーくじ本舗 IS-インフィニット・ストラトス Ｂ賞 フィギュア セシリア・オルコット,B007Q6N7NS
Taito Miffy Oversized More Stuffed Soft Plush 45cm vol.2 Red Kawaii Cute Bruna,B07V4QRLBK
taito Hatsune Miku figure 2nd season Summer ver. 1PVC Figure Figurine Genuine,B07SLXM575
Taito 5.9 Monogatari Series: Hitagi Senjogahara Figure,B00WMEY1WA
Taito KIZUNA AI Big Stuffed Soft Plush 35cm,B07LC6MG7H
Taito Final Fantasy XIV Namazuo Big Manju Type Stuffed Soft Plush 3set 35cm,B07N837WCC
Final Fantasy XIV Online Christmas Fat Chocobo 13 Plush [Taito],B074N3J7B2
Taito Sword Art Online Asuna Puchietto Figure (Knights of The Blood Version)| 5.5,B086YJS9Y3
Taito Fate/Apocrypha: Saber of Red 7 Action Figure,B079D7WHX9
Taito Miffy die-cut blue Assorted ver. Stuffed Soft Plush 60 cm japanese ver.,B0852PWRN8
Taito Doraemon STAND BY ME Pins set Award,B01MDUQOX5
Shark Tale [Japan Import],B0007MSMEW
Taito Hatsune Miku (Birthday 2020 Sweet Angel Version) 1:7 Scale PVC Figure| Multicolor,B08KHWHMPX
Taito 6.2 Kantai Collection: Kancolle: Ise Figure,B00WM1MYH2
Taito Chase HQ [PC-ENGINE Japanese Import],B0000ZPUK0
Taito Hatsune Miku Original White Bunny Spring Version 16cm Plush,B07G8SC261
There is not so cute is my sister| Taito Kuji Honpo D-4 award mouse pads [2013 celebration of spring Dengeki single item] (japan import),B00BVJ3L6E
Final Fantasy All Stars clock FINAL FANTASY ALL STARS clock whole set of 2,B06XYGKSVS
There maoyu multi cross about 210cm Taito prize not for sale mount folds,B00CGGJBY2
Taito Doraemon STAND BY ME scene mini figure vol.2 Award,B01N3KDX09
Taito Star Kirby PUPUPU Friends Koo Kirby Big Stuffed Soft Plush 33cm Kawaii,B07RN1SZP6
Ensemble Stars! Deformed Figure Vol.4 Tsukasa Suou Single Item (Prize),B01N7MWNY5
All Stars Final Fantasy Dissidia Moogle 17 Inch Plush Figure,B073YDTLFL
Taito Shaun The Sheep Sheep Dreams Perfectly Round Plump Big Stuffed Soft Plush,B07PZ4CRKL
Hatsune Miku Happy Face Fluffy Plush Toy,B01MTDJZEU
Taito 7 Kantai Collection: Kancolle: Yuubari Figure,B01MFD3NT6
Taito Final Fantasy All Stars Deformed Plush Doll Vol.1 Cloud Strife by Taito,B01M4S7AD4
Yotsuba&! Normal Danboard Spice Case,B01FIPG19U
Taito Nyakki! Glutinous Rice Cake GJ7 Stuffed Soft Plush Doll Genuine,B084FS3H4L
Kantai Collection -KanColle-: Yahagi -Renewal-,B08L478GLK
Taito Final Fantasy Brave Exvius Fina Puchietto Figure| 5.5,B07MJ4Y8C7
KAPIBARASAN Funa 'and over figure key chain 3 capybara's Fu Nasshi separately,B013JX07XY
Taito Moomin Extra Large Size Soft Motchiri Sit Stuffed Soft Plush Japan Limited,B07JYNDNHK
Taito Square Enix Dragon Quest AM Items Gallery Special - Erdrick Sword (Lotto's Sword),B0799JGKZN
Taito Final Fantasy XIV Housing Figure Volume 1,B07NN9TXRL
Taito Project Diva Hatsune Miku Sakura 2020 Version Figure| 7 Online Crane Version,B086RTG9RF
Taito 5.5 Hatsune Miku Doll Crystal Action Figure,B07JLQG1BQ
Taito Kagamine Ren Winter Live ver| Multiple Colors (T18510),B08GM2BRDC
Nekketsu Kouha Kunio-kun (Renegade| River City Ransom)| Famicom Japanese NES Import,B000068HK5
Taito Made in Abyss Nanachi 30cm DX Plush Doll,B07PXM3KV7
Taito Square Enix Dragon Quest King Slime Squishy Stress Ball Toy 7cm,B08GV15C94
Taito Final Fantasy XIV Alphinaud Leveilleur Figure (Minion ver.) 5.5,B086X6L6W9
Taito 7 Kantai Collection: Kancolle: Suzutsuki Otsukimi Figure,B07DYPK6T5
Cold deformed figures ver.2 all four sets of ground cherry,B00U4JB73G
Taito Ano Natsu de Matteru Kanna Tanigawa Vol. 2 PVC Figure,B00B0NLNT8
Taito 6.7 Kantai Collection: Kancolle: Battleship Princess Scale Figure,B00WM1W80K
Space Invaders Extreme 2 [Japan Import],B001PO5IE8
Invasion! Ika Musume figure (japan import) by Taito Corporation,B0057N8W96
Taito 2.3” Persona 4 Minikko Figure vol.1 Yukiko Amagi mini figure,B00AGB6M6O
Final Fantasy ‡]‡W Room mat Moogle single item,B01EIHNV92
Taito Rilakkuma Sakura Rilakkuma Fluffy Stuffed Toy Soft Plush XL Premium Pink,B07P9NNZSZ
Set E separately sticky devil superman Hen ~ G award mini comic type of seven Taito lottery main office Kinnikuman ~ (japan import),B00CJOBSVK
Angel Creamy Mami Heart mug cup all four sets of magic,B002PLCHMG
Taito Ano Natsu de Matteru Remon Yamano PVC Figure,B00ALQE2Z2
Taito Persona 4 P4U The Ultimate in Mayonka Arena Rise Kujikawa 6.5 PVC Figure,B00G4DULJW
Super Mario Bros 12 inch Big Boo Teresa Plush Toy,B01AU6W04C
2010 & 2011ver. (2010ver. single) Miku Hatsune Miku Plush Doll (japan import),B00GFRX9R8
映画ドラえもん2016「新・のび太の日本誕生」　BIGぬいぐるみ【ドラえもん】＆ビッグアクションフィギュア【ドラえもん】　2点セット,B01D2MHZ46
Taito Seiken Densetsu 3 shiny Rabbi Mouse & mouse pad japanese ver. Cute kawaii,B0845TC5F2
Layer Section [Japan Import],B000069U6B
Taito Memories Pocket (Taito Best) [Japan Import],B000JC20LQ
Cool dog figure key chain all five set Mini,B011E5XX5I
Taito Sword Art Online Alicization Glowing Mouse and Mouse pad 21ãŽ Kirito Anime,B07SYNQH79
Taito DC Comics Batman High Stage Figure with 6 Statue,B009HQOJJG
Taito Super Mario King Teresa Sensor Light Ghost Boo 9 Action Figure,B00G4DULAQ
Taito Final Fantasy XV Bag Charm Watch - Cactuar,B07BRDGVYP
Final Fantasy XIV minion figures vol.3 [Thancred] separately,B071VG6CT5
Certain Magical Index II swimsuit figure summer anime prize Taito (all two full set),B008H254EA
Taito Loot Crate Exclusive Space Invaders Orange Vinyl Figurine,B01B1W98WQ
Taito Persona 4 P4U The Ultimate in Mayonka Arena Yosuke Hanamura 6 PVC Figure by TAITO,B01L4GX2W6
Taito Movie Osomatsu-san Youth Companion Stuffed Soft Plush 16ãŽ 6set Japanese,B07R2FGPH6
Bunsuto best shot Keychain rubber strap Atsushi Nakajima,B0722FLRBR
Pocket Tomica (TOMICA) P047 Toyota Alphard TAITO Silver,B00F4ZI8KU
Taito Yamashiro [Day Off]: 18cm Jamma Prize Statue Figurine & 1 A.C.G. Trading Card Bundle (TAI53800),B07W3PNTGQ
The Castle of Shikigami II / Shikigami No Shiro II [Japan Import],B0000YTRWI
Certain Magical â…¡ winter clothes figure [early spring Kazariri],B007HTRCV2
Taito Guilty Crown Premium Quality Pvc Figure - 8 Inori Yuzuriha by TAITO,B01N7GLMA2
Story series design cushion [Shinobu Oshino type separately] Taito,B01BXVRR32
Densha de GO! 2 [Japan Import],B000069U74
Free! -Eternal Summer- draw down lying pillow cover vol.3 5 Type Set,B01CUDH13I
Taito Re:Zero Coreful Figure Rem Uniform Ver~,B08JKGQTVR
Taito Free! -Eternal Summer-: Iwatobi Swim Club Deformed Figure Award Marine Morning Ver. Set of 6,B015L5DFAK
Kantai Collection KanColle Deformed Figure Vol. 9 Ooi PVC Figure,B071K9QQGG
Free! Eternal Summer SL Nanase much soft stuffed toy,B01696CU42
Taito Final Fantasy XIV A Realm Moogle Letter Box Projection Clock| 5.9,B072JT1ZJ7
FINAL FANTASY Final Fantasy XIV messenger bag B,B06XKL3S7C
Kantai Collection Kancolle Shimakaze Battle Mode Figure,B0825BFD99
Rascal Series Big Plush~Sakurajima Mai~ Big Plush| Multiple Colors (T83335),B08K3F8QBG
Taito Hatsu n e Miku [Birthday '19]: 18cm Statue Figurine Bundled with 1 A.C.G. Trading Card (TAI56200),B089VR4H5Y
Taito Monogatari Series: Mayoi Hachikuji Figure (Owarimonogatari Version),B079HP7QFH
Taito Hatsune Miku Winter Live Figure 18cm Len Kagamine kawaii cute,B08335DMGT
Taito Free! -Eternal Summer-: Iwatobi Swim Club Deformed Figure Award Flower Afternoon Ver. Set of 6,B01787N60S
Accel World figure swimsuit prize Anime Taito (all 2 species full set of Kurasaki maple and child black snow princess) (japan import),B00BM97470
Zero Shikikan Josentoki Ni [Japan Import],B000CMTQJM
Chapter3 B Award world line fluctuation rate meter-in Calendar separately Taito lottery Honpo Steins gate (japan import),B00FS6TPHA
Ensemble Stars! Mugyu' and mascot meteor Corps Shinobu Sengoku,B01IH8YS6I
Taito Final Fantasy XIV design pocket watch silver (Moogle),B01IZWZ40A
Taito Miffy Big Blue Dress ver Stuffed Soft Plush Doll Genuine,B07N1SS2C4
