Behringer XENYX 1002B Mixer for Live Performance and Audio Recording Bundle with Blucoil 10' Straight Instrument Cable (1/4)| 2-Pack of 10-FT Balanced XLR Cables| Pop Filter| and 5x Cable Ties,B085QMP193
Behringer Synthesizer (305 EQ/MIXER/OUTPUT),B08KY9P1BQ
Behringer Europower EPQ304 Professional 300-Watt Light Weight 4-Channel Power Amplifier|Silver,B004W4TYMA
BEHRINGER SD16,B013JLZD4Y
Behringer DX1000 Pro DJ Production Console,B0002Z82OO
Behringer AMP800 Four Channel Headphone Amp,B000KU87SM
BEHRINGER B1030A High-Resolution Active 2- Way Reference Studio Monitor with 5.25 Kevlar Woofer| Black,B005377VY8
BEHRINGER ULTRABASS BT108|Black,B000LQ5XV4
Behringer Eurolive VP1220 Professional 800-Watt PA Speaker|Black,B0029RRGEA
BEHRINGER ULTRABASS BXL1800,B000KMEKAY
Behringer Synthesizer (112 DUAL VCO),B08KY9G4ZR
Behringer AB100 Instrument/Amplifier Selector,B000KIPD5E
Behringer Wireless System AIRPLAY ULG10 Electric Guitar Electronics (AIRPLAYGUITARULG10),B07VWZ2K7R
Behringer DJ Headphones (HC 200),B07V4RL8PF
Behringer 000-A0L02-00010 X2222USB Premium 22-Input 2/2-Bus Mixer Audio Interface with XENYX Mic Preamps Bundle with Stereo Headphones| XLR Male to XLR Female Cable and TRS Male to Two TS Male Cable,B08DM93ZK3
BEHRINGER PSU10-UL 120V Ul Replacement Power Supply for The Dsp110 and FBQ100 Black| (PSU10UL),B007MWXDZS
Behringer Eurolive B212XL 800-Watt 2-Way PA Speaker System|Black,B001XWD3LC
Behringer CMD Studio 4a 4-Deck DJ MIDI Controller with 4-Channel Audio Interface,B00DW5NBVU
Behringer Power Supply PSU11-UL,B00P03WJYW
Behringer Studio Headphones (BH 770),B07YW7V3YG
BEHRINGER ULTRABASS BX4500H,B000LQ5XW8
Behringer X AIR XR16 Digital Rackmount Mixer,B011ZCGW4E
Behringer UMC202HD Audiophile 2x2 24-Bit/192 kHz USB Audio Interface U-PHORIA Bundle with 1 Year Extended Warranty,B084TKDJ8C
Behringer WING 48-Channel 28-Bus Full Stereo Digital Mixing Console with 24-Fader Control Surface and Touch Screen - With Whirlwind Medusa Multitrack 10' 8 Ch 3-Pin XLR Male to Female Cable + More,B085D94X7C
Behringer Electronic Drum Controller (RD-6-RD),B08HR9376Z
Behringer Synthesizer (CRAVE),B07Z77Y9HP
Behringer U-PHORIA UMC22 2x2 USB Audio Interface with 48V Phantom Power for Windows and Mac Bundle with Blucoil 10-FT Balanced XLR Cable| 10' Straight Instrument Cable (1/4) and Pop Filter Windscreen,B085WB6HJ4
Behringer Hellbabe HB01 Ultimate Wah-Wah Pedal with Optical Control,B000KIRT38
Behringer Dynamic Microphone (SL 84C),B07ZYFPR5W
Behringer Monitor Speaker And Subwoofer Part| Black (MPA100BT),B06Y42VS99
Behringer Tube Overdrive To100 (Guitar/Bass/Keyboard) Authentic Tube-Sound Overdrive Effects Pedal,B000KIVM9U
Behringer MDX1600 2-Channel Expander/Gate/Compressor/ Peak Limiter,B0002E4ZJ6
Behringer Distortion-X Xd300 Thrash Metal Distortion Effects Pedal,B000T5257W
Behringer DW400 Dynamic Wah Ultimate Auto-Wah/Human Voice Effects Pedal,B0016MFJCA
Behringer Synthesizer (PRO-1),B07ZDH979V
Behringer XENYX Q1202USB Mixer and USB Audio Interface for Windows and Mac Bundle with MicroAMP HA400 Headphone Amplifier| Blucoil 10-FT Balanced XLR Cable| and 3-FT USB 2.0 Type-A Extension Cable,B085PPFCKY
Behringer Xenyx X2442USB Premium 24-Input 4/2-Bus Mixer with USB/Audio Interface,B0037036QA
BEHRINGER PA System| Dark Grey (PPA200),B00LJPPX8E
Behringer Headphones (BH470),B07VG6GFZT
Behringer Synthesizer (911 Envelope Generator),B0855KD957
BEHRINGER| 6 PMP560M 500-Watt 6-Channel Powered Mixer with Klark Teknik Multi-Fx Processor Compressors Black,B00E87OML4
Behringer Sonic Exciter SX3040 Ultimate Stereo Sound Enhancement Processor,B000VTFQCM
Behringer Eurodesk SX2442FX Ultra-Low Noise Design 24-Input 4-Bus Studio/Live Mixer,B001H3EV9K
Behringer MiniFBQ FBQ800 Ultra-Compact 9-Band Graphic Equalizer with FBQ,B000MJ406Y
Behringer iNuke NU3000DSP Ultra-Lightweight High-Density 3000-Watt Power Amplifier with DSP Control and USB Interface,B005EHINAS
Behringer Eurodesk SL2442FX-PRO Mixer,B00117WZ54
Behringer Eurorack Pro RX1602 Professional Multi-Purpose 16-Input Ultra-Low Noise Line Mixer,B000CCS3UA
Behringer EUROPORT EPA150 Ultra-Compact 150-Watt 5-Channel Portable PA System with Digital Effects and FBQ Feedback Detection,B003D7ZN2W
BEHRINGER (NU4-6000),B00LGNFAIC
Behringer iAXE624-BD USB Guitar Centari,B000TXOJZA
Behringer Synthesizer (CP35 ATTENUATORS),B089CQH9G7
Behringer Digital Multitrack Recorder (U-PHORIA STUDIO PRO),B07TBF9D9N
Behringer Synthesizer (921B OSCILLATOR),B08B7QNYM4
Behringer Eurolive B208D Active 200-Watt 2-Way PA Speaker System|Black,B002C4QWZO
Behringer Cmd Dc1 Pad-Based MIDI Module with Effects and Navigation Control,B00D3R2KQ4
Behringer FCV100 Ultra-Flexible Dual-Mode Foot Pedal for Volume and Modulation Control|Black,B0002KYXTM
BEHRINGER EUROPORT MPA200BT,B077SPVPKK
BEHRINGER EUROLIVE B215XL-WH,B0029RRH1W
Behringer Eurolive VS1220 High-Performance 600-Watt PA Speaker|Black,B0029RKM50
BEHRINGER ULTRA TREMOLO/PAN TP300,B001EIMZXW
Behringer Monitor Speaker And Subwoofer Part (NX3000D),B07GSB6CRC
BEHRINGER EUROPOWER EPQ900,B00508JFE4
BEHRINGER Powered Studio Monitors Pair (MEDIA40USB),B013JM02IU
Behringer HF300 Hi Band Flanger Ultimate High-Band Flanger Effects Pedal,B0016MN1U2
Behringer Headphones (BDJ1000),B07VNSL9CM
Behringer Europort MPA40BT All-in-One Portable 40-Watt PA System with Bluetooth Connectivity and Battery Operation - With Behringer Ultralink ULM202USB High-Performance 2.4 GHz Digital Wireless System,B07C2MPW4J
Behringer ULTRA-DRIVE PRO DCX2496 Crossover,B072KYBBQN
Behringer Xenyx Q502USB,B00CTKI10A
MXL 770 Cardioid Condenser Microphone (Silver) Bundle with Behringer U-PHORIA UM2 USB Audio Interface for Windows and Mac| Blucoil Boom Arm Plus Pop Filter| and 10-FT Balanced XLR Cable,B08HSLYVXK
Behringer X32 32-Channel 16-bus Digital Mixing Console w/Decksaver Pro Cover and,B07FNDPL1S
BEHRINGER| 16 USB Audio Mixer (UFX1604),B008R7F30K
Behringer Ultragraph Pro FBQ1502HD 15-Band Stereo Graphic EQ with FBQ Feedback Detection,B019Q44E98
Behringer XM8500 Dynamic Cardioid Microphone with Deco Gear Pop Filter Mic Wind Screen Bundle,B07JHZD6FD
Behringer| USB| Black (S32),B01HUJ41IU
Behringer U-Phoria UM 2 Audiophile 2x2 USB Audio Interface with XENYX Mic Preamplifier - With 6' 8mm XLR Microphone Cable| Micro Fiber Cloth,B07MNR1V7F
Behringer Eurolive VP1520 Professional 1000-Watt PA Speaker,B0029RPRZU
Behringer FS112T Dual Footswitch for Guitar or Bass,B016YM2QRC
Behringer Xenyx 1002 Premium 10-Input 2-Bus Mixer with XENYX Mic Preamps and British Eqs,B000J5WB4E
Behringer Eurolive B815NEO 2400 WATT Active 15 PA Speakers Systems With Neodyium Speakers and Integrated Mixers| Pair of Adjustable Pro Speaker Stands| 2 XLR Male to Female Cables| Carrying Case Package,B0069CZ5DA
BEHRINGER XENYX 1204USB,B003EUX2QM
Behringer TRUTH B3030A 2-Way Active Ribbon Studio Reference Monitor with Kevlar Woofer,B0026198AY
BEHRINGER| Black (VQ1800D),B00EMDNQL6
Behringer Ultratone KXD15 600-Watt PA System and Keyboard Amplifier with 15in Speaker - Bundle with Straight to RA Guitar Cable 5'| 15' 8mm XLR Mic Cable| Nady SP5 Sp-5 Starpower Series Handheld Mic,B07DVBCQR7
Behringer Xenyx QX1002USB Premium 10-Input 2-Bus Mixer with USB/Audio Interface|Black,B008O516L0
Behringer EUROLIVE Vp2520 Professional 2000-Watt Pa Speaker with Dual 15 Woofers And 1.75 Titanium-Diaphragm Compression Driver,B0029RRGRC
Behringer Sonic Ultramizer SU9920 Ultimate Stereo Sound Enhancement Processor|Black,B000VTHSP0
BEHRINGER CMD TOUCH TC64,B00SWDKN2W
BEHRINGER B207MP3 Active 150-Watt 6.5 Pa/Monitor Speaker System with Mp3 Player Black,B00E71EG0I
BEHRINGER (XR16),B00ZR77GTO
BEHRINGER Amplifier Footswitch (FC600),B00ZR77ORS
Behringer DEQ1024 Ultragraph Digital Equalizer| Feedback Destroyer and Dynamics Processor,B0002E51RG
BEHRINGER| 32 Digital Mixer| Black (X32COMPACTTP),B00EMDNQQQ
Behringer VAMPX V-Amp X Guitar Amp Modeling Processor,B0029VJ928
Behringer Eurolive WB210 Wall Mount Bracket for Eurolive B210 Series Speakers| Black,B003OUFE2C
BEHRINGER EURORACK UB502,B0002L05XY
Behringer Synthesizer (140 DUAL ENVELOPE/LFO),B085RTC5GF
Behringer Synthesizer (K-2),B07X9YKS98
Behringer EUROLIVE B207MP3 Active 150-Watt 6.5 PA/Monitor Speaker System with 2 XLR Microphone Cable and Zorro Sounds Speaker Cleaning Cloth,B075JJPBZ7
BEHRINGER EURORACK UB1832FX-PRO,B000GSA5A6
Behringer Headphones (HC 2000),B07VKC5CZF
Behringer ULTRACURVE PRO DEQ2496 - Stereo 24-Bit/96kHz Digital EQ/RTA Mastering Processor with Microfiber and 1 Year Everything Music Extended Warranty,B07QZXLVMC
Behringer EUROPOWER PMH3000 Powered Mixer,B000NJ0PC6
Behringer UB1202 Eurorack UB1202 Mixer (12 Inputs),B0002JF5E0
Behringer Crave Analog Semi-Modular Synthesizer with 3340 VCO + Warranty,B08C36F567
Behringer MicroMON MA400 Ultra-Compact Monitor Headphone Amplifier|Silver,B000KUCQXY
Bugera V55HD 55-Watt Vintage 2-Channel Valve Amplifier Head with Reverb,B002GHBZ5E
Behringer Eurolive B115D Active 2-Way 15 PA Speaker System with Wireless Option and Integrated Mixer,B007KZQNE0
Behringer Power Amplifier (NX6000),B07JJKV6JH
Behringer Pro Mixer DJX900USB Professional 5-Channel DJ Mixer|Black,B005EHIM4K
BEHRINGER EURORACK UB1622FX-PRO,B007MWXD08
Behringer MDX1400 Autocom Pro Compressor/Limiter,B007TWVTUW
Behringer Ultrabass Bxr1800h Ultra-Compact 180-Watt 2-Channel Bass Amplifier Head With Fbq Spectrum Analyzer| Compressor And Ultrabass Processor,B00178LWO2
BEHRINGER U-CONTROL UMX490,B003D0DJ9I
Behringer Dynamic Microphone (SL 75C),B083FJJPVD
Behringer Digital Mixing Console (WING),B082YG37S9
Behringer UZ400 Classic Fuzz Distortion Effects,B000T525A4
Behringer Eurolive B215D PA Speaker Bundle with Behringer XR12 12-Input Digital Mixer| Microphones and Accessories - Portable PA System (12 Items),B01MZAIO9L
Behringer Eurolive ELX42 Ultra-Compact Fly Ready 2x4 Line Array Speaker| 80Hz-19kHz Frequency Range| 16 Ohms Impedence,B01HUJ2UHY
Behringer Q802USB Premium 8-Input Mixer with XENYX Mic Preamps,B084RC1TSQ
Behringer MPA100BT All-in-One 100-Watt Portable Speaker Bundle w/Stand and Cloth,B07FK3C59Y
Behringer GTX60 Guitar Amplifier 60-Watt Guitar Amplifier with 2 Independent Channels| Fx| Tuner| Tube Modeling And Original Bugera 12 Speaker,B002GHBYYG
Behringer U-Control UMX610,B007BNLBZ2
Behringer NOX606 PRO Mixer Premium 6-Channel DJ Mixer with Optical VCA Crossfader| Beat-Syncable FX| VCFs and USB Interface,B005EHIMYK
BEHRINGER QX1222USB Premium 16-Input 2/2-Bus Mixer with Xenyx Mic Preamps & Compressors Klark Teknik Multi-FX Processor Black,B00C3ZR19I
BEHRINGER Keyboard Amplifier| Black (KXD15),B00U63TBTW
Behringer XENYX QX602MP3 6-Channel Mixer with MP3 Player,B01B7QKLWC
Behringer XENYX 802 Premium 8-Input 2-Bus Mixer with 48V Phantom Power Bundle with Blucoil 2-Pack of 10-FT Balanced XLR Cables| Pop Filter Windscreen| and 5-Pack of Reusable Cable Ties,B085PT2744
BEHRINGER iNUKE NU12000,B00HRKWS7O
BEHRINGER EURORACK UB1002FX,B003L9E0TE
BEHRINGER| Q1002USB Premium 10-Input 2-Bus Mixer with Xenyx Mic Preamps & Compressors British EQs Black,B00CTKI47K
BEHRINGER S16 16-Channel Digital Snake Black,B00AR2PN8U
Behringer Europort PPA500BT Ultra-Compact 500-Watt6-Channel PA System with Bluetooth Technology| Wireless Mic Option - With Behringer Ultralink 2.4 GHz Digital Wireless System| Includes 2 Mics,B07C3N72WF
Behringer Q1202USB 12-Channel Mixer|Black,B008O517IW
Behringer VT30FX Guitar Combo Amp,B002GHBZ0O
Behringer Multi Effect Processor (CX3400 V2),B07K7YDT9Z
Behringer CE500A-BK High-Performance| Active 80-Watt Commercial Sound Speaker System,B002DQYMBM
BEHRINGER U-PHORIA UMC202,B00FFIGZR4
Behringer Eurolive WB212 Wall Mount Bracket for Eurolive B112 and B212 Series Speakers| Black,B002GHBZ18
Behringer DI400P Passive Direct Box,B000H2BD2K
Behringer B-2 PRO Professional Gold-Sputtered Large Dual-Diaphragm Studio Condenser Microphone,B000CZ0RLA
Behringer C-3 Professional Large Dual-Diaphragm Studio Condenser Microphone,B000KUA8EI
BEHRINGER ULTRAZONE ZMX2600|Black,B06XD445BZ
Behringer X-TOUCH USB MIDI Controller for Windows and Mac Bundle with Blucoil 5-FT MIDI Cable| 10-FT 1 Gbps Cat5e Cable| and 3-FT USB 2.0 Type-A Extension Cable,B0861C552X
Behringer Synthesizer (995 ATTENUATORS),B0855M2ZVK
Behringer VMX100USB Pro 2-Channel DJ Mixer w/ USB,B00GORGZBQ
Behringer XENYX 802 Mixer Level 2 888365374796,B071R2FP8S
BEHRINGER MONITOR2USB High-End Speaker and Headphone Monitoring VCA Control and USB Audio Interface Black,B01DV237NA
Behringer USB Guitar iAXE624-BK Centari,B0010K9GVS
Behringer Model D Analog Synthesizer with Instrument Cable| MIDI Cable| USB Cable| Patch Cables and Flash Drive,B082VK994J
BEHRINGER| Black (B615D),B008O518A4
Behringer PA System (DR110DSP),B07VS3D8KH
BEHRINGER EURORACK UB2442FX-PRO,B000CCS3U0
Behringer FM600 Filter Machine Ultimate Filter Modeling Effects Pedal,B00178NHFE
Behringer Digital Pro Mixer DDM4000 Ultimate 5-Channel Digital DJ Mixer,B0015NT6KQ
BEHRINGER| 16 USB Audio Mixer (UFX1604),B00E87OMKK
Behringer NU1000DSP iNuke Power Amplifier,B005EHIN3A
Behringer C-1 Professional Large-Diaphragm Studio Condenser Microphone,B000CZ0RLK
BEHRINGER TUBE ULTRAGAIN MIC200,B0002E51PI
Behringer Audio Interface (UPHORIA STUDIO),B07VMS98T8
[OLD MODEL] BEHRINGER ULTRAGRAPH PRO FBQ3102,B0002E50XG
Behringer BO100 Blues Overdrive,B000KIPUQQ
Behringer 000-DRK02-00010 PRO-1 Tabletop Analog Synthesizer with Dual VCOs| 3 Simultaneous Waveforms Bundle with 1 Year Extended Protection Plan,B08C36B2LL
Behringer DSP2024P Digital Multi-Engine 24-Bit Multi-Effects Process,B0002Z82LC
BEHRINGER EURORACK UB2222FX-PRO,B003339C7S
Behringer DJX400 DJ Mixer (2 Channels),B0002L05YI
Behringer VT100FX Virtube 100-Watt Guitar Amplifier with 2 Independent Channels| VTC Tube Modeling| Dual Fx And Original Bugera 12 Speaker,B002GHBYZA
Behringer SD8 8CH DIGI SNAKE BOX,B01N1FBAJ4
Behringer EUROPOWER PMP1000 500-Watt 12-Channel Powered Mixer,B00117RP6I
Behringer Europower PMP6000 1600-Watt 20-Channel Powered Mixer,B003GVBDCO
Behringer| 37-Key Synthesizer (ODYSSEY),B07VST7G7H
BEHRINGER X32 Fader Knobs,B00LHTM6A0
Behringer Multi Effect Processor (CX2310 V2),B07J37C68Z
Behringer Ultragraph Pro Fbq6200 Ultra-Musical 31-Band Stereo Graphic Equalizer With Fbq Feedback Detection System| Dedicated Limiters Per Channel And Pink Noise Generator,B0002Z82MQ
Behringer PH9 Classic 90 Phase Shifter,B0011WHG5S
Behringer U-PHORIA UMC202HD USB Audio Interface with 48V Phantom Power for Windows and Mac Bundle with Blucoil 10' Straight Instrument Cable (1/4)| 10-FT Balanced XLR Cable| and 5x Cable Ties,B085PV2DZJ
BEHRINGER Audiophile 16 In/16 Out 24-Bit/96 KHz USB/Firewire Audio/Midi Interface with ADAT Black| (FCA1616),B00E87OK1G
BEHRINGER Active Speaker| Black (B110D),B00QLWZOAW
BEHRINGER Power Amplifier (NU3000),B00LGNFAW8
Behringer Signal Direct Box (DI800 V2),B07KDRGJR3
Bugera 412F-BK Classic 4x12-inch| 200-Watt Straight Guitar Cabinet,B003H93AN0
Behringer UW300 Ultimate Auto-Wah Effects,B000U6QTV8
BEHRINGER| QX1202USB Premium 12-Input 2-Bus Mixer with Xenyx Mic Preamps & Compressors British EQs Black,B00CTKI5QA
BEHRINGER DIGITAL DELAY DD600,B0016ZU5ZI
Behringer MS-1 Analog Synthesizer (MS-101-RD),B07V7ZTVX6
BEHRINGER BX2000H 2|000-Watt Class-D Bass Amplifier with Mosfet Preamp Compressor and Dynamizer Technology Black,B00SXTN8GS
Behringer VB1 Vintage Dual Dynamic Filter,B0016MN3TQ
Behringer EurOlive B212XL 800-Watt 2-Way PA Speaker System with 12 Woofer And 1.75 Titanium Compression Driver (Black),B0064RGQKG
BEHRINGER Keyboard Amplifier| Black (KXD15),B00QLWZMVS
Behringer UMC202 Audio Interface,B00EK1OUA6
Behringer Synthesizer (TD-3-SB),B08GYC7P51
Behringer FBQ3102HD - 31-band Stereo Graphic EQ,B019Q405F0
BEHRINGER EUROPOWER PMP2000D,B01HCUPNJ8
Behringer Compressor/Sustainer CS100 Ultimate Dynamics Effects Pedal,B000KIVMC2
BEHRINGER EUROLIVE B812NEO,B003F6ASF8
Behringer Dynamic Microphone (B 906),B0831TZK9T
Behringer B415DSP Digital Processor-Controlled 600-Watt 15 PA Speaker System,B00181UYO2
BEHRINGER| Black (K10S),B00V807ZUY
Behringer (EURORACK RACK),B08B7F11B6
Behringer iAXE393 USB Guitar,B000Y2YMZS
BEHRINGER EUROLIVE B1200D-PRO,B00E87OMNC
BEHRINGER B-CONTROL DEEJAY BCD3000,B000P5PL6S
BEHRINGER Midi Keyboard Controller (MOTOR61),B01DT822V4
Behringer U-Phoria UMC1820 Audiophile 18x20| 24-Bit/96 kHz USB Audio/MIDI Interface with MIDAS Mic Preamplifiers - With 2 Pack 15' 8mm XLR Microphone Cable,B07BHMK418
BEHRINGER X-TOUCH EXTENDER,B072WS75X8
Behringer Pro Mixer DX2000USB Professional 7-Channel DJ Mixer|Black,B003VWC29Q
Behringer DCX2496LE Signal Processor,B00HKUDJYM
Behringer FS112V Dual Footswitch Up/Down,B016YM2ZU0
Behringer U-PHORIA UMC404HD USB Audio Interface with 48V Phantom Power Bundle with Power Adapter| AT2020 Cardioid Condenser Microphone| Blucoil 10-FT Balanced XLR Cable| and Boom Arm Plus Pop Filter,B085P1Y6XK
BEHRINGER XENYX Q1204USB|Black,B00CTKI5SS
Behringer XENYX X1222USB Premium 16-Input 2/2-Bus Mixer with 1 Year EverythingMusic Extended Warranty Free,B078D6S8ZM
Behringer BCF2000-WH B-Control Fader,B0010K9GUO
Behringer 2-Channel Tube Microphone/Line Preamplifier T1953,B0002E589C
Behringer Ultrapatch Pro PX3000 Multi-Functional 48-Point 3-Mode Balanced Patchbay,B000CZ0RII
BEHRINGER| UFX1204 Premium 12-Input 4-Bus Mixer with 16X4 Firewire Interface 16-Track USB Recorder Black,B00E87ONWC
Behringer V-Tone Gm108 True Analog Modeling 15-Watt Guitar Amp With 8 Speaker,B0002KZQ9S
Behringer XENYX 302USB Compact Mixer Bundle with 1 Year Extended Warranty,B08574YBXG
Behringer BCD2000 B-Control Deejay,B000KUCQLQ
BEHRINGER Midi Keyboard Controller (MOTOR61),B01ET9H04Q
Behringer Vocal Condenser Microphone (TM1),B08KY24N3P
Behringer KM750 Professional 750W Stereo Power Amplifier with ATR - with 25' Speakon to Speakon Speaker Cable 14 AWG|,B07DFJVVHQ
Behringer P16-MB Mounting Bracket for PowerPlay P16-M System| Black,B005EHINVM
BEHRINGER 60MM Fader| Grey (MOTORFADERMF60T),B01DT827IC
Behringer Europower PMH880S Powered Mixer,B00117VE5G
Behringer Met Alien Electric Guitar Pack,B000LGMAUG
Behringer Ultrabass BA410 1000W 4x10 Bass Cabinet,B000LQ29VQ
Behringer XENYX X1622USB Premium 16-Input 2/2-Bus Mixer with XENYX Mic Preamps and Compressors| British EQs - With 2 Pack 15' 8mm XLR Microphone Cable,B07CG6QWMM
Behringer FBQ2496 Feedback Destroyer Pro Feedback Suppressor/Parametric EQ,B07167ZR96
Behringer XENYX 1002B Mixer for Live Performance and Audio Recording Bundle with R21S Dynamic Microphone| Blucoil 2x 10' XLR Cables| 10' Straight Instrument Cable (1/4)| and Pop Filter Windscreen,B085QM4RRB
Behringer MX400 | Ultra Low Noise 4 Channel Line Mixer Grey,B01IPP0KMY
Behringer Eurolive VS1220F High-Performance 600-Watt PA Speaker,B0029RKM78
Behringer Synthesizer (DUAL ENVELOPE GENERATOR MODULE 1003),B08GYD1HTL
BEHRINGER| Black (K10S),B00ZR77FVI
Behringer Studio Subwoofer (IP1000),B01HYR4BJW
Behringer 1222 FX 16-Input 2/2 Bus Mixer with Effects and USB,B000J5WB1M
Behringer Synthesizer (992 CONTROL VOLTAGES),B089CQW8ZP
Behringer Xenyx X1204USB Premium 12-Input 2/2-Bus Mixer with USB/Audio Interface|Black,B0039PPW60
Behringer FBQ2496 Professional Automatic and Ultra-Fast Feedback Destroyer/Parametric EQ,B000KIPT26
Behringer iAXE393 USB Electric Guitar| White,B000ILGKLY
Behringer Synthesizer (911A DUAL TRIGGER DELAY),B085RL5M75
Behringer Super-X Pro CX2310 Professional High-Precision Stereo 2-Way/Mono 3-Way Crossover with Subwoofer Output,B0002Z82LM
BEHRINGER ULM300MIC High-Performance 2.4 Ghz Digital Wireless System with Handheld Microphone and Receiver| Black & Silver,B079X34VZF
BEHRINGER USB Controller (XTOUCHMINI),B013JLZCLS
BEHRINGER 8-Channel High-Power Headphones Mixing and Distribution Amplifier| Silver & Black| (HA8000V2),B06WRRB59R
Behringer PODCASTUDIO FIREWIRE,B000NJ0PK8
BEHRINGER ULTRA-DI PRO DI4000|Slvr/Blk,B0002E57DY
BEHRINGER| QX1204USB Premium 12-Input 2/2-Bus Mixer Xenyx Mic Preamps & Compressors Klark Teknik Multi-FX Processor Black,B00CTKI5WO
BEHRINGER B1500XP High-Performance Active 3000-Watt Pa Subwoofer with 15 Turbosound Speaker Black,B01FS4JKHQ
Behringer Power Amplifier (NX4-6000),B07LDBCKZC
Behringer Eurolive WB208 Wall Mount Bracket for Eurolive B208 Series Speakers| Black,B003V3HN1W
BEHRINGER EURORACK UB1202FX,B007MWXEJS
Behringer Ultratone K450FX Ultra-Flexible 45-Watt 3-Channel PA System/Keyboard Amplifier,B000MJ9EBA
BEHRINGER FS112BX,B014W96V3E
Behringer Cat Synthesizer with Instrument Cable| MIDI Cable| USB Cable and Flash Drive,B08JD7YW7D
Behringer X32 + SKB Doghouse Case w/Wheels,B0798SFYSG
Behringer U-PHORIA UM2 2x2 USB Audio Interface Bundle with Vocal Microphone & Stereo Headphones,B08J423W83
Behringer X AIR XR12 12-Input Digital Mixer,B00Z888C3Q
Behringer CD400 Chorus Space-D Digital 3-Dimensional Sound Effects Pedal,B0016ML3N4
Behringer X-Touch Universal Control Surface with 9 Touch-Sensitive Motor Faders| LCD Scribble Strips and Ethernet/USB/MIDI Interface X-Touch Extender MIDI Controller,B07C8CF17N
Behringer NX6000D Ultra-Lightweight 6000 Watt Class D Power Amp w/Polish Cloth,B07TKZ33NV
Behringer B212XL 12 800W Passive Titanium PA Speaker,B00IQB483A
Behringer Headphones (HC 2000B),B07VKD1S3Y
Behringer TU300 Ultimate Guitar/Bass Tuner|Grey,B000SJJCX4
BEHRINGER ADAT Expansion Card| Black (XADAT),B00J2P4C9E
Behringer ULTRAGAIN Digital ADA8200 8 In/8 Out ADAT Audio Interface with MIDAS Mic Preamplifiers with XLR Microphone Cable and Zorro Sounds Instrument Cloth,B07BT26DHW
Behringer Power Amplifier (NX6000D),B07JWZXKV3
BEHRINGER X-TOUCH,B07BSC2DFT
[OLD MODEL] BEHRINGER ULTRAGRAPH PRO FBQ1502,B0002E513U
BEHRINGER Keyboard Amplifier| Black (KXD12),B00SXTN97Q
Behringer B215D 2-Way PA Active Speaker System - Set of 2 with Ultimate Support JS-TS50 2 Tripod Stands,B00FPO4S9K
Behringer Synthesizer (130 DUAL VCA),B0863BRGCK
Behringer 2-Pack EUROLIVE B615D Active 1500 Watts 2-Way PA Speaker System with 15in Woofer - Bundle with 2 Pack 15' 8mm XLR Mic Cable| Ultimate JamStands JS-TS50 Tripod-Style Speaker Stand Pair,B07C3M9R1G
BEHRINGER DEEPMIND 12,B07BMRZ6X4
Behringer Ultra-Lightweight Class-D Power Amplifier (NX1000),B07DX6CBJP
BEHRINGER X V-AMP LX1-X,B0002KZQFC
