Vessel Megadora 920 +2x25 Stubby JIS Cross Point Screwdriver,B00N3M391O
Vessel 121570 830-MG4 Ratchet Screwdriver with 4 Bits,B001HPLC04
M16SQ1065,B004OCSCZA
VESSEL Neck Torsion Insert Bits PH1X25.4 25PC (Bulk),B07QFSR4T5
AMD-2.8,B001VB4RLK
3000B Wire Stripper,B000TGAM4O
TD75,B0041PQD38
VESSEL Precision Screwdriver Set No.TD-56S TD56S,B0881BBGQG
TD-61-6 PETADORA,B0041PS7TG
VESSEL Ball Grip Tethered Screwdriver+2x125 (5) No.210ST 210P2125,B0876J5CWK
Vessel No.9000 Ceramic Alignment Driver| JIS +0,B003B32WBS
Vessel 910 Megadora +1x100 (JIS) +1 Screwdriver,B00CPU0NXC
toro tissue ring,B000DZE2Y2
AC142200,B000CEAXNI
VESSELPOWER GRIP Socket Driver A/F5.5x115 No.4100 4100AF55115,B088R1GWVM
F-6RCL Ionising Mini-Fan with Clip,B07N2SSWKH
A14-2150G +2X150MM G Pneumatic and Electric Power Bit,B002P7SCBK
500-8-150 ECO VALUE Screwdriver,B07N2T4M2W
VESSEL Genuine Wood Handle Tang-Thru Screwdriver +2x100 (4) No.100 100P2100 Made in Japan by VESSEL,B089PRB667
GT-1600JP Short Impact Wrench,B01FJ4U40C
210ST-6-125 Slim Free-Turning Ball Grip Screwdriver (for electric works),B015X3HCLS
GT-S6MLR,B002P7R6O4
VESSEL MEGADORA Chisel-Type Screwdriver (7 x 100) [No.970] (Japan Import),B000CED25O
BH11,B001HPGJOS
B35-3-075H For Pneumatic and Electric Power Bit,B000W9KWUC
VESSEL Vector Stubby Interchangeable Screwdriver [No.270W-62] (Japan Import),B001VB6BMI
VESSEL Genuine Wood Handle Tang-Thru Screwdriver -5.5x75(3/16 x 3) No.100 100S5575 Made in Japan by VESSEL,B089Q5JQN6
2200B-2-150 Repacement blades for Ball Ratchet Screwdriver #2200,B019DB0VIM
GT-CD60-34L Air Drill,B0795BYCZ5
VESSEL MEGADORA Screwdriver Set 6pcs. 9006PB (Paper Box),B085M3QM5X
VESSEL CUSHION GRIP 1/4 Hex. Bit Interchangeable Stubby Screwdriver Set No.270BW-62 270BW62,B0881BP3VJ
AS14-2-65H Slender Bit,B004WN8WJC
WSA2014 GO-TAN Tilt Short Socket,B01M4OHJUH
TA201211 Go-TAN Mirror Socket,B001HPCAV4
3108150,B001D34I1U
ATD-5 Cushion Drill Bit,B001HPRHPI
A14H-2-150H Pneumatic and Electric Power Bit,B004VDCBSG
A14-2-200X Pneumatic and Electric Power Bit,B004OCLNU6
IR142045 IRO Bit(Color-coded Bit),B001HPRFV4
A20-7-60,B0029EM4SQ
VESSEL STANDARD Stubby Screwdriver No.520 +2x25 520P225,B0881BZFPP
5502100,B009GSBIS0
GT-MG25-9CR (90ß),B004OCMWCE
NT25-75 Torx[[RD]] Bit,B004OCQM7U
BW-43 Square Double-ended Bit,B001HPKSRW
VESSEL POWER GRIP Tang-Thru Screwdriver +3x150 (6) No.4500 4500P3150,B088R1ZDMN
AS14-1-65H Slender Bit,B004OCQS7O
A4T40-25.4 Torx[[RD]] Bit,B004OCLP54
GT-P80W(GT-W80P) Air Impact Wrench,B000W9MXK4
SST142065 Sakisubo Bit,B00KGS4KKC
TA20WSQ4L GO-TAN Mirror Socket Adaptor,B01M29VXDD
VESSEL Socket Bit Belt [BW-70] (Assorted 5PC Set) (Japan Import),B001VB1GZK
C51-2-80G Impact Driver,B004VDAE3A
GT-1600VPL Air Impact Wrench Super Light Weight V Series,B002P90O0K
VESSEL WOOD-COMPO Socket Screwdriver A/F 13mmx125 (5) No.380NT 380AF13125,B087JCJZMZ
SMVT20H Torx[[RD]] Bit,B001HPGMPY
JT27HX100 Torx[[RD]] Bit,B004OCJLG4
Vessel Christa line Screwdriver Thin Shank Type +0 75 (No. 6100),B0016V6PLA
TD-BS1 Flatplate Ratchet Driver,B001VB89GE
Vessel 930 Megadora 5.5x75 Phillips Screwdriver,B000W9FSCO
A14-3-65E Pneumatic and Electric Power Bit,B002P7UF9M
VESSEL Impact Ball Torsion Bit Holder H1/4X300 10PC (Bulk),B07QFSMTTB
VESSEL Neck Torsion Insert Bits PH2X25.4 25PC (TicTac),B07P9TQB1H
VESSEL MEGADORA Removing Tool Set 6pcs. 9706EVA (EVA Foam set/Chisel| Clip&Hose Remover),B07ZK71VMY
SMVT27H,B001HPL83A
NT10-100 Torx[[RD]] Bit,B004OCORTU
TD-52 H4.0 Precision Nutdriver,B001VAZEVI
SF-Q9,B00762H4EK
HA201911 KUROTAN Socket,B001HPL0DS
VESSEL Impact Ball Torsion Bits Assort X50 5PC with MAG Charge Holder (T10/T15/T20/T25/T30) (IBMG50K002),B07QDPQ8TL
VESSEL Oil-Xtra| Pistol Type Air Impact Screwdriver| 1/4 Hex Drive| 7500 RPM| GT-P60XD(9.5mm),B07D12F9HF
GT-NB30-LW10-TM Slide-off Air Nipper Bracket-type,B00D5JQQ5Q
D71-0-2.5-64 Bit for Electric Screwdriver,B004OCMONG
Vessel Christa line Screwdriver Stubby Type +1 38 (No. 6200),B001D30O8G
MA14-2045G Pneumatic and Electric Power Bit,B002P7NCLK
Vessel 144330 8806BP Hex Wrench Set,B002R5ABGE
Vessel 146033 2400 Impacta Driver,B001D32SBC
VESSEL Ball Grip Tang-Thru Screwdriver w/Ceramic Ball +2x100 (4) No.250 250P2100,B0876K7HNK
RT5P2110 Torsion Bit,B003BGTUZQ
GT-NT05R,B004P006AA
VESSEL MEGADORA Thin Shank Screwdriver +0x75 (3) 910P075,B084TF66NJ
VESSEL Ball Grip Screwdriver +2x150 (6) No.220 220P2150,B0876JTFNC
VESSEL EIBMG50K002 Impact Ball Torx Bit Set T10| T15| T20| T25| T30 50mm 5-Piece Set,B07Y8N5TQY
Candela Rechargeable Demi-Glow Lamps| Set of Two| White with Charger,B0002TIOIE
VESSEL CUSHION GRIP Screwdriver No.610 +1x75 610P175,B0881BHYWQ
IR142110 IRO Bit(Color-coded Bit),B001HPKKV6
VESSEL 6+1PC. Voltage Detection Screwdriver Set No.TD-1300L TD1300L,B088YMV919
TA20WSQ4 GO-TAN Mirror Socket Adaptor,B01M7UYVZR
AMD-5.8 Cushion Drill,B01MFD2AA8
VESSEL CUSHION GRIP Screwdriver No.610 +1x100(4) 610P1100,B0881CBCM5
GTS70WK,B002P8HRVK
VESSEL MEGADORA Insulated Screwdriver -6x100 (1/4x4) 960S6100,B084TDYH12
TD-59 T1 Precision Torx Screwdriver,B073ZVDT73
VESSEL Impact Ball Torsion Bits Assort X30 5PC with MAG Charge Holder (PH1/PH2/PH3/SQ2/SQ3) (IBMG30K001),B07QFSRFCG
VESSEL Bit Mag Bottle 20-piece Double Ended Bits (A-type) [No.AMG14] (+)2 x 110H (Japan Import),B00N0B96W4
VESSEL Reduced Neck Torsion Power Bits PH2X75 2PC (Carded),B07P5JGZ53
VESSEL Impact Ball Torsion Bit Holder H1/4X150 10PC (Bulk),B07QCQXNMB
VESSEL Ball Grip Tang-Thru Screwdriver -6x150 (1/4x6) No.230 230S6150,B0876JWN43
Vessel 900 P.3X150 STANDARD MEGADORA SCREWDRIVER,B004VDBQ6O
Vessel MS-2,B00HVKQHOK
KDB-SQ3K KADOGIWA Corner Bit,B009GSBY2A
TD-1300B Electric Detection Interchangeable Screwdriver 5pc. Set,B01COC7V0S
GM141110 (+1X110MM) (Magnetic),B000TGALQI
GT-S220W Air Impact Wrench,B002P8O9PM
A20-10-60,B001HPPCC8
GT-HPS160 Air Needle Scaler,B01ASVSGNS
970-9.5-120 Chisel Driver,B000CED25Y
BW-171 (+2X110 5Pcs),B001HPL70E
VESSEL Neck Torsion Insert Bits PH2X25.4 3PC (Carded),B07P5JH2JZ
VESSEL POZIDRIV Screwdriver PZ2 (Japan Import),B004IKTP40
VESSEL SUPER CUSHION Screwdriver -5.5x75 (3/16x3) No.700 700S5575,B087JC34FP
Vessel 310 Classic Wood +2x100 (JIS) +2 Screwdriver,B000TG8OGC
VESSEL Cushion Stubby Interchangeable Screwdriver [No.270BW-62] (Japan Import),B00E55DL3O
VESSELCRYSTALINE Screwdriver (Precision Type) [No.6900] (Slotted 2.5 x 75) (Japan Import),B0016VFAJ8
BESSERU VESSEL (Bessel) Hexagonal Shaft Kesac Drill Iron · Light Metal · Synthetic Resin · Wood 12.5 mm KMD-12.5,B06XP21P57
VESSEL MEGADORA Thin Shank Screwdriver -4x100 (5/32x4) 910S4100,B084TDGBF9
D832100,B001HPKPHA
VESSEL MEGADORA Stubby Screwdriver -6x25 (1/4x1) 920S625,B084TDT9JL
GT-S60XD Air Impact Screwdriver,B007OOXVMO
D71-1.5-2-44 Bit for Electric Screwdriver,B004OCJH2W
D71-1-3-44 Bit for Electric Screwdriver,B004OCMOSQ
VESSEL Mighty Tool Set (S Series) [S-12] (Japan Import),B000CED23Q
GT-AS100 Air Saw,B002P8OFH4
DS73-0-2.0-60 Shockless Bit,B00B4TLC7Q
VESSEL Neck Torsion Double-Ended Power Bits PH2XSQ2X50 2PC (Carded),B07P9TQB18
2200B-6-150 Repacement blades for Ball Ratchet Screwdriver #2200,B01LWQDPC3
VESSEL precision screwdriver set TD-56,B000CED236
GT-MG35SAR,B002P7ZNLW
VESSEL Micro Screwdriver No.9900E -2.5x75 (3/32x3),B086VVW8KR
Rechargeable Candela Candles: Set of 8 Rechargeable Lamps with Charger,B0010B45L8
AMD-4.3,B001HPPCKA
VESSEL CRYSTALINE Ratchet Screwdriver with Insert Bit SET (+| TORX| HEX (16 PC. SETJ)),B0155W1PU6
V5T40-65 Torx[[RD]] Bit,B004OCUEGA
A14B-2-100 Pneumatic and Electric Power Bit,B004OCMYUO
VESSEL CRYSTALINE Ratchet Screwdriver with Insert Bit SET (+| (4PC.SET)),B08KVJWQ89
VESSEL Neck Torsion Power Bits TX20x50 (2) 10pcs with Mag Enhancer (Tic Tac) MGETX2050P10T,B087QW91GF
VESSEL Ball Grip Insulated Screwdriver -6x150 (1/4x6) No.200 200S6150,B0876Q24F6
VJ-50 Torque Adapter (for Digital Torque Meter),B01MZG1YOE
VESSEL Impact Ball Torsion Bits PH2X30 2PC (Carded),B07P7LV728
MX5P2065D Driver Bit,B008TJ9Q54
VESSEL Precision Hex Driver Set No.TD-58 TD58,B0881CQN35
GT-1600PL Air Impact Wrench,B004OCQMXY
A14B-2-75 Pneumatic and Electric Power Bit,B004OCUGJU
VESSEL Impact Ball Torsion Bits PH3X50 25PC (Bulk),B07QK2ZC48
B45-5.5-100 (5.5X100MM),B002P7UFSI
VESSEL MEGADORA Flat Tip Screwdriver No.900 -6x100 900S6100 Made in JAPAN by VESSEL,B000TGF4P6
Vessel No.9000 Ceramic Alignment Driver| Slotted 1.3mm,B000W9MZBQ
VESSEL Ball Grip Insulated Screwdriver +1x75 (3) No.200 200P175,B0876P7XRP
C51-8-80E Impact Driver,B002P7OT5I
TA201011 Go-TAN Mirror Socket,B001HPEJBS
VESSEL CUSHION GRIP Screwdriver No.610-4x100 610S4100,B0881BKYGN
BH-30 Socket Anvil,B001HPN79S
JA142082,B001VB31DA
VESSEL Anti-Drop Slim Cord for No.210ST BALL GRIP Tethered Screwdriver SC90,B0876JS4DF
VESSEL MEGADORA Thin Shank Screwdriver -4x75 (5/32x3) 910S475,B084TDSJZK
VESSEL Gel Grip Rubber & Soft Head Hammer No.77-10 H7710,B0881C37ZB
PR400,B004OCQTSC
VESSEL POWER GRIP Ball Point Screwdriver H2.0x80 (3 1/8) No.B-5400BP B5400BPH280,B088R2FLCG
SM16H025 Hex Bit,B001HPIRS4
GT-S6.5D(GT-S6D),B002P7SBMA
VESSEL POWER GRIP Ball Point Screwdriver H1.5x80 (3 1/8) No.B-5400BP B5400BPH1580,B088R27ZCB
VESSEL wire stripper No.3500E-1,B000CEAXM4
vessel　TD-800,B0016VCJLU
6 pcs of Vessel Tools 970 Megadora Body Shop Tool Set,B08FKLK9DH
JT45X100 Torx[[RD]] Bit,B004OCQKYU
VESSEL Precision Micro Stix Screwdriver No.TD-54 3ULR-0x20 TD543ULR020,B0881C11LJ
CW900B,B00762A99C
Vessel 220 Ball Grip +1x75 (JIS) +1 Screwdriver 220-1-75,B000TGF4K6
MA20S-5/16-55 (5/16X55),B004OCQQC6
LA201411 Deep Hole Socket,B001HPKMBE
AMD-3.6 Cushion Drill,B001HPPCJQ
VT20-110 Torx[[RD]] Bit,B004OCOU1K
SA201970,B001HPN5JU
KA201770 Drop-ceiling Socket,B001HPEJ72
B35-3-75H For Pneumatic and Electric Power Bit,B004VDBSRG
LA201711 Deep Hole Socket,B001HPL178
VESSELNEON Screwdriver (+2 x 150) [No.265] (Japan Import),B001VAZE4U
VESSEL EMGEPH250P10T Torsion Neck Bits PH2 50 mm Set of 10,B07Y8QYHKP
73-15,B0041PMPHQ
9900-0-100 Micro Screwdriver,B0016VA0CU
GT-S6CD,B004OCOK5Q
MX5P2110 Driver Bit,B008TJ5V8K
A16-10-52G For Pneumatic and Electric Power Bit,B002P7UG4G
C51-4-36E Impact Driver,B002P7JGB0
TD-51-2.3 Precision Screwdriver,B001HPNECS
VESSEL 970HR3PBE Screwdriver,B08HSCV9YR
Vessel VST-980MIXEVA Assorted Screwdriver Set - 8 Piece,B08J8H52L1
SMVT15H Torx[[RD]] Bit,B001HPKT3A
A20ZW40 Fully Threaded Socket,B00VW2BHZW
GT-H4PR (ｽﾄﾚｰﾄｶﾞﾀ) Air Screwdriver,B0050MXVV8
GT-NT20R,B004P02DBK
GT-S4TG,B002P8FF78
VESSEL Neck Torsion Power Bits TX15x50 (2) 10pcs with Mag Enhancer (Tic Tac) MGETX1550P10T,B087QWXJZW
VESSELPETADORA Z-shaped Offset Screwdriver [No.TD-64] (Ph No.1/No.2) (Japan Import),B0041POEVQ
VESSEL Tang-Thru Screwdriver w/Ball Grip type [No.250] (Ph No.2 x 100) (Japan Import),B00KGS4S90
CMD-2,B005LEHOQ8
VESSEL Precision Hex Driver No.TD-53 H2.5x24 TD53H2524,B0881CWJF7
VESSEL Ball Grip (Bit-replaceable Tang-Thru Screwdriver) [No.230W-2] (Ph No.2) (Japan Import),B06XP6XPCY
ASB-32 Air Saw,B004OCS94Y
VESSEL Ball Grip Tang-Thru Screwdriver w/Ceramic Ball +2x150 (6) No.250 250P2150,B0876JC74N
B34-5-70H Bit for Electric Screwdriver,B004OCN0RK
LG-100 Conductive Rubber Mat,B007OOZDJI
XA201915 Super Long Socket,B001HPIKJ0
D76-5-0.7-60 Bit for Electric Screwdriver,B004OCQFC2
VESSEL 100th anniversary limited Ball-Grip Interchangeable Screwdriver [No.220W-10L] (Japan Import),B01HSTKVA4
BW-173 (+2X65 5Pcs),B001HPGLYQ
WB-001 Automatic Wire Stripper,B002P93VQ4
SL200890 Go-TAN Hard Forged Semi-Long Socket,B00IJPX6M2
ACD-4.3,B001HPRHDK
VESSEL Neck Torsion Power Bits PH1X50 25PC (Bulk),B07QGXL7PH
VESSEL MEGADORA IMPACTA Screwdriver (8 PCS SET),B07ZJ1P211
A20-14-60,B001HPNFE0
ACD-3.2,B001HPPCM8
A14-2110E +2X110MM E Pneumatic and Electric Power Bit,B002P7PA88
VESSEL BALL GRIP Ratchet Screwdriver (-6(1/4) x100(4)),B0876J4RHG
Vessel NMC-2P Screwdriver Bit Magnetizer Demagnetizer (Pack of 2),B082RCH4MZ
SM16H080 Hex Bit,B001WHF77G
JT6HX75 Torx[[RD]] Bit,B004OCORJU
VESSEL Vector Nut Driver [No.B-290NT] (Japan Import),B001VB4QRU
IR162065 IRO Bit,B001HPIJZK
VT40-110 Torx[[RD]] Bit,B004OCMR6A
A14-3110H +3X110MM H Pneumatic and Electric Power Bit,B002P7SCII
A19-10-65S For Pneumatic and Electric Power Bit,B002P7L7DA
VESSEL Genuine Wood Handle Tang-Thru Screwdriver -6x300(1/4 x 12) No.100 100S6300 Made in Japan by VESSEL,B089Q62BVD
70-1/4(H7014),B000W9IS0S
Vessel Men's Lux 2.0 Cart Bag Brushed White,B07L16QPSF
B35-3-150G For Pneumatic and Electric Power Bit,B004OCOKJC
VESSEL Replacement Soft Head for Hammer 1/2lb No.RH70x1/2 RH7012,B088Y395FH
Vessel La Gardo Tackett TH-4,B00HVKQN1M
VESSEL CRYSTALINE Ratchet Screwdriver with Insert Bit SET (+| TORX| HEX (16 PC. SET)),B08KVHVWWB
WBJ100 Tilt Bit Holder,B001HPGL0A
B39TW3-40 For Pneumatic and Electric Power Bit,B004OCMMHY
B44-5.5-70 (5.5X70MM),B004OCJCVS
VESSEL Ball Grip Insulated Screwdriver -5x75 (3/16x3) No.200 200S575,B0876P4J2M
JT30HX75,B004OCMU6C
D73-0-1.7-40 (+0X1.7X40) Bit for Electric Screwdriver,B004VPKLMM
SG-100 Conductive Rubber Mat,B007OOZDHA
D73-0-1.7-60 (+0X1.7X60) Bit for Electric Screwdriver,B004VPKLT0
VESSEL Impact Ball Torsion Bits PH1X50 25PC (Bulk),B07QFSRFBW
VESSEL No.910 MEGADORA Thin Shank Screwdriver +1x100 (4) 910P1100,B084TDRVC8
VESSELSAKISUBO Slender Torsion Bit 2-Piece Set [No.SDT142110] (Ph No.2 x O/D 4.5 x 110 2PC Set) (Japan Import),B01M1K8DZ3
POWER GRIP Torx Screwdriver T27Hx120 (4 3/4) No.5400TX 5400TXT27H120,B088R2WYLF
B39-2-100H For Pneumatic and Electric Power Bit,B004OCJFCE
VESSEL MEGADORA Screwdriver No.900 +2x100 JIS 900P2100J,B000TG8OTY
VESSEL MEGADORA Screwdriver -6x150 (1/4x6) 900S6150,B084TDZP4D
JT8X75 Torx[[RD]] Bit,B004OCORT0
VT15-110 Torx[[RD]] Bit,B004OCUEOW
45005.575,B001D2YVVI
VESSEL Electrical outlet (B type) [BSN-3] (Japan Import),B00EXH6GF4
D72-4-44 Bit for Electric Screwdriver,B004OCLHOI
VESSEL MEGADORA Tang-Thru Screwdriver +3x150 (6) 930P3150,B084TDVQYP
AMD-3.9 Cushion Drill,B01M5GN7S2
IPC-40 Ion Parts Cleaner,B004MXMCJI
VESSEL Precision Pentalobe Screwdriver No.TD-54 4IPRx20 TD544IPR20,B0881B8KPS
GT-BS20W,B002P8FK82
B39TW5-40 For Pneumatic and Electric Power Bit,B004OCLJVY
GT-H4R (ｽﾄﾚｰﾄｶﾞﾀ) Air Screwdriver,B000W9KT50
D71-2.5-3-44 Bit for Electric Screwdriver,B004OCQEK0
VESSEL STANDARD Precision Screwdriver No.540-2.5x50 540S2550,B0881B5141
GT-ASC5 Air Scraper,B004OCQN6U
TD-52 H3.0 Precision Nutdriver,B001VB6AT2
KAR201710 Socket Bit for Raceway,B0743GJFZX
7210,B001VB3284
JT15X100 Torx[[RD]] Bit,B004OCMT54
AZ162100 (+2X100MM),B001HPKMSW
VESSEL BALL GRIP Ratchet Screwdriver (+2x150(6) Replacement Blade),B0876JDZS2
B43-2-150H Pneumatic and Electric Power Bit,B004VDBVFU
VT20H-65 Torx[[RD]] Bit,B004OCUDPM
D76-1-3-60 Bit for Electric Screwdriver,B004OCLMX4
VESSEL Neck Torsion Power Bits PH2X50 25PC (Bulk),B07QJ2ZCZL
VESSEL Single End GO-SAI Bit [No.GS5P-33] (T10H/T15H/T20H/T25H/T30H~65) (Japan Import),B0751K746F
G-7R-L Gun-Type Ionizer,B01B4CBKCY
VESSEL Neck Torsion Double-Ended Power Bits PH1XPH1X50 2PC (Carded),B07P7LV7XM
VESSEL Wooden Tang-Thru screwdriver set (10pc) [3310PS] (Japan Import),B077S7FRS4
Vessel Men's Lux 2.0 Cart Bag Matte Black,B07L15RB86
A202050P,B001HPKRPA
Tempo Time Tag,B00080LC4U
GT-2000PL Air Impact Wrench,B004OCUDAW
PQ142365,B009GSC1XQ
VESSEL Neck Torsion Insert Bits PH2X25.4 5PC (Carded),B07P9W57FP
VESSEL POWER GRIP Tang-Thru Screwdriver -6x100 (4) No.45004500S6100,B088R1FGS9
VESSEL Vector Driver for Electric Works (With shaft cover) [No.285] (Japan Import),B001VB4POE
VESSEL Neck Torsion Power Bits +2x50 (2) 10pcs with Mag Enhancer (Tic Tac) MGEPH250P10T,B087QWLTC4
GT-P8T Air Impact Wrench,B004OCOOA2
RT5P2082 Torsion Bit,B003BHT1UE
HPSN-215 Air Needle,B01I4FTFD0
VESSEL Ball Grip Screwdriver +1x150 (6) No.220 220P1150,B0876KBRCP
GTC900,B01ASVSF5C
C-200 C-series Ion Bar,B00B4TA9YI
610-4-200 Cushiongrip Screwdriver,B004SCZUQU
1 Set of Vessel Tools 2-Piece Ball Ratchet Screwdriver Replaceable 3-pc Blade New,B08GYQ69SB
VESSEL MEGADORA Thin Shank Screwdriver +0x100 (4) 910P0100,B084TDVNZ8
A4T8-25.4 Torx[[RD]] Bit,B004OCJJS4
500-2-100 ECO VALUE Screwdriver,B07N2R79K8
A20BSQ4 Socket Adaptor,B001HPN82E
VESSEL MEGADORA Clip Remover Set 2pcs. No.970CR2SC,B07ZK6V7BF
VESSEL MEGADORA Clip Remover CRx120 (4 3/4) 970CR712120,B084TF9YFH
SM16BP60 Ball Point Bit,B001HPGN12
VESSEL MEGADORA TORX Screwdriver Set. 4pcs. 944TX,B08621CZW5
VESSEL SUPER CUSHION Screwdriver +2x150 (6) No.700 700P2150,B087J75958
B34-1-100H Bit for Electric Screwdriver,B002P7SF2Q
3000C Wire Stripper,B000TG8OIA
VESSEL GO-SAI Bit [No.GS5P-01] (Assorted 5PC Set) (Japan Import),B0751891B5
VESSEL Torx Head Driving Set [No.TD-6310TX] (w/ 10 bits) (Japan Import),B06XP6NMTH
VESSEL Precision Screwdriver No.TD-51-1.2x10 TD51S1210,B0881BTGSJ
Vessel 121561 820FX-4 Stubby Ratchet Screwdriver with 4 Bits,B001VB1KJM
220W Ball Grip,B009GSC7SU
VESSEL POWER GRIP Socket Driver A/F7x125 No.4100 4100AF7125,B088R1F4DQ
AMD-2.0,B001VAZE6S
ACD-5.5 Cushion Drill,B001HPKYVM
VE-5000SOP Electric Screwdriver with Input/Output signals,B0798D8R5T
VT40H-65 Torx[[RD]] Bit,B004OCQNRO
VESSEL Impact Ball Torsion Bits PH2X30 15PC (TicTac),B07P6GS4B2
VESSEL Manual Impact Driver 1/4 Hex Set No.260002 ID260002,B088YDP2VJ
2200-6-150 Ball Ratchet Screwdriver,B01LZNKJHG
JT25X75 Torx[[RD]] Bit,B004OCQJPA
JT25X100 Torx[[RD]] Bit,B004OCLRBG
TD-51-3.5 Precision Screwdriver,B001VB4RCO
AZ142150 (+2X150MM)(2Pcs),B001VB33B0
Vessel +2 X 75mm JIS Double Ended Screwdriver Bits | Made in Japan | Set of 10,B00DABD986
Vessel 310 Classic Wood +1x75 (JIS) +1 Screwdriver 310-1-75,B001D32SDU
Vessel La Gardo Tackett IN-4,B00HVKQNTO
SA201460 (14mm),B001HPINCE
VESSELNEON Screwdriver -6x150 (1/4x6) No.265 265S6150,B0876PD1K8
VESSEL RAINBALL L-wrenches (9PC SET) [No.8909BP] (Japan Import),B015ZFZZG8
NT20-100 Torx[[RD]] Bit,B004OCUCCG
VESSEL Plate Rachet Screw Catcher [No.TD-73MC] (Japan Import),B001VB1H6I
B-330-2-150 Wood-Compo tang-thru Screwdrier,B01BHQEMJK
VESSEL Powerful Tang-Thru Screwdriver [No.100] (Ph No.2 x 100) (Japan Import),B000TGALVI
VESSEL MEGADORA Screwdriver Extra Long Type -6x400 (1/4x16) 900S6400,B084TDWC1Y
VESSEL Impact Ball Torsion Bits T15X30 2PC (Carded),B07P8QRDDJ
VESSEL BALL GRIP Ratchet Screwdriver (-6(1/4) x150(6) Replacement Blade),B0876KC5NH
AD-2 300N Air Blow Gun,B001VB89L4
D73-3-4-60 Bit for Electric Screwdriver,B004OCON1C
Vessel 125943 908 P3x150 Impacta Screwdriver,B07P83NM7P
TD81R,B0047XPWCW
GT-D60-45 Air Drill,B077TQVGKY
VESSEL MEGADORA Tang-Thru Screwdriver -6x150 (1/4x6) 930S6150,B084TDZ6B4
VESSEL POWER GRIP Socket Driver A/F10x125 No.4100 4100AF10125,B088R1N2GT
VESSEL BALL GRIP Ratchet Screwdriver (+2x150(6)),B0876HYT23
VESSEL CUSHION GRIP Screwdriver No.610 +0x75 610P075,B0881C4KNL
Vessel MS-4,B00HVKQPHY
VESSEL Non-slip Tang-thru Screwdriver [No.B-370] (Ph No.2 x 100) (Japan Import),B001VB1IXU
GT-S5TB,B002P8FFBO
VESSEL 970 (CRx120) Screwdriver,B000CED25E
VESSEL Flat Plate Ratchet Screwdriver 13PC. Set No.TD-70,B086VTVMG1
B45-12-100 (12X100MM),B002P7RCFM
Vessel La Gardo Tackett TH-3,B00HVKQJPM
C90,B00B4TAAN8
VESSEL WOOD-COMPO Torx Screwdriver T20Hx120 (4 3/4) No.340TX 340T20H120,B087JKM6W7
Vessel Christa line Screwdriver Thin Shank Type +1 100 (No. 6100),B0016V6PNS
B39-2-40H For Pneumatic and Electric Power Bit,B004OCOKUG
GT-3900VP,B004OCLKX6
ST142065 (+2X65H),B001HPKJD0
70H-025 Plastic(Vinyl chloride) Head Hammer,B000W9IRWM
Vessel 930 Megadora +2x100 (JIS) +2 Screwdriver 930-2-100,B000W9KWF2
D71T5X44,B004OCMS46
6250-5-15(6250-5) (-5X15MM),B004OCLHNY
B-340TX T27H-120 Wood-compo TORX[[RD]] Screwdriver,B01LY195MP
GT-S600C,B004K0HDHO
930-6-100,B000W9HE2G
Vessel Tempo Time Tag (Set of 2),B001O6V0CQ
A14-2-150X Pneumatic and Electric Power Bit,B004VPLBSU
VESSEL BALL GRIP Ratchet Screwdriver (5PC. Set in EVA FOAM #1),B07ZK6NKQN
Vessel Megadora 980 Impacta Impact Screwdrivers set (+2x100| 2x150| 3x150) with Non-slip gloves,B078Y6VPKB
Vessel GT-NT03R Air Nipper,B004OZYUJE
Vessel Offset Screwdriver (2PC) No.251526,B001VB33P6
B35PZ38.050 For Pneumatic and Electric Power Bit,B004OCN1BA
Vessel cushion grip Screwdriver Thin Shank Type +0 100 (No. 610),B003BI6LJW
TD-71 Flatplate Ratchet Driver,B001VB30BI
VESSEL Wood-Compo Screwdrier [No.300] (+2 x 100) (Japan Import),B00Q6CQX0C
Vessel Megadora 980 Impacta P2x100 #2 Cross Point Impact Screwdriver,B003BI8HHQ
VESSEL Combi Plus Stubby Screwdriver [No.270BW-123] (Japan Import),B00E55DNGY
VE-EC2 Extension Cord (for Electric Screwdriver),B06X3QCHNN
B36-2-070H Bit for Electric Screwdriver,B002P7RAPO
Vessel Player Stand,B07LDF4FNF
???? ????????????260002,B001WHQH0W
A14-2-45H Pneumatic and Electric Power Bit,B002P7NC2Y
VESSEL MEGADORA Insulated Screwdriver PS2x100 (4) 960PS2100,B084TDJKVZ
D73-2-0.3-40 Bit for Electric Screwdriver,B004OCMPIA
VESSEL BALL GRIP Screwdriver with Covered Shank -6x100 (4) No.225 225S6100,B088R16TJP
NEJ-2 Damaged Screw Remover Bit,B01MT8AGCW
D76-1-5-60 Bit for Electric Screwdriver,B004OCLMZM
Vessel 9001 4-Way Ceramic Driver,B000CEAXLA
VESSEL Soft Head Hammer with Genuine Wood Handle No.70x1-1/2lbs H70112,B0881BRQYK
Candela Lamps - Aqua,B00021UJTO
VESSEL STANDARD Screwdriver No.500 +2x100 500P2100,B0881BHLMS
Vessel SDJ-03R Static Eraser Used,B016YZ797G
EXJ150 Long Bit Holder,B001HPL5NI
GT-2000P Air Impact Wrench,B004OCQN06
VESSEL Gold Torsion Bit [GAT142110K] (Japan Import),B015VXX1Z6
VESSEL MEGADORA Screwdriver -6x100 (1/4x4) 900S6100,B084TFGV2P
Vessel Dog Urn| Modern Pet Urn with Smartphone Capability| Love with Paw. Handcrafted in America| Walnut and Metal| Mid Century Design. 50 cu in,B084GZH8BY
B35-2-50X For Pneumatic and Electric Power Bit,B004OCMMTW
TD-61-2 PETADORA,B0041POEPC
VESSEL MEGADORA Tang-Thru Screwdriver -8x150 (5/16x6) 930S8150,B084TF4TSD
POWER GRIP Torx Screwdriver T5x80 (3 1/8) No.5400TX 5400TXT580,B088R2NNTV
VESSEL Ball Grip Tang-Thru Screwdriver -6x100 (1/4x4) No.230 230S6100,B0876JM8MN
VESSEL MEGADORA Screwdriver +2x150 (6) 900P2150,B084TDPDJN
A20-5.5-100 (5.5X100MM),B002P7NDMI
F-6CL,B00762GEOG
VESSEL Soft Head Hammer with Genuine Wood Handle No.70x1lbs H7010,B0881BNYP1
VESSEL Soft Head Hammer with Genuine Wood Handle No.70x2lbs H7020,B0881BSJ8K
110-11-125(110-11) (11X125MM),B005KH9VX0
VESSEL BALL GRIP Ratchet Screwdriver (+2x100(4)),B0876K6JQX
VESSEL Ball grip drive minus 5.5 × 100 No.220,B000TGF8RK
VESSEL EMGETX4050P10T Torsion Neck T40 50 mm Set of 10 Pieces,B07Y8RCLST
9902.575,B001VAZFCQ
VESSEL EDEPH50K001 Torsion Neck Bit Set PH1| PH2| PH3| SQ2| T25 50 mm 5-Piece Set,B07Y8PQ947
???? ????????????4500?6X100,B001D34GGC
WA201711 (17MM),B001HPIQ30
A20-9-60,B001HPNFB8
BESSERU VESSEL (Bessel) Hexagonal Shaft Kesac Drill Iron · Light Metal · Synthetic Resin · Wood for 9.5 mm KMD-9.5,B06XPCF8MZ
TD-72 Flatplate Ratchet Driver,B001VB1I1M
Vessel P3x150 Impacta Screwdriver 2-Pack,B07YSP7144
VESSEL Professional VA Wire stripping pliers 3200VA-1 (JAPAN IMPORT),B00F5FZI52
ZW-3 Thread-Thru Wrench,B001HPNAOU
1300-3-150(1300-3) (+3X1500MM),B001D34IHY
VT25-65 Torx[[RD]] Bit,B004OCSAU2
VESSEL 4012PS12 Piece Japanese Industrial Standard J.I.S. Set With Case ^ B71043,B07SJJK5GJ
VESSEL Replacement Soft Head for Hammer 2lb No.RH70x2 RH7020,B088XQHYS1
GTPLZ,B002P8KVUO
WSA2024 GO-TAN Tilt Short Socket,B01MPXWLIE
VESSEL Single End GO-SAI Bit [No.GS5P-03] (Assorted 5PC Set) (Japan Import),B0751K53BJ
GT-P5LS,B000W9IOKM
VESSEL Car Battery Screwdriver [No.5700BD] (coin shaped) (Japan Import),B005LEHO7C
AX142045 (2X45 AX-142045)(2Pcs),B001HPL1Z0
NT20-75 Torx[[RD]] Bit,B004OCQM5M
VESSEL Neck Torsion Insert Bits T10X25.4 25PC (Bulk),B07QJ2ZCZF
PS162110 Plus Minus Bit,B009GSC7QC
210-2-125 Ball Grip Screwdriver (for electric works),B015X3HCNQ
VESSEL MAG ENHANCER 2PC. (Carded) MGEP2,B087QW1RHD
D831045,B001HPN67G
VESSEL Ball Grip Screwdriver +2x300 (12) No.220 220P2300,B0876KGS9X
VE-2000EPA Electric Screwdriver,B01I4FTCJW
VESSEL TORX Screwdriver [B-5400TX T6] (Japan Import),B001VB8ANQ
V5T30-65 Torx[[RD]] Bit,B004OCMWQK
ACD-4.3L,B001HPNFUE
VESSEL WOOD-COMPO Stubby Screwdriver +2x15 (19/32) No.320 320P215,B087JFQB13
VESSEL Gold Standard Bit [GM142110K] (Japan Import),B015VXX09I
VESSEL MEGADORA Hose Remover Set 3pcs. No.970HR3PB,B07ZK6LWKH
VESSEL Impact Ball Torsion Bits SQ3X30 2PC (Carded),B07P6GRRM7
Vessel tree pattern normal Screwdriver -6 100 (No. 310),B000TG8OGM
VESSEL Ball Grip Screwdriver -5.5x75 (3/16x3) No.220 220S5575,B0876J3J7X
HA201711 KUROTAN Socket,B001HPCCFI
Vessel John Follis F-508 Peanut With Walnut Legs,B00HVKMAVO
VESSEL Head swing socket [WA207PS] (7PC SET) (Japan Import),B01KWY3P3C
VESSEL POWER GRIP Tang-Thru Screwdriver -5.5x75 (3) No.4500 4500S5575,B088R242WM
BW-175 (+2X65 +2X100 5Pcs),B001HPGM04
Vessel 4500 Power Grip +3x150 (JIS) +3 Screwdriver 4500-3-150,B001D32R6S
TA20WSQ3L GO-TAN Mirror Socket Adaptor,B01MPXW6T2
660 (-5+2X78MM),B001D34F9K
IPC-20 Ion Parts Cleaner,B004MXMCIE
VESSEL Precision Hex Driver No.TD-53 H1.5x18 TD53H1518,B0881BFZYV
VESSEL Precision Micro Stix Screwdriver No.TD-54 3ULR-1x20 TD543ULR120,B0881BMKT2
VESSEL Wire Stripper for Stranded wire No.3000C WS3000C,B088XZ2G3G
Vessel Premium Genuine Leather Pouch Black,B00TP5YX3Q
VESSEL STANDARD Screwdriver No.500-6x100 500S6100,B0881C1ZKC
VESSEL Impact Ball Torsion Bits T10X50 25PC (Bulk),B07QFSRG2F
GT-S5TR,B002P85QZO
VESSEL Impact Ball Torsion Bits Assort X30 5PC with MAG Charge Holder (T10/T15/T20/T25/T30),B07QGXL7PW
AMD-3.7 Cushion Drill,B001VAZG8O
8500TX-T6 Torx[[RD]] Wrench(L-type),B002P85D52
NT15H-75 Torx[[RD]] Bit,B004OCS8TA
VESSEL Impact-Ball Torsion Bit Holder 1PC H1/4X67 (2 5/8) IBHBM67P1,B087Z72T73
TD-53 H1.5 Precision Hex.Driver,B001VB69JI
Vessel La Gardo Tackett K-50,B00HVKM9HE
HRH3-W Wood-compo Ratchet Handle,B01NBK3PMT
VESSEL ASB-32 Durable Bi-Metal Cobalt Air Saw Blade 32 Teeth 10 Pack For GT-AS10/AS100,B07D12G7BH
Vessel Product 27566,B001VB88Z6
VESSEL MEGADORA Standard Screwdriver [No.S-900] (Slotted 6 x 100) (Japan Import),B001VB8C7U
VESSEL Precision Screwdriver No.TD-51 +00x24 TD51P0024,B0881C192D
VESSEL WOOD-COMPO Socket Screwdriver A/F 10mmx125 (5) No.380NT 380AF10125,B087JTBR5Z
VESSEL Single End GO-SAI Bit [No.GS5P-35] (Japan Import),B0751KFMK4
1300L,B000TGF8ZM
GT-D60-30 Air Drill,B01DNEG008
VESSEL Ball-Grip Screwdriver [No.220] (2 pc set) (Japan Import),B074H3MKLK
GT-D100-15K,B002P8IKMA
candela LED 4-lamp set of rechargeable lamps,B0002IK1LI
A14-2-45X Pneumatic and Electric Power Bit,B082MVHMC2
TD-80 T-Bar Ratchet Screwdriver,B001VB32NE
B45-10-75 (10X75MM),B002P7UFYC
IPC-A4 Ion Parts Cleaner,B007628C2S
EPS-04,B004OCUC2G
VESSEL LED Voltage Detection Screwdriver No.83L,B088YQ6P9G
500-6-100 ECO VALUE Screwdriver,B07N2SKQFM
VESSEL Neck Torsion Power Bits TX30x50 (2) 10pcs with Mag Enhancer (Tic Tac) MGETX3050P10T,B087QWNBB6
VESSEL Replacement Soft Head for Hammer 1lb No.RH70x1 RH7010,B088XZVYWR
D81-2-82H Recessed Bit,B004UQ14W8
VESSEL RIB reinforced Neck Torsion Power Bits PH2X150 1PC (Carded),B07P8QRDDG
Vessel offset Screwdriver +2:-6 (No. 25),B004SCW7SE
VESSEL BALL GRIP Screwdriver with Covered Shank +2x150 (6) No.225 225P2150,B088R24RYB
AS14-2-45H Slender Bit,B004VPEDYE
B45-10-150,B004OCJCUY
VESSEL Precision Screwdriver Set TD-56 with Cusion Grip 6pc Japan Free Shipping,B06XYM7X8L
VESSEL Ball Grip Tang-Thru Screwdriver +2x150 (6) No.230 230P2150,B0876JVVZ3
Vessel No.9000 Ceramic Alignment Driver| Slotted 1.8mm,B003BI4IEW
A14-2-65X Pneumatic and Electric Power Bit,B004VPLC52
JT40HX100 Torx[[RD]] Bit,B004OCS7AK
VESSEL Ball Grip Screwdriver +1x75 (3) No.220 220P175,B0876HZR1X
B-340TX T40H-120 Wood-compo TORX[[RD]] Screwdriver,B01M0B3NS3
SM16H040 Hex Bit,B001HPL7VS
Vessel La Gardo Tackett C-2/S-2 Base,B00HVKQZP6
Vessel GT-N7 Air Nipper with Nile S4S Blade Jaw Opening 4MM,B00SBWZMBG
B-640TX T6-40 Cushion Grip TORX[[RD]] Screwdriver,B01LZZIBKL
Vessel 2.5mm Hex Key Allen Ball Point Stubby L-Wrench,B08HW462ZJ
JT27X75 Torx[[RD]] Bit,B004OCS71O
AC141065 Cushion Bit,B000CEAXMO
VESSEL Ball Grip Tang-Thru Screwdriver w/Ceramic Ball -6x100 (1/4x4) No.250 250S6100,B08767RH8G
GT-1700BX Air Impact Wrench,B01FJ4U40W
A20-4.5-55 For Pneumatic and Electric Power Bit,B004OCMKTO
VESSEL STANDARD Screwdriver No.500 +1x75 500P175,B0881BV97J
TD74,B0041PQCR0
Vessel Malcolm Leland 21-L Bird Shelter,B00HVKR4BA
A19-8-130G For Pneumatic and Electric Power Bit,B002P7OZX4
VESSEL MEGADORA Insulated Screwdriver -8x150 (5/16x6) 960S8150,B084TDYJFZ
VESSEL Ratchet Stubby Screwdriver [No.TD-6700W-23] (Ph No.2/No.3) (Japan Import),B01GZEWJ9O
VESSEL MEGADORA Thin Shank Screwdriver -3x100 (1/8x4) 910S3100,B084TF2WRF
VESSEL Impact Ball Torsion Bits PH2X150 10PC (Bulk),B07QFSR33S
VESSEL 3-Point Screwdriver +1 +2 +3 No.TD-250Y TD250Y,B088R2JH2W
Vessel tree pattern penetration Screwdriver -6 300 (No. 350),B001HPNDW4
JT10HX100 Torx[[RD]] Bit,B004OCJKN8
A14-1-65G Pneumatic and Electric Power Bit,B002P7R75M
VESSEL Neck Torsion Double-Ended Power Bits PH2XT25X50 2PC (Carded),B07P5JGTDF
VESSEL Ball Grip Screwdriver (for home use/Black) [No.220W-BC3C] (interchangeable) (Japan Import),B01N4G7AA8
Vessel tree pattern normal Screwdriver -5.5 75 (No. 310),B001D30QTI
A16-6-070G For Pneumatic and Electric Power Bit,B002P7SDAA
7012,B000W9FSOM
BW-164 (+2X110 5Pcs),B001HPL4MA
VESSEL100th Anniversary Limited Ball Grip Replacement Screwdriver [No.220W-15L] (Japan Import),B01HSTKVF4
5400TXT10HX80,B002P84538
VESSELMEGADORA Tang-Thru screwdriver +3 x 150 [No.S-930] (Japan Import),B001VB8AOA
VESSEL Neck Torsion Insert Bits PH1X25.4 3PC (Carded),B07P7LV58H
VESSEL Genuine Wood Split Handle Heavy Duty Joint-Tang-Thru Screwdriver -9.5x150 (3/8 x 6) No.30 30S95150 Made in Japan by VESSEL,B089PWBSMP
TD-51 +00 Precision Screwdriver,B001HPNEDM
VESSEL Ball Grip Screwdriver +1x100 (4) No.220 220P1100,B0876KB1K6
VESSEL Drywaller Insert Bits 20PC +2X25.4 (1) (TicTac),B087QY72DR
VESSEL Replacement Blade for Wire Stripper for Solid wire (3000A) No.WB-001 WB001,B088Y67XZ3
GT-NY10,B00D5JQTNK
A14-2-65H (+2X65MM H),B004VDC7OE
VESSEL Neck Torsion Power Bits PH2X50 5PC (Carded),B07P6GRKL1
Vessel Sunday 2.0 Stand Bag Brushed White/Matte Black,B07L16P9MY
1 Set of 900 Megadora +2X150 (Jis) +2 Screwdriver,B08H1PYJHM
GT-P4.5XD Air Impact Screwdriver,B004OR7XQY
BW-13 (GM14+2X110H) Gold Bit,B001VB1K0G
VESSEL Bit Mag Bottle SAKISUBO Bits [No.SMG142110] (Ph No.2 x 10PC Set) (Japan Import),B00Q6CQGS6
VESSEL Precision Screwdriver No.TD-51-3.0x26 TD51S3026,B0881B5KMG
ATD-4 Cushion Drill Bit,B001HPNFYA
VESSEL Slender torsion bit [SBW-302K] (Japan Import),B015VXX0CU
VESSEL STANDARD Precision Screwdriver No.540 +0x75 540P075,B0881C2MWB
VESSEL Impact Ball Torsion Bits Assort X50 5PC with MAG Charge Holder (PH1/PH2/PH2/PH2/PH3) (IBMG50K001),B07QJ2ZCZV
AD-4 M Air Blow Gun,B004OR7B52
Vessel VST-IBPH230P2 2 x 30 in. Impact Ball Torsion Bit - 2 Piece,B08J8GFSWG
Vessel La Gardo Tackett IN-2,B00HVKQGVY
D71-0-2-44 Bit for Electric Screwdriver,B004OCQE32
D71-2-4-44 Bit for Electric Screwdriver,B004OCOMCM
VESSEL Ball-Grip Screwdriver (With covered shank) No.225 (+2 x 150) (Japan Import),B001D34J3W
BW-15 Gold Bit,B000AQMJEE
VESSELGO-TAN (Hard Forged) Semi-long Socket [No.SL209PS] (Assorted 9PC Set) (Japan Import),B01J4Z75XG
AD-2-100S Air Blow Gun,B004OCUDOI
VESSEL Precision TORX Screwdriver No.TD-59 T1x20 TD59T120,B0881BZHNZ
VESSEL BALL GRIP Ratchet Screwdriver (-6(1/4) x100(4) Replacement Blade),B0876JMH9X
Vessel 220 Ball Grip +2x100 (JIS) 200mm Long +2 Screwdriver,B000TG8OM6
2200-2-150 Ball Ratchet Screwdriver,B019DB0NT4
WA202111 (21MM),B001HPL66E
RG-95,B001HPNAO0
Vessel A20WSQ3 3/8 Drive Tilt Socket Adapter,B001HPIPV8
LA201911 Deep Hole Socket,B001HPKMGY
Vessel Impact Driver No.250001,B001WHOV64
TD-59 T4 Precision Torx Screwdriver,B073ZTYLLF
VESSEL MEGADORA Screwdriver Set 6pcs. No.9006CS (Clam Shell),B07QJ3227C
VESSEL Bit [No.B35] (Ph No.2 x 4.5 x 100H) 10 pc (Japan Import),B07C1W48WK
VESSEL WOOD-COMPO Socket Screwdriver A/F 8mmx125 (5) No.380NT 380AF8125,B087JGWPK6
D73-1-4-40 Bit for Electric Screwdriver,B004VPKN4I
BT43-2-3.5-100H Torsion Bit,B004OCMKY4
JA5P2082,B002RDDKLY
1300H,B002P7QI2K
BESSERU VESSEL (Bessel) Hexagonal axis Kesak drill Iron| light metal| synthetic resin| for wood 11.5 mm KMD-11.5,B06XNW97MP
VESSEL CRYSTALINE Screwdriver set 7PCS. with Hanger Case No.6307HS,B0845PH3NQ
VJ-10 Torque Adapter (for Digital Torque Meter),B01NC0KS6Z
SM16H030 Hex Bit,B001HPL7UO
3700KS Cable Stripper,B0711M7CK3
VESSEL Neck Torsion Power Bits PH3X50 25PC (Bulk),B07QK28QMV
VESSEL Precision Nutdriver No.TD-52 A/F4.5x25 TD52AF4525,B08819YNXB
Vessel (VESSEL) Ball Point L-Shaped Wrench| 9-Piece Extra Long Type 8309BP-XL,B07N6NKPY7
A14H-2-110H Pneumatic and Electric Power Bit,B004VDCBMM
VESSEL MEGADORA Insulated Screwdriver 6PC. Set No.9606EVA Made in Japan by VESSEL,B08JPCP874
VESSEL Wire Stripper No. 3000B,B076KLTQY2
TA201711 Go-TAN Mirror Socket,B001HPKKD4
AMD-3.0,B001VB8BV2
VJ-10K Torque Adapter (for Digital Torque Meter),B01MYEGR55
SA209660 (9.6mm),B001HPCFBY
B43-2-100X Pneumatic and Electric Power Bit,B004OCOL4G
4500175,B001D34GFI
C-60 C-series Ion Bar,B01I2KS6YG
B35-6-100G For Pneumatic and Electric Power Bit,B004VDBU88
Vessel 125611 9903 Precision Screwdriver Set,B003BIAOKO
VESSEL Neck Torsion Power Bits PH2X50 2PC (Carded),B07P5JGTBJ
9900-0-150 Micro Screwdriver,B0016VE2TM
VESSEL MEGADORA Tang-Thru Screwdriver Set 8pcs. 9308EVA (EVA Foam set/Tang Thru),B07ZJ1QZFT
SL201490 Go-TAN Hard Forged Semi-Long Socket,B00IJQ0D8G
6300-10-250(6300-250) (-10X250MM),B001D32QL4
VESSEL GT-MG75S Micro Precision Pneumatic Grinder,B002P7OY30
WSA2013 GO-TAN Tilt Short Socket,B01MDRNS40
VESSELMEGADORA Insulated Screwdriver (VDE standard certified) [9606PS] 6 pieces set (Japan Import),B077SHQBFY
MX162065 Driver Bit,B008TJ6E4K
GT-1600VPH,B002P7P9XE
A16-13065H Pneumatic and Electric Power Bit,B002P7SD8W
CB12-80 (50Pcs),B002P8I5MU
candeloo LED rechargeable lamps orange/fuchsia,B0007Y2TIA
B34-2-70H Bit for Electric Screwdriver,B004OCJESY
VESSEL Cordless Electric Screwdriver Rechargeable with LED Light (No.220USB-1),B085WYFLFX
A16-8-70G For Pneumatic and Electric Power Bit,B001HPPC9G
540-2.5-50 ECO VALUE Screwdriver (Precision Type),B07N2TRVLS
TD-70 by Vessel,B001VB4OHM
VESSEL 3500E-1 Wire Stripper,B000CED24U
VESSEL POWER GRIP Socket Driver A/F6x115 No.4100 4100AF6115,B088R1NYD7
9302150,B000W9IRO0
ACD-4.8 Cushion Drill,B001HPNFOK
VESSEL Genuine Wood Split Handle Heavy Duty Joint-Tang-Thru Screwdriver -11x200 (7/16 x 8) No.30 30S11200 Made in Japan by VESSEL,B089PYQJYZ
A20-5-55 For Pneumatic and Electric Power Bit,B002P7UGI2
Vessel offset Screwdriver +1:-5 (No. 25),B004SD0GQ8
VESSEL Wire Stripper No.3500E-2E WS3500E2E,B088Y86RT6
SM16BP50 Ball Point Bit,B001HPNAEK
VESSEL Megadora Impactor plus3X150 Japan,B07DJBQQLL
VT30-65 Torx[[RD]] Bit,B004OCQP5E
MA14-2065G Pneumatic and Electric Power Bit,B004VDCAXM
Vessel Christa line Screwdriver Thin Shank Type +1 150 (No. 6100),B0016VCJYC
D76-3-0.4-60 Bit for Electric Screwdriver,B004OCMQ0W
Vessel Player 6 Way Stand Bag Brushed White/Navy,B07LDDTBL1
VESSEL Impact Ball Torsion Bits PH2X30 5PC with MAG Charge Holder (IBMG30PH2K5),B07QFSR5SC
GM142665 (+2 -6X65MM),B001VB89QY
B43-2-200G Pneumatic and Electric Power Bit,B004OCMNUU
SST142082 Sakisubo Bit,B00KGS4KRK
Vessel Power Grip Screwdriver -8 150 (No. 4500),B001D2YVXG
TD-55 Precision Screwdriver,B000CE8RWM
990TXT10X80,B004OCQLS0
BESSERU Thread removed bit 3 set for electric screwdriver NEJ-123,B01N332QDD
Vessel La Gardo Tackett C-1,B00HVKQWPO
B34-2-5.3-105H Bit for Electric Screwdriver,B004OCOK06
Candela Lamps - Cloud,B001O6VAQM
VESSEL POWER GRIP Tang-Thru Screwdriver -9x200 (8) No.4500 4500S9200,B088R298KJ
Candela Colored Top - Beet,B000OADNKU
VESSEL Free-Turning Ball Grip Screwdriver (-6 x 150) [No.220F] (Japan Import),B002CPTNRC
A16-5-110G For Pneumatic and Electric Power Bit,B004VPLE6Y
Vessel 900 Megadora +2x400 (JIS) +2 Screwdriver,B001VB88F6
110-7-125(110-7) (7X125MM),B004VDAURK
Vessel tree pattern penetration Screwdriver +2 200 (No. 350),B001NGYO84
KDBSQ3,B009GSBY1G
NT15H-100 Torx[[RD]] Bit,B004OCMVKC
VESSEL POWER GRIP Ball Point Screwdriver H6.0x120 (4 3/4) No.B-5400BP B5400BPH6120,B088QP5BQ9
C51-2-36G Impact Driver,B004VDADYA
VESSEL Free-Turning Ball Grip Screwdriver (+2 x 150) [No.220F] (Japan Import),B001VB69RU
BW-301 (+2X65H),B001HPKT9O
Vessel 125610 9902 Precision Screwdriver Set,B003BI4IC4
VESSEL MEGADORA Screwdriver Set 8pcs. 9008EVA (EVA foam set),B07ZJ1KMW2
2200-3-150 Ball Ratchet Screwdriver,B019DB0VQY
CB12-60 (50Pcs),B002P8AN8Y
Precision Screwdriver Set | TD-56S Vessel JIS Made in Japan | 6 Piece Kit,B07BYV6PF6
A16SQ2-65 For Pneumatic and Electric Power Bit,B003B39SJM
VESSEL Neck Torsion Power Bits SQ1X50 2PC (Carded),B07P6GRLVH
ACD-3.5L,B001HPPCWS
ST142082 (+2X3.5X82H),B001HPEIXM
Vessel GT-NT03 Air Nipper,B004P006BE
VESSEL Manual Impact Driver with Cushion Grip Handle 5/16 Hex & 1/2 SQ Drive Set No.240001 ID240001,B088YR7CLJ
Vessel Megadora 920 -6x25 Stubby JIS Minus driver,B00CPU0PTO
TD-61-1 PETADORA,B0041PQCIO
VESSEL CUSHION GRIP 1/4 Hex. Bit Interchangeable Stubby Screwdriver Set No.270BW-123 270BW123,B0881BJV2C
VESSEL MEGADORA Thin Shank Screwdriver -3x75 (1/8x3) 910S375,B084TFBHT4
Vessel 900 Megadora +1x75 (JIS) +1 Screwdriver 900-1-75,B000TGAMC6
EPC-30,B004OCMXRI
VESSEL Precision Screwdriver Set TD-58 / H0.89| H1.27| H1.5| H2.0| H2.5| 00,B000CED23G
VE6000P,B00Q9SYQRU
VESSEL Dedicated replacement Shank Combi Plus Bit [No.PD1412311] (Ph No.1|Ph No.3/Ph No.2 x 110) (Japan Import),B00HY828JW
HFC1-300DR Hand Free Tool Arm,B07N2T5F3K
VESSEL Impact Ball Torsion Bits PH2X150 5PC with MAG Charge Holder,B07QBR85C9
VESSEL Impact Ball Torsion Bits PH2X30 25PC (Bulk),B07QFSMTSH
Vessel No.9000 Ceramic Alignment Driver| Slotted 2.6mm,B000W9HEXA
VESSEL Bit Belt Holder [No.BB-5] (Japan Import),B002RDDKOQ
NT10H-75 Torx[[RD]] Bit,B004OCUD3O
LA202211 Deep Hole Socket,B001HPCDKC
D71T7X44,B004OCQHWA
VESSEL FAMIDORA Screwdriver 8+1PC. Set in Slim Case No.TD-800 TD800,B0881BNXW2
Vessel Luau Rechargable Lamp,B00021UJ2Q
Vessel MS-FX- Metal Black Stand Only,B00HVKM85W
5400TXT27HX120,B002P81U0Y
VESSEL 3-Point Screwdriver H4 H5 H6 No.TD-240G TD240G,B088R2XDRV
GT-MG55S,B002P7HDZG
VESSEL Genuine Wood Handle Tang-Thru Screwdriver -6x100 (1/4 x 4) No.100 100S6100 Made in Japan by VESSEL,B089PWGXPY
HPSN-318 Air Needle,B01I4FT8H8
GT-NT10,B004OZWVEU
TD-6700FX-4 Ratchet Stubby Screwdriver with Flexible shaft bit holder,B01GZEWJH6
VESSEL Neck Torsion Power Bits PH3X50 2PC (Carded),B07P9VFC9G
VESSEL STANDARD Precision Screwdriver No.540 +00x50 540P0050,B0881BMH3N
GT-D80-20,B000W9FOZ0
V5T50-65 Torx[[RD]] Bit,B004OCMR3S
VESSEL Precision Screwdriver Set No.TD-56 TD56,B0881BPL1D
VESSEL EMGETX1550P10T Torsion Neck T15 50 mm Set of 10 Pieces,B07Y8S27MM
C150,B00B4TA8EE
Vessel VST-9308EVA Mega Tang Thru Screwdriver - 8 Piece,B08J8HJ4W8
V5T27-65 Torx[[RD]] Bit,B004OCMWMO
VTS-5/950 Carbon Telescoping Arm,B07N2RW4WY
VESSEL POWER GRIP Tang-Thru Screwdriver +1x75 (3) No.4500 4500P175,B088R1YWGQ
VE-4000PAC Electric Screwdriver(AC type),B0795C37JS
VESSEL MEGADORA Tang-Thru Screwdriver -6x100 (1/4x4) 930S6100,B084TFC89Q
AL142065 Alfa Bit,B001VB6AOC
CB12-120 Air Belt Sander,B002P8I5N4
VESSEL Impact Ball Torsion Bits Assort X50 5PC with MAG Charge Holder (PH2/PH2/SQ2/T20/T25),B07QGXL6C3
vessel　TX-10,B000CED254
VESSEL MEGADORA Chisel-Type Screwdriver [No.970] (9.5 x 120) (Japan Import),B0773GG3XQ
JA142110,B001VB4RJW
GT-BS30W Air Belt Sander,B002P8LEPU
TX-12MC,B001VB697K
VESSEL Ball Grip Tang-Thru Screwdriver w/Ceramic Ball -6x150 (1/4x6) No.250 250S6150,B0876K7Z7G
B-330-6-100 Wood-Compo tang-thru Screwdrier,B01BHQEMKO
GT-1600P Air Impact Wrench,B004OCS8RC
VE4000P,B00Q9SYPLM
ASB-24H Air Saw,B002P8CGPC
MB45-10-100,B004OCLHFC
VESSEL Precision Hex Driver No.TD-53 H2.0x24 TD53H2024,B0881BKJ5Z
VESSEL Ball Grip Screwdriver -5.5x150 (3/16x6) No.220 220S55150,B0876K5ZCK
520-6-25 ECO VALUE Screwdriver,B07N2T4M36
A19-10-130S For Pneumatic and Electric Power Bit,B002P7L7FI
VESSEL Recessed SAKISUBO Bit(2 piece set) [No.SS162120] (Ph No.2 x O/D 4.5 x 120 2PC Set) (Japan Import),B01J9NDAWI
VESSEL Wood-Compo Tang-Thru Screwdriver (w/hanging card) [No.B-330] (Ph No.1 x 75) (Japan Import),B01BHQEMIQ
GT-S60CW,B002P7R6LC
A20-5.5-55 For Pneumatic and Electric Power Bit,B002P7NDM8
BH-41 Double End Socket,B079NVSFT2
VESSEL Single End GO-SAI Bit [No.GS5P-31] (Assorted 5PC Set) (Japan Import),B0751KQQ3L
GT-R10 Air Ratchet Wrench,B004OCOTES
S903PZ2100,B00ANY4MKM
RT142110 Torsion Bit,B003BGTT02
SMVT08H Torx[[RD]] Bit,B001HPGMMM
BW-47 Square Double-ended Bit,B001HPL7S6
NT25-100 Torx[[RD]] Bit,B004OCQM7A
POWER GRIP Torx Screwdriver T25Hx120 (4 3/4) No.5400TX 5400TXT25H120,B088R2TFVB
VESSEL MEGADORA Insulated Screwdriver PS3x150 (6) 960PS3150,B084TFC11X
Vessel La Gardo Tackett C-2,B00HVKQXUS
70H-10,B001VB32YI
B44-6-70 (6X70MM),B004OCJCXQ
VE-4500AC Electric Screwdriver(AC type),B076J6GC1J
Vessel (VESSEL) Stop Torx L Type Wrench 9-Piece Set 8509TXH,B07N48KJBB
VESSEL wire stripper with screw cutter 3500E-4,B07S2P45MS
A20-8-60,B001HPPCAK
VESSEL MEGADORA Stubby Screwdriver +2x25 (1) 920P225,B084TF8CNV
HRW3002M-W Wood-compo Ratchet Wrench Set,B01MQVIU5F
TD-110,B001VB697U
D76T8X60,B004OCMSSW
Vessel tree pattern penetration Screwdriver +2 300 (No. 350),B001NGYOCA
TD-51+1 Precision Screwdriver,B001VB2Z0K
DS73T52.060,B00B4TLEBA
VESSEL POWER GRIP POZIDRIV Screwdriver No.4600 PZ2x100(4) 4600PZ2100,B088R1SVKM
VESSEL Neck Torsion Power Bits T25X50 2PC (Carded),B07P5JG7K8
VESSEL Ball Grip Screwdriver +2x200 (8) No.220 220P2200,B0876JTZDX
VESSEL Power Grip TORX Screwdriver T5 [No.B-5400TX] (Japan Import),B001VB88TC
4100-12-150(4100-12) (12X150MM),B001D2XIEO
TD-51-0.7 Precision Screwdriver,B001VAZG0M
A4T25-25.4 Torx[[RD]] Bit,B004OCLP04
500-3-150 ECO VALUE Screwdriver,B07N2SPCJ1
VESSEL MEGADORA Chisel-Type Screwdriver 9.5x120 (3/8x4.7) 970C95120,B084TDX4YF
VESSEL Ball Grip Screwdriver -6x100 (1/4x4) No.220 220S6100,B0876J6TXW
VESSEL STANDARD Screwdriver No.500 +3x150 500P3150,B0881C2VB1
VESSEL POWER GRIP Tang-Thru Screwdriver +2x100 (4) No.4500 4500P2100,B088R27XJQ
S903PZ3150,B00ANY4MJ8
VESSEL MEGADORA Screwdriver +2x100 (4) 900P2100,B084TDR484
SL201990 Go-TAN Hard Forged Semi-Long Socket,B00IJQ0D90
D73-1-3-40 (+1X3X40) Bit for Electric Screwdriver,B003B34TM8
8809BPRainball L-Wrenches 9PC Set,B003BIAQW0
VESSEL No.TD-57 Precision Nut Driver Set 6 piece Screwdriver Tools Made in Japan,B071PFBVTF
EPS-03S,B004OCUFGY
VESSEL Neck Torsion Double-Ended Power Bits PH3XPH3X50 2PC (Carded),B07P7LV27H
A15-3-110E Pneumatic and Electric Power Bit,B002P7SEBI
VESSEL RIB Reinforced Neck Torsion Power Bits PH2X150 10PC (Bulk),B07QGXL7PP
VESSEL No.930 MEGADORA Tang-Thru Screwdriver -6x38 (1/4x1 1/2) 930S638,B084TDLM26
ACD3S-4.3 Cushion Drill,B002RDDKEQ
VESSEL Impact Ball Torsion Bits SQ2X90 10PC (Bulk),B07QGXMGR3
A4T15-25.4 Torx[[RD]] Bit,B004OCLOVE
B-340TX T25H-120 Wood-compo TORX[[RD]] Screwdriver,B01LY193QO
A20-11-60,B0050N3JDW
VESSEL Precision Micro Stix Screwdriver No.TD-54 3ULR-Fx20 TD543ULRF20,B0881BR3MN
110-4-75(110-4) (4X75MM),B000TGF4EC
TD79,B0041PMPDK
JT27HX75 Torx[[RD]] Bit,B004OCJLI2
VESSEL Micro Screwdriver No.9900E +0x100 (4),B086VVVGM9
AMD-6.0 Cushion Drill,B001VB1HCM
A20-17-60,B004OCQ93C
JA142035,B002RDDKL4
NT27-75 Torx[[RD]] Bit,B004OCMV1G
900 +2x100 JIS Cross Point Screwdriver (Original Version) 2-Pack,B07YSPLQVT
Vessel Brand Stainless Steel Drinking Water Bottle - H2Go - 24 oz - Argyle,B001X18Z3O
B35-2-0100H For Pneumatic and Electric Power Bit,B004VD189O
Luau Portable Lamp by Vessel,B0017OSS0M
VESSEL Ball-Grip Screwdriver (2 pc set) Black onyx [No.220L-2PS-BO] (Japan Import),B078JBX5T5
VESSEL Micro Screwdriver 3PC. Set -1.8x50 (1/16x2)| -2.5x75 (3/32x3)| 00x75 (3) No.9903E,B086VTRJMT
VESSEL MEGADORA Thin Shank Screwdriver -4x200 (5/32x8) 910S4200,B084TDRVJT
VESSEL Micro Screwdriver No.9900E -3x100 (1/8x4),B086VW8TZ7
VESSEL Ball Grip Insulated Screwdriver +2x100 (4) No.200 200P2100,B0876P4G2J
IR142665 IRO Bit(Color-coded Bit),B001VB324S
GT-1600VPHL,B004OCOL5A
GSB8055 (5/16X55MM),B001VB4P3A
A20BSQ3 Socket Adaptor,B001HPGKVK
B43-2-75E Pneumatic and Electric Power Bit,B002P7SCSI
VESSEL Wire Stripper for Solid wire No.3000A WS3000A,B088Y68GF3
A19-8-65G For Pneumatic and Electric Power Bit,B002P7N1N4
GT-P6T Air Impact Wrench,B004OCLOB4
B-640TX T9H-40 Cushion Grip TORX[[RD]] Screwdriver,B01LZBYE57
VESSEL Anti-drop Slim Cord [No.SC-90] (Japan Import),B015X3HCM2
B-330-3-150 Wood-Compo tang-thru Screwdrier,B01BHQEMJA
SL202490 Go-TAN Hard Forged Semi-Long Socket,B00IJQ0EV2
VESSEL Gel Grip Soft Head Hammer No.76-10 H7610,B0881B9MCB
VESSEL CRYSTALINE Ratchet Screwdriver with Insert Bit SET (+| TORX (8PC. SET)),B08KVKF5FV
GT-MG25S,B002P7QV6I
VESSEL Neck Torsion Power Bits T15X50 25PC (Bulk),B07QGXMGRM
IR161065 IRO Bit,B001HPEKFS
TD-51-1.2 Precision Screwdriver,B001HPPBEW
73-20,B004OR00CI
TD-53 H0.89 Precision Hex.Driver,B001VBA6SS
B-330-5.5-75 Wood-Compo tang-thru Screwdrier,B01BHQEMH2
B34-1-4-70H Bit for Electric Screwdriver,B004OCLKR2
VTM-8 Torque Meter,B074XT2NQ8
B35-2-075G For Pneumatic and Electric Power Bit,B002P7NC74
VESSEL Neck Torsion Insert Bits PH2X25.4 25PC (Bulk),B07QJ2ZCZC
VESSEL Cable Stripper [No.3700KM] (Japan Import),B0719D35Y2
VESSEL CUSHION GRIP Screwdriver No.610-4x150 610S4150,B0881BYMG8
GT-4200P Air Impact Wrench,B004OCMVTI
VESSEL WOOD-COMPO Socket Screwdriver A/F 5.5mmx125 (5) No.380NT 380AF55125,B087J58WHT
MA14-2110G Pneumatic and Electric Power Bit,B004VDCB4K
VESSEL Rubber plastic hammer [No.77-10] (Japan Import),B00Y9N3OWK
VESSEL STANDARD Screwdriver No.510 +0x75 510P075,B0881BM8R4
D76-2-3-70 Bit for Electric Screwdriver,B004OCMQ6G
VESSEL Precision Nutdriver No.TD-52 A/F4.0x25 TD52AF4025,B0881BJ4BV
VESSEL Precision Nutdriver No.TD-52 A/F5.5x25 TD52AF5525,B0881B13XC
Vessel cushion grip Screwdriver Thin Shank Type -4 100 (No. 610),B003BI6LRE
VESSEL CRYSTALINE Screwdriver SET. 14 PC. with blow case 6314PS,B0845WGXZJ
VESSEL Bit Belt Holder [No.BB-10] (Japan Import),B001VB8AR2
110-13-150(110-13) (13X150MM),B004VDAVR4
TD-53 H1.27 Precision Hex.Driver,B001VB8BIU
VESSEL Single End GO-SAI Bit [No.GS16PL25] (Slotted@2.5 x 65 2PC Set) (Japan Import),B0751HT466
GT-P6-2,B002P8DAQG
VESSEL Precision Screw driver 6pcs. set. (-0.9/-1.2/-1.8/-2.3/+00/+0) TD55,B08691JSGS
WA201911 (19MM),B001HPL65A
WSA2021 GO-TAN Tilt Short Socket,B01MFD2AA9
Bessel (Vessel) Ball Grip Difference and Screwdrivers Set No.220w-3 (Basic)| 4.8 ounces,B0852W6YPD
VESSEL Ball Grip Tang-Thru Screwdriver +1x75 (3) No.230 230P175,B0876JR1ST
VESSEL Neck Torsion Power Bits SQ2X50 2PC (Carded),B07P9V9632
VESSEL Impact Ball Torsion Bits PH2X90 5PC with MAG Charge Holder,B07QDPQ6WJ
VESSEL MEGADORA Chisel-Type Screwdriver 7x100 (9/32x4) 970C7100,B084TFB3HX
VE-6000PSOP Electric Screwdriver with Input/Output signals,B0798BXTGR
VESSEL Impact Ball Torsion Bits T25X90 10PC (Bulk),B07QK28QMK
VESSEL Reduced Neck Torsion Power Bits PH2X150 1PC (Carded),B07P9V31M9
GT-P4.5DR Air Impact Screwdriver,B002P93WX6
GM162150 (+2X150MM) (Magnetic),B001VB8B1W
AS141065 Slender Bit,B001HPILRG
A14-2110G +2X110MM G Pneumatic and Electric Power Bit,B002P7SC74
A19-6-130G For Pneumatic and Electric Power Bit,B002P7HC7A
VESSEL Replacement Rubber Head for Hammer 1lb No.77-10H RH7710,B088XTRSKZ
IR162100 IRO Bit,B001HPEKOE
VESSEL Thread Thru Stud Wrench 1/2 No.ZW-4 ZW4,B088Y99FPK
VESSEL Hex Bit 5-Piece Set [No.BW-31] (Assorted 5PC Set) (Japan Import),B001HPKRRI
9900075,B001VB1IW6
TD-2100 Dual Tone[ Interchangeable screwdriver],B01MTUROVP
GT-MG35-12CR (120ß),B003B3F1R0
B35-2-075H For Pneumatic and Electric Power Bit,B004VDBPWO
D73-0-2.5-60 (+0X2.5X60) Bit for Electric Screwdriver,B004OCQARW
VESSEL STANDARD Stubby Screwdriver No.520 +1x25 520P125,B0881C5NP8
VESSEL Precision Pentalobe Screwdriver No.TD-54 1IPRx20 TD541IPR20,B0881DMPDQ
EPS-03M,B004OCQPMM
Vessel tree pattern penetration Screwdriver -10 300 (No. 350),B000TGF8LG
D73-4-0.5-40 Bit for Electric Screwdriver,B004OCLMMA
VESSEL Vector Tang-Thru screwdriver (-8 x 150) [No.B-280] (Japan Import),B001VAZFRG
B43-2-100H Pneumatic and Electric Power Bit,B002P7SCU6
VESSEL Ball Grip Insulated Screwdriver -6x100 (1/4x4) No.200 200S6100,B0876NYBRJ
Vessel Christa line Screwdriver Thin Shank Type +1 200 (No. 6100),B001D2XHEA
610-1-75 (+1X75MM),B003BI4GX0
Vessel No.9000 Ceramic Alignment Driver| JIS +1.7,B003B36XJU
A4T6-25.4 Torx[[RD]] Bit,B004OCLP7M
GT-PLRC,B002P8HEFE
BH-28 Keyless Drill Chuck,B001HPKQNS
B39TW1-40 For Pneumatic and Electric Power Bit,B004OCJEMA
VESSELNEON Screwdriver +2x100 (4) No.265 265P2100,B0876N6NLF
GT-DG100,B002P8OGJG
GT-NB20-LW10-TM Slide-off Air Nipper Bracket-type,B00D5JQOOO
VESSEL ECOSOFT T-bar Socket set [No.460NT-9S] (Japan Import),B009GSBY70
B44-6-100 (6X100MM),B004SCTZ1Q
TA202411 Go-TAN Mirror Socket,B001HPCBHM
VESSEL CRYSTALINE Ratchet Screwdriver with Insert Bit SET (+| HEX (8PC. SET)),B08KVJX78J
WSA2008 GO-TAN Tilt Short Socket,B01M9GAUNQ
CW-900EZ Clean Walker Easy,B00B4T9GOC
8500TX-T10 Torx[[RD]] Wrench(L-type),B002P845C4
VESSEL BALL GRIP Ratchet Screwdriver (5PC. Set in EVA FOAM #2),B07ZK73XY6
VESSEL impact driver No.240001,B001WHKSS4
AC142065 Cushion Bit,B000CEAXMY
VESSEL BALL GRIP Ratchet Screwdriver (+3x150(6) Replacement Blade),B0876JNGTH
B45-7-75 (7X75MM),B002P7UFTW
VESSEL Single End GO-SAI Bit [No.GS5P2100D] (Ph No.2 x 100 5PC Set) (Japan Import),B0751KTRM7
AZ142200 (+2X200MM)(2Pcs),B001VB33HO
VESSEL MEGADORA Tang-Thru Screwdriver +2x150 (6) 930P2150,B084TDJPG1
VESSEL CRYSTALINE Ratchet Screwdriver with 16PC. Insert Bit No.TD-6816MG TD6816MG (Ratchet Stubby Screwdriver Set with Flexible Shaft),B0881C6J7B
3000A Wire Stripper,B000TGF938
TD-51-0.9 Precision Screwdriver,B001HPNEAU
TD77,B0041PKV0O
A14-2-110X Pneumatic and Electric Power Bit,B004VPLBQC
B36-1-070H Bit for Electric Screwdriver,B002P7PDAS
GT-S650,B002P8FEPQ
77-10H Replacement Head For No.77(Rubber head),B01N6WSBZP
TA201911 Go-TAN Mirror Socket,B001HPGDQ2
VESSEL Impact Ball Torsion Bits PH2X90 10PC (Bulk),B07QGXL7P3
VESSEL WOOD-COMPO Torx Screwdriver T40Hx120 (4 3/4) No.340TX 340T40H120,B087JN9NP7
VESSEL Replacement Soft Head for Hammer 1-1/2lb No.RH70x1-1/2 RH70112,B088XNWPYP
VESSEL Oil-Xtra| Straight Type Air Impact Screwdriver| 1/4 Hex Drive| 14500 RPM| GT-S4.5XD(9.5mm),B07D13RD3N
VESSEL Precision Micro Stix Screwdriver No.TD-54 3ULR-Mx20 TD543ULRM20,B0881BZ4PY
Vessel La Gardo Tackett S-4,B00HVKQM9K
Vessel micro Screwdriver +00 75 (No. 9900),B0016VA0BQ
VESSEL Precision Screwdriver Set No.TD-56Y TD56Y,B0881BP7C5
ACD-3.4L,B001HPLDQC
GSAM8055 (5/16X55MM),B005KHA21K
HRW2303M-W Wood-compo Ratchet Wrench Set,B01NBJRBP0
VESSEL WOOD-COMPO Torx Screwdriver T15Hx80 (3 1/8) No.340TX 340T15H80,B087J58MZ8
VESSEL 3-Piece Quick Catcher [No.QB-K3C] (Japan Import),B018JB62I0
A19-6-65G For Pneumatic and Electric Power Bit,B002P7SEOK
VESSEL Power Grip TORX Screwdriver T10H [No.B-5400TX] (Japan Import),B001VB4OVI
VESSEL Ball Grip Tang-Thru Screwdriver +2x100 (4) No.230 230P2100,B0876JX5ZR
POWER GRIP Torx Screwdriver T8Hx80 (3 1/8) No.5400TX 5400TXT8H80,B088R1Y32K
9901100,B001VAZDPU
PS162150 Plus Minus Bit,B009GSC80M
VESSEL 5+1PC. Voltage Detection Screwdriver Set No.TD-1300B TD1300B,B088YQGQ9D
2200B-6-100 Repacement blades for Ball Ratchet Screwdriver #2200,B01LZBW8ZI
B45-6-100-10 (6X100MM10),B002P7SD2S
D71T6X44,B004OCMS5U
JT30HX100,B004OCMU4E
ATD-6 Cushion Drill Bit,B001HPPD2W
GT-S4.5XD Air Impact Screwdriver,B004OR7BB6
VESSEL MEGADORA Stubby Screwdriver +1x25 (1) 920P125,B084TF1LZX
VESSEL Impact Ball Torsion Bits T10X30 25PC (Bulk),B07QGXLVMD
HPN-1 High Power Ionizing Nozzle,B0799596BJ
VESSEL MAG ENHANCER 25PC. (Counter Display) MGEP25-DSP,B087QW52SL
350-9-200(350-200) (-9X200MM),B008DV175K
D71T10X44,B004OCOPEM
MA14-2150H Pneumatic and Electric Power Bit,B000TGF71C
VESSEL POWER GRIP Tang-Thru Screwdriver +4x200 (8) No.4500 4500P4200,B088R22S3N
VESSEL Ball Grip Screwdriver Set 4pcs. No.2204CS,B07QK2V9X3
VESSEL Impact Driver Bit 10PC. C51 +3x36E (Bulk) EDP#431051,B0844GNB65
Vessel 930 Megadora 6x150 Flat Tip Screwdriver,B000W9FSE2
Candela Rechargeable Lamps - White,B00020P7WY
VESSEL SUPER CUSHION Screwdriver +2x100 (4) No.700 700P2100,B087JCBNCS
IR142611 IRO Bit(Color-coded Bit),B001VB6BH8
ACD-3.4,B001HPLDF8
VESSEL CUSHION GRIP 1/4 Hex. Bit Interchangeable Stubby Drive Handle No.270BW,B0881BBJ6J
V5T25-110 Torx[[RD]] Bit,B004OCUE3I
D71-1-4-44 Bit for Electric Screwdriver,B004OCJGS2
Vessel Christa line Screwdriver Thin Shank Type +1 75 (No. 6100),B0016VCJWY
VESSEL MEGADORA Insulated Screwdriver +3x150 (6) 960P3150,B084TDLBT6
VESSEL BALL GRIP Ratchet Screwdriver (+2x100(4) Replacement Blade),B0876J8ZWZ
BHC30 Socket Anvil,B001HPIQL2
VESSEL MEGADORA IMPACTA Screwdriver (6 PCS SET),B084TDXB89
