Senkichi Chisel for Craft 9mm 122518 (Japan Import),B002NAOT98
Senkichi Replacement blade for pruning saw with a sheath (SGPS-16) (Japan Import),B00MFITTZ2
Senkichi Garden Pouch Small Case for Scissors SGB-23 (Japan Import),B003VUPOSO
A Perfect Gift 吉 (Senkichi) Soil Scoop Scoop,B003EIEHRW
Senkichi Polycarbonate Scoop 1070mm (Japan Import),B003VUT5DO
Kunichika Japanese Woodblock Print; Beauties Senkichi and Sanshi Pl...,B00F41NEOY
Ghidrah: The Three Headed Monster [VHS],B0000039EM
Senkichi PP scoop SGT-31 (Japan Import),B00JO7NV2Y
Senkichi Resin Handy Cleaner scoop for sewer 470mm SGPC-3 (Japan Import),B0074FNBR8
New Senkichi pruning shears rust resistant stainless steel 200mm SGP-15 ~ITEM #GH8 3H-J3/G8322442,B01JQFPN0G
SENKICHI Extra Small Small SS-10 1P,B005HN2T7M
Bonsai Vise M Size,B003VUT9F8
Senkichi ECO Large Dustpan 500mm (Japan Import),B00TO9P3S2
Senkichi Scriber with spatula No.20 (Japan Import),B002NAR3MS
The Lost World of Sinbad Movie Poster (11 x 17 Inches - 28cm x 44cm) (1965) Style A -(Toshirô Mifune)(Tadao Nakamaru)(Mie Hama)(Kumi Mizuno)(Ichirô Arishima),B004UP84OU
A Perfect Gift 吉 (Senkichi) 剣山 Stainless Needle Beans Round – Extra Large Round,B003VUWLQW
Pruner Scissors 180mm G SGP-21,B003VURLY4
Senkichi Pruning saw with a sheath 240mm SGPS-5 (Japan Import),B003VUT8W2
Senkichi Multi-Purpose Medium Hoe 1050mm (Japan Import),B003EIGACC
A Perfect Gift 吉 (Senkichi) Soil Scoop Scoop,B003UYTDF6
Scissors 210mm,B003VUUZ74
Senkichi Replacement Handle for Sickle No.15 601927 (Japan Import),B003VUWM4S
Japanese Senkichi Ikebana Stainless Kenzan Flower Frog Round Dia 61mm from Japan,B076C9ZQ2Y
Senkichi Midori Kanecho Multi-Purpose ladle Pipe Handle 450mm 168556 (Japan Import),B003VUOT1M
Titanium Coating Diamond File Round,B002NAQWY8
Narumi Senkichi (Iwanami Bunko) (2006) ISBN: 4003109643 [Japanese Import],4003109643
Senkichi Single-edged thin blade sickle for left-handed use 195mm (Japan Import),B003VUT7Q4
Senkichi Compact Foldable Aluminum Shovel SGT-32 (Japan Import),B00MN5T52O
Double blade small Plane 40mm x 180mm,B0026FBGS2
Senkichi gold bitch hoe three nails (Japan Import),B003VUWNCY
Senkichi Lightweight Aluminum Pruning Shears 170mm SGP-33 (Japan Import),B0072BPANW
Senkichi Handy ratchet pruning scissors SGP-34R (japan import),B00BLCRWB6
Senkichi Stainless Steel Sieve 37cm with 3 changeable nets (Japan Import),B003VUV3AC
Senkichi small scoop SGMT-1 (Japan Import),B003ST1KQ8
Senkichi Blade replaceable Hand plane 42mm (Japan Import),B0029DP6TQ
Senkichi Sickle Sack No.23 (Japan Import),B00JUL5GE0
Craft knife ‡‚40 27mm,B003VUTE1M
Senkichi Double-Edged Sickle 180mm 601369 (Japan Import),B003VURNYM
Senkichi Gardening Scissors with Catch Function 195mm SGP-36C (Japan Import),B00J3CFABU
Senkichi Twist Sickle with Full steel blade For left-handed SRC-3 (Japan Import),B003ST1H7U
Senkichi Hedge Scissors 210mm (Japan Import),B003VURNSS
Godzilla's Counter Attack Movie Poster (11 x 17 Inches - 28cm x 44cm) (1955) Spanish Style A -(Hiroshi Koizumi)(Setsuko Wakayama)(Minoru Chiaki)(Takashi Shimura)(Masao Shimizu)(Seijirô Onda),B004UNT1XK
Senkichi Triangle Hoe with Aluminum Handle SGJ-7 (Japan Import),B003EII2QO
Japanese Senkichi NATA Saw Ebi Machete 135mm 5.3 scie Japon Säge Sierra,B07H6RQBW7
Senkichi Wooden Sand Flui (Round) 1.4 inches (35 cm) 1.0 - 9.0mm Eyes,B003VUUV1O
Senkichi Machete for Bamboo Joint Removal (Japan Import),B003VUPQ3C
Bamboo Splitter (4Cut) 90mm by SENKICHI,B01L4PYG40
Stainless steel Pruner Scissors 180mm SGP-14,B003VUT69C
Senkichi (SENKICHI) ratcheting pruning shears SGP-22R ;TM79F-32M UGBA673899,B01LW355LD
Single blade small Plane 40mm x 195mm,B0026FBGRI
COPPER MARK Chisel 12mm,B0029DP6LE
Senkichi 3-tine Rake with Wood Handle SGT-12 (Japan Import),B003ST9HE0
Senkichi Extra large wedge 2 pcs set (Japan Import),B003VUWGO4
Senkichi Telescoping small Garden Cleaner Rake with 9-tine 330-760mm SGR-10 (Japan Import),B003ST9ABK
What's Up| Tiger Lily? Movie Poster (27 x 40 Inches - 69cm x 102cm) (1966) French Style B -(Tatsuya Mihashi)(Akiko Wakabayashi)(Mie Hama)(John Sebastian)(Tadao Nakamaru),B0051N964M
Japanese SENKICHI Bonsai Ueki Glass fiber Shears Scissors Hasami 215mm SGFP-3,B07KFBVF1S
KEZURUKUN Aluminum Half Round,B0026IALVW
Senkichi All Stainless Steel Scoop 290mm (Japan Import),B003EIEHRC
Senkichi Wooden Sand Flui (Round) 1.4 inches (35 cm) 1.0 - 9.0mm Eyes,B003VUUV9G
Key-hall Saw Straight handle 180mm,B002NAN30O
Senkichi Pruning & Bamboo double sided saw SGPS-11 (Japan Import),B003VUWJM8
Senkichi Awl with square handle 6mm (Japan Import),B00TO9RCZO
Senkichi Rotary grass removal 810mm SGLJ-1 (Japan Import),B00GXVD21Y
Senkichi Powerful Pruning Shears with grip SGL-36 (Japan Import),B003ST7CG0
SENKICHI Pruning Shears of Aluminum PatternNormal-blade SGP-5NS From Japan ;TM79F-32M UGBA470321,B01LVVDV6N
Senkichi Sack| Natural Cowhide Leather| Made in Japan| NO.1E~NO.19E| NO.1E,B003VUTAWA
Stainless steel Pruner Scissors 200mm SGP-15,B003ST1LK8
Senkichi Stainless steel multi-purpose Scoop with a case DX SGT-27 (Japan Import),B0072BPBKO
Senkichi Stainless steel Soil scoops 3pcs SGTS-1 (Japan Import),B003VUWMUC
Senkichi Case for Long blade Hedge Shears 634799 (Japan Import),B003VURQWG
Senkichi Replacement blade for Sickle 180mm (Japan Import),B003VUT7OQ
Senkichi Bamboo shoot Hoe 1050mm (Japan Import),B003VUWFGS
Senkichi Sickle 300G 150mm (Japan Import),B003VUT9K8
Japanese HQ SENKICHI Ratchet Type Pruning Shears Flower Scissors SGP-22R F/S ~ITEM #GH8 3H-J3/G8343325,B01JQGFYB8
Senkichi Single Hand Hoe SRC-11 (Japan Import),B003VUUXP8
Senkichi small Bamboo Rake 670mm (Japan Import),B01EIXV2LA
Senkichi Glass fiber Pruning Shears 235mm SGFP-4 (Japan Import),B078S58KPK
KEZURUKUN Stainless steel Half Round,B0026IALUI
Ratchet type pruning-shears SGP-22R,B003UYTDGA
Senkichi small Garden Rake with 11-tine Flat type 650mm SGR-2-SH (Japan Import),B004JKJFY4
Senkichi All Stainless Shovel Round type SSS-3 (Japan Import),B073XNGKHT
PC Craft knife,B0029LH32G
Senkichi Gardening blade sharpener #1000 SGST-1 (Japan Import),B00TPFZ3OO
Senkichi L-shaped Lawn Shears with spring SGSL-1 (Japan Import),B07B7WD99G
Senkichi Single-edged thin Sickle 165mm 602508 (Japan Import),B003VUT7U0
Senkichi Wooden Sand Flui (Round) 1.4 inches (35 cm) 1.0 - 9.0mm Eyes,B003VUPH72
Senkichi Replaceable handle for Hoe No.26 1050mm (Japan Import),B003VUUXNK
SENKICHI Extra Spring size L SS-6 1P,B003EIA3KC
Senkichi Gardening Hoe 900mm 890095 (Japan Import),B003VUTCLE
Senkichi Wood Peeler 120mm (Japan Import),B003VUUUV0
Folding Saw 120mm,B0026FBF8S
KEZURUKUN Rubber/Bamboo Half Round,B0026IALVC
Senkichi Mallet 90mm (Japan Import),B003EIHU3A
Senkichi Expandable Weed Cutter 820 to 1150mm SGW-2 (Japan Import),B07BB2B1V4
Senkichi Weed Hoe with half-moon open window 1200mm (Japan Import),B003VUPJ1G
Senkichi Replacement Handle for Thin Sickle No.13 601905 (Japan Import),B003VUWM2A
Senkichi Sack| Natural Cowhide Leather| Made in Japan| NO.1E~NO.19E| NO.13E,B003VURIL0
Senkichi Small sickle with Steel blade 120mm SRC-5 (Japan Import),B003VUPJS4
Senkichi Replacement Handle for Garden Sickle 1365mm (Japan Import),B003VUV2VW
SENKICHI Nokogiri Pruning Saw with a Sheath 240mm from Japan| Model: | Home & Garden Store,B0154JLMZ8
Senkichi Leather Sack| Large Pruning Shears| Bud Cutting Shears| Made of Natural Cowhide Leather| NO.20| 21| NO.20,B00JUL560O
Senkichi small 3-tine Hoe (Japan Import),B01EIXWGTW
Senkichi/All stainless steel scoop (Thick)/Mini Shovel/With scale/Gardening tool ;TM79F-32M UGBA552554,B01LVZA7HL
Senkichi Ratchet type Thick branch cutting scissors 780mm SGFL-3 (Japan Import),B003ST9MVI
SENKICHI BONSAI /Flower Scissors Sheethe No.1E,B078N9DRPC
Folding Saw 210mm,B0026FBF9M
Senkichi Hole Digger for poles 25mm SGHD-25 (Japan Import),B00ISNLFHI
KEZURUKUN Aluminum Flat,B0026IALVM
Senkichi Manual weed picker with aluminum pipe handle SGJ-2AP (Japan Import),B00ISNL8AW
Senkichi Rebar bending plate 9mm 232704 (Japan Import),B002NAR54Y
Senkichi Lawn scissors Raku-kari SGS-4 (Japan Import),B00BLCRWC0
Aluminum Handle Pruner Scissors G 200mm SGP-2N by SENKICHI,B018A3WBMI
Senkichi Wooden Sand Flui (Round) 1.4 inches (35 cm) 1.0 - 9.0mm Eyes,B003VUUV6Y
Senkichi Pruning Shears for left-handed SGP-20L (Japan Import),B00TPFZ3LM
Senkichi powerful pruning stretching high pruning shears 4M SGLP-9(Japan import),B003VUUXYE
Senkichi Garden Pouch Small SGS-4P (Japan Import),B00BPMIHWU
Senkichi Cute Garden Tool (Scoop/Transplant Trowel/rake) 3 pcs Set SGMT-6 (Japan Import),B004TE2JI4
A Perfect Gift 吉 (Senkichi) pikkumatokku,B003VURJPA
Senkichi Axe 1KG 60CM (Japan Import),B003VURSGA
Japanese SENKICHI Bonsai Ikebana Shears Power Ratchet Scissors SGP-28R,B0713M166B
Senkichi Replacement Handle for Sickle No. 16 601938 (Japan Import),B003VURQUI
Senkichi Garden DIY Set (2 trowels and Tub) (Japan Import),B01EHD9I8K
Senkichi Bar bender for Rebars 16-19mm (Japan Import),B002NAMVRU
Senkichi Garden Broom,B00WHMW926
Senkichi Weeding Sickle 110mm (Japan Import),B0092IP4VG
Pruner Scissors Left hander 200mm,B003EIC1WU
Senkichi All steel Small Sickle SG-2 (Japan Import),B071Z7PG16
Senkichi Blade replaceable Folding Saw for pruning 120mm SGPS-15 (Japan Import),B00BLCRWCA
Movie Posters What's Up| Tiger Lily? - 11 x 17,B002NUG2D4
Senkichi Twist sickle with Full steel saw blade SRC-2 (Japan Import),B003VUWGGC
Senkichi Garden pouch Large [Navy Check] SGS-10P (Japan Import),B0711RGSRY
Senkichi Sewer Cleaning Hoe with Aluminum Pipe Handle 950mm SGPC-4 (Japan Import),B00BLFCDL2
Senkichi awl NO.2,B01KBLHK7S
Log Saw 390mm,B002NAR5GW
Japanese SENKICHI Chisels NOMI Oire Chisel Carpenter's Tool 36mm,B07CWR352G
Senkichi 11-tine Small Rake with wood Handle and grip SGR-11 (Japan Import),B003VUV1AO
Senkichi All-purpose Garden bag Large 60 x 60 x 70 cm (Japan Import),B00TQIJLIY
Senkichi Rebar bender 13mm (Japan Import),B002NAR508
SENKICHI Extra Spring SS-8 2P,B003VUPLLE
Case Axe Double Beveled Blade 165mm,B003ST52R6
Grip 75cm CC-18 broad Senkichi stainless trash (japan import),B004TE2JOS
Senkichi Joint extension Pipe for High prune shears (SGLP-10) 3m SGLP-10-3 (Japan Import),B003VUUVV4
Sakuri Rooter 5mm,B005HN0TII
SENKICHI Ladies garden shears SGP-30,B004LLH87W
Senkichi Replacement Blade for Ratchet Type Pruning Shears (SGFL-3/SG-22) 640628 (Japan Import),B003VUT3ZE
Senkichi Awl with Wooden handle Small 3 pcs set 175975 (Japan Import),B00J00C7F2
Senkichi Thick branch cutting shears Slide type 750mm SGFL-7 (Japan Import),B00TPFZ1DM
Senkichi Stainless Steel Hoe with Wood Handle CJ-5 (Japan Import),B003VURPRC
Wood Handle Bamboo Axe 165mm,B003VURRY8
NEW SENKICHI Japanese chisels nomi 3pcs set 9/15/24mm,B01LQNFBNK
Musashi Miyamoto Movie Poster (11 x 17 Inches - 28cm x 44cm) (1954) Style A -(Hiroshi Koizumi)(Setsuko Wakayama)(Minoru Chiaki)(Takashi Shimura)(Masao Shimizu)(Seijirô Onda),B004UNSYS8
Senkichi Gardening Hoe 1000mm SGBR-1 (Japan Import),B003EILHES
Grape Scissors B-300,B003VUTDCM
Senkichi high branch saw 1M SGPS-3（JAPAN Import）,B003VUPMUE
Senkichi Replacement Spring For Ratchet type Pruning Shears(SGFL-3/SG-22) 2pcs set 640582 (Japan Import),B003VUT408
Senkichi Leather needle 3 pieces set No.24 (Japan Import),B002NALFD6
SENKICHI Extra Narrow SS-7 1P,B003VUUZI8
SENKICHI Nokogiri Pruning Saw with a Sheath 240mm from Japan ;TM79F-32M UGBA138666,B01LW0KR78
Axe Pointed Type SGKN-3,B003VUPOXE
Senkichi Flat Hoe Echigo type 900mm (Japan Import),B003VUUW7M
Bamboo Splitter (6cut) 99mm,B003VUPPYW
Japanese SENKICHI Bonsai Ikebana Shears Gardening Scissors 210mm G Made in JAPAN,B01JAD48MI
Senkichi Replacement Handle for Waist Machete Small 165mm (Japan Import),B01EKYZXP8
Senkichi Improved Hoe 1050mm 682979 (Japan Import),B003VUV3SO
Senkichi Doushou/Japanese Chisel 18mm/Oire Nomi/Hitachi Yasugi steel Kigami ;TM79F-32M UGBA552562,B01LW0KZDO
Senkichi Wooden Sand Sieve (Round)| 13.8 inches (35 cm)| 0.4 inch (10.0 mm) Hexagonal Holes,B003VUT32C
Senkichi Home Hoe Triangular Type with Full Steel Blade 1050mm 891267 (Japan Import),B003EIG11W
Pruner Scissors SGP-32,B004LLH88G
Senkichi Kenzan flower frog Tool with a bell No.22 (Japan Import),B003VUV2LW
Senkichi Weeds removal with a lever SGJ-9 (Japan Import),B00E8YE6FO
Senkichi Garden Knee pad 2 pcs Set [Khaki] SGK-3 (Japan Import),B07BJGYPWQ
Senkichi Stainless Trash Picker 60 cm CC-17 (Japan Import),B003VUYC3W
Senkichi Replaceable handle for Hoe No.28 1050mm (Japan Import),B003VURLGC
Aluminum Handle Pruner Scissors G 200mm SGP-2N,B003EIE4LG
Senkichi Handle plane for edge (Japan Import) (Four Pack),B08L1CGMCT
Thousand Entertainment (Senkichi) Garden Mat,B00J3CF4C0
A Perfect Gift 吉 (Senkichi) Soil Scoop Scoop,B003UYTDFG
Senkichi Temi Large 500mm Green 780g 52 x 40.8 x 20 cm,B004AJ9FUI
Senkichi Shovel with wooden handle SWS-1 (Japan Import),B004AJBAQ0
SENKICHI Extra size L SS-4 1P,B003EIHTFY
37cm 620g one hand Axe,B003VUTCRI
Double blade Small Kanna plane 40mm x 150mm,B0026FBGRS
Safe-Deposit 3 stainless soil sieve 12inch for Bonsai (japan import),B003EIN7GO
Senkichi Twist Sickle with All Steel Blade SRC-1 (Japan Import),B003VUPJPC
Bonsai Turn Table,B003VUWMWU
Senkichi Doushou/Japanese Chisel 24mm/Oire Nomi/Hitachi Yasugi steel Kigami ;TM79F-32M UGBA552623,B01LWAAUFC
Roots cutter 900mm,B003VUV46A
Senkichi Sack| Natural Cowhide Leather| Made in Japan| NO.1E~NO.19E| NO.12E,B003VUPOLQ
Senkichi Chisel 42mm (Japan Import),B003EIG3BA
Senkichi 5-tine Rake with Wood Handle and grip SGT-13 (Japan Import),B003STBBBM
Japanese SENKICHI Chisels NOMI Oire Chisel Carpenter's Tool 18mm,B01I9HJX7G
SENKICHI Ratchet type pruning-shears SGP-22R From Japan ;TM79F-32M UGBA470322,B01LW9HVCP
Senkichi Compact Garden Shovel with Pipe Handle Round Type 805mm SPGS-1 (Japan Import),B00BLFCDKI
Senkichi Home Hoe Medium 1060mm (Japan Import),B003VUPPWE
Diamond File Soft G 105mm,B0026IAM0C
Japanese Wood Block Plane KANNA Senkichi 40mm x 195mm Carpenter's Tool,B010LTZ6P8
Japanese SENKICHI Bonsai Ueki Glass fiber Shears Scissors Hasami 235mm SGFP-4,B07H2Y6Q38
A Perfect Gift 吉 (Senkichi) Pruning Shears Cut Branches Do Not Drop Catch Function,B00IRSIOQ4
Senkichi Garden pouch Navy dot Large SGS-20P (Japan Import),B072LMYCRK
Senkichi Wooden Board for Plaster Work Small 300 x 300mm (Japan Import),B00GYM63JK
Senkichi Tile brush Sword type with White heads (Japan Import),B002NAUE5Q
哺乳類誕生 乳の獲得と進化の謎 (ブルーバックス),4062578980
Only hoe hoe digging bamboo shoots series head to choose Senkichi-kin (japan import),B003VUWHJ8
Senkichi Pick Mattock Small 250G 610019 (Japan Import),B00GXVCGJI
Key-hall Saw Straight handle 210mm,B003EIEFWE
Godzilla's Counter Attack Movie Poster (27 x 40 Inches - 69cm x 102cm) (1955) -(Hiroshi Koizumi)(Setsuko Wakayama)(Minoru Chiaki)(Takashi Shimura)(Masao Shimizu)(Seijirô Onda),B0051Y25M6
Japanese Wood Block Plane KANNA Senkichi Tamashii Soul 60mm Carpenter's Tool,B01A9UG8U6
Senkichi Ninja Claw Rake Kumade with Net (Japan Import),B003VUWEGO
COPPER MARK Chisel 9mm,B0029DP6KU
Senkichi Twist Sickle with All Steel Blade Slim neck type SG-4 (Japan Import),B071P1KQLW
Japanese SENKICHI Bonsai Ikebana Koryu Shears Scissors Hasami SGP‐5NS SK-5,B017KDN0SS
Senkichi Replacement saw blade for high branch pruning shears (Japan Import),B003VUT5ZW
SENKICHI Extra SS-2 1P,B003EIG0D6
Senkichi Garden Shovel with Zigzag Blade (Japan Import),B01BNGCEUI
SENKICHI Blade Disposable Japanese Wood Kanna Plane 58mm,B0759RDZPS
Senkichi ECO Small Dustpan 400mm (Japan Import),B004AJ7W0S
Japanese Senkichi Bonsai Shears Gardening Scissors Nylon Case SS－2,B077XVT6V4
SENKICHI Extra Spring size S SS-5 1P,B003EIG0IQ
Donaru dosuru nihon no shokutaku : Tanbo to ushi ga nihon o suku.,4842504803
Senkichi Garden Work Seat with cushion SGC-1 (Japan Import),B003VUT5RK
Gardening Axe Double Beveled Blade 165mm SGKN-6,B003UYTDEW
Senkichi small Rake Small (Japan Import),B01EIXVT6S
Senkichi Soil Scoop Round Small 335mm SGT-19 (Japan Import),B003UYTDFQ
Senkichi Heavy Sickle with Steel Blade 150mm (Japan Import),B00JUL6F1S
Senkichi Replacement saw blade for high branch pruning shears No.1 (Japan Import),B003VUUXYY
What's Up| Tiger Lily? Poster French B 27x40 Tatsuya Mihashi Akiko Wakabayashi Mie Hama,B002S7RY2K
Senkichi Replacement blade for Hand plane 42mm 3pcs set (Japan Import),B0029DP6U0
Senkichi Blade exchangeable Sickle with Aluminum Handle 195mm (Japan Import),B003VUPMQ8
Japanese Wood Block Plane KANNA Senkichi Tamashii Soul 65mm Carpenter's Tool,B01A9UE5SS
Senkichi Car trunk foldable bag EGB-16 (Japan Import),B004Q7J6KI
Senkichi Ikeno Bow case SGB-18 (japan import),B003TQL92A
Folding Bamboo cutter Saw 210mm,B0026FBF8I
Long Blade Ikebana Scissors 200mm,B003VURMBQ
Flower Scissors 165mm,B003VUWHG6
A Perfect Gift 吉 (Senkichi) Tree Pattern Scoop,B003STBC84
Senkichi Telescopic small garden cleaner Rake 9-tine SGR-5M (Japan Import),B00GXVCYB8
With a Table Plane 70mm,B003EIEG8C
A Perfect Gift 吉 (Senkichi) 剣山 Small 日月 No. (A Little Bit Of... 23 – No. (A Little Bit Of... 25 ,B003VUWLTY
Senkichi Bamboo cutter for both hands 6 division 175mm (Japan Import),B00ISNL802
Aluminum Handle Pruner Scissors (FH) SGP-29FH by SENKICHI,B018A18EFI
Senkichi Bonsai Scissors 210mm (Japan Import),B003VURM8Y
Godzilla's Counter Attack - 11 x 17 Framed Movie Poster,B01ITXNTW0
Senkichi Garden scissors grip type 120mm SSP-12M (Japan Import),B0072BPAN2
Japanese SENKICHI Bonsai Koryu Gardening Waist Belt Bag Tool JAPAN SGB-14,B01DK30WYW
Senkichi Replacement Handle for Pick Mattock Large 420mm 611327 Japan Import,B00GXVCNYG
Senkichi File for Rubber & Bamboo Flat type (Japan Import),B0026IALV2
Bamboo Splitter (8cut) 112mm,B003VUV41U
Senkichi only for wrought triangle 6MM,B01KPHVBUA
Double blade Saw 270mm,B0026FBFCY
Senkichi Lightweight Leaf cutting scissors long-type telescopic 1040mm to 1520mm SGLP-14 (Japan Import),B00WHN0JTA
PC Craft knife Metal tip,B0029LH330
Senkichi Ultra light Thick branch cutting shears 520mm SGFL-1 (Japan Import),B00TPFZ3O4
KEZURUKUN Metal work Half Round medium,B0026IALTE
Senkichi Pruning scissors sack with magnets Wide type No.18EW (Japan Import),B003VURQTE
KEZURUKUN Metal work Coarse Finish,B0026IALT4
Senkichi Weeding Sickle Small 110mm (Japan Import),B0092IP54W
Senkichi Harvest Basket 40x30 cm [Blue] (Japan Import),B004CCZDR2
Senkichi Sack| Natural Cowhide Leather| Made in Japan| NO.1E~NO.19E| NO.4E,B003VUTAY8
Senkichi Small cutting knife with a sac Naginata (Japan Import),B00MTJFW80
Senkichi Ninja 4-tine Rake for clam digging (Japan Import),B01BOSPISA
The Lost World of Sinbad Movie Poster (11 x 14 Inches - 28cm x 36cm) (1965) Style B -(Toshirô Mifune)(Tadao Nakamaru)(Mie Hama)(Kumi Mizuno)(Ichirô Arishima),B004US55A8
Case Axe Double Beveled Blade 180mm,B003ST980I
Senkichi Powerful Hedge Shears for Trimming with Aluminum pipe handle Square type SGL-8 (Japan Import),B003VUPM8G
SENKICHI Extra size S SS-3 1P by SENKICHI,B01L4PYQCM
Senkichi Gold/Round-blade Root cutter scissors 210mm/Bonsai scissors,B00ZICQMHK
Senkichi Garden Sack for Okubo Scissors 180 to 230mm with a Hook SS-4 (Japan Import),B00JUL5NKW
Senkichi/Stainless steel Soil baskets Set 3P SGTS-1/Gardening tool ;TM79F-32M UGBA552484,B01LVVE15Z
Senkichi Doushou/Japanese Chisel 21mm/Oire Nomi/Hitachi Yasugi steel Kigami ;TM79F-32M UGBA552563,B01LW0KSJB
Japanese SENKICHI Bonsai Wear Ikebana Koryu Gardening Apron SGB-5 (F/S+Tracking# ~ITEM #GH8 3H-J3/G8334905,B01JQFY6N6
Flower Scissors 180mm,B003VUUYIY
Japanese Senkichi Double EDGE SAW FILE 75mm for japanese pull saw,B01424OAAK
Bamboo Splitter (4cut) 90mm,B003VUWNGU
Senkichi folding saw and pruning shears sack type input NO.17E (japan import),B003UYTDGU
Senkichi Kenzan Flower Frog with Stainless steel needle Round type 61mm No.17 (Japan Import),B003VUV2EE
Harvesting Scissors Large Handle SSP-3,B003ST1JOG
Senkichi Doushou/Japanese Chisel 6mm/Oire Nomi/Hitachi Yasugi steel Kigami ;TM79F-32M UGBA552621,B01LWAW0R7
Senkichi Japan Bonsai Scissors Sickle Sharpener Gradening Cutter SGST-1,B07XWNLTKK
Harvesting Scissors Multitask SSP-8,B003VUWHY8
Senkichi Mallet 90mm 679009 (Japan Import),B003VUUXJY
Senkichi Nejiri Gama Hoe Set of 3,B01MZAFR3L
Senkichi Small Pickax Forging Finish 1kg 682106 (Japan Import),B004AJ7V40
Senkichi Rake SGK-1 (Japan Import),B06Y1JGSJJ
Diamond File Soft G 75mm,B0026IAM02
Senkichi Flat Hoe Fukui type Large (Japan Import),B003VUT3UE
Senkichi Garden sack for ratchet scissors No.25 [Black](Japan Import),B01BNGCELW
Senkichi Lightweight Leaf cutting scissors long-type telescopic 970mm to 1450mm SGLP-13 (Japan Import),B00WHN0GY8
A Perfect Gift 吉 (Senkichi) 剣山 Stainless Needle 小角 – Extra Large Corner,B003VURQ62
Japanese Senkichi NATA Saw Machete 165mm 6.5 scie Japon Säge Sierra SGKN-6,B0714D2SKV
Senkichi Ratchet Pruning Shears with ON/Off Switch SGP-22RC (Japan Import),B01BL75668
Senkichi 3-tine Hoe Yamato Type 1050mm (Japan Import),B003VUT3ZY
A Perfect Gift 吉 (Senkichi) 剣山 Stainless Needle Beans Small 36 mm No. (A Little Bit Of... 33/Pole Beans 21 mm No. (A Little Bit Of... 34 2 Pack,B003VURQ4O
Senkichi Gardening Bicchu Hoe 900mm (Japan Import),B003VUWNJW
Senkichi Twist Sickle with Wood Handle SGT-16 (Japan Import),B003VUPHAO
Senkichi Garden Pruning Scissors SGP-43 (Japan Import),B0719JDGZ3
Senkichi Plastic Chalk Liner 180mm 176078 (Japan Import),B00J00CAJ0
Senkichi Palm Cord roll 3.0mm x 500m [Black] (Japan Import),B003VUT6AQ
偏微分方程式 (物理数学コース),4785315245
Senkichi Small Sickle with Plastic Handle SGJ-3 (Japan Import),B003VUPJN4
Senkichi Kama Sharpening Saw Sickle| -,B005HN2TFY
Senkichi Scissors Set for high Branch Pruning Shears (SGLP-1) (Japan Import),B075JJT79J
Japanese Bonsai Ikebana Koryu Shears Ratchet type Scissors Hasami SGP-34R,B074Y4KG2S
Japanese Wood Block Plane KANNA Cutter SENKICHI 40 x 150mm Carpenter's Tool,B071YMFQR6
Senkichi Wood Wedge Medium 614148 (Japan Import),B003VUWGQM
Senkichi Tile Nipper with Carbide tip (Japan Import),B002NAMV4I
Senkichi Scissors sack Small SHS-1 (Japan Import),B003VURQYO
Senkichi Stainless steel trash picker CC-5 (Japan Import),B003VURPHC
A Perfect Gift 吉 (Senkichi) pikkumatokku,B003VUWEUU
Senkichi Home Shovel with wood Handle SWHS-2 (Japan Import),B004AJ9EJA
SENKICHI GOLD One-Hand Axe,B071D4Q8LH
Senkichi Planting Sheet EGB-15 (Japan Import),B004Q7C6LO
New!! SENKICHI Kanna 65mm Japanese Wood Block Hand Plane Tool Japan Import F/S ~ITEM #GH8 3H-J3/G8317734,B01JQFHWQ4
Senkichi Metal Cutting scissors for cutting curves 240mm MS-4 (Japan Import),B0026IALJO
Senkichi Gardening Scissors Small Blade type SSP-15 (Japan Import),B073VNJYW7
Godzilla Raids Again [VHS],630133275X
Japanese SENKICHI IkebanaSpike Fixer No.22,B01DK8PF2G
Senkichi Kenzan Flower Frog with Stainless steel needle Large Square type No.14 (Japan Import),B003VURQ7Q
Senkichi Replacement saw blade for high branch pruning shears (SGLP-13/14) (Japan Import),B00TPFZ5LK
Senkichi Cute transplant trowel for Bonsai SGMT-5 (Japan Import),B004TE2JFW
Senkichi Gold Sickle Short and Long Pattern| -,B003VURP5O
Soft Grip Double Beveled Blade File 125mm,B0029LH40M
Senkichi Awl Concrete No. 18 (Japan Import),B003EIA7T4
Senkichi Gardening scissors with a ring SGP-39 (Japan Import),B00TPFZ1E6
Thousand Entertainment (Senkichi) Garden Mat,B00J3CF6JQ
New SENKICHI Bonsai Ikebana Koryu Shears Scissors Hasami SGP-Japanese ~ITEM #GH8 3H-J3/G8324705,B01JQFLG3Y
Senkichi Telescopic PP Garden Rake Large 1020 to 1610mm SPR-4 (Japan Import),B01BSOJHUU
Japanese Bonsai Ikebana Koryu Shears Scissors Hasami from Japan Senkichi Item Condition : Brand New Size : Length 210 mm (8.2 inch) Weight : 140 g Material Cutting steel,B00Y08UPDK
Senkichi Portable Foldable Shovel Strong SGT-34 (Japan Import),B071LFYC4P
Senkichi Sand Scraper 750mm (Japan Import),B003VUPQC8
Senkichi Combine Sickle with Aluminum Handle SGJ-8 (Japan Import),B003VUT9KI
Senkichi Pick Mattock Large 690882 (Japan Import),B003VUWEVE
Bonsai Scissors 180mm,B003VUPKQA
Aluminum Handle Flower scissors Long blade SGP-6NS,B003VUWHP2
Senkichi Wooden Sieve for sand Round shape 35 cm (Japan Import),B003VUWDXS
Senkichi Telescopic small Rake with Plastic Handle Width 8-17 cm SGR-7 (Japan Import),B003VUT9IK
Senkichi Handle plane for edge (Japan Import),B005HN0TMY
Senkichi Awl 3 (Japan Import),B002NALF40
NEW SENKICHI Kanna 40 x 195 mmese Wood Block Hand Single from JAPAN F/S ;TM79F-32M UGBA650231,B01LW5OU1X
Log Saw 360mm,B002NAR5G2
Senkichi Chip saw case 230 to 255mm 10 sheets can be stored No.25 (Japan Import),B00JUL5JXI
Senkichi Gardening Scissors Wire Cut type SSP-17 (Japan Import),B073VPFG12
SENKICHI Garden Tool SGP-25FA Aluminum Forged Snipping Pruner Scissors ~ITEM #GH8 3H-J3/G8336094,B01JQFXA38
Senkichi Replacement saw blade for bamboo saw 210mm(SGPS-8) (Japan Import),B003TQL95C
Senkichi Cute Scoop for Bonsai SGMT-4 (Japan Import),B004TE2JCU
Senkichi awl NO. Two,B002NAP1AE
Senkichi Tool brush with nail and white handle (Japan Import),B003EIA30C
Senkichi (SENKICHI) ratcheting pruning shears SGP-22R,B01L4PKQ3U
Senkichi Rebar bender for rebar 9 to 13mm (Japan Import),B003EIL6W6
Senkichi 2 Way Garden Bag for Hedge trimmer and Shears 700mm SGB-2W (Japan Import),B01BNGCIRM
Tip Guard Axe Metal tip 380G,B003STB4EQ
The Lost World of Sinbad Movie Poster (22 x 28 Inches - 56cm x 72cm) (1965) Half Sheet -(Toshirô Mifune)(Tadao Nakamaru)(Mie Hama)(Kumi Mizuno)(Ichirô Arishima),B004UXBSFY
Senkichi Hedge shears for trimming with grip 165mm SGL-35 (Japan Import),B00BLCRWEI
Aluminum Forged Pruner Scissors SGP-24FA by SENKICHI,B01L4PKRQ6
Senkichi Tile Punch with Carbide Tip 172278 (Japan Import),B003EIA4FQ
Bonsai Vise,B003VUWK86
Senkichi Sieve with handle SRF-1 (Japan Import),B06Y14MM2G
Senkichi SS-3 SS-4 Shears Sack for 7.1 to 9.1 inches (180 to 230 mm)| SS-3,B00JUL5LXG
Nishiki shadow shop Denbe-Ohama Senkichi settlement and full moon (2009) ISBN: 4286061906 [Japanese Import],4286061906
Movie Posters What's Up| Tiger Lily? - 11 x 17,B002NRMYPW
Senkichi SGKN-3/Leisure hatchet/Japanese Nata/Sword type/With sheath,B06X43V4YF
Japanese Wood Block Plane KANNA Senkichi 60mm x 305mm Carpenter's Tool,B00S3PP0J0
What's Up| Tiger Lily? [VHS],B000056N3C
Senkichi Replacement Handle for Axe No. 18 (Japan Import),B003VUTCW8
Japanese SENKICHI Bonsai Lite Scissors Hasami Ikebana Koryu Shears SGP-30,B074Y6QGHY
Trimming Scissors No.6,B003EIFWP8
SENKICHIKIN Oita Haping Hoe Choo 4951572007224,B003VURIYW
Senkichi Bonsai Scissors 180mm (Japan Import),B003VUWH98
SENKICHI Extra size S SS-3 1P,B003EIHTF4
Japanese SENKICHI Bonsai Koryu Gardening Waist Belt Bag Tool JAPAN SGB-14,B018O0Q9NO
Senkichi Gardening tool bag EGB-19G (Japan Import),B00J3CF6IM
Senkichi Stainless Steel with Steel double-edged Sickle 180mm 604511 (Japan Import),B003ST74M2
SENKICHI Extra SS-9 2P,B003VUWIK6
Senkichi All-Purpose Shake| -,B00TO9P184
Senkichi Gold Japanese earnest forging Triangular one hand hoe 360mm ;TM79F-32M UGBA552544,B01LWAVJBS
Senkichi 7-Tine Garden Rake with Grip SGT-8 (Japan Import),B003VUPH54
Senkichi Hedge trimming Shears with short handle SGL-32 (Japan Import),B003VUWJ14
Senkichi Needle for Tatami mat No.12 (Japan Import),B003EIG50O
Flower scissors Blade Ikebana 200mm,B003VUPKLA
GOLD Axe,B003VURSDS
Axe 380G,B003VUWNEW
Japanese Senkichi Ikebana Stainless Kenzan Flower Round Half 93x59mm from Japan,B076MDQP7T
Senkichi power ratchet pruning shears SGP-28R by SENKICHI,B01L4Q0HVK
Stainless steel Ikebana flower Scissors 165mm,B003ST5D9I
Aluminum Handle Pruner Scissors (FH) SGP-29FH,B004LLH88Q
Harvesting Scissors + Cap SSP-4,B003EIG9MI
Senkichi Wooden Kite String Reel Medium 176216 (Japan Import),B002NASIRC
Senkichi 3-tine Hoe Kanto type (Japan Import),B003VUPPX8
Stainless steel Ikebana Scissors 180mm,B003VUWHNY
Senkichi Concrete Needle Medium No.15 (Japan Import),B002NALEQE
Senkichi Small Weeding Sickle 230mm (Japan Import),B003VUWKW2
Senkichi Anvil type thick branch cutting shears 1000mm SGLP-6 (Japan Import),B003VUUZNI
Senkichi Stainless Steel Twist Sickle SG-11 (Japan Import),B071F8JZC3
Senkichi All steel triangle Hoe SG-3 (Japan Import),B072J2MDK7
Senkichi Kenzan Flower frog No.25 (Japan Import),B003VUWLUS
Senkichi Home Hoe 1050mm (Japan Import),B003EII3HM
Senkichi Doushou/Japanese Chisel 9mm/Oire Nomi/Hitachi Yasugi steel Kigami ;TM79F-32M UGBA552622,B01LW9JFSO
What's Up| Tiger Lily? Movie Poster (27 x 40 Inches - 69cm x 102cm) (1966) French -(Tatsuya Mihashi)(Akiko Wakabayashi)(Mie Hama)(John Sebastian)(Tadao Nakamaru),B0051O4UL0
Ground blade Axe Double Beveled Blade 165mm SGKN-5,B003VUV366
Senkichi Lightweight Hedge trimming Shears with Stainless pipe SGL-38 (Japan Import),B01BL75BEK
SENKICHI Gardening Pruners Scissors SGP-20 ~ITEM #GH8 3H-J3/G8343387,B01JQGUKVM
Senkichi/Japanese wood block plane/wood block planer 40mm/KANNA/Carpenter's Tool/Double Edge by SENKICHI,B01N1FILA0
Log Saw 360mm,B0026FBF5Q
COPPER MARK Chisel 15mm,B0029DP6LY
Senkichi Wooden Sand Flui (Round) 1.4 inches (35 cm) 1.0 - 9.0mm Eyes,B003VUUV3W
Senkichi Awl 76mm No.4 (Japan Import),B002NAR3OQ
Senkichi Fire Shovel with of wooden handle Medium CJ-1 (Japan Import),B003VUV1RC
Senkichi Saw Blade Sickle (Japan Import),B003VUPNEE
Japanese SENKICHI Bonsai Ikebana Shears Gardening Scissors 200mm Made in JAPAN,B018LX518S
Senkichi Hedge trimming Shears with Wood Short handle SGL-14 (Japan Import),B072BVRSG5
GOLD SENKICHI Craft Knife No40 27mm,B0765VKCBG
Senkichi folding saw sack type input NO.16E (japan import),B003UYTDGK
Senkichi Hedge shears for trimming with grip 165mm SGL-35 (Japan Import),B003ST385E
Senkichi Garden Pouch with Accessory pockets Small SGB-26 (Japan Import),B003VUPOTS
Folding Saw 150mm,B0026FBF92
Senkichi Garden Pouch Small Scissors Case DX SGB-22DX (Japan Import),B003VUT2SW
Folding Bamboo cutter Saw 180mm,B0026FBF88
Senkichi small transplant Trowel for Bonsai 180mm SGMT-2 (Japan Import),B003VUT35Y
Senkichi small rachet type Pruning Shears (Japan Import),B005HN2TPE
Senkichi Multi-purpose Garden Shears with Zigzag Blade SGP-46B (Japan Import),B071Z7PGQL
Senkichi Headed Concrete Needle No. 17 (Japan Import),B003EICBRU
A Perfect Gift 吉 (Senkichi) 剣山 Stainless Needle 小角 – Extra Large Corner,B003VUWLI0
SENKICHI Chisels 3pcs SET 9/15/24mm Nomi Japanese carpenter tool,B071VT3Z8S
SENKICHI Handhold Small Hatchet,B071R734TK
Senkichi Fiberglass Rake 12-tine 540mm SGR-13 (Japan Import),B00MTJGTXM
SENKICHI Kanna 65mm Japanese Wood Block Plane Carpenter's Tool,B0026FBGT6
Key-hall Saw Gun grip 210mm,B002NAUH7Q
Senkichi Craft Needle 5 pieces set No.23 (Japan Import),B002NASI9K
SENKICHI Sheet Metal Shears Straight 210mm MS-1,B077ZX7KJM
Senkichi Garden Storage Box [Olive] (Japan Import),B071HV8FGB
SENKICHI Extra Spring@Small SS-11 1P,B005HN2TC2
Garden Knife SGKN-1,B003VUUZ5Q
Senkichi Hedge Scissors 195mm (Japan Import),B003VUPLZ0
Senkichi Stainless steel Sickle Medium thickness 210mm (Japan Import),B003VUT8UE
Godzilla's Counter Attack Movie Poster (27 x 40 Inches - 69cm x 102cm) (1955) Spanish -(Hiroshi Koizumi)(Setsuko Wakayama)(Minoru Chiaki)(Takashi Shimura)(Masao Shimizu)(Seijirô Onda),B0051YNBXS
Senkichi Hedge and Lawn trimming Shears with grip SGL-34 (Japan Import),B003VUT8J0
Senkichi 4-tine Fork with wooden handle 1130mm SGF-1 (Japan Import),B003VUT4M6
Senkichi stainless vegetable garden cutter 265mm (japan import),B00BY5QCHA
Senkichi Stainless Steel Weeding Sickle with Aluminum Handle 195mm (Japan Import),B005HN2TMC
Senkichi Garden Bud cutting scissors SGP-45 (Japan Import),B071VSG4QL
Senkichi 3-tine small Rake for Bonsai SGMT-3 (Japan Import),B003VUPHEU
Senkichi Gold/Branch cutter scissors 210mm/Bonsai scissors/Made in Japan,B00ZID72BE
Senkichi Weed Picker with Wood Handle with Grip SGT-15 (Japan Import),B003STBBOY
Senkichi Long blade Gardening Scissors with Cap SSP-21 (Japan Import),B073VNDMMH
Senkichi Wooden Kite String Reel Large 176227 (Japan Import),B00J00CD9W
Senkichi Engraving triangle chisel 1.5mm (Japan Import),B003EIA6Y0
Senkichi Plastic Garden Cup SGSU-25R (Japan Import),B00GXVE02O
Senkichi Rebar Bender 9mm (Japan Import),B002NAUI3O
Double blade Saw 240mm,B0026FBFCO
Senkichi Twig pruning long shears 1000mm SGL-11 (Japan Import),B0072BPAPU
A Perfect Gift 吉 (Senkichi) ga-denhowaitosakku SGS – W – SGS – W,B01BNGCM32
Harvesting Scissors S size Long blade SSP-2,B003VUWHT8
SENKICHI GOLD Weed Root Scraping Hook 2 Claws,B0761VCMR6
Senkichi Sewing scissors DS-4 (Japan Import),B003EIHSDW
The Lost World of Sinbad POSTER Movie (22 x 28 Inches - 56cm x 72cm) (1965) (Half Sheet Style A),B00KK6E6SG
Senkichi Saw-edged All-steel Sickle for Left Handed 160mm (Japan Import),B003STB374
Senkichi Double-edged thick Sickle 165mm (Japan Import),B003VUWJJG
The Lost World of Sinbad Movie Poster (27 x 40 Inches - 69cm x 102cm) (1965) -(Toshirô Mifune)(Tadao Nakamaru)(Mie Hama)(Kumi Mizuno)(Ichirô Arishima),B004UX65XY
Rooter kanna 18mm,B005HN0TRY
Flower scissors Ikebana 180mm,B003VUPKJW
SENKICHI Extra SS-2 1P,B004UP93MM
The Lost World of Sinbad Movie Poster (11 x 14 Inches - 28cm x 36cm) (1965) Style G -(Toshirô Mifune)(Tadao Nakamaru)(Mie Hama)(Kumi Mizuno)(Ichirô Arishima),B004UP8TOK
Senkichi Hoe No.40 1070mm (Japan Import),B003VUPQ8M
Senkichi Twin blade Hoe with saw blade 160mm (Japan Import),B00GXVCX78
Pipe Handle Axe 160Z,B003VUTCOG
GF Handle Axe 700mm SGA-1,B003VUWNQK
Senkichi Replacement Blade Hand Plane 58mm 3pcs Set (Japan Import),B0029DP6D2
Senkichi Horsehair Brush (Japan Import),B003EIE7T0
Senkichi Weeding Sickle length 900mm 140mm (Japan Import),B00E8YF5I6
Senkichi Forged Hoe 435mm (Japan Import),B01EIXWWV4
Senkichi 3-tine Hoe Gifu type (Japan Import),B003VUUWCW
A Perfect Gift 吉 (Senkichi) Sack| Saw Scythe Scythe Sack No. (A Little Bit Of... 23| No. (A Little Bit Of... 24 ,B00JUL5I98
Senkichi Transplant Trowel with Power Grip SGT-19PW (Japan Import),B079YNGQJJ
Pipe Saw 240mm,B0026FBG3W
Senkichi Garden broomstick with Short Handle SGB-10 (Japan Import),B075JCMY4Y
Key-hall Saw Gun grip 180mm,B003EILFEK
Senkichi 4-tine Hoe Shinshu type (Japan Import),B00L0WWG22
Senkichi Scriber with Wood Handle No.19 (Japan Import),B002NAR46I
Senkichi Stainless Steel Scissors 180mm (Japan Import),B003VUUYNE
Folding Saw 180mm,B0026FBF9C
Senkichi Weed Peeler 950mm SGJ-13 (Japan Import),B07B69YZ4L
A Perfect Gift 吉 (Senkichi) Bamboo Split Hands For All Steel Blade,B00ISNKVRI
Senkichi Root Cutter with Wood Handle SGT-6 (Japan Import),B003ST9GT6
R Pruner Scissors SGP-27R,B004LLH890
Aluminum Forged Snipping Pruner Scissors SGP-25FA by SENKICHI,B01HR2ZY1I
Senkichi Stainless steel Single-edged thin Sickle 180mm (Japan Import),B07233ZLCK
JoÌ„bibun hoÌ„teishiki,4785315156
Senkichi horticultural Koshibukuro three ten set SGB-14 (japan import),B003EICGMA
Senkichi Wooden Sand Flui (Round) 1.4 inches (35 cm) 1.0 - 9.0mm Eyes,B003VUPH90
Senkichi Trash Pickers 940mm SPUT-1 (Japan Import),B003ST37FU
Senkichi Sickle with steel 180mm (Japan Import),B003VUV0C8
Godzilla's Counter Attack Movie Poster (11 x 17 Inches - 28cm x 44cm) (1955) Style A -(Hiroshi Koizumi)(Setsuko Wakayama)(Minoru Chiaki)(Takashi Shimura)(Masao Shimizu)(Seijirô Onda),B004UNT2C0
SENKICHI Kanna 40 x 195 mmese Wood Block Hand Single ~ITEM #GH8 3H-J3/G8333277,B01JQGCMGS
Senkichi Weed Peeler with Power Grip and Flat/Saw Blade SGT-20PW (Japan Import),B079YNBXG9
Senkichi Bud cut scissors Sack with a hook No.21 (Japan Import),B00JUL58CA
Senkichi Double-sided Diamond whetstone for gardening tools #400/#800 (Japan Import),B003VUWOW8
SENKICHI Ratchet Type Tree Thick Branch Cut Scissors (Curve Handle) Sgfl-3r,B003TQL93E
KEZURUKUN Stainless steel Flat,B0026IALU8
Senkichi Stainless steel L-shaped Wedge Small (Japan Import),B079YXLLSJ
SENKICHI SGP-5NS Japanese Shears Scissor Bonsai Ikebana Hasami Made in Japan ~ITEM #GH8 3H-J3/G8319019,B01JQFG8IC
Senkichi Garden Bucket diameter 480mm 65L [Pink] EGB-18P (Japan Import),B00IWDQOH0
Senkichi Stainless steel sewer cleaner Hoe CC-10 (Japan Import),B003VUTA8E
Senkichi Gardening blade sharpener Deluxe #1000 SGST-2 (Japan Import),B00TPFZ1BE
R Pruner Scissors SGP-28R,B004LLH89A
A Perfect Gift 吉 (Senkichi) Tree Pattern Scoop,B003STBCD4
Senkichi Nylon Pruning Scissors Sack SS-1 (Japan Import),B003VUV2ZI
Soft Grip Double Beveled Blade File 100mm,B0029LH40C
Senkichi Saw tooth Sickle 160mm (Japan Import),B00JUL6GDA
Bonsai Scissors Long 210mm,B003VUT6GA
Ground blade Axe Single Beveled 165mm SGKN-4,B003VUPOYS
Carpenter Axe,B003VUTCQY
Senkichi Awl 3mm (Japan Import),B00TO9PRO2
SENKICHI Weed Remover Extractor EG-370,B074MYSXTD
A Perfect Gift 吉 (Senkichi) 剣山 Stainless Needle Beans Round – Extra Large Round,B003VURQFS
Senkichi Weed Remover with Plastic Handle SGJ-2DB (Japan Import),B003VUPJMA
The Lost World of Sinbad Movie Poster (11 x 14 Inches - 28cm x 36cm) (1965) Style A -(Toshirô Mifune)(Tadao Nakamaru)(Mie Hama)(Kumi Mizuno)(Ichirô Arishima),B004UP9TQ2
Senkichi Gardening Scissors with Small Long Blade SSP-16 (Japan Import),B073VN1843
A Perfect Gift 吉 (Senkichi) One hand kakeya,B003EIC84Q
Thousand Entertainment (Senkichi) ga-denni-patto Pack of 1 SGK – 4 ,B00J3CF8DU
Senkichi Stainless Steel Twist Sickle SG-5 (Japan Import),B071VSC7BX
Gardening Narrow Blade Multitask Scissors SGP-16,B003VUUYSO
Senkichi Stainless Steel Folding saw blade replaceable SGPS-19 (Japan Import),B00TPFZ18C
Senkichi Twig Sickle 135mm (Japan Import),B003VUV10Y
SENKICHI Ladies garden shears SGP-30 by SENKICHI,B018HDMV26
Aluminum Forged Anvil Pruner Scissors SGP-26FA,B003UYTDSI
Senkichi Machete and Saw set with a case (Japan Import),B003VURSPQ
Senkichi small Bamboo broomstick with Handle SGB-2 (Japan Import),B06XKY6281
Harvesting Scissors Multitask SSP-10,B003VUUYWA
Senkichi Lightweight Hedge Shears for Trimming with Aluminum pipe handle Square type SGL-9 (Japan Import),B003TQL934
Japanese SENKICHI Bonsai Aluminium Scissors Hasami Ikebana Koryu Shears SGP-2N,B01429JPGO
Senkichi Chrome Square Hacker Pipe Handle 9.0mm (Japan Import),B003EIC9BI
A Perfect Gift 吉 (Senkichi) Stainless Steel Garbage-Broad,B00ISNL7SA
Senkichi Garden bud cutting scissors SGP-45B (Japan Import),B07233DW89
Senkichi Sack| Natural Cowhide Leather| Made in Japan| NO.1E~NO.19E| NO.3E,B003VUTAWU
Senkichi Harvest bag for high branch pruning shears 3.0m (Japan Import),B01BNGCPP2
Senkichi Garden Sack for Ratchet Cutting Shears Black Floor Skin Made in Japan,B01BNGCLYW
Senkichi Catch Scissors No.11 (Japan Import),B003VUT7BE
Senkichi pipe handle mini Futoshieda Setsuã€€Scissorsã€€ SGFL-1,B003VUV0AU
Aluminum Handle Snipper G SGP-4N,B003VUPKJ2
Senkichi Garden Pouch Belt SGB-21 (Japan Import),B003VURR16
Senkichi Blade replaceable Double blade Folding Saw 120 SGPS-18 (Japan Import),B00JO7NXEA
Senkichi Tatami mat Needle 150mm 2pcs Set No.11 (Japan Import),B002NAN2N2
Pruning Shears of Aluminum PatternNormal-blade SGP-5NS,B003EILHCA
Senkichi Gardening Bicchu Hoe 1050mm (Japan Import),B06Y1L6M1B
SENKICHI　Lightweight stretch high pruning shears two-stage 3m SGLP-11,B004Q7C6MS
Senkichi Garden Broomstick with Short Handle SGB-6 (Japan Import),B06XNLD5H8
Japanese Senkichi Nokogiri Folding Saw Carpentry Tool Blade 210mm ~ITEM #GH8 3H-J3/G8336084,B01JQGI15E
Senkichi Stainless Steel Tapered Awl Large No.9 (Japan Import),B002NASJ6M
Senkichi All Stainless Shovel Square type SSS-4 (Japan Import),B073VMQTYP
One Hand Axe,B003VURSBA
Senkichi Sack| Natural Cowhide Leather| Made in Japan| NO.1E~NO.19E| NO.7E,B003VUV2RG
Senkichi Stainless Steel Harvesting Sickle 155mm (Japan Import),B01EIXWNZE
Senkichi All Steel Scoop SGT-36O (Japan Import),B0725PCS2Y
What's Up| Tiger Lily? Movie Poster (11 x 17 Inches - 28cm x 44cm) (1966) French Style B -(Tatsuya Mihashi)(Akiko Wakabayashi)(Mie Hama)(John Sebastian)(Tadao Nakamaru),B004UNVJXU
A Perfect Gift 吉 (Senkichi) All Stainless Steel Scoop,B003VUT34A
Senkichi Planter Scoop| SGT-25,B005HN2TRM
Senkichi/Kenzan 109x67 mm/Ikebana/Flower Arranging/Stainless steel/Made in Japan,B00O8JWI9U
Three-stage telescopic high pruning shears 1500 SGLP-12 Senkichi (japan import),B00BLCRXAQ
Senkichi Sewer cleaning Hoe 1200mm (Japan Import),B072BVTR8W
Senkichi Machete Sickle with Short handle (Japan Import),B003VUPN9Y
Senkichi Scissors sack Medium SHS-2 (Japan Import),B003VURQZI
Senkichi Pruning shears with Aluminum Handle and grip 200mm SGP-48 (Japan Import),B07233VMPP
Harvesting Scissors S size SSP-1,B003VURMM0
Senkichi Glass Fiber Pruning Shears Small Grip 180mm SGFP-1 (Japan Import),B078S41YCL
Senkichi Glass fiber bud-cutting shears 195mm SGFP-2 (Japan Import),B078S3XCFW
Senkichi Full Steel Weeding Sickle SG-1 (Japan Import),B071Z77NYJ
Senkichi Double-sided Diamond sharpener Ceramic/Carbide chip compatible #400 (Japan Import),B01BNGCLMY
Senkichi Replacement Handle for Sickle No.14 601916 (Japan Import),B003VUTB38
A Perfect Gift 吉 (Senkichi) Bamboo Split Hands For All Steel Blade,B00ISNLFMS
Senkichi Double telescopic Garden Rake with ball SGR-5W (Japan Import),B004JKOJC2
Senkichi Sewer Cleaning Hoe Large 1070mm SGPC-2 (Japan Import),B003VUWG5I
Senkichi Multi-Purpose Hoe 1050mm (Japan Import),B003EILI8S
Senkichi/All stainless steel scoop (Thin)/Mini Shovel/With scale/Gardening tool ;TM79F-32M UGBA552553,B01LVVDXT4
Japanese SENKICHI Bonsai Lite Scissors Hasami Ikebana Koryu Shears SGP-30 F/S ~ITEM #GH8 3H-J3/G8313198,B01JQES14M
Log Saw 360mm,B0026FBF60
Senkichi Replacement Handle for Axe 900mm No.17 (Japan Import),B003VUPQDM
Senkichi Garden Pouch with Accessory pockets Large SGB-27 (Japan Import),B003VUTBCO
Senkichi Handle plane for edge (Japan Import) (Three Pack),B08L1C173C
Senkichi Home Hoe type M with Steel Blade 1050mm 895476 (Japan Import),B003VUWFOU
Senkichi Bolt-hole aligner 16mm (Japan Import),B002NAN42Q
Japanese SENKICHI Bonsai Koryu Gardening Waist Belt Bag Tool JAPAN SGB-14,B0758CTDRL
A Perfect Gift 吉 puranta-sukoppu,B003EII2FK
Senkichi Triangle single hand Hoe 360mm (Japan Import),B003VUWF7M
Senkichi Palm Cord roll 3.0mm x 500m [Red] (Japan Import),B003VURM1G
KEZURUKUN Metal work/Wood work Flat,B0026IALUS
Senkichi 5-tine Fork with wooden handle 1130mm SGF-3 (Japan Import),B07B6DTC1K
Senkichi Stainless Bonsai soil sieve 370mm (With Replaceable Net 3pcs) Made in Japan,B01M8IEPCE
Senkichi Replacement Expansion Pipe for Hoe 68 to 110cm SCS-TH (Japan Import),B003EII2UU
Senkichi Leaf cutting scissors long-type 1070mm SGL-12 (Japan Import),B0072BPBLS
Senkichi All-purpose Gardening Scissors with Zigzag Blade SSP-22 (Japan Import),B073VNHD53
Senkichi Blade replaceable Hand plane 58mm (Japan Import),B0029DP6C8
Senkichi Root cutter with Power grip SGT-15PW (Japan Import),B079YQKVM7
Senkichi Transplant trowel 340mm SGT-23 (Japan Import),B003TQL94S
Senkichi Sack| Natural Cowhide Leather| Made in Japan| NO.1E~NO.19E| NO.8E,B003VUPOIE
A Perfect Gift 吉 (Senkichi) Bamboo Split Hands For All Steel Blade,B00ISNL84S
Senkichi Double edged thick Sickle 195mm (Japan Import),B003VUV0HS
Senkichi Transplant Trowel Power Grip SGT-11PW (Japan Import),B0072BPCFI
Senkichi Ratchet type Thick branch cutting scissors 780mm SGFL-9 (Japan Import),B07B2TGXMB
Senkichi Stainless Water Can Large (Japan Import),B00J00CMT8
Senkichi Stainless-steel Home Hoe triangle with A Handle 1050mm 684551 (Japan Import),B003VUWEB4
Senkichi Hand plane 65mm (Japan Import),B0026FBGU0
Japanese Wood Block Plane KANNA Cutter SENKICHI 40 x 150mm Carpenter's Tool NEW,B00S2MZDCI
Senkichi Garden Knee guard 2-tiered type 2 pcs SGK-3 (Japan Import),B00J3CFA9M
Senkichi Sewing scissors with a blade case DS-3 (Japan Import),B003EIHSBE
Senkichi Asparagus Sickle with Scale 100mm (Japan Import),B01EIXWLVA
Aluminum Handle Snipper G SGP-4N by SENKICHI,B01HR307GO
Senkichi Home Grass-cutting Rake 1050mm (Japan Import),B003VUWFQ8
What's Up Tiger Lily? [VHS],6304785801
Senkichi Rebar Bender (Japan Import),B003EIC9KO
Custom Senkichi house hand-set diamond retro hairpin hairpin hairpin antiquity three most parts shipping for women girl lady,B06WD131YK
SENKICHI Extra Small SS-1 1P,B003EIE85I
Senkichi Transplant Trowel with Grip and Wood Handle 300mm SGT-11 (Japan Import),B003VUT30Y
Senkichi Telescoping small Garden Lake 750 to 1270mm 7-tine SGR-9 (Japan Import),B003VURP7C
Senkichi Concrete Needle Large No.16 (Japan Import),B003EIECTK
Gō sutoppu jiken: Shōwa shi dokyumento (Japanese Edition),438089245X
Senkichi Forged Nipper 150mm (Japan Import),B00L3ZWAOA
SENKICHI Japanese BONSAI IKEBANA Gardening scissors SGP-4N F/S ~ITEM #GH8 3H-J3/G8319713,B01JQFG5PS
What's Up| Tiger Lily? Movie Poster (11 x 17 Inches - 28cm x 44cm) (1966) French Style A -(Tatsuya Mihashi)(Akiko Wakabayashi)(Mie Hama)(John Sebastian)(Tadao Nakamaru),B004UNRX08
Senkichi Wooden Sand Flui (Round) 1.4 inches (35 cm) 1.0 - 9.0mm Eyes,B003VURIQU
Folding Saw 240mm,B0026FBF9W
Stainless steel Flower Scissors 165mm,B003VUWI1U
A Perfect Gift 吉 (Senkichi) Gardening Scissor Round Handle,B00JO7NV38
SENKICHI Garden Pruner Flower Knife SGKN-1,B07227NWZV
Senkichi Plastic Mallet with iron plane on one side 90mm (Japan Import),B003EIEHWC
Senkichi Pruning Scissors 200mm (Japan Import),B01BNGCICM
Double blade small Plane 40mm x 210mm,B0026FBGSC
Senkichi Ninja 5-tine Rake for clam digging (Japan Import),B01BOSO2AU
Japanese SENKICHI Bonsai Ikebana Shears Stainless Gardening Scissors SGP-15,B01427JAHK
Senkichi Gardening Hoe 900mm 890142 (Japan Import),B003VUWNLA
Senkichi Tile side nipper with Carbide tip (Japan Import),B00920EZEG
Senkichi Multi-Purpose Garden Scissors SSP-14 (Japan Import),B00JO7NSDQ
Senkichi Doushou/Japanese Chisel 30mm/Oire Nomi/Hitachi Yasugi steel Kigami ;TM79F-32M UGBA552624,B01LVXYEQ1
A Perfect Gift 吉 (Senkichi) Moat Easy,B003TQL93O
Senkichi 4-tine Fork with Aluminum handle 1130mm SGF-2-AP (Japan Import),B00WHN3TF6
SENKICHI Nokogiri Pruning Saw with a Sheath 240mm from Japan| Model: | Home & Outdoor Store,B017J46PPS
Senkichi Chisel for Craft Flat Type 9mm 122416 (Japan Import),B002NAN4RG
Senkichi Handle plane for edge (Japan Import) (Two Pack),B08L1BXJGT
Senkichi Transplant Trowel with Power Grip SGT-13PW (Japan Import),B079YNGQHS
Aluminum Handle Anvil Type Pruner Scissors SGP-13N,B003VUWHPW
Senkichi Garden Basket [Olive] (Japan Import),B071LFYBZ1
Senkichi Garden tool grass sickle weeding sickle (torsion) 110mm Saw blade ;TM79F-32M UGBA552549,B01LWAS13J
Senkichi Wood Chopping Blade 1KG (Japan Import),B003VURNEC
Japanese SENKICHI Bonsai Ikebana Shears Power Ratchet Scissors SGP-28R,B017KBVBR2
Senkichi Garden Scissors Sack White Skin SGS-3W (Japan Import),B00BPMIHV6
Senkichi Small Weed remover with plastic Handle SGJ-1M (Japan Import),B00BLFCDHG
Senkichi Flat Hoe Gifu type Square (Japan Import),B003VURKBS
Senkichi Blade exchangeable Chalk liner board type 410mm (Japan Import),B005HN0TXS
Senkichi Glass tube for Stainless Water Can 9mm (Japan Import),B01EHD9KEM
Senkichi Awl No.1 (Japan Import),B002NAUGT0
Senkichi small Bamboo Broomstick SGB-1 (Japan Import),B06XKKVKXB
One hand Trimming Scissors 270mm,B003ST9I0S
Senkichi Stainless Sickle 165mm (Japan Import),B06Y1JGSK2
Senkichi Chisel set 3pcs (9| 15| 24mm) (Japan Import),B0029DP64G
Soft Grip Double Beveled Blade File 75mm,B0029LH3ZS
Senkichi Bud cutting scissors with Round handle SGP-38 (Japan Import),B00JO7NX4K
Senkichi Rebar bender 16mm (Japan Import),B003EIE772
Senkichi One hand Hoe with whole steel blade half moon type SRC-9 (Japan Import),B003VUPJUW
Grass fiber Handle Axe,B003VUWNQ0
Long Bonsai Scissors 200mm,B003VUWHES
Senkichi Hedge Scissors 240mm (Japan Import),B003VURNUG
Bamboo Splitter (3cut) 86mm,B003VUWNFQ
Japanese SENKICHI Aluminium Handle Pruning Shears Flower scissors Blade SGP-5NS ~ITEM #GH8 3H-J3/G8343323,B01JQGFGC0
Senkichi Three-step extensible trim scissors SGTL-1 (Japan Import),B003VUROAK
SENKICHI Sheet Metal Shears Corrugated galvanised iron cutter 270mm MS-6,B07CVJ4Q9Q
A Perfect Gift 吉 (Senkichi) 剣山 Stainless Needle 小角 – Extra Large Corner,B003VUWLLC
Senkichi Plastic Kite String Reel 176249 (Japan Import),B003EIL5OK
Senkichi Metal Cutting scissors B type 240mm MS-12 (Japan Import),B0026IALLW
Senkichi Scriber with tip No.22 (Japan Import),B002NAUI9I
Senkichi Joint extension Pipe for High prune shears (SGLP-10) 4m SGLP-10-4 (Japan Import),B003VUPI1C
SENKICHI Nokogiri Pruning Saw with a Sheath 240mm from Japan,B0072BPBKY
Senkichi Sack| Natural Cowhide Leather| Made in Japan| NO.1E~NO.19E| NO.10E,B003VUWM3O
Senkichi Kenzan Flower Frog with Stainless steel needle Small Round type 21mm No.34 2pcs set (Japan Import),B003VUV27Q
A Perfect Gift 吉 (Senkichi) Gardening Scissor,B00TPFZ1GE
Harvesting Scissors + Cap Long blade SSP-5,B003VURMNY
Senkichi Kenzan Flower Frog with Stainless Steel Needle Square Type No.32 (Japan Import),B003VURQL2
