Mikisyo Hamono Chisel [Kiwa (Intou) type] 24.0mm 082404,B0098TPHIO
Mikisyo Hamono Chisel [Kiwa (Intou) type] 15.0mm 081506,B001UNTR64
Mikisyo Hamono Chisel [Kiwa (Intou) type] 3.0mm 080301,B001UNK41G
Mikisyo Hamono Chisel [Kamakura type (extremely shallow round curved)] 7.5mm 060754 (Japan Import),B0098TP2EI
Five Piece Power Grip Carving Set Transparent Case,B0098TQ42W
Mikisyo Hamono Chisel [Round shape] 21.0mm 012104 (Japan Import),B0098TOLFO
Mikisyo Hamono Chisel [Bird shape chisel| Kamakura type (Shallow Round type)] 21mm 435217,B00AJEKNNG
Mikisyo Hamono Chisel [Round shape] 13.5mm 011350 (Japan Import),B0098TOJ1A
Kiridashi Knife|Bi no Kawa Handmade by Japanese Craftsman| Kiridashi Kogatana,B07Q2MQ9J9
Mikisyo Hamono Chisel [Kamakura type (extremely shallow round)] 24.0mm 052407 (Japan Import),B0098TP02C
Mikisyo Hamono Chisel [Shallow round curved type] 12.0mm 041203 (Japan Import),B0098TOTW4
Mikisyo Hamono Chisel [Kamakura type (extremely shallow round)] 10.5mm 051059 (Japan Import),B0098TOZ64
Mikisyo Hamono Chisel [Bird shape chisel| Flat type] 15mm 437150,B00AJEKQMY
Mikisyo Hamono Chisel [Bird shape chisel| Flat type] 18mm 437181,B00AJEKQZG
Mikisyo Power Grip carving knife chisel Kiwa side line 3.0mm,B003PFWR3U
Mikisyo Hamono Chisel NHK Wood carving set for Beginners [Set of 5] 140418,B0098TPZCM
Mikisyo Hamono Chisel [Kuri small knife] 9.0mm 130167,B0098TPXU6
Mikisyo Power Grip Carving Knife Chisel (Kiwa Type) [4.5mm] (Japan Import),B0091FX01G
Mikisyo Hamono Chisel [Round curved type] 18.0mm 021809 (Japan Import),B0098TOOO2
Mikisyo Hamono Chisel [Kiwa (Intou) type] 30.0mm 083005,B0098TPHH0
Mikisyo Hamono Chisel [Kamakura type (extremely shallow round)] 12.0mm 051202 (Japan Import),B0098TOZ5A
Mikisyo Hamono Chisel [Triangle with Round bottom] 6.0mm 130037,B0098TPWB6
Mikisyo Hamono Kanesyo Chisel set (set of 7) 140142,B0098TQ2AQ
Mikisyo Hamono Chisel [Kiwa type Left] 15.0mm 450098,B0098TPKX6
Mikisyo Hamono Chisel [High-speed steel| Naginata type] 15mm 421500,B00AJEK80Y
Mikisyo Hamono Chisel [Kiwa (Intou) type] 2.0mm 080202,B0098TPCSE
Mikisyo Hamono Chisel [Kamakura type (extremely shallow round)] 1.0mm 050106 (Japan Import),B0098TOY5Q
Mikisyo Hamono Chisel [Flat curved type] 9.0mm 120069,B0098TPBEY
Mikisyo Hamono Chisel [Sasaba blade] 9.0mm 130129,B0098TPXW4
Mikisyo Hamono Chisel [High-speed steel| Triangular type (angle 60 degrees)] 12mm 391209,B00AJEJH0G
Mikisyo Hamono Kanesyo Chisel set (set of 4) 140128,B0098TQ2B0
Mikisyo Hamono Chisel [Kiwa type Left] 1.0mm 450296,B0098TPHLQ
Mikisyo Hamono Chisel [Shallow round curved type] 7.5mm 040756 (Japan Import),B0098TOTY2
Mikisyo Power Grip Carving Knife Chisel (Kiwa Type) [6mm] (Japan Import),B003PFWVA4
Mikisyo Hamono Chisel [Kamakura type (extremely shallow round curved)] 21.0mm 062109 (Japan Import),B0098TP3SI
Mikisyo Hamono Chisel [Naginata curved type Left] 3.0mm 450258,B0098TPPW2
Mikisyo Hamono Chisel [Kamakura type (extremely shallow round)] 21.0mm 052100 (Japan Import),B0098TP022
Mikisyo Hamono Chisel [Shallow round type] 9.0mm 030900 (Japan Import),B0098TOQDG
Mikisyo Hamono Chisel [Round shape] 7.5mm 010759 (Japan Import),B0098TOI20
Mikisyo Hamono Chisel [High-speed steel| Triangular curved type] 4.5mm 410436,B00AJEJMJ2
Mikisyo Hamono Chisel [Flat type] 1.0mm 070104 (Japan Import),B0098TP540
Mikisyo Hamono Chisel [Kamakura type (extremely shallow round curved)] 9.0mm 060907 (Japan Import),B0098TP2FW
Mikisyo Hamono Chisel [High-speed steel| Soto type] 21mm 402103,B00AJEJVZ2
Mikisyo Hamono Chisel [Kiwa (Intou) type] 13.5mm 081353,B0098TPFSG
Mikisyo Hamono Chisel [Round shape] 24.0mm 012401 (Japan Import),B0098TOLC2
Mikisyo Hamono Chisel [High-speed steel| Triangular curved type] 1.5mm 410412,B00AJEJK1W
Mikisyo Power Grip Carving Knife Chisel (Kiwa Type) [9mm] (Japan Import),B07XSGRVB7
Mikisyo Hamono Chisel [Bird shape chisel| Round type] 21mm 431219,B00AJEKE94
Mikisyo Hamono Chisel [Bird shape chisel| Shallow Round type] 30mm 433305,B00AJEKKEI
Mikisyo Hamono Chisel [Round curved type] 9.0mm 020901 (Japan Import),B0098TONJI
Mikisyo Power Grip Carving Tools| Five Piece Set (Basic),B0844XNCZ5
Mikisyo Hamono Chisel [Kimekomi small knife] 12.0mm 130150,B0098TPZBI
Mikisyo Hamono Chisel [Kiwa (Intou) type] 18.0mm 081803,B001UNTR6E
Mikisyo Hamono Chisel [High-speed steel| Soto type] 10.5mm 401052,B00AJEJSIM
Mikisyo Power Grip Carving Knife Chisel (Round Type) [1mm] (Japan Import),B07XRCWFKX
Mikisyo Hamono Chisel [Flat curved type] 12.0mm 120083,B0098TPCUM
Mikisyo Hamono Chisel [Flat curved type] 6.0mm 120045,B0098TPBDA
Mikisyo Hamono Chisel [Flat type] 18.0mm 071804 (Japan Import),B001UNM1IK
Mikisyo Hamono Chisel [Kamakura type (extremely shallow round curved)] 24.0mm 062406 (Japan Import),B0098TP50E
Mikisyo Hamono Chisel [High-speed steel| Naginata type] 1.5mm 420152,B00AJEK25K
Mikisyo Power Grip Carving Knife Chisel (Triangular Type) [6mm] (Japan Import),B07XSBY4VS
Mikisyo Hamono Chisel [Bird shape chisel| Flat type] 12mm 437129,B00AJEKQTC
Mikisyo Hamono Chisel [Round curved type] 2.0mm 020208 (Japan Import),B0098TOMGC
Mikisyo Hamono Chisel [Kiwa curved type Left] 6.0mm 450241,B0098TPO6O
Mikisyo Hamono Chisel [Kiwa type Left] 18.0mm 450104,B0098TPKW2
Mikisyo Hamono Chisel [Bird shape chisel| Round type] 6mm 431066,B00AJEKB4C
Mikisyo Hamono Chisel [Shallow round curved type for Noh mask] 15.0mm 130099,B0098TPW98
Mikisyo Hamono Chisel [Kamakura type (extremely shallow round)] 13.5mm 051356 (Japan Import),B0098TP01I
Mikisyo Hamono Chisel [Shallow round curved type] 1.5mm 040152 (Japan Import),B0098TOSVG
Mikisyo Power Grip Carving Knife Chisel (Triangular Type) [1mm] (Japan Import),B07XSBZJCB
Mikisyo Hamono Chisel [Round curved type] 15.0mm 021502 (Japan Import),B0098TOOM4
Mikisyo Hamono Chisel [Shallow round type] 1.5mm 030153 (Japan Import),B0098TOPJ6
Mikisyo Hamono Chisel [Sasaba blade] 12.0mm 130136,B0098TPXWO
Mikisyo Hamono Chisel [Kamakura type (extremely shallow round)] 1.5mm 050151 (Japan Import),B0098TOY88
Mikisyo Hamono Chisel [Kamakura type (extremely shallow round)] 9.0mm 050908 (Japan Import),B0098TOZ6O
Mikisyo Hamono Chisel [Shallow round type] 6.0mm 030603 (Japan Import),B0098TOPKK
Mikisyo Hamono Kanesyo Chisel set for art print (set of 3) 140210,B0098TQ2D8
Mikisyo Hamono Chisel [High-speed steel| Triangular type (angle 45 degrees)] 6mm 390035,B00AJEJH0Q
Mikisyo Hamono Chisel [Kamakura type (extremely shallow round curved)] 18.0mm 061805 (Japan Import),B0098TP3QU
Mikisyo Hamono Chisel [Bird shape chisel| Shallow Round type] 6mm 433060,B00AJEKEFI
Mikisyo Hamono Chisel [High-speed steel| Naginata type] 6mm 420602,B00AJEK4XK
Mikisyo Hamono Chisel [Kiwa (Intou) type] 1.0mm 080103,B001UNK40M
Mikisyo Hamono Chisel [Bird shape chisel| Round type] 15mm 431158,B00AJEKB6U
Mikisyo Hamono Chisel [High-speed steel| Triangular type (angle 60 degrees)] 9mm 390905,B00AJEJGXY
Mikisyo Hamono Chisel [Bird shape chisel| Shallow Round type] 18mm 433183,B00AJEKHFA
Mikisyo Hamono Chisel [Round curved type for Noh mask] 18.0mm 130105,B0098TPXUG
Mikisyo Hamono Chisel [Set of 10 (in a Paulownia box)] 140050,B0098TQ15M
Mikisyo Hamono Chisel [High-speed steel| Triangular type 3MM],B003PG0ECU
Mikisyo Hamono Chisel [Bird shape chisel| Shallow Round type] 12mm 433121,B00AJEKHF0
Mikisyo Hamono Chisel [Flat type] 12.0mm 071200 (Japan Import),B0098TP7GQ
Mikisyo Hamono Chisel [U shape] 1.0mm 130044,B0098TPSLU
Mikisyo Hamono Chisel [Bird shape chisel| Round type] 30mm 431301,B00AJEKEFS
Mikisyo Hamono Chisel [High-speed steel| Soto type] 7.5mm 400758,B00AJEJPJE
Mikisyo Hamono Chisel [Flat curved type] 7.5mm 120052,B0098TOGUY
Mikisyo Hamono Chisel [Bird shape chisel| Kamakura type (Shallow Round type)] 9mm 435095,B00AJEKKD4
Mikisyo Hamono Chisel [Bird shape chisel| Flat type] 24mm 437242,B00AJEKY94
Mikisyo Hamono Chisel [High-speed steel| Naginata type] 9mm 420909,B00AJEK7VO
Mikisyo Hamono Chisel [Bird shape chisel| Flat type] 9mm 437099,B00AJEKQU6
Mikisyo Hamono Chisel [Shallow round type] 1.0mm 030108 (Japan Import),B0098TOOKQ
Mikisyo Hamono Chisel [Flat type] 4.5mm 070456 (Japan Import),B001UNK3WQ
Mikisyo Hamono Chisel [Bird shape chisel| Kamakura type (Shallow Round type)] 6mm 435064,B00AJEKKC0
Mikisyo Hamono Chisel [Round shape] 9.0mm 010902 (Japan Import),B0098TOJ06
Mikisyo Hamono Chisel [High-speed steel| Triangular type (standard 60 degrees)] 1mm 390318,B00AJEJC38
Mikisyo Hamono Chisel [Round curved type] 1.5mm 020154 (Japan Import),B0098TOMJO
Mikisyo Hamono Chisel [Round shape] 12.0mm 011206 (Japan Import),B0098TOJ0Q
Mikisyo Hamono Chisel [Kiwa type Left] 4.5mm 450029,B0098TPJG4
Mikisyo Hamono Chisel [Naginata curved type] 4.5mm 120465,B0098TPPU4
Mikisyo Power Grip carving knife chisel round 3.0mm,B003PFUW3M
Mikisyo Hamono Chisel [Kiwa type Left] 10.5mm 450067,B0098TPL08
Mikisyo Hamono Chisel [Round shape] 15.0mm 011503 (Japan Import),B0098TOJ1U
Mikisyo Hamono Chisel [High-speed steel| Soto curved type] 3mm 410320,B00AJEJVIO
Mikisyo Hamono Chisel [High-speed steel| Soto curved type] 1.5mm 410313,B00AJEJVO8
Mikisyo Hamono Chisel [High-speed steel| Naginata type] 13.5mm 421357,B00AJEK80O
Mikisyo Hamono Chisel [Box type flat blade] 6.0mm 130075,B0098TPWES
Mikisyo Hamono Chisel [High-speed steel| Triangular type (angle 120 degrees)] 6mm 390073,B00AJEJK6M
Mikisyo Hamono Chisel [High-speed steel| Triangular type (standard 60 degrees)] 1.5mm 390158,B00AJEJEAE
Mikisyo Hamono Chisel [Round curved type] 24.0mm 022400 (Japan Import),B0098TOOL0
Mikisyo Hamono Chisel [Kamakura type (extremely shallow round)] 2.0mm 050205 (Japan Import),B0098TOY6U
Mikisyo Hamono Chisel [High-speed steel| Soto type] 1mm 400109,B00AJEJMKQ
Japanese Professional Pruning Shears 180mm,B00IC7V50C
Mikisyo Hamono Chisel [High-speed steel| Soto type] 15mm 401502,B00AJEJSEQ
Mikisyo Hamono Chisel [High-speed steel| Naginata type] 7.5mm 420756,B00AJEK25U
Mikisyo Hamono Chisel [Flat type] 21.0mm 072108 (Japan Import),B001UNK3YO
Mikisyo Hamono Chisel [Shallow round type] 10.5mm 031051 (Japan Import),B0098TOQEA
Mikisyo Hamono Chisel [Shallow round curved type] 13.5mm 041357 (Japan Import),B0098TOTUQ
Japanese Professional Pruning Shears 200mm,B00IC7R43O
Mikisyo Hamono Chisel [Round curved type] 13.5mm 021359 (Japan Import),B0098TONK2
Mikisyo Hamono Chisel [Round curved type] 4.5mm 020451 (Japan Import),B0098TOMKI
Mikisyo Power Grip carving knife chisel Hira Flat 1.5mm,B003PFUUG6
Mikisyo Power Grip Carving Knife Chisel (Flat Type) [9mm] (Japan Import),B07XSPLSXY
Mikisyo Hamono Chisel [Shallow round type] 15.0mm 031501 (Japan Import),B0098TORI0
Mikisyo Hamono Chisel [High-speed steel| Soto curved type] 7.5mm 410351,B00AJEJZ2Q
Power Grip Whetstone Wood Carvers Sharpener,B00AJEL0YC
Mikisyo Hamono Chisel [Shallow round type] 30.0mm 033000 (Japan Import),B0098TORJY
Mikisyo Hamono Chisel [Kamakura type (extremely shallow round curved)] 6.0mm 060600 (Japan Import),B0098TP2FC
Mikisyo Hamono Chisel [Kiwa curved type Left] 1.0mm 451071,B0098TPO8C
Mikisyo Hamono Chisel [Kiwa (Intou) type] 10.5mm 081056,B001UNM1MG
Mikisyo Hamono Chisel [Flat type] 2.0mm 070203 (Japan Import),B0098TP50Y
Mikisyo Hamono Chisel [Bird shape chisel| Round type] 18mm 431189,B00AJEKEHQ
Mikisyo Hamono Chisel [Shallow round type] 18.0mm 031808 (Japan Import),B0098TORH6
Four Piece Power Grip Carving Set,B0098TQ40E
Mikisyo Hamono Chisel [Kamakura type (extremely shallow round curved)] 1.0mm 060105 (Japan Import),B0098TP18A
Mikisyo Hamono Chisel [Round shape] 2.0mm 010209 (Japan Import),B0098TOHWQ
Mikisyo Hamono Chisel [Shallow round type] 13.5mm 031358 (Japan Import),B0098TOQDQ
Mikisyo Hamono Chisel [Flat type] 30.0mm 073006 (Japan Import),B001UNPNJE
Mikisyo Hamono Kanesyo Chisel set (set of 3) 140111,B0098TQ15W
Mikisyo Hamono Chisel [Flat type] 15.0mm 071507 (Japan Import),B001UNRPP4
Mikisyo Hamono Chisel [Shallow round type] 12.0mm 031204 (Japan Import),B0098TOQEK
Mikisyo Hamono Chisel [U shape] 2.0mm 130068,B0098TPSL0
Mikisyo Hamono Chisel [Bird shape chisel| Round type] 12mm 431127,B00AJEKBAG
Mikisyo Hamono Chisel [High-speed steel| Soto curved type] 9mm 410368,B00AJEJZ4E
Mikisyo Hamono Chisel [Kiwa (Intou) type] 9.0mm 080905,B0098TPEC8
Mikisyo Hamono Chisel [Kiwa curved type Left] 4.5mm 450234,B0098TPO9G
Mikisyo Hamono Chisel [Flat type] 7.5mm 070753 (Japan Import),B001UNK3X0
Mikisyo Hamono Chisel [High-speed steel| Triangular type (angle 35 degrees)] 6mm 390011,B00AJEJGZM
Mikisyo Hamono Chisel [Bird shape chisel| Kamakura type (Shallow Round type)] 12mm 435125,B00AJEKK9I
Mikisyo Hamono Chisel [Triangle with Round bottom] 4.5mm 130020,B0098TPWAM
Power Grip Carving Tools| Set of Five pcs| Left-handed use,B00L86B1PI
Mikisyo Hamono Chisel [High-speed steel| Naginata type] 3mm 420305,B00AJEK21O
Mikisyo Hamono Chisel [Set of 7 (in a Paulownia box)] 140043,B0098TQ134
Mikisyo Hamono Chisel [Round shape] 4.5mm 010452 (Japan Import),B0098TOHYY
Mikisyo Hamono Chisel [Kamakura type (extremely shallow round)] 15.0mm 051509 (Japan Import),B0098TP036
Mikisyo Hamono Chisel [Bird shape chisel| Shallow Round type] 9mm 433091,B00AJEKHDW
Mikisyo Hamono Chisel [Naginata curved type] 6.0mm 120472,B0098TPPUY
Mikisyo Hamono Chisel [High-speed steel| Naginata type] 10.5mm 421050,B00AJEK7YQ
Mikisyo Hamono Chisel [Flat curved type] 4.5mm 120038,B0098TPBCQ
Mikisyo Hamono Chisel [Kiwa type Left] 13.5mm 450081,B0098TPKYU
Mikisyo Hamono work table for chisel 501639,B00AJEKYAS
Mikisyo Hamono Chisel [Naginata curved type Left] 4.5mm 450265,B0098TPPZE
Mikisyo Hamono Chisel [High-speed steel| Soto type] 1.5mm 400154,B00AJEJMN8
Mikisyo Hamono Chisel [Kamakura type (extremely shallow round)] 30.0mm 053008 (Japan Import),B0098TP180
Mikisyo Hamono Chisel [Shallow round type] 2.0mm 030207 (Japan Import),B0098TOPI2
Mikisyo Hamono Chisel [Kiwa curved type Left] 3.0mm 450227,B0098TPO5A
Mikisyo Hamono Chisel [Shallow round curved type] 15.0mm 041500 (Japan Import),B0098TOX6G
Mikisyo Hamono Chisel [Kamakura type (extremely shallow round curved)] 12.0mm 061201 (Japan Import),B001UNCYKK
Mikisyo Hamono Kanesyo Chisel set for art print (set of 4) 140227,B0098TQ2BA
Mikisyo Hamono Chisel [Round shape] 3.0mm 010308 (Japan Import),B0098TOHZI
Mikisyo Hamono Chisel [Round shape] 18.0mm 011800 (Japan Import),B0098TOLD6
Mikisyo Hamono Chisel [High-speed steel| Naginata type] 18mm 421807,B00AJEKBGK
Mikisyo Hamono Chisel NHK Wood carving set for Advanced level [Set of 8] 140425,B0098TPZBS
Mikisyo Power Grip carving knife chisel Round 7.5mm,B003PFWXNO
Mikisyo Hamono Chisel [Round shape] 6.0mm 010605 (Japan Import),B0098TOHYE
Mikisyo Hamono Chisel [Kamakura type (extremely shallow round)] 7.5mm 050755 (Japan Import),B0098TOZ78
Mikisyo Hamono Chisel [Sasaba blade] 6.0mm 130112,B0098TPXTW
Mikisyo Hamono Chisel [Shallow round curved type] 18.0mm 041807 (Japan Import),B0098TOX7A
Mikisyo Hamono Chisel [Round curved type] 12.0mm 021205 (Japan Import),B0098TONKC
Mikisyo Hamono Chisel [Set of 5 (in a Paulownia box)] 140036,B0098TQ10W
Mikisyo Hamono Chisel [Flat type] 13.5mm 071354 (Japan Import),B0098TP7IE
Mikisyo Power Grip carving knife chisel Kiwa side line 1.5mm,B003PFWVVS
Mikisyo Hamono Kanesyo Chisel set (set of 5) 140135,B0098TQ2BK
Mikisyo Hamono Chisel [Round curved type] 7.5mm 020758 (Japan Import),B0098TONJS
Mikisyo Hamono Chisel [Bird shape chisel| Flat type] 6mm 437068,B00AJEKQOC
Mikisyo Hamono Chisel [Kamakura type (extremely shallow round)] 18.0mm 051806 (Japan Import),B0098TP04U
Mikisyo Hamono Chisel [High-speed steel| Soto type] 3mm 400307,B00AJEJPLC
Mikisyo Hamono Chisel [Flat type] 24.0mm 072405 (Japan Import),B001UNPNJ4
Mikisyo Power Grip carving knife chisel Hira Flat 3.0mm,B003PG0CFY
Mikisyo Hamono Chisel [Box type flat blade] 13.5mm 130082,B0098TPW9S
Mikisyo Hamono Chisel [High-speed steel| Soto curved type] 4.5mm 410337,B00AJEJZ8K
Mikisyo Power Grip carving knife chisel Round 4.5mm,B003PFWU14
Mikisyo Hamono Chisel [Bird shape chisel| Shallow Round type] 21mm 433213,B00AJEKHGY
Mikisyo Hamono Chisel [Kiwa curved type] 1.5mm 120410,B0098TPMDY
Mikisyo Hamono Chisel [Shallow round type] 24.0mm 032409 (Japan Import),B0098TORGW
Mikisyo Hamono Chisel [Round curved type] 1.0mm 020109 (Japan Import),B0098TOLGI
Mikisyo Hamono Chisel [Shallow round type] 3.0mm 030306 (Japan Import),B0098TOPIW
Mikisyo Hamono Chisel [High-speed steel| Soto type] 18mm 401809,B00AJEJVMK
Mikisyo Hamono Chisel [Kiwa type Left] 3.0mm 450012,B0098TPJGE
Mikisyo Hamono Chisel [Bird shape chisel| Flat type] 30mm 437303,B00AJEKU8O
Mikisyo Hamono Chisel [High-speed steel| Soto type] 24mm 402400,B00AJEJVM0
Mikisyo Hamono Chisel [High-speed steel| Triangular type (standard 60 degrees)] 4.5mm 390455,B00AJEJBXY
Mikisyo Hamono Chisel [High-speed steel| Triangular type (angle 45 degrees)] 3mm 390028,B00AJEJH56
Mikisyo Hamono Chisel [Kiwa curved type] 1.0mm 120403,B0098TPMFC
Mikisyo Hamono Chisel [Bird shape chisel| Round type] 9mm 431097,B00AJEKBGU
Mikisyo Hamono Chisel [Flat type] 10.5mm 071057 (Japan Import),B0098TP7OI
Mikisyo Hamono Chisel [Bird shape chisel| Kamakura type (Shallow Round type)] 18mm 435187,B00AJEKNKE
Mikisyo Hamono Chisel [Bird shape chisel| Kamakura type (Shallow Round type)] 24mm 435248,B00AJEKNJK
Mikisyo Hamono Chisel [Round curved type] 10.5mm 021052 (Japan Import),B0098TONJ8
Mikisyo Hamono Chisel [Kamakura type (extremely shallow round)] 6.0mm 050601 (Japan Import),B0098TOZ7I
Mikisyo Hamono Power grip Chisel [Set of 5] Transparent case S set 800169,B0098TQ5HG
Mikisyo Hamono Chisel [Kiwa (Intou) type] 6.0mm 080608,B0098TPEE6
Mikisyo Hamono Chisel [Round shape] 10.5mm 011053 (Japan Import),B0098TOJ0G
Mikisyo Hamono Chisel [High-speed steel| Triangular curved type] 3mm 410429,B00AJEJMJC
Mikisyo Hamono Chisel [Shallow round curved type] 24.0mm 042408 (Japan Import),B0098TOX98
Mikisyo Hamono Chisel [Round curved type] 3.0mm 020307 (Japan Import),B0098TOMIU
Mikisyo Hamono Chisel [High-speed steel| Naginata type] 12mm 421203,B00AJEK81I
Mikisyo Hamono Chisel [High-speed steel| Triangular type (standard 60 degrees)] 2mm 390363,B00AJEJC56
Mikisyo Power Grip carving knife chisel Hira Flat 6.0mm,B003PFUREQ
Mikisyo Hamono Chisel [Round curved type] 21.0mm 022103 (Japan Import),B0098TOOLA
Mikisyo Hamono Chisel [Kamakura type (extremely shallow round curved)] 13.5mm 061355 (Japan Import),B001UN7FL8
Mikisyo Hamono Chisel [Bird shape chisel| Shallow Round type] 15mm 433152,B00AJEKHBY
Mikisyo Power Grip Carving Knife Chisel (Shallow Round Type) [9mm] (Japan Import),B003PFWU1O
Mikisyo Power Grip carving knife chisel triangular 3.0mm,B003PFWWKI
Mikisyo Power Grip Carving Knife Chisel (Flat Type) [4.5mm] (Japan Import),B003PFWT3S
Mikisyo Hamono Chisel [Kamakura type (extremely shallow round curved)] 1.5mm 060150 (Japan Import),B001UNCYGE
Mikisyo Hamono Chisel [High-speed steel| Triangular type 6MM],B003PFUWR8
Mikisyo Hamono Chisel [Shallow round curved type] 21.0mm 042101 (Japan Import),B0098TOX7K
Mikisyo Hamono Chisel [Kiwa (Intou) type] 12.0mm 081209,B0098TPFR2
Mikisyo Hamono Chisel [High-speed steel| Naginata type] 4.5mm 420459,B00AJEK1Y2
Mikisyo Hamono Chisel [Kiwa (Intou) type] 4.5mm 080455,B0098TPEFK
Mikisyo Hamono Chisel [Flat curved type] 1.0mm 120137,B0098TP9J6
Mikisyo Hamono Chisel [Round shape] 1.0mm 010100 (Japan Import),B0098TOGV8
Mikisyo Hamono Chisel [Flat type] 9.0mm 070906 (Japan Import),B0098TP6D0
Mikisyo Power Grip Carving Knife Chisel (Kamakura Type) [9mm] (Japan Import),B001UNPNOO
Mikisyo Hamono Chisel [Bird shape chisel| Kamakura type (Shallow Round type)] 30mm 435309,B00AJEKNMW
Mikisyo Power Grip carving knife chisel Round 6.0mm,B003PFUT9O
Mikisyo Power Grip Carving Tools| Five Piece Set (Basic) (Basic| 4-Pack),B07Z27J319
Mikisyo Hamono Chisel [High-speed steel| Triangular type (angle 60 degrees)] 7.5mm 390752,B00AJEJC3I
Mikisyo Hamono Chisel [Shallow round curved type] 9.0mm 040909 (Japan Import),B0098TOTZQ
Mikisyo Hamono Chisel [Flat curved type] 2.0mm 120113,B0098TPBDU
Mikisyo Power Grip carving knife chisel triangular 1.5mm,B003PFWRJ4
Mikisyo Hamono Chisel [Kiwa curved type] 6.0mm 120441,B0098TPMIO
Mikisyo Hamono Chisel [Kamakura type (extremely shallow round curved)] 15.0mm 061508 (Japan Import),B001UNB046
Mikisyo Hamono Chisel [Shallow round curved type] 10.5mm 041050 (Japan Import),B0098TOTVK
Mikisyo Hamono Chisel [Shallow round curved type] 1.0mm 040107 (Japan Import),B0098TOSU2
Mikisyo Hamono Chisel [Naginata curved type Left] 6.0mm 450272,B0098TPSLK
Mikisyo Hamono Chisel [Kuri small knife Left] 9.0mm 450395,B0098TPZG8
Mikisyo Hamono Chisel [Bird shape chisel| Kamakura type (Shallow Round type)] 15mm 435156,B00AJEKNJA
Mikisyo Hamono Chisel [Kiwa curved type Left] 1.5mm 450470,B0098TPO64
Mikisyo Hamono Chisel [High-speed steel| Soto type] 9mm 400901,B00AJEJSE6
Mikisyo Hamono Chisel [Bird shape chisel| Round type] 24mm 431240,B00AJEKE80
Mikisyo Hamono Chisel [Kiwa type Left] 9.0mm 450050,B0098TPJHS
Mikisyo Hamono Chisel [High-speed steel| Soto curved type] 12mm 410375,B00AJEJZ7G
Mikisyo Hamono Chisel [Bird shape chisel| Shallow Round type] 24mm 433244,B00AJEKKCU
Mikisyo Hamono Chisel [High-speed steel| Triangular type (angle 90 degrees)] 6mm 390059,B00AJEJK3U
Mikisyo Hamono Chisel [Kimekomi small knife] 9.0mm 130143,B0098TPZDG
Mikisyo Hamono Chisel [High-speed steel| Soto type] 2mm 400208,B00AJEJPKI
Mikisyo Hamono Chisel [High-speed steel| Soto curved type] 6mm 410344,B00AJEJZ58
Mikisyo Hamono Chisel [Kamakura type (extremely shallow round curved)] 30.0mm 063007 (Japan Import),B0098TP53G
Mikisyo Hamono Chisel [Shallow round curved type] 4.5mm 040459 (Japan Import),B0098TOGWW
Mikisyo Hamono Chisel [Kamakura type (extremely shallow round curved)] 10.5mm 061058 (Japan Import),B001UNH31A
Mikisyo Hamono Chisel [Naginata curved type] 3.0mm 120458,B0098TPPUE
Mikisyo Hamono Chisel [High-speed steel| Soto type] 6mm 400604,B00AJEJPBM
Mikisyo Hamono Chisel [U shape] 1.5mm 130051,B0098TPSJ2
Mikisyo Hamono Chisel [Round shape] 1.5mm 010155 (Japan Import),B0098TOGVI
Mikisyo Hamono Chisel [Kiwa (Intou) type] 1.5mm 080158,B001UNNOM2
Mikisyo Power Grip carving knife chisel triangular 4.5mm,B003PFUTWG
Mikisyo Hamono Chisel [Kiwa (Intou) type] 21.0mm 082107,B0098TPHKC
Mikisyo Power Grip carving knife chisel Round1.5MM,B003PG0FSI
Three Piece Power Grip Carving Set,B0098TQ48Q
Mikisyo Hamono Chisel [Flat curved type] 1.5mm 120014,B0098TP9XM
Mikisyo Power Grip Carving Tools| Five Piece Set (Basic) (Basic| 2-Pack),B07Z28WFT9
Mikisyo Hamono Chisel [High-speed steel| Triangular type (angle 90 degrees)] 3mm 390042,B00AJEJJQ8
Mikisyo Hamono Chisel [Flat type] 3.0mm 070302 (Japan Import),B001UNK3WG
Mikisyo Hamono Chisel [Kamakura type (extremely shallow round curved)] 2.0mm 060204 (Japan Import),B0098TP194
Mikisyo Hamono Chisel [Kiwa (Intou) type] 7.5mm 080752,B0098TPEHI
Mikisyo Hamono Chisel [Flat type] 6.0mm 070609 (Japan Import),B001UNTR00
Mikisyo Hamono Chisel [High-speed steel| Soto type] 12mm 401205,B00AJEJSCI
Mikisyo Hamono Chisel [Triangle with Round bottom] 3.0mm 130013,B0098TPSME
Mikisyo Hamono Chisel [High-speed steel| Soto type] 13.5mm 401359,B00AJEJSFU
Mikisyo Hamono Chisel [High-speed steel| Soto type] 4.5mm 400451,B00AJEJPKS
Mikisyo Hamono Chisel [Shallow round type] 21.0mm 032102 (Japan Import),B0098TORIU
Mikisyo Hamono Chisel [High-speed steel| Triangular curved type] 6mm 410443,B00AJEJMHY
Mikisyo Hamono Chisel [High-speed steel| Triangular type (angle 120 degrees)] 3mm 390066,B00AJEJJVS
Mikisyo Power Grip Carving Knife Chisel (Flat Type) [7.5mm] (Japan Import),B003PFUSEA
Mikisyo Hamono Chisel [Kiwa curved type] 4.5mm 120434,B0098TPMCU
Mikisyo Power Grip carving knife chisel Kiwa side line 7.5mm,B003PFWX1Q
