OneOdio Over Ear Headphones with Carry Pouch| Stereo Bass Wired Headphone with Mic for PC Tablet Ipad Cell Phones MP3| Adjustable Headset fit Tangle Free Cord with 3.5mm Jack,B07WZLX8Z9
Mate 001-002 (Green Black),B01MCVQEKY
Microphone cable for Oneodio headphones with mic,B088KL3NZ4
OneOdio Wired Headphones,B07BQNBSJM
Upgrade version,B07F6Z2NK7
OneOdio 2 Pack Lovers Earphones with 3.5mm Audio Music Share Adapter|in Ear Noise Isolating Sweatproof Earbuds with Mic for Running Jogging Gym for iOS| Android Smartphone(Pink Black),B01LWXREAR
Detachable Microphone,B07FY9X4PD
OneOdio A71 Wired Over Ear Headphones| Studio Headphones with SharePort| Professional Monitor Recording & Mixing Foldable Headphones with Stereo Sound for Electric Drum Keyboard Guitar Amp (Red),B07WT15ZQF
OneOdio Gaming Headsets with Boom Mic - Over Ear DJ Headphones Wired Stereo Sound for Recording Gaming Chatting| 50mm Driver Share-Port Soft Earmuffs for Guitar AMP PS4 Xbox Cell Phone PC Laptop,B07ZKP1KF4
Aluminum USB C Hub Type C Multiport Adapter for 2016/2017 MacBook Pro Hub Adapter with Thunderbolt 3 Port| SD Card Reader| TF/Micro sd Card Reader| USB 3.0 Port (Space Gray),B07F2ZVBB8
OneOdio 6.35mm Stereo Jack,B08GX1147N
OneOdio 6.35mm to 3.5mm Cable for Pro-30,B08GWKGQRM
No-Break Replacement Ear Hook Compatibility for Bluetooth Headsets,B06ZYWBT8N
OneOdio 6.3mm 1/4 to 3.5mm 1/8inch 9.8ft Cable| Stereo Dual-Duty Cable for Cord for iPhone| iPod| Computer Sound Cards| CD Players| Multimedia Speakers and Home Stereo Systems,B06XBLQJRV
OneOdio Bluetooth Headphones Active Noise Cancelling Headphones Wireless Over Ear with 40 Hour Playtime Hi-Fi Sound ANC Deep Bass CVC 8.0 Call| Quick Charge for Travel Airplane Office TV Mobile Phone,B07WC5NQNM
OneOdio Bluetooth Over Ear Headphones - Wireless/Wired 80 Hrs Stereo Bluetooth Headsets Foldable Headset with Deep Bass 50mm Neodymium Drivers for PC/Phone - Studio Wireless(Y80B),B0828PYKZN
OneOdio A71 PC Headsets with Boom Mic - Office Over Ear Wired Headphones for Business Meeting Skype Call Center Phone Laptop Gaming PS4 Xbox One| Headsets with Volume Control and Share-Port,B0818YMXRX
OneOdio A70 Bluetooth Over Ear Headphones - 50 Hours Playtime Wired and Wireless Headphone| Studio Recording Headphones for Mixing and Mastering with Bass for Guitar Keyboard Computer Laptop(Gold),B08BHX136T
Bluetooth Over Ear Headphones with 80 Hrs Playtime| OneOdio Wired Gaming Stereo Headsets with Boom Mic for PS4| Xbox one| PC| Wireless Headset for Phones| Laptop| Office - Studio Wireless(Y80B) (Red),B082D6K6H2
OneOdio On-Ear Wireless Bluetooth Headphones for Sports| Calls| Travel & Running | Rechargeable| Noise Cancelling & Foldable | HD Mic| Clear Bass Sound | for iPhone| iPad| Android & More,B01EYAS92C
OneOdio A71 Wired Over Ear Headphones| Studio Headphones with SharePort| Professional Adapter-Free Monitor Recording & Mixing Headphones with Stereo Sound for Electric Drum Piano Guitar Amp (Silver),B081JL3L6L
,B01MYPZFWS
OneOdio FREEGENE USB C Hub| Aluminum Pass-Through Charging Type-c Hub 40Gbs Thunderbolt 3| USB 3.0 Port| USB 2.0 Port Compatible 13 15 MacBook Pro 2016 2017 (Space Grey) (4in1),B07F31KVZM
OneOdio USB Type-C HUB Adapter - Aluminum Pass Through Charging Type-c Hub with 40Gbs Thunderbolt 3| USB 3.0 Port| USB 2.0 Port for New 13 or 15 MacBook Pro 2016 and 2017 (Space Grey) (3in 1),B076JCR216
Bluetooth Headphones| OneAudio Wireless Sports Earphones with Magnetic Design| Built in Mic| IPX4 Sweatproof HD Stereo Earbuds for Gym Running Workout Noise Canceling Headsets (Gun Metal Color),B06XWB9KNQ
OneOdio FREEGENE USB C Hub|Aluminum Pass-Through Charging Type-c Hub with 40Gbs Thunderbolt 3| USB 3.0 Port| USB 2.0 Port for New 13 or 15 MacBook Pro 2016 and 2017 (Space Grey) (13),B06W5RJ923
audio splitter & audio adapter,B07CYP54JQ
Fusion A70 Headphones Cable-6.35mm,B085L64YBS
OneOdio FREEGENE USB C Hub|Aluminum Pass-Through Charging Type-c Hub with 40Gbs Thunderbolt 3| USB 3.0 Port| USB 2.0 Port for New 13 or 15 MacBook Pro 2016 and 2017 (Space Grey) (6in1),B076JG1YYF
OneOdio Headphones with Mic Black-A71,B08HMRHD6C
OneOdio Cable for Pro-G (Green),B08J72KZP9
,B01MSZSLBN
,B01M27LME4
Fusion Wired Silver Cable-6.35,B085HL2Z3D
OneOdio Lightweight Bluetooth Headphones – On-Ear Wired/Wireless Foldable Headsets with 6.3mm Stereo Adapter and Audio Splitter for AMP| Guitar| Piano| School (for Adult/Teens),B07C2M1PX9
OneOdio Portable Storage Nylon Pouch Bag Case Accessories Organizer,B07CMTYKRK
OneOdio A70 Bluetooth Over Ear Headphones| Studio Headphones with Shareport| Foldable| Wired and Wireless Professional Recording Headphones with Stereo Sound for Electric Drum Piano Guitar Amp (Red),B0816SXDPX
OneOdio Kids Headphones| 85dB Volume Limited Headsets for Children| Durable| Adjustable| Lightweight Headphones with 3.5mm Audio Jack for iPad| Kindle| Computers and Tablet (White),B0746HT1BS
OneOdio Active Noise Cancelling Bluetooth Headphones with Mic| Wireless Wired Comfortable Foldable Stereo Over Ear Headphones with Hi-Fi Sound for Airplane Travel Work TV PC Phone Computer,B07GKRPP7S
,B01EYAS1I4
OneOdio Bluetooth Earbuds,B08JCK3P3N
Fusion A71 Wired Headphones Audio Cable Red- 6.35mm to 3.5mm,B085HQYBP6
OneOdio 3.5 mm Cable with Boom mic,B088ZX4TXJ
OneOdio Computer Headsets with Microphone - PC Wired Headphones with Detachable Mic & in-Line Control Mute for Office Zoom Skype Conference Phone Call Laptop Gaming PS4 Online,B08CXXJWFP
OneOdio USB C Hub|Thunderbolt 3 Type C 3.1 Hub 5 in 1 Adapter Compatible with 2016-2018 MacBook Pro 13'15'| with Aluminum Charging Port Ethernet Port|4K HDMI Video Output|2 USB 3.0 Ports FREEGENE…,B07F37YF6X
OneOdio Kids Headphones for Kindle Wired Over Ear Panda Headphones| 85dB Volume Limited Kids Headset with Audio Splitter,B07DJ62J4Q
OneOdio FREEGENE USB C Hub|Aluminum Pass-Through Charging Type-c Hub with 40Gbs Thunderbolt 3| USB 3.0 Port| USB 2.0 Port for New 13 or 15 MacBook Pro 2016 and 2017 (Space Grey) (13B),B06W5RPVG7
Fusion A70 Headphones Cable - 3.5mm,B085L2QYJD
OneOdio FREEGENE USB C Hub|Aluminum Pass-Through Charging Type-c Hub with 40Gbs Thunderbolt 3| USB 3.0 Port| USB 2.0 Port for New 13 or 15 MacBook Pro 2016 and 2017 (Space Grey) (6/1),B07H92JTVX
OneOdio Wireless Headphones,B071ZFHXC1
OneOdio Headphones with mic Pro-m,B08HMVQ3K8
OneOdio Over Ear Headphone| Wired Bass Headsets with 50mm Driver| Foldable Lightweight Headphones with Share Port and Mic for Recording Monitoring Mixing Podcast Guitar PC TV (Light Blue),B08BTFXHHN
Fusion Wired Headphones - 3.5mm,B085H8TVJ9
OneOdio Adapter-Free Closed Back Over Ear DJ Stereo Monitor Headphones| Professional Studio Monitor & Mixing| Telescopic Arms with Scale| Newest 50mm Neodymium Drivers - Black,B08JTT3TTW
OneOdio A71 Over Ear Headsets with Boom Mic - PS4 PC Wired Stereo Headphones with On-Line Volume & Share-Port Headsets for Gaming Office Phone Call DJ,B083FBKKTK
OneOdio Headphones with mic Pro-Green,B08HMRMRBF
OneOdio On-Ear Bluetooth Headphones with Microphone For Kids Boys Adult|Stereo Ultralight Foldable Headset with 3.5mm Plug Removable Cord Compatible for iPad iPhone Android Laptops PC (Grey),B07DJ7ZCBW
OneOdio Wireless Headphones pulati,B0761PCGC2
OneOdio Wired Over Ear Headphones - Studio Monitor & Mixing DJ Stereo Headsets with 50mm Neodymium Drivers and 1/4 to 3.5mm Audio Jack for AMP Computer Recording Phone Piano Guitar Laptop - Black,B01N6ZJH96
Over Ear Headphone| Wired Premium Stereo Sound Headsets with 50mm Driver| Foldable Comfortable Headphones with Protein Earmuffs and Shareport for Recording Monitoring Podcast PC TV- with Mic (Silver),B07G74V1YP
Yenona Bluetooth Earbuds For Running| Music| Calls & Travel | Sweatproof Headphones With Built-In Mic | Crystal Clear Bass| HD Sound| Comfy Fit & Detachable Hooks | For iPhone| Samsung| LG| HTC & More,B01EYAS52G
USB C Hub|Thunderbolt 3 Type C Hub 7 in 1 Adapter Compatible with 2016-2018 MacBook Pro 13’15’ Type c 3.1 hub with Charging Port| 4K HDMI Video Output| USB 3.0 Port| SD Card Reader by OneOdio FREEGENE,B07F355PRK
standard version,B07F6W4TWW
OneOdio Bluetooth Earbuds for Running| Music| Calls & Travel | Wireless Sports Headphones with Built-in Mic | Sweatproof| Comfy Fit| for iPhone| Andriod & More (Black),B06XVYPGZX
Wired Headphones,B082XR7K72
OneOdio Audio Cable for Pro DJ Headphones| Cable with Mic and On Off Button (3.9ft),B07VGWG7JP
OneOdio Over Ear Headphones - Wired Studio Headphones with Shareport| Foldable Headsets with Stereo Bass Sound for Monitoring Recording Keyboard Guitar Amp DJ Cellphone,B08F7TM2WP
OneOdio Wireless Headphones Over Ear| 15Hr Play Time| Lightweight| Bluetooth 5.0 Hi-Fi Stereo Headphones with Built in Mic| Supports Hands-Free Calling and Wired Mode for iPhone/iPad/PC/Cell Phones/TV,B07THZ5TW4
Gaming Headset (Brown),B01MZ09VWV
OneOdio USB C Hub| Type C Adapter with 4K HDMI Output| Aluminum 7-in-1| 87W Power Supply| SD / TF Card Reader| 2 USB 3.0 Ports for MacBook / Pro / Air| Chromebook and Others Type C Windows Laptops| XPS and More USB Type C Devices,B07YYW5C99
OneOdio Over Ear Headphones,B08B3VB8NF
Bluetooth Over Ear Headphones| OneOdio Wired Gaming Stereo Headsets w/Detachable Mic for PS4| Xbox one| PC| Cell Phones| Office| Wireless Headset w/ 30 Hrs Play Time - Studio Wireless(Y80B),B07CNM4X8V
OneOdio Bluetooth Wired Headphones-Over Ear,B08GFK9D9Y
OneOdio Wired Headset with Microphones-Gaming headsets for PS4 PC,B08DJ4MZFG
OneOdio Over Ear Headphone| Wired Bass Headsets with 50mm Driver| Foldable Lightweight Headphones with Shareport and Mic for Recording Monitoring Mixing Podcast Guitar PC TV (Light Pink),B08BTRM25R
