Zatch Bell! Mamodo Battles,B0009HI6VY
TAMAGOTCHI 4U Anniversary ver. Royal Purple from Japan,B00P28TKRE
Bandai Keroro Gunso Plastic Model Collection 10 Kululu Robot Regular Edition,B07L3TM9JS
#22 MSN-02 ZEONG Mobile Suit Gundam| Bandai HGUC,B07HP1PPSL
Bandai Namco Flashback Blast Console - Electronic Games,B07H88PM88
Dragon Ball Z: Budokai 2 [Japan Import],B00015BG34
BANDAI Dragon Ball Super: Miraculous Revival Special Pack Display Box [6 Special Packs],B07JKJ834L
Ghost in the Shell: Stand Alone Complex - PlayStation 2,B0002CHJ00
Dragon Ball GT: Final Bout,B000035XX3
Bandai Kamen Rider Zi-O DX Zikan Zaclaw,B07P959GQN
Bandai Pokemon Plamo 39 Solgaleo (Plastic Model Kit),B07WPY8WGJ
Bandai #07 Dom Test Type Gundam The Origin| HG The Origin High Grade 1:144 Scale Model Kit (BAS5059025),B018TGV5EG
GUNDAM CROSS WAR booster veteran Ace King [GCW-SP01] (BOX),B019VUIQB4
Doki Doki! Precure Narikiri Life! for Nintendo 3DS Japanese System Only,B00CLMEOCA
(2 cars into top + middle) Yamanote Line train Rilakkuma wrapping of B Train Shorty E231 system green,B00ICYV7IK
Bandai - Maquette Gundam - Gundam OO Diver Ace Gunpla HG 1/144 13cm - 4573102595669,B0867X7KLW
BANDAI Battle Spirits Tsurugi Deck Shining [Charge] [SD10] (Japan Import),B008DCPUIY
Project CARS - PlayStation 4,B00LYYN5W6
Bandai Super Dragon Ball Heroes Big Bang Booster Pack 2 (Box),B0895BD6S6
Bandai Kamen Rider Saber DX Seiken Swordriver,B08F5V5RMB
Jump Force - PlayStation 4 Collector's Edition,B07HKRNYGY
Bandai MG 1/100 RGM-79DO Philip Hughes's GM Dominance Model kit,B07Z7HYN9Q
Bandai RG 1/144 Gundam Astray Gold Frame Amatsu Hana Model kit,B07T7LB2ML
Dragon Ball Z: Harukanaru Goku Densetsu [Japan Import],B000K96QQ8
Tamagotchi Connection V 4.5 Original Virtual Pet - Green Wave,B000SMPRRQ
Bandai Lucky Star Mini Figure Keychain-Minoru Shiraishi,B002LU4JJA
Dragon Ball Fusions - Nintendo 3DS,B01LZ7LJ6I
Bandai Net Carddas Gundam Duel Company 03 [Gn-dc03] (Box),B00PA8EWGK
Bandai Kamen Rider Blade Rouse Card Archives 10th Anniversary Edition,B00N4V7MMG
HGBF 1/144 Wing Gundam Zero Honoo Plastic Model,B07HVM8D7S
Fast & Furious Crossroads - PlayStation 4,B082QKS6ZG
Naruto Shippuden: Legends - Akatsuki Rising (essentials) /psp,B00690LQ6W
HG 1/144 Scale Unicorn Gundum ANA Color Ver.,B004VPOEFM
BANDAI Hyper Yo-yo Spinners Case,B003ZC3NPE
One Piece Unlimited World Red - Playstation Vita,B00KLG55JE
Battle Spirits Heroes Vol.4 [Ken Mau Sekai] BS17 (20packs) by Bandai,B007B5MUGE
TV Animation X: Unmei no Sentaku [Japan Import],B000069E0F
Dragon Ball Super: Unison Warriors - Rise of The Unison Warrior Booster Display (24),B086Z776WQ
Bandai Metal Robot Spirits Side MS SUNQUAN Gundam Real Type ver.,B0897SZL7L
Dragonball Fusions (Nintendo 3DS),B01H8OCE9A
MSV #31 Msn-02 Psychommu System Perfect Zeong Model Kit by Bandai,B001I4QXIU
BANDAI Pulse of Battle Spirits pre-Built Deck Toshinden (Japan Import),B001O5D1J2
HG Movie Mobile Suit Gundam 00 1/144 Gundam Harute Plastic Model,B07X92MJYP
Bandai Namco T Shirt Galaga 35 Pixel Logo Official Retro Gamer Mens Black Size L,B07V6YT9DH
Digimon Story: Cyber Sleuth - PlayStation 4,B00X8Y18U6
Bandai Namco T Shirt Galaga 38Th Squadron Logo Official Retro Gamer Mens Red Size S,B07V7X9JZG
Bandai Pokemon Best Wishes Keychain vol 1-2 Excadrill No. 5-70546,B007MQN4D0
Bandai Action Base 4 Black for 1/100 Scale Kit,B0845RNC1M
Ultraman [Japan Import],B0001TXR2I
Saint Cloth Myth EX Saint Seiya Emperor Poseidon Imperial Sloan Set About 180 mm ABS & PVC & Die cast painted movable figure (Poseidon Only) japan Import,B079GWR7WS
Jump Force (Xbox One),B07DMF4FGK
Gundam MG Hyper Mode Master Gundam Scale 1/100 by Bandai,B000JZ9Z8Y
GOD EATER RESURRECTION Japanese Ver. Japan Import,B010L15TJY
Bandai Tamashii Nations Destroyah (Complete Version) Godzilla vs Destroyah - S.H. MonsterArts,B009YP2L9K
Kamen Rider: Battride War Creation Japanese Ver.,B017ASN95W
Sword Art Online: Lost Song (PS4),B014GZ0N1A
Bandai Yokai Watch Kyaratchi,B00GN4CO4W
Bandai Kamen Rider Zero-One DX Freezing Bear Progrise Key,B07YN5Y4QS
Mobile Suit Gundam EXTREME VS-FORCE / Japan imported / PSVita,B0166FC9J2
Bandai Dragon Ball Super Starter Deck 07 Shenron's Advent in Italian| Green| 751293,B003UTXX6G
Darth Vader ToothSaber by Bandai,B01BNBUO7I
Bandai Shokugan Sodo Kamen Rider Zi-O 7 Set,B07KQSWWZJ
Naruto to Boruto Shinobi Striker (PS4),B07H2CQ35J
J-Stars Victory Vs+ - PlayStation 4,B00RHI62N2
Dragon Ball Z- Deformation Mini Figure Random Blind Box Figure- 1 Figure,B01FV7ZY4S
Naruto ninja 2 (PSP) (輸入版),B003NX6A28
Gundam HGUC 007 Guntank Scale 1/144,B00030EVD4
New Can Badge good! Can Badge maker,B001D1XYKS
BANDAI/GUNDAM WING GM10 Gundam Marker Black,B0113EW1GW
Beast Power Squadron Kyouryuuger Beast Electric Dragon Series 00 Tobasupino,B00DQ2AFGI
Splatoon 2 - Kisekae Gear Collection Part.3 8Pack Box (Candy Toy),B07CGCXFC3
Bandai 1/144 Scale kit HGUC 167 Gundam F91 EFSF Prototype Attack USE Mobile Suit,B07S9DTZC2
NARUTO Mini Figure - 5pcs Set [w/ Bandai Items 1pcs],B00TPJSG62
Little Nightmares - Complete Edition PS4 (PS4),B07P67PP2L
Frankenstein: The Monster Returns,B00004SVXS
Bandai Kamen Rider Saber DX Swordriver Hissatsuholder & Jackun-to-Domamenoki Wonder Ride Book,B08F2YDCGF
Bandaï Yo-Kai Watch Fuyunyan Color-Coded Plastic Model,B0162CNNTE
Bandai Absolute Chogokin Dynamic Kotetsu Jeeg Figurine| 4549660023234| 8,B019SXZT0A
One Piece: Burning Blood,B01617W04E
SD Gundam G Generation Spirits [Japan Import],B000VD4SRW
Bandai 1/144 Scale Kit R12 Mobile BuCue (HG Gundam Seed),B07MNP1Q7Y
Namcot Collection (Multi-Language),B086GYXBQT
Bandai Hobby Figure-Rise Gundam Build Divers Diver Nami Model Kit,B07DW67DBT
Sword Art Online - Lost Song - (product code shipped the item that can be used within the Limited bonus game is released),B00PAATN1C
Bandai Kamen Rider Saber DX Needle Hedgehog Wonder Ride Book,B08GXJ6KDF
Digimon Card Game New Evolution【BT-01】 (Box),B084C11XKG
Project CARS 3 - Xbox One,B089XFY8RN
BANDAI Little Battlers LBX Battle Card Game Starter Entry New LBX A [D-S04] (Japan Import),B0058CI3PE
Jump Force: Deluxe Edition - Nintendo Switch,B0876WHBXW
Bandai Kamen Rider Zi-O DX Wizard Infinity Style Ride Watch,B07MJDRZPP
BB#242 God Gundam G Gundam| Bandai SD,B000TNEOBO
Gundam Seed Providence Gundam 1/100 Scale Model Kit by Bandai,B00030EUWG
Hg 1/144 Strike Freedom Gundam,B07HYY75M7
Battle Stadium D.O.N. [Japan Import],B000FY7JUU
Bandai Namco Watch Specter Specter Medal Zero Z-2nd nowadays Yokai Paradise ! (Box),B00MLODYJC
Yo-kai watch DX cleaner Mascot's Nyan Whisper Cell Phone Charms,B00VYK61CQ
Naruto Shippuden Ultimate Ninja Storm 3 Sony Playstation PS3 Game,B00AYR2N7C
One Piece Pirate Warriors 3: Playstation Hits (PS4),B07HYDY3R2
Godzilla Bandai 2004 Silver Sticker 2005 Angurus New With Tag 12L X 4H,B0003095AS
Jump Force - Xbox One Collector's Edition,B07HKVGBMV
Steven Universe Save The Light And OK K.O.! Lets Play Heroes (PS4),B07HG6ZFTZ
Neon Genesis Evangelion 2 [Japan Import],B0000CGAE9
.hack| Part 3: Outbreak,B000094M46
Bandai Ultraman ob Ultra Few John Cards Legend Few John Set,B01EXYTJJ6
Bandai HGBF 1/144 Gundam Schwarzritter Model Kit 5058252,B07RFRKXLM
Bandai Kamen Rider Saber DX Tenkuu-no-Pegasus Wonder Ride Book,B08K3WVQ55
BB Senshi 008 Hakugin Ryuuseiba,B0035USBNU
BANDAI Super Dragon Ball Heroes Universe Deck Set [Japan Import],B07H5HQQLK
Dragon Ball Super TCG Universe 6 Assailants Series 7 Assault of the Saiyans Expert Deck 01,B07QPCFW91
Ultraman X Cyber Card Set Vol.3,B014KNPUFM
Tokyo Ghoul JAIL Japanese Ver.,B012A722LU
Power Rangers Megaforce Action Card Game Starter Deck Rise of Heroes,B00CZBHETW
The GUNDAM CROSS WAR pre-built starter deck Encounters universe [GCW-ST1],B012CT4ZUC
Figure-rise Effect Jet Effect (Clear Yellow) Plastic Model,B07R3X8M1D
Sailor Moon Dx My Chopsticks Collection Spiral Heart Moon Version Japan Import,B00NSJ74WC
Bandai Tamagotchi P's White (Japan Import),B009IE10ZS
Yokai watch specter medal to Chapter 1 reprint ~ Welcome! Specter World! ~ (BOX) by Bandai,B00OL6GV2U
ALL STAR HEROES One Piece Naruto Bleach Dragon Ball Z Character Card Sleeves TCG CCG MTG Magic Weiss Schwarz,B00ETO3XCK
Bandai Doubutsu Sentai Zyuohger Zyuoh Cube Weapon EX Doubutsu Busou Cube Shimauma & Cube Kamonohashi Set,B01JFP3EGC
Godzilla PS3 [Japan Import],B00MWRGIZU
One Piece Pirate Warriors 4 PS4,B085QRMYY1
GUNDAM FIX FIGURATION # 0019 Super Gudnam & Full Armor Gundam Mk_II,B0002U3FNW
Specter watch Toritsuki card Battle Official Card Case GOLD by Bandai,B00TXZ75D8
Taiko no Tatsujin Dodon don in the session! Included version japanese Ver.,B07424Y38Y
NARUTO-ナルト- 疾風伝 ナルティメットストーム4,B0131V5P7W
Bandai Namco #28 Try Burning Gundam Gundam Build Fighters Try| Bandai HGBF (BAS5055437),B07HVK76FN
Digimon Japanese XROS Wars Mini Virtual Pet Greymon Blue,B0043T6WTM
Mighty Morphin Power Rangers,B000035XBI
Bandai - Figurine Saint Seiya - Myth Cloth Ex Surplice Pisces Aphrodite 18cm - 4573102551566,B07LDSZBNW
Gundam Decal for MSZ-006 Z(ZETA) GUNDAM (Ver.2.0) by Bandai,B001POZOC4
Bandai Specter Watch DX Specter arc Series 04 Mystics one Martial Arts Meeting Emma Great,B07Z4VDWKX
Tamagotchi Tama Tomo Strap DX Lovetama set (Japan Import),B009JW4PJM
Cowboy Bebop (Bandai the Best) [Japan Import],B00005OV3T
MXGP 14: The Official Motocross Videogame,B00NLZAC04
Bandai - Figurine Saint Seiya Myth Cloth EX - Byan Hyppocampe 18cm - 4573102595867,B087QSRX4Q
Gundam RB-79 Ball Ver Ka with Extra Clear Body parts MG 1/100 Scale,B00338IEQ8
Megaman Battle Network (Rockman EXE) Donjara Compact Board Game ( NT Warrior Bandai 2002 Bandai ),B00JF5E232
Ice Age: Scrat's Nutty Adventure (Nintendo Switch),B07TMHVNGK
Bandai Keroro Gunso Plastic Model Collection 05 Lance Corporal Dororo,B07L3T8FDQ
Bandai Godzilla Card Game,B07VDH685Q
Naruto Ultimate Ninja Storm Trilogy (PS4),B0764BJRQB
Beasts War Great Animal Kaiser new series Official Binder Set by Bandai,B00JVEQIMK
Sunrise Crusade Horizon in the Middle of Nowhere by Bandai,B005IVZNCQ
Bandai Kaitou Sentai Lupinranger VS Keisatsu Sentai Patoranger VS Vehicle Series Concatenated transformation DX X (X) changer Japan Import,B07DFPQTZ5
Go! Princess Pretty Music Princess Palace DX Royal dress up key set,B017GZ36DY
BANDAI/GUNDAM WING 190136 1/500 Yamato 2199 Expansion Set 1,B00J4G4MDM
Bandai Tamagotchi P's Feat. Aikatsu! Set,B00C2MMUMU
Digimon JAPANESE Xros Wars 5 Inch PVC Figure with Chip Shoutmon X4,B003NB7IJY
Crush Gear CGW-07DD/D Tigeraid,B008UZS11W
Digimon Story Cyber Sleuth: Complete Edition - Nintendo Switch,B07V42555Q
Naruto- Naruto - Ultimate Ninja Storm Shippuden Revolution,B00N0RJAM4
Bandai Tamagotchi P's Green (Japan Import),B009IE164I
HGPG Gundam Build Fighters 1/144 Petit'GGuy Stray Black & Catcos Plastic Model,B07X92M95V
Sherlock Holmes: The Devil's Daughter - PlayStation 4,B01M1209WN
Naruto CCG: Guardian Village Tin,B0021XCU5M
BANDAI Gundam Marker Real Touch Marker GM409 Yellow 1,B002DTDIRI
Zyuden Sentai Kyoryuger - Kyoryuger Narikiri Set by Bandai,B00BLC52NG
Bandai HGBF 1/144 Amazing Strike Freedom Gundam Model Kit (Resale Version),B07DXFMV8S
Sword Art Online: Fatal Bullet - Xbox One,B074WQ1K1V
BANDAI Star Trek Deck Building Game: The Next Generation - Next Phase Edition,B006GIZ9IS
Captain Tsubasa J: Get in the Tomorrow [Japan Import],B000069S02
Bandai Sakai Yuji produced Godzilla Complete Works 3rd-6 Godzilla 2000 Millennium [1999],B00O0NII2K
Eye cutlet phone look by Bandai,B00LNS3MQC
Namco Bandai Games TSUME Naruto Limited Edition Statue,B01EW7CW8O
Bandai Keroro Gunso Plastic Model Collection NO.25 Musha Keroro Robot,B07L3SHF36
HG Gundam Gundam Gundam THE ORIGIN MS-06S char's Zaku II 1 / 144 scale color plastic model,B07JVLHXG4
Black Clover Quartet Knights (PS4),B07C7YLL7N
Fighting Edition: Tekken 6/Tekken Tag Tournament 2 and Soul Calibur V,B00VPUQ5L2
Bandai Sailor Moon Compact Case Packed Earphones Cosmic Heart SLM-21A,B00N4JFX88
Battle Spirits Hologram Card Sleeve Platinum Gold,B007VA9H8S
Data Card Das Yokai Watch Friend Ukiuki Pedia 9 Pockets Binder Set,B00MFJW76Y
Ride - Xbox One,B00T5WZQI0
Ride - PlayStation 4,B00T5WZRY8
Running Trucks F for B Train Shorty (for Freight Cars) (set of 4| 8pcs) (Model Train) by Bandai,B009JWM594
Bandai Namco Super Robot Wars X (English Language) (Japan Version) (RegionFree),B07YSNM6X7
JEU Console BANDAI NAMCO Dragon Ball Z Kakarot PS4 |113475,B07XJZS6L2
Dragons Dawn of New Riders (PS4),B07N91GL6Z
Gundam AMX-003 Gaza-C Hamarnn Custom HGUC 1/144 Scale,B000EGD458
HG BUILD CUSTOM 1/144 Build Booster Mk-II Plastic Model,B07SJDQL3K
Bandai Naruto CCG: Fierce Ambitions Tin,B003NGZYMC
MSV #16 Yms-09 DOM Tropical Test Type Model Kit,B001V5O1HG
Bandai Tamagotchi Meets Magical Meets ver. Pink,B07J6MPFQH
Bandai Data Carddass Kamen Rider Battle Ganbarizing DX Beetle Camera Full Bottle & Binder Set,B0754FXKDC
Code Vein - Xbox One,B072MK6ZHK
Bandai- Zak Storm 41530 Articulated Figurine| Multi-Colour| 8 cm,B079TYC3XL
Bandai Little Battlers Experience LBX 050 Val Diver 1/1 plastic model kit,B00DW2FX7I
Bandai Sailor Moon Moonlight Memory Series Crisis Moon Compact Mirror Case,B01B4PXR5O
30MM 1/144 Commander Aircraft Optional Armor [for Porta Nova / Red] Plastic Model,B07SC5X671
Cowboy Bebop: Tsuitou no Yakyoku [Japan Import],B0009W1QEI
Naruto Shippuden Swing Keychain - 1 Killer Bee (8 Tails),B004H70GQU
KiraMeiger Complete Set DX Kiramai Changer & Kiramai Shot & Kiramai Sword Blue,B084C8XN69
Tales of Berseria - Standard Edition [PS3],B01E6QIGCW
Bandai Yokai watch kyaratchi! Fumi-chan ver.,B00T5F0S2Q
Teen Titans 5 Action Sounds Robin Action Figure,B0000SWDEI
#202 RGM-79[G] GM Ground Type Gundam 08th MS Team Bandai HGUC,B07H6FPQ2Z
Ribbit King - PlayStation 2,B0001LQJSK
Bandai BAN159943 1/144#98 FA-78-3 Full Armor Gundam 7th,B002K74NT0
Bandai 1/144 HG Mobile Suit Gundam Seed Destiny ZGMF-X666 Legend Gundam (Japan Import),B07H7JTDFH
Dragon Ball Super: Unison Warriors - SD14 Sayan Wonder Starter Deck,B086Z5SZ7V
J Stars Victory Vs Anison Sound Edition (Special Gift for First Release Not Included)[Japan Import],B00IP0UYNK
Sword Art Online: Lost Song - PlayStation Vita,B00X8XWBDK
Kamen Rider Wizard Dragon Flame DX Ring Set,B009IE0W98
Digimon Super Bromaido Over-Sized Trading Cards,B0026NJAXM
Tales of Vesperia - Definitive Edition - PlayStation 4,B07DL353F8
Bandai Gundam Marker Metallic Blue| BANGM17,B0063CFVIK
HGUC 1/144 RGM-89S Prototype Stark Jegan by Bandai Hobby,B01KRROSQ2
Bandai Hobby - One Piece - Chopper Robo Super 5 Walk Hopper| BandaiChopper Robo,B07JBS5HDW
BB Senshi No.239 Shining Gundam Plastic Model,B07MNMTKPH
Troopers Cardboard W (Double) LBX 013 Custom Weapons,B008B6BKMW
Shine of Battle Spirits Special deck set 12 Miya X Rare [ SD27 ] by Bandai,B00MQD0N8I
SD Gundam Force Showdown - PlayStation 2,B0002CHJ4Q
Bandai Digimon Game Card Starter Deck - Blue Deck,B0026NB6CU
Haunted house game (japan import),B0002UAI7I
MG Mobile Suit Gundam Seed 1/100 Providence Gundam G.U.N.D.A.M. Edition Plastic Model,B07B656YTG
Shaman King: Funbari Spirits [Japan Import],B0001GQ8J0
Super Dragon Ball Z [Japan Import],B000E6R18O
Monster Party - Nintendo NES,B00004SVSJ
Bandai LBX Xenon (13.5 cm Plastic Modelling kit) The Little Battlers [Japan],B005QKFAC2
Gundam Battle Royale PSP Japan Import Game NEW,B000HDAMBM
Saint Seiya Sanctuary Battle - Playstation 3,B00690LYJ6
Knights of the Zodiac (Saint Seiya)-Brave Soldiers-,B00E34ED1G
Inuyasha: Feudal Combat [Japan Import],B00097D92A
TAMAGOTCHI 4U+ Bandai - Peach Orange,B00ZHJGZ8A
Bandai Gashapon Dragon Ball UDM Best 24 Figure Swing Keychain~S.S Rose Black Goku,B07D7Y2T7P
Super Dragon Ball Heroes: World Mission - Nintendo Switch Standard Edition,B07NH3TKQG
PRE-ORDER! Pac-Man & The Ghostly Adventures HD Sony Playstation PS3 Game UK,B00G4UFW3U
Sword Art Online: Fatal Bullet - PlayStation 4,B074WQLH4H
God Eater 2: Rage Burst (Includes God Eater Resurrection) (PS4),B01L2BPICU
JoJo's Bizarre Adventure: Eyes of Heaven (PS4) by Bandai Namco Entertainment,B01J4KOW82
Dragon Ball Super Card Game D-04 Dragon Brawl Booster Box! 24 Packs| 12 Cards per Pack,B07X3JRN6H
BANDAI Dragon Ball Disk Loss DX Super Disk Loss Holder Set,B019GPK3T2
Bandai Dragonball Z UDM The Best 03 Gashapon Keychain Figure -1.5- Gotenks Super Saiyan,B00GYLHJIA
ALL STAR RIVALS One Piece Naruto Bleach Dragon Ball Z Character Card Sleeves TCG CCG MTG Magic Weiss Schwarz,B00ETO3XYI
BANDAI Spirits Entry Nipper (White),B07NQ5G3G6
Bandai Kamen Rider Zero-One DX Flying Falcon Progrise Key,B07VS2YYGF
Super Robot Taisen Og Saga Masou Kishin III Pride of Justice,B00CPZW4XO
Silent Bomber,B00004S4YB
Bandai Digimon 15th Anniversary Digivice - Taichi Orange Color Exclusive Limited,B00SB3AV3O
Bandai - DBZ Super - Gift Box 2018 - 4549660317272,B07HYG92DQ
Gundam AMX-003 Gaza-C HGUC 1/144 Scale,B000EGD43A
Mr. Driller Encore (English Language),B086H1131V
Magi: The Labyrinth of Magic| The New Frontier,B00G564A18
1-2 Switch - Standard Edition (multi-language) [Switch],B01MS93HOF
Bandai Kamen Rider Saber DX Peter Fantasista Wonder Ride Book,B08DS4MHWG
Tales of Zestiria - PlayStation 4 Standard Edition,B00X8WTMKQ
Dragon Ball Super: Unison Warrior Series 10 Spirit of Potara SD12 Starter Deck,B089DPQ38W
Bandai Yokai-Watch U Prototype (Japan Import),B014QUWHCI
Star Wars 1/12 R2-D2 & R5-D4,B00RYSALNC
Bandai HGPG 1/144 Petit'gguy Graham Aker White & Placard Model Kit(Japan Import),B075DDFHTB
Mobile Suit Gundam - Target in Sight,B000P0RTJ0
Digimon World: Next Order - PlayStation 4,B01LZ4MLV8
Gundam GAT-X105 Strike Gundam with Extra Clear Body parts MG 1/100 Scale,B00338IES6
Macross Frontier VF-25F Valkyrie Deculture Decal 1/72 model kit by Bandai,B002K74NYK
Naruto: Narutimate Hero 3 - PS2 Japanese Import Game,B000KEA39Y
Sword Art Online: Hollow Realization (PS4),B01MS191DI
PS4 Close BURNING EDGE Japanese Ver.,B01JG8JMT6
Naruto Boruto 2-Player Card Game: Naruto Shippuden & Boruto Set,B07QPB639D
Tekken 7 (PS4),B00ZFQC0KC
Mobile Suit Gundam: Encounters in Space,B000094M4C
One Piece: Pirate Warriors 3 - Deluxe Edition (Code in A Box) Nintendo Switch,B07WHG6T3L
Inuyasha: Juuso no Kamen [Japan Import],B0000EJUUU
Naruto Ultimate Ninja 3,B001C3A10S
J-Stars Victory Vs [Playstation Vita] [Japanese Version],B00IP11F4G
Bandai Namco Games Katamari Damacy Encore NINTENDO SWITCH REGION FREE JAPANESE VERSION,B07HS1ZXC7
BANDAI Gundam Marker Real Touch Marker GM408 Green 1,B002DTJ4OY
SOULCALIBUR VI: PlayStation 4 Deluxe Edition,B07DL3DGP5
Naruto Foretold Prophecy Theme Decks Trading Card,B004A41MBS
Mobile Suit Gundam: One Year War [Japan Import],B00065G7PQ
Disney TSUM TSUM FESTIVAL (Nintendo Switch),B07NR1LDGV
Ultraman Nexus [Japan Import],B0007XQ47I
Bandai 1/144 Scale kit Iron-Blooded Orphans 013 Gundam Gusion Rebake,B07TLKY485
Dragon Ball Super: Unison Warriors - SD13 Clan Collusion Starter,B086Z7DVN5
Oja Majo Do-Re-Mi Dokkaan! Nijiiro Para-dice [Japan Import],B00006L8ZL
.hack//LINK [Japan Import],B002YQ3YFG
Battle Spirits collaboration booster Godzilla monster King roar booster pack [BSC26] (BOX) by Bandai,B01G1BXOPY
Namco Bandai Games 12029 Dragon Ball Xenoverse [video game],B00SI93U20
Digimon Rumble Arena 2 - Xbox,B00009YEJN
Naruto CG-NARSTDECK Invasion - Naruto Theme Card Game [card Game],B006GHVDF2
PS4 Accel World VS. Sword Art Online (English Subs) for Playstation 4,B073V24NQL
Taiko no Tatsujin Nintendo Switch version! japanese Ver.,B07D2L6Z8T
Battle Spirits Ultimate Battle 01 Booster pack yBS24z by Bandai,B00E94LBTM
Dream Kira Bag Ver. Tamagotchi,B00948QWSI
Bandai Zombie World Order Special Pack [Sealed],B072F9T8TS
Bandai Hobby - Gundam IBO - #36 Gundam Bael| Bandai HG IBO 1/144,B07F9L3GCD
Bandai Shuriken Sentai Ninninger Nin Shuriken Series 01 Akaninger Shuriken,B00T8SEJT8
Bandai Namco Star Wars Vehicle Model 011 Blue Squadron Resistacce X-Wing Fighter Model Kit(Japan Import) (BAN219553),B07591V91M
Snoopy Vs. The Red Baron - PC,B000GLT7NY
BANDAI R-Jarja 1/144,B001BDPWGM
.hack// fragment [Japan Import],B000AJHDEW
Little Nightmares Complete Edition (Nintendo Switch),B07BHGT42W
Gundam vs. Zeta Gundam - PlayStation 2,B0008GJRSC
Bandai RAHXEPHON [HG:],B003F9Y0QI
Tamagotchi P's Love&Melody Set(japan import),B009IE1634
Tales of Vesperia - Definitive Edition - Xbox One,B07DL897C1
1/144 Scale Basic Grade Model Kit #33 Rx-139 Hambrabi (Bandai) Zeta Gundam Series,B001JSVR2M
ONE PIECE Kizuna boost card Battle Starter Set JAPANESE Ver [OP-ST01],B0135NNASM
Super Dragon Ball Heroes (Nintendo Switch),B07MTS6CFL
Bandai Hobby Gundam IBO Gundam Gusion Rebake Full City HG 1/144 Model Kit,B07FCKB1X4
Battle Spirits - New Series : Hero [Red Deck] by Bandai,B00E94L9XA
Gundam MG 1/100 MS-06S Zaku II Johnny Ridden Custom,B00CZ74ACK
Futari wa Precure Max Heart: Danzen! DS de Precure o Awasete Dai Battle [Japan Import],B000BNB17W
Bandai Hyper Yo-Yo Cross Dragon Red,B0030L7N5Q
Bandai Sailor Moon ribbon reel stereo earphone Crystal Star brooch SLM-34A,B00TJKQO52
HG Mobile Suit Gundam: Iron-Blooded Orphans 1/144 Schwalbe Graze (McGillis's Custom) Plastic Model,B07S8BK99N
Bandai HARO Pla Gundam Hello Kitty x HARO (Aniversary Model) Plastic Model Kit,B0854KZ649
Dragon Ball Z: Ultimate Battle 22 (Playstation the Best) [Japan Import],B00002SZR0
Taiko no Tatsujin Drum 'n' Fun! Bundle - Nintendo Switch,B07K2CPQR3
PS VITA AW PHOENIX FESTA (English subtitle),B01JW63YEQ
Dragon Ball Evolution,B00472NZUE
Kamen Rider: Battride War Creation Japanese Ver. (Limited edition),B017ASN9C0
1/144 Petit'GGuy Future Pink Plastic Model,B07XB63CRL
Bandai Ultraman Orb DX Orb Calibur,B01M1YKAXL
MEGA Programmable Controller by Bandai,B00IFHW9J0
#15 Gundam Decal - Dom| Rick-Dom 1/100 MG Waterslide Decals,B000UF3KXY
Dick Tracy - Nintendo NES,B00004SVOX
Bandai Carddass GUNDAM CROSS WAR pre-constructed starter deck The Descending Sword GCW-ST2,B012CT52OK
Dragon Ball Super Draft 03 Booster Box Trading Card Game 24 Packs New Leaders!,B07H2LBZZS
BANDAI Macross Machine Collection Series Macross Delta SDF/C-108 Macross Elysion Fortress Type,B01HZ6Q42E
Bandai Namco Dragon Ball Super Card Game: Resurrected Fusion Starter Deck,B07KKK529P
PS4 Girls und Panzer: Dream Tank Match (English Subs) for PlayStation 4,B07B3VV7SM
【JAPAN ONLY】HG 1/144 Scale OO RAISER Gundum ANA Color Ver.,B004IXGO82
From TV Animation One Piece: Grand Battle! Combat Rush [Japan Import],B0007CVYSS
Kamen Rider Strike Wizard Robe Accessory Black,B00C7ZRPK4
Dragon Ball Z: Bukuu Ressen [Japan Import],B000BKF4PK
Gundam Decal for (1/144) Gundam Char`s Counter Attack E.F.S.F.,B002IT69QK
Bandai Sailor Moon Prism Stationery Pointer Ballpoint Pen Kaleidomoon Scope,B01DRVNZCI
Dark Souls III: Day 1 Edition - PlayStation 4,B0191J0RXA
BANDAI SPIRITS Keroro Plastic Model Collection Tamama Robot Color-Coded pre-Plastic,B07L3TWW1V
Bandai Kamen Rider Drive DX Shift Fruits & Drive Lock Seed Set,B00QEQZF90
Bandai Maho Girls PreCure! Magic Rainbow Carriage & Precious Breath,B01LC5VD34
TAMAGOTCHI 4U+ Bandai - Sky Blue by Bandai,B00ZHJGYXG
Ultraman Fighting Evolution Rebirth [Japan Import],B000AMCV46
Bandai Kaitou Sentai Lupinranger VS Keisatsu Sentai Patoranger Pat MegaBo,B078KMCVBB
Bandai Super Dragon Ball Heroes 4 Pocket Binder Set Big Bang Mission,B0897SSHH1
Sword Art Online: Hollow Realisation Deluxe Edition (Nintendo Switch),B07N7ZHHX7
Dark Souls III (PS4),B01HBQ2E18
Bandai Namco Kamen Rider Climax Fighters Sony PS4 Playstation 4 Japanese Version RegionFree,B075JBRKP6
Yokai Watch Whisper Cleaner with Mascot,B00JX7A8FI
Bandai God-to-Me Key of Sparkling Happy Hirake! Kokotama Building Blocks,B07MFSK3BM
Dragon Ball Z: Burst Limit [Japan Import],B0012G4LHO
Toxic Crusaders - Nintendo NES,B00004SVW8
Kamen Rider V3 (Bandai the Best) [Japan Import],B000066573
Bandai Draft Box| Colour Yellow| DBSP1077,B07JK2PPVV
Tekken 7 + Soulcalibur VI PS4,B0813BWVJM
Macross VF-X 2 [Japan Import],B00005OVTM
From TV Animation One Piece: Gear Spirit [Japan Import],B000T56ABY
Bandai HGUC 1/144 Sazabi Plastic Model (5058889),B07XG9KGSW
Naruto Shippuden Card Game Broken Promise Booster Box 24 Packs,B00302JEH0
Saint Seiya: Soldiers' Soul (PS4),B015OSK7JG
Gundam SD-212 ZZ Gundam,B000NPM2W6
Bandai Sailor Moon Luna and Artemis Pair Mug Cup,B00HI6UFQS
Dragon Ball Super: Unison Warriors Series 10 - SD14 Saiyan Wonder Starter Deck,B089DPQHLJ
HGUC 1/144 Nu Gundam Plastic Model,B07S5KD81F
Legends of Diamond - Nintendo NES,B00004SVRL
BANDAI Super Mario 3D Land Enemy Keychain Charm Aprox .5 fig 2.5 Overall- Green Biddybud,B00G4PTPLU
Bandai HGPG 1/144 Petit'gguy Surfacergrey&Placard Model Kit(Japan Import),B06XSQYCB6
Witch Pretty Cure! Wrinkle Smart phone(Toy),B01BBFYWZG
Bandai 1/144 Scale kit HG Build Fighters 046 GYANCELOT,B07QNJ1VP4
Mobile Suit Gundam Climax U.C. [Japan Import],B000E3UNH8
Mobile Suit Gundam Seed Destiny: Rengou vs. Z.A.F.T. II Plus [Japan Import],B000I79S6W
Tales of Symphonia: Ratatosk no Kishi (Minna no Susume Selection) [Japan Import],B0035JJCLQ
Mighty Morphin Power Rangers: The Fighting Edition,B00004TMMG
Gundam Char Exclusive Mug by Bandai,B0013RDKZG
Bandai Batman Batmobile Batwing Evolution Set 1:64,B00073IA5W
Bandai Kamen Rider Zi-O DX Time Mazine Geiz Mode & Diend Ride Watch,B07L5KXH3Y
BANDAI SPIRITS Keroro Plastic Model Collection Dorororobo Color-Coded pre-Plastic,B07L3SXRL2
BANDAI Naruto CCG: Will of Fire Booster Pack,B003O42T2Q
BANDAI Onslaug RAGON Ball Super JCC-Universal Onslaught-Booster 09 x24,B07WXLB459
Bandai Kamen Rider Zero-One Progrise Key Set 02 DX Crushing Buffalo & Splashing Whale Progrise Key Red,B087TPYFGM
Bandai Keroro Plastic Model Collection Keroro Robot Color-Coded pre-Plastic,B07L3TZK6D
Builders Part MS Effect 01 (Yellow) 1 / 100 Scale,B01FRUKK98
013 Death Star II Star Wars| Bandai Vehicle Model,B07CMVP1W5
Figure-rise Effect Jet Effect (Clear Blue) Plastic Model,B07R3YXD5H
Dragon Ball Super: Unison Warriors Series 10 - SD13 Clan Collusion Starter Deck,B089DSBF2M
Naruto to Boruto: Shinobi Striker (PS4),B072RCCYTT
Gundam: Battle Assault 2,B000067QSG
Accel World VS Sword Art Online (PS4),B071LRGZRC
.hack| Part 2: Mutation (Japanese Import Video Game),B00006BXPG
Bandai America Naruto Shippuden Card Game Foretold Prophecy Shadow of The Snake Theme Deck,B004A42UNC
Bandai Fairy Tail Figure Keychain 1.75 Digital Eye- Gray Fullbuster,B00M8F85JI
Digimon World X [Japan Import],B0006JHQ98
Digimon Battle Chronicle [Japan Import],B0002CX8I2
Bandai Kaitou Sentai Lupinranger VS Keisatsu Sentai Patoranger Batten ten hand swords DX X (X) Rod sword japan Import,B07DFPNG13
Gintama Rumble (#) /ps4,B079412PXC
Gundam: Battle Assault 3,B0001WN0SG
Xbox One - Dragon Ball Z: Kakarot - [PAL EU - NO NTSC],B07T4D3RLD
Ben 10 NSW (Nintendo Switch),B07D9SGPTZ
Tekken 7: Collector's Edition - PlayStation 4 Collector's Edition,B01MR8JLZ1
Tamagotchi Connection V 5 Tamagotchi Deco-ratchi Kit - New Skin Color and Kuchipatchi stickers,B000UO7G6M
TAMAGOTCHI 4U+ Bandai - Light Purple,B00ZHJHA4S
Dragon Ball Super Series 6 Destroyer Kings TCG Booster Display Box - 24 Packs,B07N7LCN5Y
Tekken 7: Collector's Edition - Xbox One Collector's Edition,B01N24VM5T
Bandai Kamen Rider Ex-Aid DX Gashakon Paranlaygun,B06XYM2PKZ
Specter watch Toritsuki card battle level up booster [YWE01] (BOX) by Bandai,B00SXTJF1K
Naruto Boruto Card Game: Naruto & Naruto Shippuden Set,B07QPBQ98X
Bandai Sangoku Soketsuden HARO: SD Sangoku Soketsuden x HaroPla Model Kit,B07VSNDWMT
namco bandai My Hero one Justice 2 - Xbox one,B082T86J7Y
One Piece Unlimited World Red Deluxe Edition (PS4),B0764HRZXB
Aura Battler Dunbine (HG) 1/72 scale Plastic model) Bandai Aura Battler [JAPAN],B002GM32AK
Sword Art Online Game Director Edition permanent mounting privilege] PS4 Sword Art Online Re: - Hollow fragment - was delivered in the product code [first inclusion privilege]| which can be downloaded as Hollow fragment| Lost Song product code that costume can obtain,B010SP86X4
Dragon Ball Z: Burst Limit [Japan Import],B0012G6NBQ
SOULCALIBUR VI: Standard Edition - PlayStation 4,B077YDJYRY
Super Robot Wars T (English & Chinese subtitle) - Nintendo Switch,B07NHTWQ6J
BANDAI Super Dragon Ball Heroes Official 9 Pocket Binder Ultimate Set,B07FVQK19B
Godzilla - PlayStation 4,B00QXJFDZO
Saint Seiya Soldiers Soul Japanese Ver.,B0104YEVM4
Volume 1 the Great Yokai Yokai Watch Dictionary (Japan Import),B00GN4CFH8
BANDAI MG 1/100 MSA-0011 S Gundam (Gundam Sentinel),B00030EUF8
Smile PreCure! - PreCure Sound! Ultra Cure Décor,B009YCFY1A
Carddass sleeve NARUTO - Naruto - Naruto Shippuden (japan import) by Bandai,B0091O1BMW
JEU Console BANDAI NAMCO Jump Force PS4,B07DQ76NTS
Hajime no Ippo [Japan Import],B00NNHBQGE
WRC 6: World Rally Championship - Xbox One,B01NAUMXRC
GUNDAM vs GUNDAM NEXT PLUS for PSP [Japan Import],B002PAQ87C
Watch specter specter medal Chapter 4 ~ bulbul ! Trouble Great Yokai set ! ~ (BOX),B00NN2V4DO
Stadium Events (PAL version),B000LJX19C
TAMAGOTCHI 4U Charm Strap Purple Lace Style ( Tamagotchi 4U Charm Strap Purple Lace Style ),B00LGBMYSI
God Eater 2: Rage Burst (Includes God Eater Resurrection) (PS4) (輸入版）,B01F1PH5Z6
Battle Spirits Core Booster Shining Gold Gold Core 30 Pieces by BANDAI,B00EPWOSTS
BANDAI Battle Spirits X Rare Pack [Magic Dragon Emperor Siegfried] (Japan Import),B003DTL6G2
Jojo no Kimyou na Bouken Eyes of Heaven [ japan import],B015C2TYES
Project Cars 2 - Day One Edition for Xbox One,B072FDL3WM
The Legend of Heroes Gagharvtrilogy White Witch [Japan Import],B0006SJTZ8
Kamen Rider 555 [Japan Import],B0000DG18D
Tea time of the day and rising Professor Layton puzzle series Professor Layton (japan import),B001D1XYJ4
Love Live! Sunshine!! Kanan Matsuura Japan Soccer Representative Ver. Capsule Rubber Mascot Key Chain Collection Anime Girls Art,B07G8NZCKX
BANDAI Donjara J-Stars (Japan Import),B00BP1GP98
Bandai Kamen Rider Zero-One DX Attache Shotgun,B07X3CN2T2
Bandai Doubutsu Sentai Zyuohger DX Whale Change Gun,B01LC5VY7O
Super Robot Wars V (English) - Nintendo Switch,B07W84H1RS
Digital Monster Card Game Returns Digimon Adventure 15th Anniversary set,B00S3CAL3I
Kamen Rider Gaim DX Kiwi Lock Seed,B00GT8L1M8
Bandai Hobby Customize Effect Shooting Gunfire Image Yellow Ver. Model Kit,B084DFK2XT
.hack| Part 4: Quarantine,B000094M47
namco bandai one Piece Pirate Warriors 4 - Xbox one,B08232MBKZ
New Gundam Breaker (PS4),B07BTPKCD3
Tales of Vesperia - Definitive Edition - Nintendo Switch,B07DL897C4
Bandai Specter Watch DX Specter Watch Dream Official Micro SD Card Specter Data chip Ver.2,B01LX6W0ZN
Paw Patrol: On a roll! (Nintendo Switch),B07FR45NFR
NAMCO MUSEUM ARCADE PAC (Nintendo Switch),B07F8WHNB7
Battle Spirits Fire Yukimura Battle Card Case,B00SGQB0VI
Athletic World - Nintendo NES,B00004SVMV
RIBBIT KING - Gamecube,B00009YEKC
GOD EATER RESURRECTION,B010L15SWW
Bandai Super Mario Galaxy 2 Mini Foam Figures Super Mushroom Keychain,B0091WKKRQ
Dragon Ball Cho Figure Swing Keychain~UDM The Burst 16~SSGSS Vegeta by Bandai,B01B05K1CK
Kamen Rider Climax Scramble ZI-O Premium Edition -Switch Japanese Ver. (【Premium Edition content】DX ZI-O Ride Watch (Game Limited Original Ver.)etc.),B07HBVXL9R
Gundam MS-06S Zaku II Char Custom HGUC 1/144 Scale,B00030EUCG
Paw Patrol: On a roll! (PS4),B07FSB9XXX
Dragon Ball Super: Unison Warriors - SD12 Spirit of Potara Starter Deck,B086Z6XSB8
Mobile Suit Gundam Seed Battle Assault,B0001WN0MW
Battle Spirits Collaboration Ultra Monster Super Battle Booster Pack [BSC24] (Box),B019K5XE08
Ben 10 Omniverse 2 (PS3),B00EYVRW5C
Ultraman Hikari no Kyojin Densetsu (w/ 1MB RAM) [Japan Import],B000069S0G
Bandai Namco T Shirt Galaga 38Th Squadron Logo Official Retro Gamer Mens Red Size M,B07V5VQSMN
Bandai Mecha Collection Kamen Rider Series Battle Hopper & Shadow Moon Model Kit(Japan Import),B075CM8KTN
Kung Fu Panda: Showdown of Legendary Legends (PS4) by Bandai Namco Entertainment,B013SQ9I00
Youkai Watch DX Black Yokai Watch 2017model,B01MY8TIM7
BANDAI SPIRITS Keroro Plastic Model Collection Giroro Robot Color-Coded pre-Plastic,B07L3SDBWR
Digimonstory Cybersleuth Complete Edition,B07XCY4DYY
SATAN Gundam BB Senshi by Bandai,B0011TT5NC
Bandai Kamen Rider Saber DX Raimeiken Ikazuchi Emblem & Lamp Do Alangina Wonder Ride Book,B08JZSS495
SOULCALIBUR VI: Xbox One Collector's Edition,B07DKYHGY9
Steven Universe Save The Light And OK K.O.! Lets Play Heroes (Nintendo Switch),B07HG7TVBL
Robot Spirits Action Figure - Akatsuki Weapon,B00287437E
Teen Titans Collectible Card Game,B002UBIYFA
God Eater 3 (PS4),B07K2FV1N6
ONE PIECE Unlimited World Red: Day 1 Edition (PS Vita),B00KMBJWQU
Samurai Deeper Kyo [Limited Edition] [Japan Import],B000070G1P
Bandai Bakemonogatari Keychain Season 2 Aprox 1.5- Tsukihi Araragi,B00HRHTEM4
Digimon JAPANESE Xros Wars 5 Inch PVC Figure with Chip Drillmon,B003NB7IJ4
Digimon World 4,B0002J9UDC
Hobby online shop limited model HGUC 1/144 scalex3000;AMX-107R REBAWOO by bandai,B00H493ZIY
New Gundam Breaker - PlayStation 4,B079C6W7YJ
Bandai Kamen Rider Build DX Same Bike Full Bottle & Kamen Rider Build DVD Set,B079RSGJ8Z
Crusade pre-built deck set [JOJO'S BIZARRE ADVENTURE] (JOC-SO1),B00G644082
Evangelion Tamagotchi Evacchi Rei Model EVA -00 Proto Type Toy,B086ZGHS1L
Super Robot Big Bang V - Premium Animation Song & Sound Edition - Normal Edition / Limited Edition Initial Production Parts Include Product Code Including First First Encapsulated 3 Benefits ,B01M8PS8IP
Bandai Hobby - Mobile Suit Gundam - Gundam RX-78-2 (Version 2.0)|Bandai MG,B001AHX5QS
Bandai specter watch Hanafuda,B00T754XL6
BANDAI Digimon Adventure Reel Stereo Earphones AGUMON DGA-05A,B0195YWGV2
Zatchbell Elite Collection - The Gathering Storm,B000F2BMXM
Mobile Suit Gundam: Megurial Sora [Japan Import],B0000AKGN4
Mobile Suit Gundam: Lost War Chronicles [Japan Import],B000069E0H
Bandai Mashin Sentai Kiramager DX Kiraful Go Arrow Blue,B08GXHPC5N
Super Dragon Ball Heroes 9 Pocket Binder Set,B0746J3CNN
Carddass sleeve ONE PIECE Luffy (japan import),B0091O1AR8
BANDAI B Train Shorty - Kintetsu Series 30000 Vista III (2-Car Set) (Model Train),B00DI2XFKY
MotoGP 14 - Xbox 360,B00NLZA7UE
Naruto to Boruto Shinobi Striker Collector's Edition (PS4),B07D7HZZ22
Dragon Ball Super Card Game Expansion Deck Box Set 01 - Mighty Heroes by Bandai,B078NT8XT6
Gundam Versus - PlayStation 4,B072L3C3Q1
Ben 10 (Nintendo Switch) (UK IMPORT),B0772SCJQW
【PS4】アクセル・ワールド VS ソードアート・オンライン 千年の黄昏【初回封入特典】スペシャルダウンロードコンテンツ,B01N1PNKER
THE iLOLM@STER Idolmaster Cinderella Girls Idol Produce deck set [Cinderella stage] PINK,B00RFO503G
Dark Souls Prepare to Die Essentials (PS3),B01B2UKTMU
Digimon Collectible Card Game Hybrid Warriors Booster Pack [Toy],B0014XCX16
Ice Age: Scrat's Nutty Adventure (PS4),B07TLFYSGS
STAR WARS Trading Card Battle (provisional) booster pack [SW-01] (BOX) by Bandai,B016RVT3NK
Ellis of the morning star Ultimate Battle Spirits deck Akira [SD23] by Bandai,B00FR30MJO
BANDAI Data Carddas Aikatsu! 9 Pocket Binder Set All Star Idol!,B01510H6SC
Digimon Story cyber Sul © over scan,B00RBC8NCC
Bandai Kamen Rider Saber DX Dogouken Gekido,B08GXHFX59
Bandai Super Dragon Ball Heroes 4 Pocket Binder Set Brolly Ver.[Japan Import],B07JZKS3P8
Bandai Starter Series 1 Dragon Ball| Blue,B07BK55C9B
Digimon Japanese XROS Wars Mini Virtual Pet DarkKnightmon Black by Bandai,B0043T6WTW
JEU CONSOLE BANDAI NAMCO DRAGON BALL FIGHTERZ XBOX ONE,B0731BLTC5
Tales of Zestiria: Collector's Edition - PlayStation 4,B00ZDMZN8E
Detective Conan: 3-Jin no Meitantei (Bandai the Best) [Japan Import],B000067OVU
Bandaï 1 X Yokai Specter Watch 04 Kyuubi,B00J4G4MKK
Bandai SD Gundam Ex-Standard Hello Kitty/RX-78-2 Gundam Non Scale Kit,B0854KT1TZ
Sailor Moon 20th Anniversary Compact Mirror Capsule - Cosmic Heart,B00K0XHAGY
Bandai Children Toothbrush Three Set Thomas The Tank Engine,B000FQKBK8
SD Gundam G Generations Over World BAMDAI Sony PSP,B008DBOD2E
7 2001 Bandai Sotsu Agency Sunrise Gundam Gold Action Figure,B01M7ZVEOT
Bandai Gunpla Gundam Action Base 2 Sparkle Clear Red,B07QQYHSW9
The Witcher 3 Wild Hunt Complete Edition (Nintendo Switch),B07SZJQM7P
Bandai Golf Challenge Pebble Beach,B00004SVO4
PS4 Godzilla VS [Japan Import],B00WYI4ODU
#33 Gaia Gundam Andrew Waldfeld Custom 1/144 HG Seed by Bandai,B000AO54C0
Bandai Namco Gundam Memories -Tatakai no Kioku- for PSP [Japan Import],B004UJOPQC
Naruto Shippuden Narutimate Accel 2 (Requires Japanese PS2 - Japanese Language Import),B000VT3OPI
The Witcher 3 Game of the Year Edition (Xbox One),B01L0TM25U
Bandai Model Kit 24916 – Gundam Decal 117 RG OO QAN T 1/144,B077SJR4LF
HGBF 1/144 Sengoku Astray Gundam Plastic Model,B07RZD45GY
Ace Combat Assault Horizon Legacy +,B00S8V28ZI
Bandai Dragonball Z Gashapon HG 10 Mini Figure- Glow in the Dark Shenlong,B01BN2EYU0
JoJos Bizarre Adventure Eyes of Heaven - Standard Edition [PS3],B015C2TYM0
Battle Spirits pigeon spin Beginning set Fire kick-off [SD30] by Bandai,B00SGQB7M0
Bandai Star Wars AT-ST Snowspeeder Plastic Model,B06XCBMGY5
Gundam Waterslide Decals GD-85 HGUC MSN-06S SINANJU,B0046W8VIG
BANDAI Gundam Cross WAR Booster Pack Axis Invasion ?yGCW - B 002?z (Box) (Japan Import),B016U7JHXC
Super Robot Taisen XO [Japan Import],B000BN980Y
Dark Souls 2 Scholar Of The First Sin,B00T7HL2RW
The Witcher 3 (PS4),B01B67W404
KIRAKIRA ☆ PRECURE A LA MODE Sweets Pact,B01N0UWGK2
BB Senshi Shinsei Daishougun (120),B0013AZVAU
Mobile Suit Z-Gundam: AEUG Vs. Titans [Japan Import],B0000DG18F
BANDAI Tamashii Nations Getter Robo: Getter Dragon Absolute Chogokin Dynamic Mini Figure,B019SXZUT0
バンダイ(BANDAI) Battle Spirits God Vol.2 Booster Pack Card Game BS45 Box Japan,B07CPQRHBW
Dragon Ball Xenoverse And Dragon Ball Xenoverse 2 Double Pack (PS4),B07HG7HBTY
Bandai Marvel Disk Wars : The Avengers : Hyper Motions : War Machine,B00LBZTYZK
.hack| Part 2: Mutation,B00008O0YD
Adventure Time Pirates of The Enchiridion (PS4),B07FX5TB8Y
B Train Shorty DD51 form diesel locomotive standard color (locomotive 1 Both entering),B00U7DO91Q
Power Rangers Megaforce Action Card Game Rise of Heroes Booster Pack,B00CZBGUGK
The Super Dimension Fortress Macross Hybrid Pack [Japan Import],B007NDJG98
BANDAI SPIRITS Pokemon Plastic Model Collection 41 Select Series Pikachu Color-Coded pre-Plastic,B07HH5TT7R
Mobile Suit Gundam 00 [Japan Import],B0013D99N2
Bandai Kamen Rider Saber DX Storm Eagle Wonder Ride Book,B08JZS524F
Bandai Kishiryu Sentai Ryusoulger Ryusoul Buckle G,B07SMRBZ4G
Macross: The Super Dimension Fortress [Japan Import],B0000ARGYK
Tales of Vesperia PlayStation3 the Best,B00MHKHAXQ
JoJo's Bizarre Adventure: Eyes of Heaven (PS4),B01FHMIFSO
Smile Precure! - Nanairogaoka Middle School [Precure School Bag],B0075ZQZRU
TAMAGOTCHI 4U Cover Tama Galaxy style (Tamagotchi 4U cover Tama Galaxy style),B00O79C684
BANDAI Zero of Battle Spirits Ultimate Deck Gale [SD22],B00FR30MJY
Bandai Attack on Titan Swing Keychain Titan Figure,B00GNKXFJE
The Witcher 3 (Xbox One),B01B9I1B8Q
Bandai Macross Delta 1/72 Sv-262 Hs Draken III (Lloyd · Blade Machine) Deculture Ver. Model Kit(Japan Import),B07211LWZH
Saint Seiya Ougon Densetsu Kanketsu Hen Famicom Nintendo (Japan Import),B000068GW8
Bandai Kamen Rider Blade Rouse Card Archives Board Collection,B07R7Y2S1H
Bandai Doubutsu Sentai Zyuohger DX Zyuoh Buster,B01BBPYUQ2
Macross Delta VF-31F Siegfried (Messer there felt machine) 1 / 72 scale color plastic model,B01JLFUZ72
Fighting Edition: Tekken 6/Tekken Tag Tournament 2 and Soul Calibur V (PS3),B00R2IXPU0
Power Rangers Universe of Hope Booster Box,B00E7XTSZE
3rd Super Robot Wars Z Tengokuhen Playstation3 [Japan Import] with Rengokuhen product code,B00R18DYUC
Gundam Assault Survive [Japan Import],B0032JTHJ6
Captain Tsubasa [Japan Import],B000GJ0276
Dragon Ball Z: Budokai [Japan Import],B0000TC3XI
HG Gundam Gundam Gundam iron blood or fences gundamflauros (limited edition) 1 / 144 scale color plastic model,B07GR22M8T
BANDAI 1/1 Little Battlers LBX 057 LBX Emperor M3 LBX Emperor M5 Conversion Model,B00KRVJ7AQ
【PSVita】アクセル・ワールド VS ソードアート・オンライン 千年の黄昏【初回封入特典】スペシャルダウンロードコンテンツ,B01N0O5EYA
One Piece: Burning Blood,B01617VWU2
Dragon Ball Z: Legends [Japan Import],B000069S04
Dragon Ball Super Card Game Ultimate Box Expansion Set DBS BE03,B07FMCXZ13
Ultraman Fighting Evolution 0 [Japan Import],B000FGR93U
ACE COMBAT™ 7: SKIES UNKNOWN - PS4 Japanese Ver.,B07HHK766P
Bandai Pokemon Bubble Bath Bottle Type 300ml Pikachu P510910H from Japan,B01KLTVXKU
Evangelion Tamagotchi Evacchi Shinji Model EVA -01 Test Type Toy,B086ZGFKPR
Super Hero Generation　japan import,B00LP9A3RA
Blood+ One Night Kiss [Japan Import],B000FJ511E
Tekken 7: Day One Edition PS4 Edition by Namco,B083SS8S51
Bandai 1/12 Scale Kit Keroro Gunso 40 Deep Sea King Kururu & Kuru Arm,B07RQ4TB17
Love Live! Sunshine!! Full Cast Character Wafer Plastic Card Blind Display Case 20 PCS Anime Art Collection Vol.3,B07C9X7YLF
Dragon Ball Z: Ultimate Battle 22 [Japan Import],B000069RZU
BANDAI Digimon Japanese Xros Wars 5 Inch PVC Figure with Chip Ballistamon,B003NB7IIU
Mobile Suit Gundam: Senshitachi no Kiseki [Japan Import],B00011D1VI
Zatch Bell! Electric Arena,B0009UBR2G
Suite Precure Funwari Cure friends CureBeat,B0058PSP5E
Bandai Specter Watch Donjara Specter Watch Wasshoi Specter Honpo,B00Y2FKYKU
DCD Dice-O DX Official Binder 3 [Tokumei!! Dice-O Sennyu Kaishi] by Bandai,B007KI1ZSQ
Tales of Berseria - PlayStation 4,B01HQGWBZ2
HGBF 1/144 Super Fumina Titans Maid Ver.,B01L21QAY0
Digimon Story Cyber Sleuth: Hacker's Memory - PlayStation 4,B06Y3BVJ16
Summer Lesson (English Subtitle) - PlayStation 4,B071YPS6X4
NAMCO MUSEUM ARCADE PAC - Nintendo Switch,B07F6WPGN5
SOULCALIBUR VI: Xbox One Deluxe Edition,B07DL24T7W
Dark Souls 3 The Fire Fades (PS4),B01NAXQYY5
Bandai Namco T Shirt Galaga Squadron Logo Official Retro Gamer Mens Black Size S,B07V3S6LKW
BANDAI Macross Delta Super Pack Set for 1/72 Scale VF-31J Zeke Freed (Hayate Immelmann Machine),B01HZ6Q2OY
Bandai Hobby Gundam Wing G-Unit #02 Gundam Aesculapius HG 1/144 Model Kit,B07PPSHRJ1
Bandai BCLDBB1121 Dragon Ball Super CG: Booster Pack Miraculous Revival,B07JKJHS3J
Ambition of Giren - Zeon Independence War + Direction Book of Capture (Gundam the Best) [Japan Import],B0007L8UJ0
ダンボール戦機 LBX Battle Card Game Entry Starter 『LBX The・emperor』 【D-S03】,B00501P3LK
Bandai Spirits 30MM 30 Minute Missions Rabiot Special Operation Armor Light Green Model Kit,B084DF56KM
Bandai Smile PreCure! Royal Clock,B009336KCM
GOD EATER RESURRECTION Cross play pack＆Anime Vol.1 Limited production,B010L15SWM
Namco Bandai Naruto Shippuden: Ultimate Ninja Storm - Generations (Ps3),B005UZWF5I
Ultraman X Cyber Card Set Vol.1,B00YMKERDU
Bandai Model Kit-58102 58102 Raideen| 58104,B001NDJFFO
BOKU NO HERO ACADEMIA: BATTLE FOR ALL N3DS,B07BMYJSKB
SOULCALIBUR VI: PlayStation 4 Collector's Edition,B07DL2NQD5
Dragon Ball Super Shenrons Advent Starter Deck Series 7,B07KJRYXTH
Battle Spirits Collaboration Booster Kamen Rider Booster Pack,B07RVBCNS6
Bandai Dragonball Z UDM 7 Mascot Burst Keychain Figure 2- Gotenks,B00M8F78C8
Action Base 2 Sparkle Clear Green,B07QMRZMR8
Dragon Ball Z Sparking! Meteor [Japan Import],B000RP999G
Bandai Specter Watch DX Specter Watch Dream(Japan Import),B01EFCWQZK
Bandai 30MM Special Forces for Optional Armor [Portanova for/Light Blue] 1/144 Scale,B07P6P5YGF
Nintendo 3DS Tenkai Knights Brave Battle BUndle with Mini Bravenwolf,B00QB3IPMK
Naruto: Clash of Ninja Revolution - Nintendo Wii,B000S8JXAM
Code Geass: Hangyaku no Lelouch - Lost Colors [Japan Import],B0012AVQYG
Bandai Kamen Rider Saber DX Seiken Swordriver & Suiseiken Nagare Emblem & Lion Senki Wonder Ride Book,B08F5TSFD6
GUNDAM CROSS WAR Booster Pack sky conqueror [GCW-BO04] (BOX),B01HEC13B6
Mighty Morphin Power Rangers: The Movie,B00004TMOO
Dark Souls II: Scholar of the First Sin (PS4),B01BXHL160
Mighty Morphin Power Rangers,B00002SUAD
Digimon Battle Chronicle [Japan Import],B00027X6CA
Bandai 1/144 Scale 30 Minutes Missions 10 Option Armor for Alto Black,B07SDBF6WN
Bandai BB Senshi 365 Sinanju Plastic Model from Mobile Suit Gundam Unicorn,B07HWQ9YRG
Bandai Kishiryu Sentai Ryusoulger DX Ryusoul Set 04,B07SJGJPCH
【PSVita】 Macross Δ scramble Japanese Ver.,B01J9FYMBY
ディズニーマジックキャッスル 魔法のタッチ手帳 ドリームパスポート ドリーミーピンク,B0756TKQSH
Gundam RMS-099 Rick Dias MG 1/100 Scale,B00030EUW6
1/144 Hamma-Hamma,B0018WL48G
Bandai 1/72 Macross Delta VF-31C Super Siegfried [Mirage Farina Jenius Use] Model Kit(Japan Import),B075ZY8VHF
GUNDAM FIX FIGURATION Z GUNDAM THE MOVIE. EX by Bandai,B000B875UE
Tamagotchi P's Melody Land Set (Japan Import),B00AZU8CY6
B Train Shorty Dedicated Layout Base [N-b4],B00QPZQB5M
.hack| Part 4: Quarantine (Japanese Import Video Game),B00006IQRF
One Piece: Pirate Warriors 3 - PlayStation 4,B00RHI62GY
Gundam War Mobile Suit Gundam Collectible Card Game Booster Box (Grey),B001DDWVLO
Dragon Ball Z: Legends (Playstation the Best) [Japan Import],B00002SZRG
Gundam Breaker 2 (PlayStation 3),B00NTSYCFO
Bandai Kamen Masked Rider Den-O Action Liner Series 11 DX King Liner,B00IRL5N7O
Project X Zone 2 (Nintendo 3DS) by Bandai Namco Entertainment,B01898THGW
Keroro Gunso PlaMo Collection Keroro Gunso Ver.1.5 + Fling Board,B07L3T16ZQ
PSVITA Accel World VS. Sword Art Online (English Subs) for Playstation Vita,B073V15CSZ
BANDAI The Sun a New Battle Spirits Ultimate Deck [SD26],B00MWJJL34
Jump Force (PS4),B07DMB2G4Y
Pokemon Eevee Special Sylveon Character Gacha Capsule Rubber Key Chain Mascot Collection Anime Art Ver.2,B07RCHSDDT
Kekkaishi: Karasumori Ayakashi Kidan Ds [Japan Import],B000PGIAOW
Power Rangers Zeo Pinball - PlayStation,B00002SUAF
Inuyasha: Secret of the Cursed Mask,B0001WN0VI
BANDAI SPIRITS HGUC Advance of Ζ to The Original Flag of The Titans Heizuru Break 1/144 Scale Color-Coded pre-Plastic Model,B07K138V6K
Bandai Figure-Rise Dragon Ball Super Saiyan GOD Super Saiyan Vegeta Kit (Renewal Ver.),B07YFC2NM2
Bandai Decisive Battle Starter kit of TV Anime One Piece Card Game Alabaster Kingdom (Japan Import),B002HLMYVS
WRC 6: World Rally Championship - PlayStation 4,B01N23SO2E
Bandai 1/144 Scale Kit HG Build Fighters 001 Build Strike Gundam Full Package,B07S9DTVXR
BANDAI LBX 051 Magna ORTHUS DANBALL SENKI Wars 1/1 Scale Plastic Model KIT .,B00FKL68V4
BANDAI Battle Spirits Ultimate Battle 04 Booster Pack [BS27] (Box),B00IP1S0AS
Data Carddas Aikatsu! Dawley Devil Starter Set by Bandai,B011R8TU1I
Bandai Namco Mobil Suit Gundam Extreme Vs. for PS3 [Japan Import],B005J2LW6A
Dragon Ball Z Super Galactic Battle TCG Booster Display Box English,B06XX4ZY97
Cinnamoroll: Ohana Shishiyo - KiraKira de Kore Cafe [Japan Import],B000K0EKOC
BANDAI 1/144 Vifam Series No.6 Round Hibernian-Neofamu (Japan Import),B006GMHNJC
Bandai Star Wars 1/72 X- Wing Starfighter,B00O3RUTNO
Naruto Card Game Series 15 Uchiha Itachi Starter Deck Pack by Bandai,B000E1AIW0
Kung Fu Panda: Showdown of Legendary Legends (Xbox One) by Bandai Namco Entertainment,B013SQ9HQK
Doki Doki pricure Love eyes parette,B00DQ2AFFO
Dragon Ball Z: Kakarot (PS4),B07TTT1HCK
Code Vein - PlayStation 4,B072MK1CL1
BANDAI Battle Spirits Ultimate Battle 06 Booster Pack [BS29] (Box),B00MWJJKL2
Power Rangers Battle Racers,B00002STY1
BANDAI SPIRITS SD Gundam BB Senshi No.234 MSN-02 ZEONG (Perfect Specification) Color-Coded pre-Plastic,B07NDXC49M
Bandai Hobby Customize Effect Shooting Gunfire Image Blue Ver. Model Kit,B084DFM181
Aikatsu! Loli Gothic Collection,B00H4T4NVC
Aikatsu! Enjeribe A card pochette (japan import) by Bandai,B00D5JPBX4
Battle Stadium D.O.N. [Japan Import],B000FJ56FU
TAMAGOTCHI 4U Charm Strap Blue Leopard style ( Tamagotchi 4U Charm Strap Blue Leopard style ),B00LGBMYO2
Black Clover: Quartet Knights - PlayStation 4,B07896CKH4
Bandai Dragon Ball Kai Ultimate Deformed Mascot 3 Charm-2 Broly,B007VSY7M6
Bandai - Figurine Saint Seiya Myth Cloth EX Set Aries Shion Surplice & Pope 18cm - 4573102553942,B07QNC9MMZ
BANDAI IC Cardass Dragon Ball First Starter Set [ST01],B011UPYDBU
Bandai Gundam Model Mounting Kit| Multi-Colour| 25725,B079JQCF2R
Battle Spirits Seoul deck Sengoku Guren [SD29] by Bandai,B00SGQB18A
Bandai Kamen Rider Ghost DX Benkei Ghost Eyecon,B018S0WCT0
Bandai Carddass Masters Gurren Lagann YOKO Character Card Sleeves MTG TCG CCG Anime Game 60pcs,B00AM5QZUM
Kamen Rider Kabuto [Japan Import],B000HDLUZO
HG 1/144 Gundam AGE-2 Normal Plastic Model,B07RLTSPNT
Jojo no Kimyou na Bouken: Phantom Blood [Japan Import],B000EJCY38
Bandai Glitter Happy Hirake! Kokotama Jewelry if This Kokotama Shop,B07MLZ6J42
Rocketeer - Nintendo NES,B00004SVU2
BANDAI Miracle Battle Carddas one Piece United Front Alliance Booster Pack [OP16] (Box) (Japan Import),B00ES63XVU
BANDAI Digimon Adventure Digivice Ver.15th Yamato Ishida color Blue Ver,B00RXHVWDM
Neko・Tomo - Switch Japanese Ver.,B07GRZ6C29
Dragon Ball Heroes Official 4 Pocket Binder Set (Provisional),B00WE1V9D0
Digital Monsters Digimon Xros　Wars Digimon Xros Figure series 09 Sparrowmon,B0047X5HNG
TEKKEN 6 - Classics (Xbox 360),B07CJCQ1ZF
Naruto Shippuden Ultimate Ninja Storm 4: Road to Boruto (Xbox One),B01MFAD4MJ
Gunslinger Girl Vol. 1 [Japan Import],B0001GQ8JA
Naruto Uzumaki Chronicles - Japanese PS2 Import Game,B0009W1QDY
Bandai BCLDBBO7412 Dragon Ball Super Card Game: Cross Worlds Booster| Multicoloured,B07B9K3BQV
Dragon Ball Discross Special Starter Pack,B010UTXWCI
Bandai Gundam Marker Brush Type Gray| BANGM21,B004PMJANC
Game de Demashita! Powerpuff Girls Z [Japan Import],B000P9E4IU
Samurai Sentai Shinkenger Battle Beena Dedicated Software Will Be with Emergency! Full,B001PIM4QY
BANDAI One Piece Half Age Vol. 2 w/ Base & Back Stand-5 Brook,B006ZD1618
Bandai Namco Entertainment The Witcher 3 Wild Hunt Complete Edition (Nintendo Switch),B082P5XQMN
BANDAI Mobile Suit Gundam 1/4 Mascot Robo [HARO] (Green) (Japan Import),B002RVK42Y
Bandai Hobby Yamato 2199 Star Blazers #09 Cosmo Zero Mecha Collection Model Kit,B00ME1VPX4
Dx Youkai Watch Fumi Ver. by Bandai,B00U8IA6WG
The Legend of Zelda: Breath of the Wild - Collector's Edition (Multi-Language) [Switch],B01MUC6C33
Digimon Racing,B00009YEJJ
Dragon Ball Super UDM Ultimate Deformed Mascot The BEST21 [All Five Sets (Furukonpu)],B07D71PSKV
Punch the Monkey! Game Edition [Japan Import],B00005OVJN
Bandai BCLDBBO7351 Dragon Ball Super CG: Booster Pack B02 Union Force| Multicoloured,B0775PCRJN
PSVITA Digimon Story Cyber Sleuth: Hacker's Memory (English subs) for PlayStation VITA,B07945BPJR
Gundam Fix Figuration 0023 MSN-00100 Hyaku-Shiki Action Figure by Bandai,B0003095S0
HDM66 1/100 Gundam Astray Blue Frame Second for L,B001E5C3UA
Battle Spirits - Tsurugi Ver. Vol. 2 [BS20] Booster Pack (20packs),B009FSAB8E
Data Carddass - Aikatsu!: Ichigo Hoshimiya Enter a School Set by Bandai,B008S9BDSI
Bandai Trinity Bike Model Kit from SD Sangoku Soketsuden 5057715,B07XGSFL26
Digimon Story: Cybersleuth - Hacker's Memory (PS4),B07DP2FW9T
Sword Art Online: Lost Song - PlayStation 4,B00X8XVJJ2
Gundam Battle Assault,B00004YUBX
Go! Princess Pretty makeover dress up key set by Bandai,B00RDRJC52
Ghost in the Shell: Stand Alone Complex,B0007ZSHP8
Project CARS 2 - PlayStation 4,B01N6ZNSUQ
[PS4] Gundam Breaker 3 Japanese Ver.,B01A8I12BO
Bandai Watch Specter Specter Medal Chapter 5 ~ Youmakai no Tsuwamonotachi(Box),B00TJGT00M
Keroro Gunsou: Enshuu da Yo! Zenin Shuugou Part 2 [Japan Import],B000LQXWMQ
Dragon Ball Z: Shin Budokai 2 [Japan Import],B000N5BIYY
Dragon Ball Final Bout (Playstation the Best) [Japan Import],B00002SZRK
One Piece: World Seeker PS4 (PS4),B07PT1HW2D
From TV Animation One Piece: Treasure Battle! [Japan Import],B00006LP8B
Bandai Digimon Xros Wars Loader,B003NB7IHG
Saint Seya: Soldier's Soul English/Spanish Version,B0146DKJGQ
Bandai Hobby MG 1/100 H.W.S. Expansion Set for Nu GUNDAM Ver.Ka,B01N03JF4S
Bandai Naruto Shippuden Path of Pain Theme Deck - Assortment,B003YV1PL0
SD Gundam G Generation: Cross Drive [Japan Import],B000RL3E1Y
BANDAI Super Dragon Ball Heroes License Set Brolly Ver.[Japan Import],B07JZJV25T
Saint Seiya Saint Cloth Myth Andromeda Shun (Revival Ver),B07BSFH7PN
Naruto Shippuden Ultimate Ninja Storm 4: Road To Boruto NSW (Nintendo Switch),B085YK99B7
Tank! Tank! Tank! - Nintendo Wii U,B008MO6BMW
Dragon Ball Super TCG Saiyan Legacy Series 7 Assault of the Saiyans Starter Deck 09,B07QQD43TK
Bandai Macross 1/72 Scale Tactical Pod Regult One-Man Standard Type Construction kit,B0045T1JAW
Naruto Shippuden: Narutimate Accel,B000LA5DB0
Bandai Spirits Customize Scene Base 04 City Landscape Ver. Display Stand,B084DGL9DV
Get Even (PS4),B072V4Z13F
Dragon Ball Z Super Draft 02 Booster Box: 24 packs + 4 leader cards (Union Force Series 2 & Cross Worlds Series 3),B078WTX2HG
Bandai Tamagotchi 4U&4U+ Will BE Even More Fun! Super INFORMATIVE Secret Journal (Japan Import),B014H6IF8G
(Yokai Watch) Toritsuki card Battle 2nd booster pack [YW02] (BOX),B00KCMD4MM
Bandai Kamen Rider Gaim AC PB05 Kamen Rider Mars & Kamuro Golden Ringo & Silver Ringo Arms Set by Bandai,B00P9JLINK
Digimon World 4 - Xbox,B0001WN0JU
The Seven Deadly Sins: Knights of Britannia (PS4),B0773WH8R9
Gundam MS-06R-2 Zaku II Johnny Ridden Custom MG 1/100 Scale,B00030EV5M
Bandai Keroro Gunso Plastic Model Collection 04 Corporal Giroro,B07L3TN3HZ
Evangelion Tamagotchi Evacchi Asuka Model EVA -02 PRODCTION Model,B086ZFTHY2
100 Assorted Naruto Collectible Cards With Rares and Foils. Includes Random Naruto Sealed Tin,B01ATOQFLO
Mobile Suit Gundam: Ghiren no Yabou: Zeon Dokuritsu Sensouki [Japan Import],B000063X22
Armored Core: Verdict Day,B00E385YJM
Jump Force PS4 (PS4),B07P4H2HJG
Bandai BCLDBSP7917 Dragon Ball Super CG: Starter Deck SD04 The Guardian of Namekians| Multicoloured,B07B3L1TJM
Gundam RMS-099 Rick Dias Quattro Custom MG 1/100 Scale,B0006TNAJI
Namco Bandai one Piece Pirate Warriors 4 - ps4|114749,B08232YJJ1
SD Gundam: Gashapon Wars [Japan Import],B003DZ037Y
[PS VITA] ONE PIECE BURNING BLOOD - Anison Sound Edition - Japanese ver.,B019BRTIGY
Ultraman X DX Exdeviser,B00Y2FKD56
From TV Animation One Piece: Grand Battle 3 [Japan Import],B0000EI9W8
Danball Senki W - LBX Customize DX Set (Plastic model),B008KZ5DSG
Bandai SD BB 387 Gundam RX-93 V (Nu) Gundam Plastic Model Kit,B084D6ZHNP
Aura Battler Todvierres (HG) (Plastic model) Bandai Aura Battler [JAPAN],B002IT6A78
Bandai BCLDBBO1046 Dragon Ball Super CG: Themed Booster World Martial Arts Tournament,B07GNFXCKM
BANDAI Digimon Underground Warriors,B0043T6WUG
Naruto Konoha Spirits - Japanese PS2 Import Game,B000GJ7CY2
Bandai Sailor Moon Sailor Moon Gift Idea| Sticker| Multicoloured| 45145,B00PL88FIU
Bandai - Figurine Saint Seiya Myth Cloth Ex - Capricorn Shura Original Color Edition 18cm - 4573102604712,B087QQDK57
TEKKEN 7 (PS4) (PS4),B071WC5TKG
Gundam Fix Figuration 1001 RX-78-2 Gundam Ver. Ka with G-Fighter Metal Edition Figure,B000KWYTSC
1/144 MSV ZAKU FULIPPER,B00186KZXW
Naruto Shippuden Ultimate Ninja Storm 4: Road to Boruto (PS4),B01M3SJHEK
Bandai BDIBTW01 InBetween| Multicoloured,B000EWBPXA
Dark Souls III: Day 1 Edition - Xbox One,B0191J0SES
Dragonball Xenoverse 2 Hits (PS4),B07XZGRBPX
BANDAI Gashapon HG Dragon Ball Z12 ~ Spirit and at The time of The Room Hen Goku (Super Saiyan),B01MCT2NNR
Smile Precure! - Cure De Collection [Pretty Brace Set],B006Q4SR3Q
Yokai Watch 03 Bushinyan,B00J4G4MFA
Specter specter series watch chat chat Jibanyan by Bandai,B00GN4CKFK
PlayStation 4 Idol Master Platinum Stars [Japan Import],B01DVJMI0Q
Ultraman,B00002STYF
Naruto Shippuden: Ultimate Ninja Storm Trilogy Nintendo Switch,B07PMKRGR9
Gundam BB-043 Knight Gundam by Bandai,B000K7QA3Y
Bandai Kamen Rider Zi-O DX Decade Complete Form Ride Watch,B07NGQXXT8
.hack Collection (Part 1: Infection| Part 2: Mutation| Part 3: Outbreak| Part 4: Quarantine),B001R2IR1E
Ben 10 - Alien Force Essentials Pack (Sony PSP),B003NX6A0U
Digimon World 4,B000094M4H
Guncannon BB Fighter by Bandai,B001CNONWK
Naruto Shippuden: Ultimate Ninja Storm 4 - Playstation Hits (PS4),B07HYSL82N
Dragon Ball Z Galactic Battle Booster Pack Trading Card Game - Packaging Art May Vary,B0743XP56M
Namco Bandai NI NO Kuni LA Vengeance DE LA SORCIERE Celeste Remastered - PS4,B07VFQKH9K
Bandai Aura Battler Tod Wryneck 1/72 Scale Kit,B013JI29YO
Teen Titans Go! Collectible Card Game Booster Series 1 Complete Box,B008B8YILK
Dragon Ball: Raging Blast [Japan Import],B002B3XM5E
MOBILE SUIT IN ACTION !! Walter Gundam Rising Gundam,B009JTRFCO
Bandai Digimon Digi-Battle Card Game Series 2 Booster Pack,B000MMWQRG
Sword Art Online: Fatal Bullet Complete Edition (Nintendo Switch),B07SWDFN4N
Bandai Gunpla Gundam Action Clear Blue Base 2,B07QQYHSW3
Magical Hoppers [Japan Import],B000069S0N
Project CARS 3 - PlayStation 4,B089X94N1C
Bandai Specter Watch Specter Gajah Roller Series DX Specter Dungeon Special Set-Overlook! Kumukumu Ruins of Treasure! ~,B073PZL7P1
IC Cardass Dragon Ball 2nd booster pack [BT02] (BOX) / Japan Imported by bndai,B015KM0HSM
Gundam MS-14 Gelgoog MG 1/100 Scale,B00030EV6Q
TOKYO GHOUL:re Call to Exist - PlayStation 4,B0782336XD
Tekken 7 (Xbox One),B00KJFDIP0
Digimon World: Next Order (PS4),B01MYW71T6
Japan Health and Personal Care - Bandai Rinse-in-Pump Shampoo Disney Princess 300mlAF27,B019EWWIS6
Tokyo Ghoul re Call to EXIST (PS4),B07L3Z87YB
Gundam MS-06K Zaku Cannon MG 1/100 Scale,B001AHX5R2
Watch specter specter medal zero Chapter / classic medals / Robokoma,B00LQZPSPU
Dragon Ball Super: Unison Warriors Premium Pack,B086Z776TS
Mobile Suit Gundam: Federation vs. Zeon,B000066TS1
Full Metal Alchemist: Dream Carnival [Japan Import],B0002MNXCS
Bandai Tamashii Nations Wild Tiger Tiger and Bunny| 12-Inch Perfect Model,B009336LDA
Bandai HGUC RAS-96 ANKSHA (Mobile Suit Gundam UC) (Japan Import),B07H6HRYHS
Bandai Kamen Rider Saber DX Ankokuken Kurayami & Jaken Calibur Driver,B08K3Y3RTD
Bandai Kamen Rider Amazons Transformation Belt DX Amazons Driver,B01DLHQSS6
.hack//G.U. Vol.2 Kimi Omou Koe [Japan Import],B000IEM7KY
Sword Art Online: Hollow Realization,B01F1PH5VU
Dark Souls II: Scholar of the First Sin (PS4),B00QEU6TSM
Bandai SD Gundam BB Senshi No.261 Aegis Gundam (Japan Import),B000O1LFJK
Happiness Charge PreCure! Pre-card file,B00HI6PFWC
Taiko Drum Master Dodon Session Game Only (Japan Import) [E],B07421LJ2F
5th Battle Spirits sword blade Hen [sword blade mythology Booster Pack [BS23] (BOX) (japan import),B00CY2I3V0
Bandai Kamen Rider Transformation Loading Gun ver.20th DX Dien Driver Black,B084CD1BZ5
Namco Bandai Games JoJo's Bizarre Adventure All Star Battle Limited Edition Benefits The Rival vs All-Star Battle Jotaro Kujo & Stars Platinum,B00EUCHIPO
SD Gundam - BB Gundam RX-78 GPO3D Model Kit (207),B001CNS0LU
Yokai watch Toritsuki Regardless get the card battle 4th booster pack - rare monsters! ~ [YW04] (BOX),B00OUC7WGO
Bandai 1/144 Scale Kit G-Gundam Devil Gundam,B07W4336WD
Sword Art Online: Hollow Realization Collector's Edition,B01HQGWJLI
DCD Aikatsu! Official Binder yen Jerry Sugar Aqua by Bandai,B00GI7HOP8
Gundam Fix Figuration #3004b Zeonography Rick Dom,B0002YNQVE
Attack on Titan Swing Key Chain Figure Bandai - Eren Yeager,B00HMJIM1Q
Dragon Ball Xenoverse,B00KL321IK
BANDAI Battle Spirits - New Series : Hero [White Deck],B00E94L9VW
Bandai 1/144 HG Mobile Suit Gundam Seed R-13 ZGMF-X13A Providence Gundam (Japan Import),B07H5DC6H2
BANDAI Gundam Tri Age Official IC Card Set,B00SXTJEP2
30MM Alto for Option Weapon 1 1/144 Scale Color-Coded pre-Plastic Model,B07P6P68DH
Tamagotchi iD L BLUE,B004LLI3CQ
One Piece: Burning Blood - Marineford Edition - PlayStation 4,B019ICBP3Q
Bandai 1/144 Scale kit Reconguista in G G014 Gundam Dahack,B07SBHPWKN
Code Geass: Hangyaku no Lelouch [Japan Import],B000VT2IXW
Dragon Ball Super Udm Best 28 Figure Swing Keychain~Destruction God Beerus,B07MDVG34T
BANDAI SPIRITS Keroro Plastic Model Collection Yabui Kurururobo Color-Coded pre-Plastic,B07L3SC5L8
Bandai HGUC RX-160S Byarlant Custom (Mobile Suit Gundam UC) (Japan Import),B07GDKQ8KV
Active Life Outdoor Challenge - Nintendo Wii,B0013LTP5Q
KIDOUBUJIN TEGAIOU BB FIGHTER by Gundam,B001EQQBNE
Digimon Rumble Arena 2 - PlayStation 2,B00014WR9M
Tales of Phantasia: Narikiri Dungeon X [Japan Import],B003EO8WYU
Dragon Ball Z: Kakarot PS4,B083W7WZYC
Super Robot Wars OG INFINITE BATTLE & Super Robot Wars OG Dark Prison [Japan Import],B00EUWND94
Los Caballeros Del Zodiaco (輸入版),B00P1AFOAA
Bandai Gunpla Gundam Action Base 3 Black,B07NVMDTT7
J-Stars Victory Vs+ - PlayStation 3,B00UU9C2CA
Tales of Berseria (PS4),B07S7MNTVZ
Bandai BCLDBSP1176 Dragon Ball Super Card Game: Special Pack Set-Miraculous Revival,B07KKMZ5WM
Dragonball Bandai Japanese Collectible Card Game Series 3 Booster Box [15 Packs],B000FXWYCY
Bandai Macross Delta 1/72 Scale VF-31J Refined Siegfried (Hayate Inmerman Use) Deculture Ver. Plastic Model Kit(Japan Import),B06XSXJC93
TAMAGOTCHI 4U＋ Lavender,B00ZHJH9NA
Bandai: 1.5 Keychain Figure Love Live Volume 6- Ayase Eli,B01BEM71F4
Tamagotchi Tamamori seal refill Vol1 Dressing up Dream (Japan Import) by Bandai,B008U5FS5Y
