Uzaki Nissin air stage 3WAY Kei-waza hardness in hardness 5412,B005NGX00S
PRO SPEC NUKI MEBARU(Sebastes inermis)HARD-6.1,B004I1ADAO
Uzaki Nissin rod SHIP MASTER cutlass hanging tone 2002,B01K1AL2PK
Uzaki Nissin rod INGRAM ISO IM 1 No. 530,B0049D77YQ
Uzaki Nissin spread White Orchid 2WAY high contrast 5312,B00CD1XM3Q
Uzaki Nissin WAVE IAKADA(Raft) 1.30,B011T5BS8C
Uzaki Nissin aggressor 3WAY Akane high contrast 4510,B002OAV0WG
Uzaki Nissin SHORYU KOI(Carp)(Spread Type) Super Hard-3.2,B00B7YKVIY
Uzaki Nissin Ingram ISO IM RⅡ1.25-5305,B0168ARK44
Uzaki Nissin PRO STAGE MARINE BLUE SHIP（Spread Type） 30V-3,B002OAQMIS
INGRAM Long Casting LTD/Bait reel #4-5.8,B00LATRAMQ
SHORYU KOI(Carp)(Spread Type)HARD-2.15,B00B7YJNLA
Uzaki Nissin Special Gee car 3WAY Yu 's water Carbide 6014,B005NGX76U
LESTER YUMEAJI Special 7’0”/2.13,B00KCEPSH4
Uzaki Nissin in Fine mode flow hardness 3307,B005NGX5JO
PRO SPEC KURODAI(Sea Bream) UG 4.5,B00D2OAE4I
ROYAL STAGE TUDUMI RED Hard-4.45,B01LYGII1J
Uzaki Nissin Fine mode Namitome in rockfish Hardness Hardness 7108,B005NGYXW2
KYOKURYU ISHIDAI(Striped beakfish)X4 5.25 M,B074Y2D85V
Uzaki Nissin Fine mode flow high contrast 5411,B003Y3NMK0
Uzaki Nissin rod zero-sum Iso tail length X4 TYPE1 5005,B00K74XKHE
Uzaki Nissin ZEROSUM ISO SHIN X4#1.75-5005,B0773QBT8G
Uzaki Nissin Pro Stage Exceed Sakai No. 1 4505 (Board Reel Sheet) from Japan,B07ZJ4KG1Q
Uzaki Nissin SHORYU KOI(Carp)(Spread Type) SUPER HARD-3,B00B7YK7JC
Uzaki Nissin professional Square Super Tenkara 6: 4 3909,B005NGTGBA
Uzaki Nissin / professional specs wings 1.5 No. 5006,B00CD1XYKM
SHORYU KOI(Carp)(Spread Type)HARD-4.5,B004I19864
Uzaki Nissin N's Long casting #4-4.5,B0099ALD3U
Uzaki Nissin rod Freed sensitive rockfish (drawer) 3003,B00KA5C09O
Uzaki Nissin DREAMS YUMESUMI K GUIDE YASHA DRYY-K806L,B00GFGE95A
LUCIDO INAHO7.2m,B005NGX61G
Uzaki Nissin professional stage number ISO 3 No. 4005,B005NGU0LA
ROYAL STAGE TUDUMI RED Hard-3.4,B01LWI58JD
Uzaki Nissin rod professional specs sea fishing pond 2WAY MyakuTsuriri Z 3605,B01IJH96WI
宇崎 日新 Rod 精魂 Kurokawa 2-Way Solid Medium Firm 450 ,B002OAX5DS
Uzaki Nissin Dreams YUMEOI TORZITE RV DRYO-RV908M,B0168ARGQQ
Uzaki Nissin Gil Hoshi recommend thirteen feet,B004TIWAWU
Uzaki Nissin PRO Square Super TENKARA Level LINE3.9m,B005NGTGUQ
ZEROSUM ISO DAN V3 1.5-5305,B00OR5BD00
Uzaki Nissin rod professional specs sea fishing pond M 360,B0091B4B4K
INGRAM Sea fishing pond(Spread type) LTD-R 3.30,B00USMCGX4
Uzaki Nissin air stage 2WAY Osamutsutsumi rockfish high contrast 8071,B002PW30S0
Uzaki Nissin Rod Tenkara Starter Set 360,B00B7YHYZ2
Uzaki Nissin professional stage number ISO 3 No. 3604,B005NGXS1O
Uzaki Nissin elixir disconnect rockfish high contrast 7107.,B01M7ZTXU7
Uzaki Nissin rod Fine mode Namitome rockfish hard contrast 620,B005NGXH2Y
Uzaki Nissin Little Armor 6F from Japan,B07W11WWTK
SHIP MASTER Octopus lure-1.60,B071ZYQD22
Uzaki Nisshin rod LEOPARD LE-B 63MH,B00GFGEF90
Uzaki Nissin Rod Leopard Lead Sutte Game Custom 7.0,B00V7U6PJ2
Uzaki Nissin Rod Royal Stage Tenkara 6: 4 4009,B010NWE4K6
Uzaki Nissin spread White Orchid 2WAY in hardness Hardness 4510,B00CD1XKRO
Uzaki Nissin rod mighty boat Light 20 No. 3004,B00KBH8V1C
SEIKON 2WAY KUROGAWA Super Hard 4.5m,B005NGVANW
SENKAI Octopus lure-1.85,B06XFTXHJM
Uzaki Nissin KYOKURYU KOI(CARP) JAPAN PREMIUM 4.5,B00V4DJ67A
ROYAL STAGE TUDUMI Middle hard-3.45,B005NGXCI8
Uzaki Nissin Royal Stage TUDUMI Hard-2.9,B005NGU51U
Uzaki Nissin PRO SPEC ISO KW Long casting 5-4505,B01D48TCM6
Uzaki Nissin professional specs ISO 0.8 No. 3604,B00B7YQ9EE
Uzaki Nissin BLACK JAGUAR JS･JB 6’4”/1.93Spinning S604/4+,B06XFC35RP
Uzaki Nissin unplug Muso TZ 3WAY in hardness Hardness 5312,B00B7YAA12
N’s CHINU(Sea Bream)0.8-5.35,B008AQLKEG
Uzaki Nissin / Ingram black sea bream IM 1.25 No. 5005,B00CD1XQCS
Uzaki Nissin rod Ingram ISO IM 2.25 No. 530,B009GACPLC
Uzaki Nissin kangaroo Memorial high contrast 5412,B000BSATR0
Uzaki Nissin rod Umiwarabe No. 30 330,B005NGX1L6
Uzaki Nissin Fine mode dry landscape Carbide 6214,B005NGXJRM
Uzaki Nissin Fine mode Namitome rockfish hardness high contrast 9010,B005NGU1N2
Uzaki Nissin rod Umiwarabe No. 50 360,B005NGXMBA
Uzaki Nissin / air stage Chinumebaru W 4505,B005NGURJA
Uzaki Nissin air stage white plum 1904 hardness in hardness,B005NH0XGG
Uzaki Nissin Gil Hoshi recommend fourteen feet,B00CD1XP2O
ZEROSUM RINPA X4 0.6-5.3,B00YBFUTOM
Uzaki Nissin / Ingram black sea bream IM 1.25 No. 5305,B003PY1GEW
Uzaki Nissin Dreams YUMEOI DRYO-900M9’0/2.74,B00IRURPEE
Uzaki Nissin Fine mode dry landscape high contrast 6214,B005NGXJMC
Uzaki Nissin rod CURTIS GTR JB506-PE4,B00D6BZ898
Uzaki Nissin rod elixir Iso 4 Gototo 4505,B00K74SQ8M
Uzaki Nissin Regina bright in hardness Hardness 6307,B00B7YIXE8
Uzaki Nissin rod Super Square RX ISO HD 4 Gototo 620,B002OANV9G
REGINA YAMABUKI（Spread type） Hard 9m,B00B7YJDWY
SEIKON UNKYU(Spread Type)Carp-3.65,B005NGW5M2
Uzaki Nissin ELIXIR (Stick type) HECHI RED 2402,B01K1ALWX2
Uzaki Nissin PRO SPEC ISO KW Long Casting 3-4505,B01D48SYK2
Uzaki Nissin ZEROSUM KISU(whitings)(No guide) TYPE I 4.1,B005NGUBEG
Uzaki Nissin in Fine mode flow hardness 6313,B005NGXS6E
ZEROSUM RIN X4 0.4-5.3,B00K74YDPW
Uzaki Nissin rod Ingram ISO IM B2 1.25 No. 5305,B01K9LLZP8
Uzaki Nissin RV CLUB Light boat 10V 2403,B002OAPMIE
Uzaki Nissin BLACK JAGUAR JS･JB 6’1”/1.85Bait B601/3,B06XFTH5XJ
Uzaki Nissin / Ingram rice IM 0.5 No. 4505,B00896PP84
Uzaki Nissin rod Freed Iso No. 2 530,B00EJ9PK9E
ZEROSUM KISU(whitings) X4＃30　(No guide) 4.1,B00USMCD5U
Uzaki Nissin KYOKURYU KOI(CARP) Short section JAPAN PREMIUM 6.3,B00YDJ6HEM
Uzaki Nissin VERDANDY β VERβ-706T7’6”/2.29,B00D6C0KOA
ZEROSUM ISO X4 Ladle T-L800cm,B01K9LM2X2
SPECIAL ZEAKER 2WAY CHINU(Sea Bream) #1 5.35-5.90,B00YBFUX20
Uzaki Nissin professional stage number ISO 1.5 No. 4005,B005NGU01U
Uzaki Nissin rod Umiwarabe No. 50 330,B005NGX1RA
Uzaki Nissin Fine mode flow 2WAY high contrast 5411,B005NGYBFG
Uzaki Nissin Regina bright in hardness Hardness 3304,B00B7YITRE
Uzaki Nissin professional stage number ISO 4 Gototo 4005,B005NGU0YC
Uzaki Nissin rod air stage ISO 4 No. 800,B005NGYRFU
Uzaki Nissin rod CURTIS GTR JB600-PE2.5,B00D6BZ89S
SHORYU KOI(Carp)(Spread Type)HARD-6.3,B004I1H6JA
Uzaki Nissin rod air stage wave Kibire 270,B00EBMDDXO
Uzaki Nissin rod elixir small joint Tamanogara 5011,B00K74SWQI
ZEROSUM KISU(whitings) X4＃25　(No guide) 4.1,B00USMC8YQ
Uzaki Nissin Gil Hoshi recommend fifteen feet,B004TIWAZW
Uzaki Nissin rod minutest care IsonagishoTsugi 530,B00D6BYADI
PROMINENT CHINU(Sea Bream) 0.8-4.45,B00YBFUY4W
SEIKON UNKYU(Spread Type)Competition-3.6,B005NGW5FY
Uzaki Nissin elixir disconnect rockfish high contrast 5305.,B01MFHZ7TZ
Uzaki Nissin PRO STAGE MARINE BLUE SHIP（Spread Type） 30V-2.4,B002OAPNVU
Uzaki Nissin professional Square Super Tenkara 7: 3 3207,B001HYTC20
SEIKON UNKYU(Spread Type)Competition-4.5,B005NGW6OE
Uzaki Nissin professional specs ISO 3 No. 3604,B00B7YRUWO
Uzaki Nissin professional Square Super Tenkara 7: 3 3909,B001HYTBXU
Uzaki Nissin Rod scarecrows 12 feet 360,B005NGW4N2
Uzaki Nissin rod Super Strike beach Kaizu M2703,B013HKW48K
Uzaki Nissin rod Super Square RX ISO HD 3 Gototo 530,B002OANURY
Uzaki Nissin / air stage ISO Monkey 1.5 No. 6253,B002OAT0TG
SEIKON YAMABIKO Competition 5.4,B00V4DJAFI
PRO SPEC KURODAI(Sea Bream) UG 5.4,B00D2OAE6Q
SEIKON SHONAI ROD2.95,B002OAX4TI
Uzaki Nissin rod Super Square RX sea fishing pond Saitsuri (drawer) 240,B002OANZBU
PROUDIA ICHIMONJI KURODAI(Sea Bream)4.50(4.50-3.90),B003VCN5SI
Uzaki Nissin air stage 3WAY Kei-waza hardness in hardness 6314,B005NGXU3A
Uzaki Nissin / professional specs black sea bream 0.8 No. 5006,B00CD1XYIE
Uzaki Nissin rod ARES REAL OFF SHORE ROF-B508,B000FOPVWI
Uzaki Nissin rod professional specs sea fishing pond H4505,B00INN00LU
Uzaki Nissin air stage Osamutsutsumi in rockfish Hardness Hardness 6307,B005NGXGG6
Uzaki Nissin aggressor 3WAY Akane high contrast 5412,B002OAQ6GG
Uzaki Nissin ZEROSUM KISU(whitings) X4＃23　(No guide) 4,B00USMC52Q
Uzaki Nissin Fine mode dry landscape high contrast 3608,B005NGXTCW
Uzaki Nissin / air stage Chinumebaru P 5306,B005NGXVFM
Uzaki Nissin rod professional stage number boat (NamiTsugi) No. 10 180,B00GFGE0RW
Uzaki Nissin wave black sea bream No. 1 4505,B002OAV06M
Uzaki Nissin rod HADO X 2 No. 2704,B00USMBXOC
Uzaki Nissin KYOKURYU KOI(CARP) Japan Premium 9.0,B00UYFY9LW
Uzaki Nissin aggressor 3WAY Akane in hardness Hardness 4510,B002OAO6JA
Uzaki Nissin Fine mode dry landscape Carbide 5412,B003XP84DE
Uzaki Nissin professional Square Super Tenkara 6: 4 4510,B005NGV98I
Uzaki Nissin ZEROSUM ISO SHIN X4#1.5-5005,B0773G4H9L
3.15m Uzaki Nissin the Japanese Tenkara Rod Starter Kit Import From Japan by Uzaki Nissin,B018RQOXXS
Uzaki Nissin Fine mode flow 2WAY hardness high contrast 6313,B005NGXRWE
Uzaki Nissin ZEROSUM ISO X4 KEI #1.25-5005,B074XTRQX7
Uzaki Nissin professional stage number ISO 2 No. 4005,B005NGU0F6
Uzaki Nissin professional Square 2WAY black sea bream P 4551,B002OAJPR8
Uzaki Nissin Rod Royal Stage Tenkara 6: 4 3207,B011T5CHFK
Uzaki Nissin KOKURYU KOI(CARP) JAPAN PREMIUM 5.4,B01LXHBZ8N
Uzaki Nissin Ingram RED Edition ISO Landing net Pole LTD 5.0m,B00N2D19GQ
Uzaki Nissin rod Gokuryu parrot fish MH 5254,B01K1ALE1W
Uzaki Nissin KYOKURYU KOI(CARP) JAPAN PREMIUM 8.1,B010F3XJUO
Uzaki Nissin Lester YUMEAJI B 7’0”/2.13,B06XFKFYGR
Uzaki Nissin rod Funesakigake Sumiika 2402,B0168AS10G
Uzaki Nissin SUPER SQUARE RX ISO HD 1.5-3604,B002OANT2U
Uzaki Nissin rod professional specs sea fishing pond H 415,B0091BSVC8
Uzaki Nissin rod LEOPARD jack game 8: 2 M 165,B00GFGELOY
Uzaki Nissin DREAMS YUMESUMI TORZITE RV DRYT-RV800L,B01M0J7D3Y
REGINA YAMABUKI（Spread type） Hard 4.5m,B00B7YJ6PI
INGRAM RED EDITION ISO LTD 1-5005,B00P23PD5C
Uzaki Nissin INGRAM CHINU(Sea Bream) IM LTD-OR 1-5,B00K74XMV8
Uzaki Nissin rod Super Square RX ISO HD 4 Gototo 530,B002OAJZTG
Uzaki Nissin air stage 2WAY Osamutsutsumi in rockfish Hardness Hardness 6253,B002PW02MM
KYOKUGI SEMEHECHI HARD(Stick type) 2.40,B0783PHZWB
KYOKUGI SEME IAKADA(Raft) Fast action (stick type)1.4,B078JDLY23
Uzaki Nissin air Stage White Plum high Contrast 6313,B003Y3NMHS
Uzaki Nissin rod professional stage number maritime fishing pond No. 4 330,B005NGX3FK
SEKIRYU KOI(CARP)(Spread Type)HARD2.65,B00B7YLL3S
Uzaki Nissin DREAMS YUMESUMI TORZITE RV DRYT-RV808 Slow taper,B01LZK2OYW
Uzaki Nissin ROYAL STAGE TUDUMI Hard-4.45,B005NGV5R8
ROYAL STAGE TUDUMI Middle hard-6.4,B005NGXTBI
Uzaki Nissin SPREAD sensitive Sebastes inermis(stick type) 3.3,B00GFGDQV8
Uzaki Nissin professional specs 4WAY mountain stream high contrast 6114,B004I4XCC2
Uzaki Nissin Close UP TSUKIBUE Hard 4.4,B01MRGPCC3
N’s CHINU(Sea Bream)0.8-4.45,B008AQLJ06
Uzaki Nissin ZEROSUM KISU(whitings) X4 TB 4.1#25,B06X6FVYX7
Uzaki Nissin Regina bright high contrast 6307,B00B7YJE82
Uzaki Nissin rod Fine mode Namitome rockfish in hardness Hardness 620,B005NGXGVG
Uzaki Nissin KYOKURYU KOI(CARP) JAPAN PREMIUM 7.2,B010F3XF44
INGRAM RED EDITION ISO LTD 1.5-5305,B00N2D17A4
Uzaki Nissin professional Square Super Tenkara 8: 2 3608,B005NGXTU4
Uzaki Nissin SUPER SQUARE RX ISO HD 3-6207,B005NGXI14
PRO SQUARE CHINU (Sea Bream) Inter LineP7.2,B002OAT136
Uzaki Nissin red dragon carp high contrast 3905,B00B7YLXV8
Uzaki Nissin SUPER SQUERE RX HIGOI5.35,B005NGY82C
Uzaki Nissin Ingram Surf 27 3904,B007NAEK4M
MIGHTY BOAT LIGHT（Spread type）#20-2.1m,B00KBH8SIS
Uzaki Nissin PRO STAGE KOTEI HECHI(Spread type) 2.4m,B002OA47YO
SEIKON UNKYU(Spread Type)Competition-5.4,B005NGW8G0
Uzaki Nissin / Special Gee car drop-inclusive 3904,B005NGT7Y6
Uzaki Nissin rod professional spec ISO 1.5 No. 500,B00B7YQV9W
Uzaki Nissin rod SUPER ROYALSTAGE ultimate rockfish LD contrast 540,B005NGY8BS
Uzaki Nissin N's Long casting #3-5.3,B0099ALCOK
Uzaki Nissin BLACK JAGUAR JS･JB 6’3”/1.91Bait B603/3,B06XFNQQ65
Uzaki Nissin professional spec ISO 2 No. 4005,B00B7YRPF6
Uzaki Nissin PRO STAGE MARINE BLUE SHIP（Spread Type） 10V-3,B002OALWQ0
Uzaki Nissin Pocket Mini V3-4.5m,B003C2UAJE
Uzaki Nissin professional specs ISO 1.75 No. 4005,B00B7YRGIW
Uzaki Nissin Rod N's Long cast No. 3 450,B0099ALCBI
LUCIDO INAHO5.4m,B003Y3KE4M
Uzaki Nissin KOKURYU KOI(CARP) JAPAN PREMIUM 4.5,B01M0Q09LK
Uzaki Nissin rod Umiwarabe No. 50 240,B005NGY8DG
Uzaki Nissin DREAMS YUMESUMI RV Tip Run RV DRYY-TRRV708T,B011T5936Q
Uzaki Nissin Black Jaguar JS･JB 6’3”/1.91Spinning S603/5,B06XFX56RG
Uzaki Nissin TENKARA Ramon 7:3 3.60,B077MDHF89
Uzaki Nissin Professional Square Super Tenkara 7: 3 3608,B001HYRBU0
Uzaki Nissin rod Super Square RX ISO HD 2.5 No. 620,B002OAPTRS
Uzaki Nissin PRO SPEC 2 WAY Tenkara 6:4 Action 320 Tenkara Rod [Japan Import] by Uzaki Nissin,B018RP0JMI
Uzaki Nissin Rod Zero-Sum Demon Tenkara Mainstream 4509,B0168ARXGO
Uzaki Nissin professional spec ISO 2 No. 5306,B00B7YRUEC
Uzaki Nissin rod LEOPARD RTS BU-63ML,B00GFGEHB6
Uzaki Nissin ZEROSUM TENKARA 7:3 Action 4.05m [Japan Import],B00COZS47A
Uzaki Nissin KYOKURYU KOI(CARP) Japan Premium 5.4,B00V4DJ90Y
INGRAM BLACK EDITION CHINU(Sea Bream) LTD 1-5.0,B00LAUUV0I
Uzaki Nissin Special Gee car 3WAY Yu 's water high contrast 5412,B003VCL6GG
Uzaki Nissin ROYAL STAGE AKANE Hard 4.5m,B019BJP9ZQ
Uzaki Nissin rod elixir Iso 2.5 No. 4505,B00K74XMYU
Uzaki Nissin rod aggressor sea fishing pond TYPE Saitsuri (NamiTsugi) 210,B004I10IM2
Uzaki Nissin / Ingram black sea bream IM 1 No. 5005,B00475KYKK
Uzaki Nissin PRO STAGE MARINE BLUE SHIP（Spread Type） 20V-3,B002OAQMAG
SEIKON HAKURYU HARD 3.60,B00COZSREU
Uzaki Nissin INGRAM BLACK EDITION ISO LTD 1.5-5005,B00F0A91DM
Uzaki Nissin air stage white plum high contrast 4509,B003Y3POB0
Uzaki Nissin Black Jaguar JS･JB 6’1”/1.85Bait B601/4,B06XFT3RFS
Uzaki Nissin RV CLUB Light boat 30V 3304,B002OAJRU8
Uzaki Nissin Rod HADO X 3 No. 3004,B00USMC6NY
Uzaki Nissin rod INGRAM ISO IM 1.5 No. 500,B003XYBPIG
Uzaki Nissin INGRAM NAGISA IM 1-5.3,B00BYRPGOI
Uzaki Nissin Royal Stage 3WAY KEISHO Hard 6.1m,B019BJPC0I
Uzaki Nisshin rod LEOPARD LE-B 66MH,B00GFGEFCC
Uzaki Nissin professional square multi black sea bream UG 3304,B002OANLHI
Uzaki Nissin unplug Muso TZ 3WAY in hardness Hardness 4510,B00B7YA9A4
Uzaki Nissin air stage 3WAY Kei-waza filament Limited 5412,B005NGX0TY
Uzaki Nissin DREAMS YUMESUMI K GUIDE YASHA DRYY-K806ML,B00GFGE98C
Uzaki Nissin professional stage number ISO 1.5 No. 3604,B005NGXRQ0
Uzaki Nissin rod Ingram ISO IM 2.5 No. 500,B009KK2HSY
Uzaki Nissin Super Square RX ISO HD 2-cast SP5006,B005NGWU4U
Uzaki Nissin Fine mode flow rice Special weak 4505,B00B7YHOJ8
Uzaki Nissin Fine mode Namitome rockfish high contrast 9010,B003Y3NG1U
Uzaki Nissin Real Off Shore ROF-S508,B000FOPVVY
Uzaki Nissin professional spec ISO 1 No. 4005,B00B7YQMLY
Uzaki Nissin rod Umiwarabe No. 30 360,B005NGXM7Y
ZEROSUM KEIKYOKUGI Hard 5.3m,B00V4DJ3KA
Uzaki Nissin rod mighty boat Light 10 No. 3004,B00KBH8QJO
INGRAM BLACK EDITION CHINU(Sea Bream) LTD 1.25-5.3,B00LAUUIYW
Uzaki Nissin air stage 2WAY Osamutsutsumi rockfish high contrast 6253,B002PVW0PK
Uzaki Nissin PROFESSIONAL RED PLUM Hard 4.95,B005NGWWIE
Uzaki Nissin ZEROSUM TENKARA 7:3 Action 3.20m [Japan Import] by Uzaki Nissin,B018RP8FCY
Uzaki Nissin rod GULF Ten'yamadai M T type 265,B00D6BZYSS
Uzaki Nissin RV CLUB Light boat 20V 2403,B002OAJRFI
Uzaki Nissin unplug Muso TZ 3WAY high contrast 6214,B00B7YAFC6
Uzaki Nissin aggressor spring haze high contrast 8016,B005NGYTQ2
Uzaki Nissin ZEROSUM TENKARA 4.05m [Japan Import],B00COZS17S
Uzaki Nissin rod Ingram ISO IM R2 1.75 No. 5305,B0168ARU5I
Uzaki Nissin Dreams YUMESUMI RV RV DRYS-RV800,B011T58B8W
GLISTER Fishing pond MYAKUDURI SP（Spread type）3.6m,B003603GVQ
Uzaki Nissin rod Ingram long cast No. 5 530,B007SQ6Y2M
Uzaki Nissin air stage 3WAY Kei-waza hardness high contrast 6314,B005NGXU5S
Uzaki Nissin professional specs ISO 3 No. 4505,B00B7YRUNS
Uzaki Nissin air stage 3WAY Kei-waza filament 7216,B005NGX6ZW
Uzaki Nissin Rod Ingram ISO IM B2 1 No. 5305,B01K9LM2Y6
Uzaki Nissin SHORYU KOI(Carp)(Spread Type) SUPER HARD-5.4,B004I1D8UG
Uzaki Nissin ZEROSUM ISO SHIN X4#1.75-5305,B0773P8PHK
Uzaki Nissin PROUDIA IKADA fast action1.35,B004I0K7VA
Uzaki Nissin in Fine mode flow 2WAY hardness 4409,B005NGUOJS
Uzaki Nissin Dreams YUMEOI TORZITE RV DRYO-RV900M,B0168AR9V8
Uzaki Nissin professional Square Super Tenkara 8: 2 3207,B005NGWVA8
Uzaki Nissin professional stage number ISO 1 No. 4005,B005NGU0B0
Uzaki Nissin rod SHIP MASTER hairtail ride tone 2002,B01K1AL2GO
Uzaki Nissin INGRAM BLACK EDITION ISO Landing net pole LTD 5.0m,B00FAXD8ME
Uzaki Nissin air stage Fuji flow Tenkara 5: 5 3609,B005NGXUN0
Uzaki Nissin Regina bright in hardness Hardness 3604,B00B7YIUA0
INGRAM TAMAN(Lethrinidae)M5.0,B012CD1BL4
Uzaki Nissin minutest care by work hand drum high contrast 3307,B005NGX6N4
Uzaki Nissin rod GULF Ten'yamadai MH S type 230,B00D6BZWIA
N’s CHINU(Sea Bream)1-4.45,B008AQLLVS
SEIKON BESSAKU KEIZAN Hard 6.1m,B00COZRP3E
SEKIRYU KOI(CARP)(Spread Type)HARD6.3,B00B7YMMT0
Uzaki Nissin Gil Hoshi recommend eleven feet,B004TIO2S0
Uzaki Nissin air stage white plum hardness high contrast 1904,B005NH0Y24
Pattern of Uzaki Nissin rod zero-sum Iso ball X4 500,B00BYRHDLW
Uzaki Nissin rod Super Square RX sea fishing pond Saitsuri (drawer) 150,B002OAK1FS
Uzaki Nissin Ingram ISO IM 2.25-5.0,B009KK2HDE
Uzaki Nissin rod INGRAM ISO IM 2 No. 530,B004L4NB6G
Uzaki Nissin wave black sea bream 0.8 No. 3604,B002OAQ5OO
Uzaki Nissin DREAMS YUMESUMI TORZITE RV DRYT-RV803L,B011T599LU
Uzaki Nissin in Fine mode flow hardness 3908,B005NGTCPA
SEIKON 2WAY KUROGAWA Super Hard 6.2m,B005NGXKFS
Uzaki Nissin Fine mode dry landscape high contrast 2706,B005NGTQRY
Uzaki Nissin Ingram Sea Fishing Pond(Spread Type) LTD-Y 3.60,B00USMCMWO
Uzaki Nissin DREAMS YUMESUMI TORZITE DRYT-RV806ML,B00USMCS2S
Uzaki Nissin Regina bright high contrast 5406,B00B7YJDYM
Uzaki Nissin air stage Osamutsutsumi rockfish high contrast 8109,B002PW170I
Uzaki Nissin air stage Fuji flow Tenkara 6: 4 3308,B005NGX7GK
SPREAD 3WAY RYUSEN Super middle hard5.3m,B011T5B2OM
SEKIRYU KOI(CARP)(Spread Type)HARD5.4,B00B7YLYXU
Uzaki Nissin unplug Muso TZ 3WAY in hardness Hardness 6214,B00B7YA8QY
Uzaki Nissin Super Square RX ISO HD 2.5-cast4505,B002OAM408
SHORYU KOI(Carp)(Spread Type)HARD-3.2,B00B7YJPL8
Uzaki Nissin LESTER YUMESHIZUKU 7’10”/2.39,B00D6C0HLQ
Uzaki Nissin small joint fountain 2707,B00B7YC2GS
Uzaki Nissin KYOKURYU KOI(CARP) JAPAN PREMIUM 3.55,B010EXLM7W
INGRAM Sea fishing pond(Spread type) LTD-R 3.60,B00USMCJ0Y
Uzaki Nissin Royal Stage TUDUMI Super Hard-4.4,B005NGV5MI
SHORYU KOI(CARP)Short section 3.50,B00KCFTEXC
SHORYU KOI(Carp)(Spread Type)HARD-7.2,B00B7YKMBA
Uzaki Nissin Sea Park sea fishing park Special No. 2 4505,B004WIBWR6
Uzaki Nissin SHORYU KOI(Carp)(Spread Type) Super Hard-2.4,B00B7YK7JW
SEIKON HAKURYU HARD 7.20,B00COZSUL0
SEIKON UNKYU(Spread Type)Hard Carp-7.2,B005NGXFW6
Uzaki Nissin rod LEOPARD one TENYA SPECIAL 240,B00GFGEAY0
Uzaki Nissin 2WAY Yu 's mountain ZX in hardness 4511,B002OAO39I
Uzaki Nissin INGRAM NAGISA IM LTD-R 1-5.3,B00K74YDFM
Uzaki Nissin Fine mode dry landscape high contrast 3909,B005NGTG4M
Uzaki Nissin ZEROSUM TENKARA 7:3 Action 3.20m [Japan Import],B00COZRZXE
Uzaki Nissin aggressor spring haze 3WAY 5812,B005NGYPSO
INGRAM RED EDITION ISO LTD 1.25-5305,B00N2D16FA
INGRAM RED EDITION ISO LTD 2-5305,B00N2D18V2
Uzaki Nissin Lester YUMESUMI B Type-S8’0”/2.43,B06XFW9T4D
Uzaki Nissin Lioness narrowing down MH 2452,B01LYS6T5I
PROMINENT CHINU(Sea Bream) 1-5.35,B00YBFV12G
Uzaki Nissin RV CLUB Light boat 20V 2704,B002OAQLDY
Uzaki Nissin Ingram Surf 27 4204,B007NAEKNI
Uzaki Nissin Fine mode flow 2WAY hardness high contrast 4409,B005NGUONO
Uzaki Nissin Regina bright high contrast 4205,B00B7YJ9PA
PROMINENT Fishing pond MYAKUDURI SP（Spread type）3.9m,B00UYFY8UE
Uzaki Nissin air stage white plum hardness in hardness 3407,B005NGXBU2
Uzaki Nissin INGRAM BLACK EDITION ISO Landing net pole LTD 6.0m,B00FAXD9GO
ZEROSUM ISO DAN V3 1.25-5005,B00OR5B97M
Uzaki Nissin rod INGRAM ISO IM 1.25 No. 530,B003Y3R5MQ
Uzaki Nissin rod Ingram ISO IM R2 2.25 No. 5305,B0168AQWU2
ROYAL STAGE TUDUMI Middle hard-4.95,B005NGWX4W
Uzaki Nissin rod elixir ISO 2WAY Monkey No. 2 6253,B00LAUUIN8
Uzaki Nissin rod “¬—´ 20V 2106,B011T58EX4
Uzaki Nissin air stage Osamutsutsumi rockfish high contrast 4505,B002PVW0WI
INGRAM ISO BⅡ Landing net pole 5.0m,B01N751VVM
Uzaki Nissin ROYAL STAGE TUDUMI Hard-3.95,B005NGTF3O
INGRAM RED EDITION ISO LTD 1.75-5005,B00V4DIYAU
Uzaki Nissin rod Fine mode Namitome rockfish small joint high-contrast 700,B005NGYR96
Uzaki Nissin rod Super Square RX ISO HD 3 No. 700,B005NGYNZY
Uzaki Nissin air stage 3WAY Kei-waza high contrast 6314,B005NGXU8U
Uzaki Nissin minutest care by work hand drum high contrast 6313,B005NGXTTK
Uzaki Nissin SHORYU KOI(Carp)(Spread Type) SUPER HARD-4.5,B004I19Q3Y
SUPER LIGHT HAZE(Gobioidei)HARD-4.4,B00KBK5EV4
Uzaki Nissin Special Gee car 3WAY Yu 's water hardness high contrast 5412,B005NGX1DO
PRO SPEC NUKI MEBARU(Sebastes inermis)HARD-7.1,B004I1E3L4
Uzaki Nissin DREAMS YUMESUMI RV YASHA RV DRYY-RV806M,B011T58ZQK
Uzaki Nissin Mobile Fours IKADA M 1.50,B019BJPC58
Uzaki Nissin air stage 3WAY Kei-waza filament 5412,B005NGX0OY
PROSTAGE NUMBER Squid #3-4.5,B005NGV1F4
Uzaki Nissin ZEROSUM ISO X4 KEI #1.75-5005,B074Y17RHT
Uzaki Nissin Dreams YUMESUMI RV YASHA RV DRYY-RV708ML,B011T58NMQ
SPECIAL ZEAKER 2WAY CHINU(Sea Bream) #1 4.45-5.0,B00YBFUVWM
Uzaki Nissin KYOKURYU ISHIDAI(Striped beakfish) 5.25 M,B01K1AM6QY
宇崎 日新 Rod Regina 山吹 硬調 720 ,B00B7YJE50
V.A.S. Deathbowl To Downtown DVD ( Multi ),B002OAJZ8M
Uzaki Nissin / Ingram rice IM 0.5 No. 5406,B00896PPBG
Uzaki Nissin SUPER SQUARE RX ISO HD 1-4505,B002OAM2GO
Uzaki Nissin Professional Square 2WAY Black sea Bream P 3642,B002OAJPLY
Uzaki Nissin INGRAM ISO IM RⅡ2-5005,B0168AR6FC
INGRAM KARE(Orange-spotted spinefoot)H5.0,B072BXC17H
Uzaki Nissin professional spec ISO 1 No. 5006,B00B7YQM64
Uzaki Nissin Pro Stage Exceed Sakai No.5 Long-Distance Casting 4505 from Japan,B07ZJ5YGF7
SEIKON UNKYU(Spread Type)Hard Carp-4.55,B005NGW716
Uzaki Nissin Rod minutest Care by Tailored Shofunani 5 feet 150,B005NGYVCY
Uzaki Nissin VERDANDY β VERβ-703T7’3”/2.21,B00D6C0KNG
Uzaki Nissin rod Super Square RX ISO HD 2 No. 800,B002OAM3E0
Uzaki Nissin rod zero-sum Iso long cast X4 4 No. 5305,B012EWDSYG
Uzaki Nissin AIR Stage FUJIRYU TENKARA HONRYU4.5m,B005NGUROA
Uzaki Nissin Fine mode dry landscape high contrast 3207,B005NGWUXG
Uzaki Nissin Regina bright in hardness Hardness 2703,B00B7YITRY
Uzaki Nissin rod Ingram long cast No. 3 530,B007SQ6X3W
Uzaki Nissin rod elixir Iso No. 2 5306,B00K74XKE2
Uzaki Nissin SHIP MASTER PREMIUM HAIRTAIL TB-1.97,B074XVYS7T
REGINA YAMABUKI（Spread type） Hard 8.1m,B00B7YJDXI
Uzaki Nissin Royal Stage TUDUMI Hard-3.4,B005NGXCXS
Uzaki Nissin rod Super Square RX ISO HD 3 No. 800,B005NGYS1S
Uzaki Nissin SUPER SQUERE RX HIGOI4.50,B005NGUTFM
Uzaki Nissin Dreams YUMEOI TORZITE RV DRYO-RV802LS,B01N5R3V02
Uzaki Nissin rod SPREAD ISO 1.25 No. 530,B007IXDRZC
Uzaki Nissin Fine mode Namitome in rockfish Hardness Hardness 5306,B005NGXWUQ
Uzaki Nissin minutest care by work team high contrast 9 feet 2703,B005NGWWIO
Uzaki Nissin rod professional stage number boat (NamiTsugi) No. 15 180,B00GFGE0R2
Uzaki Nissin Gil Hoshi recommend twelve feet,B00CD1XP1A
REGINA YAMABUKI（Spread type）Super Hard 6.3m,B00B7YJKPO
Uzaki Nissin Rod Professional Stage Number Squid 1.5 No. 500,B005NGWU8G
PROUDIA ICHIMONJI KURODAI(Sea Bream)7.20(7.20-6.15),B005NGXXUA
PLAY STAGE SUPER DEEP MARINE V3(stick type) 3.6,B01MTJQSZY
Uzaki Nissin SPREAD sensitive Sebastes inermis(stick type) 2.7,B00GFGDR08
AIR STAGE HADO KIBIRE（Spread type）2.4m,B00EBMMTFC
Uzaki Nissin rod professional specs sea fishing pond H 360,B0091BSV3W
Uzaki Nissin small joint fountain 3610,B00B7YC2V8
Uzaki Nissin rod LEOPARD RTS SV-66ML,B00GFGEH8O
Uzaki Nissin rod S Square RX sea fishing pond power 3304,B0035ZMZ9Q
ZEROSUM KISU(whitings) X4＃30　(Ｋ guide) 4.1,B00USMCFE4
INGRAM HIRAMASA(Yellowtail amberjack)H5.0,B01K1AL2EQ
Uzaki Nissin INGRAM NAGISA IM 0.6-4.25,B00CEMBACE
Uzaki Nissin professional specs ISO 0.8 No. 5006,B00B7YQESU
PROSTAGE NUMBER Squid #2-4.5,B005NGV19U
SEIKON BESSAKU KEIZAN Hard 5.3m,B00COZRO3U
ROYAL STAGE 3WAY KEISHO Super middle hard5.3m,B019BJPC6M
Uzaki Nissin Fine mode dry landscape high contrast 5412,B005NGX1XY
PRO SQUARE SUPER MULCH KURODAI(Sea Bream)UG 6307,B002OAHR3W
Uzaki Nissin rod GULF Ten'yamadai M T type 250,B00D6BZYYC
Uzaki Nissin ROYAL STAGE TUDUMI Middle-2.95,B005NGU4T8
Uzaki Nissin Fine mode flow 2WAY high contrast 3908,B005NGTCIC
Uzaki Nissin rod ARES REAL OFF SHORE ROF-B510,B000FOPVWS
PRO SPEC NUKI MEBARU(Sebastes inermis)SUPER HARD-5.3,B004I1E3LY
ENSHU SP SURF(Spread Type) 5.4,B00GFGE91E
Uzaki Nissin rod mighty boat Light 20 No. 2403,B00KBH8TDC
Uzaki Nissin rod zero-sum Iso tail length X4 TYPE2 5005,B00K74XZMO
Uzaki Nissin aggressor 3WAY Akane in hardness Hardness 6214,B002OAQ6FW
Uzaki Nissin Fine mode flow high contrast 3908,B005NGTDC2
Uzaki Nissin minutest care by work team high contrast 11 feet 3304,B005NGYHS2
Uzaki Nissin professional specs ISO 2.5 Gototo 5306,B00B7YS6KE
Uzaki Nissin professional Square Super Tenkara 6: 4 3608,B005NGXTNQ
INGRAM BLACK EDITION Long Casting LTD #4-5.3,B00NBXRUME
Uzaki Nissin Lucido Rice H 6307,B003Y3PL3G
Uzaki Nissin ZEROSUM TENKARA 4.50m [Japan Import],B0166HM1H0
Uzaki Nissin / professional specs black sea bream No. 1 5006,B00CD1XZSI
Uzaki Nissin / air stage ISO Monkey NZ 1.5 No. 3604,B005NGXQG6
HEXA RYUSEN Hard 6.1m,B010UK99PG
SUPER LIGHT HAZE(Gobioidei)HARD-5.45,B00KBK5FYK
Uzaki Nissin PRO STAGE MARINE BLUE SHIP（Spread Type） 20V-2.4,B002OAJSCK
Uzaki Nissin Fine Mode Flow 2WAY high Contrast 6313,B005NGXS2I
Uzaki Nissin rod CURTIS GTR JS600-PE2.5,B00D6BZ5WI
Uzaki Nissin rod professional stage number squid 1.5 No. 450,B005NGV0VO
SEIKON 2WAY KUROGAWA Hard 4.5m,B002OAQ6DO
ZEROSUM KISU(whitings) X4＃25　(Ｋ guide) 4.1,B00USMCB20
Uzaki Nissin Fine mode flow hardness high contrast 3908,B005NGTD4A
Uzaki Nissin professional specs ISO 3 No. 5306,B00B7YRUVK
SPREAD 3WAY RYUSEN Hard 5.3m,B011T5BBPC
Uzaki Nissin rod Setouchi sea bream LTD-Y 300,B00GFGDQVS
Uzaki Nissin Special Gee car 3WAY Yu 's water in hardness Hardness 4510,B005NGV820
Uzaki Nissin Ingram ISO IM RⅡ2.5-5305,B0168AR3IC
Uzaki Nissin zero-sum Iso X4 KEI 1 No. 5305.,B01N0T07HZ
Uzaki Nissin rod Super Strike beach Kaizu M3304,B013HKW3QI
Uzaki Nissin unplug Muso TZ 3WAY Carbide 6014,B00B7YB494
Uzaki Nissin aggressor spring haze 7014,B005NGYQB0
Uzaki Nissin ZEROSUM KISU(whitings) X4 TB 4.1#23,B06W9HLNCD
FINE MODE KOSANSUI Super middle hard4.5m,B005NGV8RK
Uzaki Nissin air stage 3WAY Kei-waza hardness high contrast 5412,B005NGX062
PROMINENT Fishing pond MYAKUDURI SP（Spread type）3m,B00UYFY32M
Uzaki Nissin BLACK JAGUAR JS･JB 6’1”/1.85Spinning S601/3,B06XFQKXHZ
INGRAM RED EDITION ISO LTD 1-5305,B00P23PE9W
Uzaki Nissin LESTER YUMESUMI B TYPE-S7’8”/2.33,B06XFSXR8G
Uzaki Nissin rod Super Square RX ISO HD 2 No. 530,B002OANTKM
Uzaki Nissin wave black sea bream 0.8 No. 4505,B002OAX4RK
Uzaki Nissin rod professional stage hairtail No. 3 (long cast) 360,B002OASWZE
ZEROSUM CHINU(Sea Bream) X4 PW #1.25-5.3,B01MTC9F3J
Uzaki Nissin Fine mode flow hardness high contrast 4509,B003Y3NMKU
Uzaki Nissin professional specs ISO 4 Gototo 5306,B00B7YSFXW
Uzaki Nissin LESTER YUMESUMI B TYPE-S7’2”/2.18,B06XFC35RR
Uzaki Nissin Pro Stage Exceed Sakai No. 3 4005 (Board Reel Sheet) from Japan,B07ZJ5LG33
Uzaki Nissin Regina bright high contrast 3304,B00B7YJ27A
Uzaki Nissin rod elixir Iso 3 Gototo 5306,B00K74SQ6E
Uzaki Nissin professional stage number ISO 4 Gototo 3604,B005NGXSGE
Uzaki Nissin minutest care by work team high contrast 27 feet 8109,B005NGXFIK
Uzaki Nissin rod zero-sum Iso bullets X4 TYPE3 530,B00ASTG3JA
Uzaki Nissin air stage 2WAY Osamutsutsumi rockfish high contrast 5445,B002PVY3TQ
PRO SPEC KURODAI(Sea Bream) Inter Line 5.05,B00D2OAGH8
Uzaki Nissin Regina bright in hardness Hardness 7208,B00B7YIXCA
Uzaki Nissin Regina bright in hardness Hardness 2403,B00B7YIQ1S
Uzaki Nissin INGRAM ISO IM RⅡ1.75-5005,B0168ARXJG
PROMINENT Fishing pond MYAKUDURI SP（Spread type）2.7m,B00UYFY1JC
Uzaki Nissin ROYAL STAGE 3WAY KEISHO Hard 4.3m,B019BJPEDI
Uzaki Nissin ZEROSUM GORIMAKI PE-V1.65,B00K74XN1C
Uzaki Nissin Black Jaguar JS･JB 6’1”/1.85Spinning S601/4,B06XFNLMCV
Uzaki Nissin PRO SPEC ISO KW Long casting 2.5-5306,B01D48SVD2
Uzaki Nissin SHORYU KOI(Carp)(Spread Type) Super Hard-2.15,B00B7YK6B6
Uzaki Nissin professional Square Super Multi black sea bream UG 3604,B002OA68YQ
Uzaki Nissin rod Super Strike beach Kaizu M3004,B013HKW3T0
Uzaki Nissin Fine mode dry landscape Carbide 4510,B005NGV91U
WAVE IAKADA(Raft) 1.60,B011T5BYGS
Uzaki Nissin professional square multi black sea bream UG 6307,B002OANLXC
Uzaki Nissin wave black sea bream 1.25 No. 5306,B005NGXXCI
ZEROSUM ISO BAIT REEL Type X4,B00LATQYLY
Uzaki Nissin Dreams YUMESUMI TORZITE RV DRYT-RV800ML,B01M16LK1L
ROYAL STAGE TUDUMI RED Hard-5.4,B01M031WOG
Uzaki Nissin Ingram CHINU(Sea Bream) IM LTD-OR 0.6-5.3,B00K74XN62
PROMINENT CHINU(Sea Bream) 1-4.45,B00YBFUZZU
Uzaki Nissin INGRAM CHINU(Sea Bream) IM LTD-OR 1-5.3,B00K74XHO0
SEIKON BESSAKU JIN (Spread type) Hard2.4m,B005NGY714
Uzaki Nissin / zero-sum Iso bullets X4 TYPE2 5305,B00ATX10UW
DREAMS YUMESUMI TORZITE RV DRYT-RV806 Slow taper,B011T596DQ
Uzaki Nissin elixir disconnect rockfish high contrast 6106.,B01M7ZTX8D
Uzaki Nissin INGRAM BLACK EDITION ISO LTD 1-5005,B00FAXCYRE
Uzaki Nissin air stage 2WAY Osamutsutsumi rockfish high contrast 9081,B003Y3KC7G
Uzaki Nissin rod “¬—´ 20V 2407,B011T58IBM
Uzaki Nissin rod Ingram ISO IM B2 1.75 No. 5305,B01K9LLQXE
PRO SQUARE CHINU (Sea Bream) Inter LineP3.6,B003BXH09C
Uzaki Nissin Ingram Black Edition ISO LTD 1.5-5305,B00F0B9QW2
Uzaki Nissin Fine mode dry landscape high contrast 4510,B005NGV8X4
Uzaki Nissin FREED Sensitive Sebastes inermis stick type3.6m,B00GFGDP0A
Uzaki Nissin Close UP TSUKIBUE Hard 6.25,B01MSI9OFK
Uzaki Nissin Dreams YUMESUMI TORZITE RV DRYT-RV806L,B011T59BS6
3WAY RAMASuper Hard 6.2m,B01MXHDVF0
Uzaki Nissin Ingram rice IM LTD-R 0.5 No. 5406.,B01N5HKA0E
Uzaki Nissin rod elixir Iso No. 3 5306,B00K74Y3N4
AIR STAGE HADO KIBIRE（Spread type）3.6m,B00EBMKLOI
PRO SQUARE CHINU (Sea Bream) Inter LineW6.3,B002OAQ6HA
Uzaki Nissin rod Super Square RX ISO HD 1 No. 360,B002OAM2DC
SHORYU KOI(Carp)(Spread Type)HARD-2.65,B00B7YJPCM
ROYAL STAGE TUDUMI Super hard-6.35,B005NGXTEU
Uzas Nissin Ns Long cast #4 3604,B0168ARK4Y
Uzaki Nissin rod mighty boat Light 10 No. 2704,B00KBH8MPC
Uzaki Nissin professional Square Super Multi black sea bream UG 4505,B002OA47IK
Uzaki Nissin rod professional spec ISO KW long cast No. 4 5306,B01D48T8L6
Uzaki Nissin RV CLUB Light boat 10V 3004,B002OANMOK
Uzaki Nissin Rod Fine Mode Beach Surf 30 450,B005NGUUO2
Uzaki Nissin Sea Park sea fishing park Special No. 3 4005,B004WIBX52
ROYAL STAGE TUDUMI Super hard-3.9,B005NGTEW6
Uzaki Nissin Lester YUMEAJI B 6’6”/1.98,B06XFS46P9
SHORYU KOI(CARP)Short section 6.10,B00D2OA506
Uzaki Nissin rod HADO X 3 No. 2704,B00USMC4N6
Uzaki Nisshin Rod Ingram Long cast Both shafts 5 No. 550,B00BMEL13S
Uzaki Nissin Brave 2WAY Osamutsutsumi Hechi,B002NNV21I
Uzaki Nissin Super Square RX Fishing Pond Side Style（Spread Type） 2.1m,B002OAM8R2
Uzaki Nissin Fine mode flow 2WAY high contrast 4409,B005NGUORU
Uzaki Nissin Fine mode Namitome rockfish hardness high contrast 8109,B005NGZ0BK
HEXA RYUSEN Hard 4.5m,B00V4DIURC
Uzaki Nissin professional stage number ISO 5 Gototo 4505,B005NGV2VM
ZEROSUM ISO DAN V3 1.25-5305,B00OZ13I7W
Uzaki Nissin rod HADO X 2 No. 3004,B00USMC01W
Uzaki Nissin air stage Osamutsutsumi rockfish high contrast 5306,B002PW30YO
Uzaki Nissin ZEROSUM ISO X4 Ladle LTD-RB 750cm,B0171H7P0C
ROYAL STAGE 3WAY KEISHO Super middle hard6.1m,B019BJPA3C
INGRAM RED EDITION ISO LTD 1.75-5305,B00N2D17VS
Uzaki Nissin PRO STAGE MARINE BLUE SHIP（Spread Type） 20V-1.8,B002OANNHQ
INGRAM BLACK EDITION SURF(Spread type)#27-3.9,B00V7U6UE2
Uzaki Nissin professional specs ISO 4 Gototo 4505,B00B7YSESI
Uzaki Nissin air stage white plum high contrast 5010,B005NGWVMG
Uzaki Nissin ROYAL STAGE AKANE Super middle hard6.2m,B019BJP7M6
FUGA IAKADA(Raft) (stick type)Fast action1.8,B003Y3LCAM
Uzaki Nissin RV CLUB Light boat 20V 3305,B002OAJRK8
Uzaki Nissin SHORYU KOI(Carp)(Spread Type) Super Hard-6.3,B00B7YLL2E
SHIP MASTER Octopus lure-1.85,B072MDTW4H
Uzaki Nissin CURTIS SHAMROCK stream 408UL,B00B7YY9A0
Uzaki Nissin 2WAY Yu 's mountain ZX in hardness 5413,B002OAR0IE
Uzaki Nissin rod mighty boat Light 20 No. 1803,B00KBH8RKW
Uzaki Nissin / professional specs wings 1.25 No. 5006,B00CD1XYHK
PRO SPEC KURODAI(Sea Bream) Inter Line 3.20,B00D2OADXU
ZEROSUM ISO X4 Ladle T-M750cm,B00F1CVVVY
PRO SPEC NUKI MEBARU(Sebastes inermis)SUPER HARD-6.1,B004I1ICZC
Uzaki Nissin INGRAM ISO IM RⅡ1.5-5305,B0168ARDKA
Uzaki Nissin professional stage number ISO 3 No. 5306,B005NGY1O2
Uzaki Nissin Special Gee car 3WAY Yu 's water hardness high contrast 6214,B005NGXJ5Y
Uzaki Nissin Pro Spec 2way 360 7:3 Tenkara Fishing Rod,B00B7YHVLO
Uzaki Nissin INGRAM NAGISA IM LTD-R 0.6-5.3,B00K74YAPU
Uzaki Nissin Royal Stage Akane Super Middle hard4.5m,B019BJPC3A
Uzaki Nisshin Rod Ingram Long cast Both Axes 4 No. 550,B009ZRONIY
Uzaki Nissin rod Super Square RX ISO HD 1 No. 530,B002OAM2KK
SEIKON KOGANE(STICK TYPE)1.40,B00W6Y38U2
Uzaki Nissin Zero-Sum Iso X4 KEI 1.75 No. 5305.,B01N7KCG8I
Uzaki Nissin Fine mode flow 2WAY hardness high contrast 3908,B005NGTCB4
Uzaki Nissin PRO STAGE MARINE BLUE SHIP（Spread Type） 10V-2.7,B002OALWOC
Uzaki Nissin Gil Hoshi mended eight feet,B004TIAKSG
Uzaki Nissin INGRAM RED EDITION ISO Landing net pole LTD 6.0m,B00N2D1A6A
Uzaki Nissin rod RV CLUB squid Monkey ML 5006,B002OAQX00
Uzaki Nissin rod Ingram Black Edition Iso LTD 1.25 No. 500,B00FAXD0OA
Uzaki Nissin DREAMS YUMESUMI K GUIDE YASHA DRYY-K806M,B00GFGE950
Uzaki Nissin GRAYZER ISO TNTune 1.5-5005,B076KL3CCQ
Uzaki Nissin rod Super Square RX ISO HD 2.5 Gototo 530,B002OAJZ5A
Uzaki Nissin rod professional specs sea fishing pond 2WAY MyakuTsuriri Z 3004,B01IGJY7KU
Uzaki Nissin rod Fine mode Namitome rockfish small joint high-contrast 620,B005NGXJVS
Uzaki Nissin Special Gee car 3WAY Yu 's water high contrast 7016,B003Y3PI98
Uzaki Nissin air stage 3WAY Kei-waza hardness in hardness 7216,B005NGX6HU
Uzaki Nissin Special Gee car 3WAY Yu 's water high contrast 6214,B003VCJA64
Uzaki Nissin ZEROSUM ISO SHIN X4#1.25-5005,B0773N8SSD
ZEROSUM ISO X4 Ladle T-S750cm,B01K9LLQV6
Uzaki Nissin air stage white plum hardness in hardness 6313,B003Y3LBD0
Uzaki Nissin unplug Muso TZ 3WAY hardness high contrast 4510,B00B7YAF3A
Uzaki Nissin INGRAM ISO IM BⅡ2-5305,B01K9LLQWU
Uzaki Nissin PROUDIA IKADA fast action1.5,B004I0PSJG
Uzaki Nissin professional square multi black sea bream UG 3604,B002OALV2K
Uzaki Nissin unplug Muso TZ 3WAY hardness high contrast 5312,B00B7YAM0G
Uzaki Nissin 2WAY Yu 's mountain ZX in hardness 6215,B002OASY20
Uzaki Nissin / air stage Chinumebaru P 5006,B005NGWTP0
Uzaki Nissin PRO Stage Marine Blue Ship（Spread Type） 10V-2.05,B002OANNBW
Uzaki Nissin air stage white plum in hardness Hardness 5010,B005NGWVC6
Uzaki Nissin professional stage number ISO 3 No. 4505,B005NGV2EO
Uzaki Nissin Regina bright in hardness Hardness 3003,B00B7YIU3C
Uzaki Nissin Rod RV Club Squid Monkey ML 4505,B002OAPZ2C
Uzaki Nissin Pro Stage Exceed Pass No. 1 4005 (Board Reel Sheet) from Japan,B07ZJ4K7KZ
Uzaki Nissin air stage 2WAY Osamutsutsumi in rockfish Hardness Hardness 5445,B002PW16BI
SEIKON GENSHO Competition SP(Spread Type) 3.6,B00COZSHZE
SUPER LIGHT HAZE(Gobioidei)HARD-3.6,B00KBK5DE2
Uzaki Nissin Black Jaguar JS･JB 6’3”/1.91Bait B603/4,B06XFPQK9D
SEIKON GENSHO Competition SP(Spread Type) 6.3,B00COZSKUQ
Uzaki Nissin Brave 2WAY Osamutsutsumi Hechi,B002OAO5RS
SEIKON KOGANE(STICK TYPE)1.20,B00W6Y36R2
Uzaki Nissin Elixir ISO YAEN #2-4.5m,B00LAUUJ1Y
PRO SPEC KURODAI(Sea Bream) UG 3.55,B00D2OAE5M
SEIKON UNKYU(Spread Type)Carp-6.3,B005NGXFAS
Uzaki Nisshin rod Ingram long cast both axes 3 No. 5855,B00LATRFEE
Uzaki Nissin professional stage number ISO 1.5 No. 4505,B005NGV1KO
Uzaki Nissin professional specs ISO 5 Gototo 4505,B00B7YSLJA
Uzaki Nissin rod Puraudia Setouchi long rockfish IM 500 hardness in hardness,B005NGWOZU
Uzaki Nissin Sea Park sea fishing park Special long cast 3604,B004WIOYG2
Uzaki Nissin Dreams YUMESUMI TORZITE DRYT-RV806L,B00USMCPOY
Uzaki Nissin air stage 3WAY Kei-waza filament Limited 7216,B005NGX7EM
Uzaki Nissin rod Ingram ISO ball of the handle LTD-OR 500,B009J2VDLA
Uzaki Nissin minutest care by work team high contrast 18 feet 5406,B005NGW7L6
Uzaki Nissin unplug Muso TZ 3WAY high contrast 4510,B00B7YAAFS
Uzaki Nissin rod RV CLUB squid Monkey ML 5306,B002OAK48M
Uzaki Nissin air stage white plum high contrast 2906,B005NGU4DO
ATRAS POLE 3.0,B00OKAEZOS
Uzaki Nissin minutest care by work hand drum high contrast 5010,B002PW03G2
宇崎 日新 Rod Regina 山吹 Firm 硬調 540 ,B00B7YJKFO
Uzaki Nissin Zero-Sum Demon Tenkara Mainstream 3958,B01M0EQP2D
Uzaki Nissin air stage white plum high contrast 1904,B005NH0YIS
Uzaki Nissin professional specs ISO 3 Gototo 4505,B00B7YSB2M
Uzaki Nissin / air stage Chinumebaru W 5006,B005NGWTVE
Uzaki Nissin BLACK JAGUAR JS･JB 6’3”/1.91Spinning S603/4,B06XFKB7QS
Uzaki Nissin ROYAL STAGE TUDUMI Hard-4.95,B005NGWXCY
Uzaki Nissin rod Freed Iso 1.25 No. 530,B00EJ9MHE0
Uzaki Nissin rod “¬—´ 20V 2708,B011T58LVY
Uzaki Nissin professional specs ISO 0.8 No. 4005,B00B7YQ9GC
Uzaki Nissin Rod Leopard Jack Game 8: 2 S 165,B00GFGELLM
Uzaki Nissin GRAYZER ISO TNTune 1-5005,B076KQN69J
Uzaki Nissin Rod Professional Specs sea Fishing Pond M 330,B00D6BYJMU
SEIKON HAKURYU HARD 8.10,B00COZSUHE
Uzaki Nissin rod GLYSTAR sea fishing pond pulse fishing SP 390,B0035ZY39G
Uzaki Nissin rod Super Square RX ISO HD 4 Gototo 450,B002OAJZPK
SHORYU KOI(Carp)(Spread Type)HARD-3.55,B004I1985K
SEIKON GENSHO Competition SP(Spread Type) 5.4,B00COZSKUG
Uzaki Nissin Regina bright in hardness Hardness 3904,B00B7YITTW
Uzaki Nissin / Ingram black sea bream IM 1 No. 5305,B007BGXVFC
Uzaki Nissin KYOKURYU KOI(CARP) Short section JAPAN PREMIUM 5.4,B00V4DJ4WC
SPREAD TSUBAKI 4.4,B011T5BVZM
Uzaki Nissin DREAMS YUMESUMI RV YASHA RV DRYY-RV806L,B011T58KXS
SPREAD 3WAY RYUSEN Super middle hard6.1m,B011T5B7DI
Uzaki Nissin ZEROSUM ISO X4 Ladle LTD-FB 750cm,B01JTMSAIS
Uzaki Nissin air stage 3WAY Kei-waza high contrast 5412,B005NGX0KS
SPREAD TSUBAKI 5.4,B011T5BZCG
Uzaki Nissin PRO SPEC 2 WAY Tenkara 6:4 Action 320 Tenkara Rod [Japan Import],B010NWEWA8
Uzaki Nissin / air stage Chinumebaru P 4505,B005NGURE0
Uzaki Nissin INGRAM Long Casting LTD/Bait reel LTD-R #4-5.5,B00GFGDCPI
Uzaki Nissin rod professional spec ISO KW long cast No. 4 4505,B01D48T51O
Uzaki Nissin rod Freed sensitive rockfish (NamiTsugi) 390,B00GFGDOVK
Uzaki Nissin professional river nurses Tenkara 6: 4 3207,B005NGWVHQ
Uzaki Nissin PROUDIA IKADA Sensitive Fast action1.65,B004I0MYY8
Uzaki Nissin INGRAM BLACK EDITION Long Casting LTD/Bait reel#4+ 5.8,B076KPPLDT
Uzaki Nissin professional specs ISO 0.8 No. 4505,B00B7YQ9VM
Uzaki Nissin 2WAY Yu 's mountain ZX Carbide 5413,B002OAX2XG
Uzaki Nissin FREED Sensitive Sebastes inermis stick type3m,B00GFGDOYW
Uzaki Nissin LESTER YUMESUMI B TYPE-S8’6”/2.59,B06XFRQM15
PRO SQUARE CHINU (Sea Bream) Inter LineP4.5,B003BXF5EY
3WAY RAMA Hard 7m,B01MRGPBQZ
Uzaki Nissin Special Gee car 3WAY Yu 's water filament 5412,B003VCJA2S
Uzaki Nissin Rod Curtis Monolith (Cork) L 702,B00D6BZ3S4
Uzaki Nissin air stage 3WAY Kei-waza high contrast 7216,B005NGX6V6
ROYAL STAGE 3WAY KEISHO Super middle hard4.3m,B019BJP7FI
SEIKON UNKYU(Spread Type)Carp-5.45,B005NGW8K6
PROUDIA ICHIMONJI KURODAI(Sea Bream)3.95(3.95-3.35),B005NGX85A
SEIKON SHONAI ROD3.85,B002OAV08A
Uzaki Nissin Rod Freed Iso 1.75 No. 530,B00EJ9OLMG
Uzaki Nissin Lucido Rice 4505,B003Y3PJIS
Uzaki Nissin rod Umiwarabe No. 30 270,B005NGTN40
SHORYU KOI(CARP)Short section 6.50,B00D2OA54M
ZEROSUM RIN X4 0.8-5.3,B00K74XQ5U
Uzaki Nissin INGRAM NAGISA IM 0.6-5.3,B00CEMBAME
Uzaki Nissin Prominent sea Fishing Pond Myakutsuri SP 3605.,B00UYFY76E
Uzaki Nissin 2WAY YUYUZAN ZX Hard 2.9m,B005NGU58S
Uzaki Nissin INGRAM ISO Landing net pole 6.95m,B00D2OC55E
SEIKON 2WAY KUROGAWA Super middle hard6.2m,B002OAT0Z0
Uzaki Nissin air stage Osamutsutsumi rockfish high contrast 9010,B005NGU16E
HADO CHINU(Sea Bream) 1.25-3.6,B005NGXPLC
FUGA IAKADA(Raft) (stick type)Fast action1.5,B003C2P6SE
Uzaki Nissin rod LEOPARD LE-S 66M,B004RD522C
Uzaki Nissin ROYAL STAGE TUDUMI Hard-5.4,B005NGWH1Q
Uzaki Nissin rod INGRAM ISO IM 1.75 No. 500,B003XYH2QU
ROYAL STAGE TUDUMI Super hard-4.9,B005NGWX8S
SUPER LIGHT HAZE(Gobioidei)-5.45,B00KBK5CD4
N’s CHINU(Sea Bream)1-3.55,B008AQLLAY
Uzaki Nissin INGRAM BLACK EDITION SURF(Spread type)#27-4.2,B00V7U6VNM
CLOSE UP Landing net pole CⅡ 5.0m,B074HN3H6V
Uzaki Nissin INGRAM SURF（Spread type） 30-4.2m,B007QHGOWI
Uzaki Nissin rod LEOPARD RTS BU-66MLL,B00GFGEHBQ
宇崎 日新 Rod 精魂 Kurokawa 2-Way 硬調 540 ,B002OAQ6EI
Uzaki Nissin CURTIS SHAMROCK stream 502UL,B00B7YYARC
Uzaki Nissin zero-sum Iso X4 KEI 1.5 No. 5305.,B01MT17PGJ
Uzaki Nissin Gil Hoshi mended nine feet,B004TILNV4
PROMINENT Fishing pond MYAKUDURI SP（Spread type）3.3m,B00UYFY5ZW
Uzaki Nissin DREAMS YUMESUMI K GUIDE YUMESUMI YASHA Tip RunDRYY-TRK708T,B00GFGEAX6
Uzaki Nissin air stage Fuji flow Tenkara 5: 5 3308,B005NGX76A
PRO STAGE NUMBER 2WAY KOUTEIHECHI(Spread type)2.40(2.40-2.05),B01KV9I7AO
Uzaki Nissin air stage white plum hardness high contrast 4509,B005NGV37A
Uzaki Nissin ZEROSUM ISO SHIN X4#2-5305,B0773LMTV3
Uzaki Nissin Wave Black sea Bream 0.8 No. 5306,B002OAQ5PI
INGRAM BLACK EDITION SURF(Spread type)#30-3.9,B00V7U6X4E
Uzaki Nissin PRO SPEC 2WAY TENKARA7:3-3.2m,B010NWEXM0
Uzaki Nissin Fine mode flow 2WAY hardness high contrast 5411,B005NGYBC4
Uzaki Nissin Fine mode Namitome in rockfish Hardness Hardness 4505,B005NGUTX4
Uzaki Nissin air stage white plum hardness in hardness 5411,B003Y3PH8K
Uzaki Nissin LEOPARD LIGHT GAME M-7:3,B00GFGEJ96
ZEROSUM KEIKYOKUGI Hard 6.2m,B010UEXXRW
Uzaki Nissin air stage Osamutsutsumi in rockfish Hardness Hardness 5306,B002PVW0VE
Uzaki Nissin Regina bright high contrast 2403,B00B7YJ1T4
Uzaki Nissin Close UP TSUKIBUE Hard 5.35,B01N01P2T2
Uzaki Nissin rod Umiwarabe 80 No. 330,B005NGX1XO
ROYAL STAGE TUDUMI Super hard-5.4,B005NGWGWG
Uzaki Nissin / Special Gee car drop-inclusive 3604,B005NGXMYC
Uzaki Nissin rod minutest care Xun IsoshoTsugi high contrast 5312,B012CD1ZW4
Uzaki Nissin rod RV CLUB squid Monkey M 5005,B002OANZMO
Uzaki Nissin ZEROSUM TENKARA 7:3 Action 3.60m [Japan Import],B00COZS470
Uzaki Nissin PRO STAGE MARINE BLUE SHIP（Spread Type） 10V-2.4,B003Y3PKEG
INGRAM BLACK EDITION CHINU(Sea Bream) LTD 1-5.3,B00LAUUV5S
Uzaki Nissin ZEROSUM KISU(whitings)(No guide) TYPE 0 4.0,B00D6C019E
Uzaki Nissin INGRAM ISO IM 2.5-5.3,B009KK2IAG
ZEROSUM ISO Landing net pole V3 5.0m,B00OR5BKAI
ZEROSUM KEIKYOKUGI Hard 7m,B010UEY1EG
Uzaki Nissin / air stage ISO Monkey 1.5 No. 5245,B002OAT0SW
Uzaki Nissin rod Super Square RX ISO HD 1.5 No. 620,B002OAQR6K
Uzaki Nissin Ingram Sea Fishing Pond(Spread Type) LTD-Y 3.30,B00USMCL4I
Uzaki Nissin kangaroo Memorial high contrast 6214,B000BSATRA
Uzaki Nissin professional specs 4WAY mountain stream high contrast 5212,B004I1R33E
Uzaki Nissin minutest care by work team high contrast 13 feet 3905,B005NGW432
ZEROSUM ISO DAN V3 2-5305,B00OR5BI96
SEKIRYU KOI(CARP)(Spread Type)HARD3,B00B7YLL4C
INGRAM CHINU(Sea Bream) IM R-Ⅱ0.6-5.3,B01N3749WQ
HEXA RYUSEN Hard 7m,B010UK9BF4
Uzaki Nissin Gulf Fishing Pond Side Style（Spread Type） 1.5m,B005NGUFAQ
ZEROSUM HATSUME 5.45,B0078TINN2
Uzaki Nissin VERDANDY β VERβ-706S7’6”/2.29,B00D6C0N88
Uzaki Nissin GRAYZER ISO TNTune 1.5-5305,B076KRFC3Q
Uzaki Nissin INGRAM ISO Landing net pole 6.0m,B003Y3NHPU
Uzaki Nissin Fine mode flow high contrast 4509,B003VCHGZ6
Uzaki Nissin professional Square Super Tenkara level line 3207,B005NGWVEE
KYOKURYU ISHIDAI(Striped beakfish)X4 5.25 H,B074Y17RJ1
Uzaki Nissin rod elixir Tamanogara 5005,B00K74T0GE
FUGA IAKADA(Raft) (stick type)Slow action1.75,B003Y3NGNS
ZEROSUM RINPA X4 1-5.3,B00YBFUV18
SUPER LIGHT HAZE(Gobioidei)-4.4,B00KBK5APY
Uzaki Nissin professional specs ISO 1.75 No. 5006,B00B7YRGR8
Uzaki Nissin rod SUPER ROYALSTAGE ultimate rockfish LD contrast 900,B00GFGC3S0
Uzaki Nissin professional specs ISO 1.5 No. 4505,B00B7YQVD8
CLOSE UP Landing net pole CⅡ 6.0m,B074HT68D8
Uzaki Nissin GRAYZER ISO TNTune 2-5305,B076KPPLDV
Uzaki Nissin minutest care by work team high contrast 12 feet 3604,B005NGW4SW
Uzaki Nissin professional spec ISO 1 No. 5306,B00B7YQR46
Uzaki Nissin Rod Super Square RX ISO HD 6 Gototo 530,B002O9YTUC
Uzaki Nissin rod GLYSTAR sea fishing pond pulse fishing SP 330,B003601Q0E
Uzaki Nissin air stage Osamutsutsumi in rockfish Hardness Hardness 7108,B005NGYXMC
FUGA IAKADA(Raft) (stick type)Slow action1.3,B003C2P6T8
SEIKON GENSHO Competition SP(Spread Type) 4.5,B00COZSKYC
Uzaki Nissin rod elixir ISO Monkey 1.5 No. 3604,B00LAUUV1W
Uzaki Nissin air Stage Fuji Flow Tenkara 5: 5 4110,B005NGUBL4
Uzaki Nissin rod Super Square RX ISO HD 1 No. 620,B002OAHXQS
Uzaki Nissin ZEROSUM GORIMAKI PE-V2.45,B00K74XMYA
宇崎 日新 Rod Regina 山吹 Firm 硬調 720 ,B00B7YJKJU
Uzaki Nissin Professional RED Plum Hard 5.40,B005NGYC64
Uzaki Nissin Ingram IAKADA(Raft) Expert Sensitive Fast Action 1.5,B06XFNZ3Z1
Uzaki Nissin PRO Stage Marine Blue Ship（Spread Type） 10V-1.8,B003Y3NIQ8
Uzaki Nissin Fine mode Namitome rockfish high contrast 5306,B003XP30N8
Uzaki Nissin rod S Square RX Osamutsutsumi Namitome filefish 2702,B00R8O0JL6
AIR STAGE HADO KIBIRE（Spread type）3.3m,B00EBMJ0WC
Uzaki Nissin ZEROSUM ISO X4 KEI #1.5-5005,B074XTRQXG
Uzaki Nissin in spread White Orchid 2WAY Hardness Hardness 5312,B00CD1XKQ0
INGRAM BLACK EDITION Long Casting LTD #5-5.3,B00NBXU094
Uzaki Nissin LESTER YUMESUMI B TYPE-S7’6”/2.28,B06XFV541X
KYOKURYU ISO Short section HARD 5312,B01N3KKC1S
Uzaki Nissin professional Square Super Multi black sea bream UG 3604,B005NGXOKE
Uzaki Nissin SUPER SQUARE RX ISO HD 2-cast SP5306,B002OASSJ4
Uzaki Nissin ZEROSUM KISU(whitings) X4＃23　(Ｋ Guide) 4,B00USMC788
FUGA IAKADA(Raft) (stick type)Slow action1.5,B003C2Z1QG
Uzaki Nissin PRO SPEC 2 Way Tenkara 6:4 Action 360 Tenkara Rod [Japan Import],B00B7YHVLY
Uzaki Nissin rod GULF Ten'yamadai MH T type 265,B00D6BZYT2
Uzaki Nissin rod professional spec ISO KW long cast No. 5 5306,B01D48TFXC
Uzaki Nissin TENKARA Ramon 7:3 3.25,B077MDP3ML
Uzaki Nissin professional river nurses Tenkara 6: 4 3608,B005NGXU2Q
Uzaki Nissin professional stage number ISO 4 Gototo 4505,B005NGV2QC
Uzaki Nissin PRO STAGE MARINE BLUE SHIP（Spread Type） 20V-2.1,B002OALX14
ROYAL STAGE TUDUMI Middle hard-3.95,B005NGTEM6
Uzaki Nissin Lucido rice H 7208,B005NGX5SU
Uzaki Nissin Elixir ISO ２ＷＡＹ YAEN #1.5-6.2m,B00LAUUNA6
PRO SQUARE CHINU (Sea Bream) Inter LineP5.4,B002OAQ6J8
Uzaki Nissin aggressor spring haze high contrast 7014,B005NGYQG0
REGINA YAMABUKI（Spread type）Super Hard 3.6m,B00B7YJKJ0
Uzaki Nissin professional specs ISO 1.5 No. 4005,B00B7YQQSS
Uzaki Nissin rod Umiwarabe 80 No. 360,B005NGXMGU
SEKIRYU KOI(CARP)(Spread Type)HARD4.5,B00B7YLZAM
Uzaki Nissin in Fine mode flow 2WAY hardness 6313,B005NGXRRO
Uzaki Nissin SUPER SQUARE RX ISO HD 2.5-3604,B002OANTX4
Uzaki Nissin Royal Stage TUDUMI Middle-3.45,B005NGXCDI
Uzaki Nissin KOKURYU Short Section KOI(CARP) Japan Premium 4.5,B01LWTUO6T
ROYAL STAGE TUDUMI Super hard-3.4,B005NGXCSI
ZEROSUM Competition KAZAGURUMA（Spread Type）4.5,B00COZS484
Uzaki Nissin ZEROSUM ISO SHIN X4#1.5-5305,B0773FSQ75
Uzaki Nissin Lucido rice H 5406,B003Y3NJKS
Uzaki Nissin air Stage 3WAY Kei-waza Filament 6314,B005NGXUE4
Uzaki Nissin Fine mode dry landscape in hardness Hardness 6214,B005NGXJJA
Uzaki Nissin Fine mode Namitome rockfish high contrast 4505,B005NGUU0G
Uzaki Nissin Black Jaguar JS･JB 6’1”/1.85Spinning S601/5,B06XFPNX8W
KYOKURYU ISO Short section HARD 4510,B01N3KGQZD
Uzaki Nissin Super Square RX ISO HD 2-cast SP4505,B002OANXJ4
INGRAM KARE(Orange-spotted spinefoot)MH5.0,B07234WXGX
3.15m Uzaki Nissin the Japanese Tenkara Rod Starter Kit Import From Japan,B00B7YHYY8
Uzaki Nissin Royal Stage 3WAY KEISHO Hard 5.3m,B019BJP9JC
Uzaki Nissin professional stage number ISO 3 Gototo 5306,B005NGY1VU
Uzaki Nissin rod LEOPARD RTS SV-63ML,B00GFGEH98
Uzaki Nissin Fine mode Namitome rockfish hardness high contrast 5306,B005NGXX14
ZEROSUM HATSUME 3.95,B0078TIN32
Uzaki Nissin / air stage ISO Monkey NZ 1.5 No. 4505,B005NGUYCA
Uzaki Nissin RV CLUB Light boat 20V 2103,B002OAHRW8
Uzaki Nissin professional Square 2WAY black sea bream P 3945,B002OAJPOG
Uzaki Nissin rod professional stage hairtail No. 4 (long cast) 400,B001Q75KTM
Uzaki Nissin rod RV CLUB squid Monkey M 5306,B002OAM95S
Uzaki Nissin rod Fine mode Namitome rockfish small joint high-contrast 540,B005NGX2BK
Uzaki Nissin professional square multi black sea bream UG 7208,B002X151PS
Uzaki Nissin rod INGRAM ISO IM 2 No. 500,B0047QXBX6
Uzaki Nissin air stage Fuji flow Tenkara 6: 4 3609,B005NGXUUI
Uzaki Nissin air stage Osamutsutsumi in rockfish Hardness Hardness 4505,B005NGURTK
Uzaki Nissin rod Umiwarabe No. 30 240,B005NGY87M
INGRAM BLACK EDITION CHINU(Sea Bream) LTD 0.6-5.3,B00LAUUJ5K
Uzaki Nissin Fine mode stream hardness 5010,B005NGWVV2
Uzaki Nissin Fine mode flow hardness high contrast 3307,B005NGX5SA
Uzaki Nissin Fine mode Namitome rockfish high contrast 8009,B003XP84GQ
Uzaki Nissin LESTER YUMESHIZUKU B TYPE S 7’5”/2.26,B06XFBZNTH
ROYAL STAGE TUDUMI RED Hard-3.9,B06WD8LQQB
CLOSE UP Landing net pole CⅡ 6.95m,B074Y4F913
Uzaki Nissin rod professional specs sea fishing pond M 415,B0091BFBDU
Uzaki Nissin rod Ingram ISO IM R2 1.5 No. 5005,B0168ARDFA
Uzaki Nissin zero-sum Iso X4 KEI 2 No. 5305.,B01MRZJE5Q
Uzaki Nissin minutest care by work hand drum high contrast 5411,B003Y3NHR8
Uzaki Nissin GRAYZER ISO TNTune 1.25-5305,B076KKNGKC
Uzaki Nissin Super Square RX ISO HD 5-cast4505,B002OAPV2Q
Uzaki Nissin in Fine mode flow hardness 3608,B005NGXTH2
Uzaki Nissin / zero-sum Iso bullets X4 TYPE1 5005,B00CD1XXBM
Uzaki Nissin ZEROSUM KISU(whitings)(No guide) TYPE II 4.1,B00D6C03KG
SEIKON BESSAKU JIN (Spread type) Hard4.5m,B005NGW662
SEKIRYU KOI(CARP)(Spread Type)HARD2.4,B00B7YLCI2
LESTER YUMEAJI Special 6’6”/1.98,B00LATR2GU
Uzaki Nissin professional stage Osamutsutsumi Hechi 2102,B002OA8CCM
Uzaki Nissin rod RV CLUB squid Monkey M 4505,B005NGUQVY
Uzaki Nissin PRO STAGE MARINE BLUE SHIP（Spread Type） 30V-3.35,B002OAPO28
Uzaki Nissin rod Ingram Taman H 5005,B012CD1D1M
PROMINENT CHINU(Sea Bream) 0.8-5.35,B00YBFUZ0U
Uzaki Nissin air stage white plum high contrast 2405,B005NGYBJC
PROUDIA ICHIMONJI KURODAI(Sea Bream)4.20(4.20-3.60),B003VCN5RY
Uzaki Nissin rod elixir Iso No. 3 4505,B00K74YAMS
PROUDIA IKADA LTD（With spare tip）1.5,B00GFGELLW
Uzaki Nissin rod professional stage number maritime fishing pond No. 4 400,B005NGTZF2
PRO SPEC NUKI MEBARU(Sebastes inermis)SUPER HARD-7.1,B004I1ID1K
Uzaki Nissin Regina bright high contrast 4805,B00B7YJ8SI
LESTER YUMESHIZUKU 7’5”/2.26,B00IRURMTC
Uzaki Nissin rod mighty boat Light 10 No. 2103,B00KBH8L3A
Uzaki Nissin rod Super Square RX ISO HD 5 Gototo 530,B002OAM4ZI
Uzaki Nissin rod minutest care Xun IsoshoTsugi high contrast 4510,B012CD1XXU
KYOKUGI SEME IAKADA(Raft) Fast action (stick type)1.5,B078JBL6XD
PRO SPEC KURODAI(Sea Bream) UG 3.95,B00D2OAE52
ZEROSUM ISO X4 Ladle T-L650cm,B01K9LM386
Uzaki Nissin Ingram Surf 30 3904,B007QHGOMI
Uzaki Nissin wave black sea bream No. 1 5306,B002OAO5SC
Uzaki Nissin PRO STAGE MARINE BLUE SHIP（Spread Type） 20V-3.35,B002OAHT62
Uzaki Nissin Regina bright in hardness Hardness 2103,B00B7YIQ90
Uzaki Nissin POCKET MINI V3-3.6m,B005NGXVB6
Uzaki Nissin professional specs ISO 1.75 No. 5306,B00B7YRPKG
Uzaki Nissin SEIKON BESSAKU JIN (Spread type) Hard7.2m,B005NGXFN0
Uzaki Nissin rod INGRAM ISO IM 1.25 No. 500,B003Y3LD2Y
Uzaki Nissin rod Leopard SLOW JIGGING6.3,B00V7U6LLO
Uzaki Nissin rod Freed Iso No. 1 500,B00GFGDCQM
Uzaki Nissin rod CURTIS LUSSO LUS-S600UL,B00D6BZ88E
Uzaki Nissin Rod Curtis Monolith (EVA) L 702,B00D6BZ3PW
ROYAL STAGE TUDUMI Middle hard-2.95,B005NGU4W0
Uzaki Nissin minutest care by work hand drum high contrast 3908,B005NGTFR0
Uzaki Nissin GTR JB JB506-PE6,B00D6BZ87U
Uzaki Nissin Sea Park sea fishing park Special long cast 4505,B00B7YYAVS
Uzaki Nissin Rod Super Square RX ISO HD 0.8 No. 530,B002OAQQN4
PRO SQUARE CHINU (Sea Bream) Inter LineW4.5,B003BX7WF4
PRO STAGE NUMBER 2WAY KOUTEIHECHI(Spread type)2.70(2.70-2.35),B01KV9I70O
Uzaki Nisshin rod LEOPARD LE-B 63M,B00GFGECZM
Uzaki Nissin / Special Gee car drop-inclusive 4505,B005NGUTA2
Uzaki Nissin air stage 3WAY Kei-waza filament Limited 6314,B005NGXUJE
Uzaki Nissin Lucido rice 6307,B003Y3KE5G
ENSHU SP SURF(Spread Type) 4.5,B00GFGE6US
Uzaki Nissin Super Square RX ISO HD 1.5-4505,B002OANT5W
Uzaki Nissin rod Ingram ISO IM B2 1.75 No. 5005,B01K9LLZLC
N’s CHINU(Sea Bream)0.8-3.55,B008AQLIC0
Uzaki Nissin rod professional stage hairtail No. 3 (long cast) 400,B001Q727ZM
Uzaki Nissin SHIP MASTER PREMIUM HAIRTAIL TB-1.85,B074Y2D85W
Uzaki Nissin LESTER YUMESHIZUKU B TYPE T 7’10”/2.39,B06XFNLMCS
PRO SPEC Fishing pond Side style（Stick type）2.6m,B00D6BYJLQ
PRO SQUARE CHINU (Sea Bream) Inter LineW5.4,B003BX7WHM
Uzaki Nissin rod INGRAM ISO IM 1 No. 500,B0047QYV4Y
Uzaki Nissin (UZAKI NISSIN) zero-sum Iso X4 dipper T-M 650,B00F1CT526
Uzaki Nissin rod Ingram ISO IM R2 1 No. 5305,B0168AR9P4
Uzaki Nissin in spread White Orchid 2WAY Hardness Hardness 6214,B00CD1XKSI
Uzaki Nissin ZEROSUM ISO SHIN X4#1.25-5305,B0773NTDD8
Uzaki Nissin Fine mode flow rice Special weak 5406,B00B7YHOQ6
Uzaki Nissin Fine Mode Dry Landscape in Hardness 4510,B005NGV8MU
Uzaki Nissin air Stage White Plum Hardness in Hardness 3908,B005NGTBHO
Uzaki Nissin rod ZEROSUM Iso bullet IM V2 2 No. 500,B00761YPX4
Uzaki Nissin air stage white plum hardness high contrast 3908,B005NGTBT2
ZEROSUM HATSUME 4.45,B007132X3Q
Uzaki Nissin professional specs ISO 1.5 No. 3604,B00B7YQQHY
Uzaki Nissin 2WAY Yu 's mountain ZX high contrast 5413,B002OAO3MK
Uzaki Nissin 2WAY Yu 's mountain ZX Carbide 4511,B002OAQ3JQ
Uzaki Nissin Rod ARES Real AJ RAJ-708ML,B005NGWFB8
SEIKON UNKYU(Spread Type)Hard Carp-6.3,B005NGXFE4
Uzaki Nissin SHORYU KOI(Carp)(Spread Type) SUPER HARD-3.95,B00B7YKY3Q
SEIKON HAKURYU HARD 5.40,B00COZSUOW
Uzaki Nisshin rod Seto red sea LTD-Y 330,B00GFGDSXE
ZEROSUM ISO X4 Ladle T-S650cm,B01K9LLQTS
SEIKON UNKYU(Spread Type)Competition-3.95,B005NGW4I2
Uzaki Nissin INGRAM IAKADA(Raft) EXPERT fast action 1.5,B06XF9G66P
PRO SQUARE SUPER TENKARA8:2-4.5m,B005NGV9P6
Uzaki Nissin rod Ingram ISO IM B2 1.5 No. 5305,B01K9LM2Z0
Uzaki Nissin rod Ingram Black Edition Iso LTD 1.75 No. 500,B00F0B9RS0
Uzaki Nissin Rod Professional Specs sea Fishing Pond H 330,B00D6BYJMK
Uzaki Nissin air stage white plum high contrast 3908,B005NGTC32
Uzaki Nissin Dreams YUMEOI DRYO-806L8’6/2.59,B00LATR63O
Uzaki Nissin aggressor spring haze 8016,B005NGYTNA
Uzaki Nissin FREED Sensitive Sebastes inermis stick type3.3m,B00GFGDP14
Uzaki Nissin Special Gee car 3WAY Yu people in water hardness Hardness 5412,B003XP56RG
Uzaki Nissin DREAMS YUMESUMI TORZITE RV DRYT-RV806ML,B011T59RRQ
Uzaki Nissin Pocket Mini V3-2.7m,B005NGTRVY
ZEROSUM Competition KAZAGURUMA（Spread Type）5.35,B00COZS434
Uzaki Nissin in Fine Mode Flow 2WAY Hardness 5411,B005NGYB5G
Uzaki Nissin Professional Square Multi Black sea Bream UG 5406,B002OAPLL2
Uzaki Nissin GRAYZER ISO TNTune 1.25-5005,B076KQN69H
Uzaki Nissin INGRAM BLACK EDITION ISO LTD 2-5005,B00FAXD6LM
Uzaki Nissin INGRAM CHINU(Sea Bream) IM LTD-OR 0.6-5,B00K74XKHY
Uzaki Nissin TENKARA Ramon 7:3 2.90,B077MHBQ3K
Uzaki Nissin N's Long Casting #3-3.6,B0168ARNDM
Uzaki Nissin rod Ingram ISO IM B2 1.5 No. 5005,B01K9LLQVQ
Uzaki Nissin Dreams YUMESUMI RV YASHA RV DRYY-RV803ML,B011T58QQY
ZEROSUM ISO X4 Ladle T-L750cm,B01K9LLZOY
Uzaki Nissin Tenkara Mini 3218,B07MR6H74V
Uzaki Nissin BLACK JAGUAR JS･JB 6’2”/1.88Spinning S602/4+,B06XFCVJL4
INGRAM ISO BⅡ Landing net pole 6.0m,B01N74TZ2U
Uzaki Nissin rod professional specs sea fishing pond Saitsuri (NamiTsugi) 240,B00D6BYGMI
Uzaki Nissin Fine mode Namitome rockfish high contrast 7108,B003XP13M8
SEIKON YAMABIKO Competition 3.6,B00Z5O1OZ6
Uzaki Nissin rod mighty boat Light 30 No. 3004,B00KBH8XJC
Uzaki Nissin rod CURTIS Sirver Back S-603M,B00D6BZ5TQ
SPECIAL ZEAKER 2WAY CHINU(Sea Bream) #1 3.6-4.1,B012CD25UK
Uzaki Nissin rod CURTIS LUSSO LUS-S606M,B00D6BZB18
Uzaki Nissin ELIXIR SHIKO MEBARU(Sebastes inermis) Hard-7.2,B079FNDV61
Uzaki Nissin Fine mode flow rice Special weak 3604,B00B7YHLU0
Uzaki Nissin professional stage number ISO 1 No. 3604,B005NGXRTC
INGRAM Long Casting LTD/Bait reel #3-5.5,B009ZRNJSE
Uzaki Nissin professional Square Super Tenkara 8: 2 3909,B005NGTGNS
Uzaki Nissin / air stage ISO Monkey NZ 2 No. 3604,B005NGXQBG
Uzaki Nissin Regina bright high contrast 3904,B00B7YJ7SY
Uzaki Nissin PROFESSIONAL RED PLUM Hard 3.95,B005NGTDQS
Uzaki Nissin PRO SPEC 2 WAY Tenkara 3:7 Action 320 Tenkara Rod [Japan Import],B016REPZ9I
Uzaki Nissin ZEROSUM TENKARA 3.2m [Japan Import],B00COZS05G
Uzaki Nissin professional spec ISO 2 No. 3604,B00B7YRP3S
Uzaki Nissin rod Lioness LG 66MH,B00VLJLAJ4
Uzaki Nissin GRAYZER ISO TNTune 1-5305,B076KKD2H4
Uzaki Nissin rod Leopard lead Sutte game custom 7.6,B00V7U6QT6
Uzaki Nissin rod professional stage hairtail No. 3 (long cast) 450,B001Q7957U
Uzaki Nissin Professional Stage Number ISO 3 Gototo 4005,B005NGU0RY
Uzaki Nissin Regina bright high contrast 3004,B00B7YJ1YY
Uzaki Nissin rod air stage ISO Monkey No. 2 6253,B002OAR3EU
Uzaki Nissin DREAMS YUMESUMI RV YASHA RV DRYY-RV803M,B011T58WN6
Uzaki Nissin Fine mode dry landscape high contrast 7016,B005NGYR0A
PRO STAGE KOTEI HECHI(Spread type)2.7m,B002OA8CPO
Uzaki Nissin ZEROSUM ISO SHIN X4#2-5005,B0773FTN12
Uzaki Nissin RV CLUB Light boat 30V 2703,B002OANN4O
Uzaki Nissin ZEROSUM TENKARA 3.6m [Japan Import],B00COZRZX4
Uzaki Nissin spread White Orchid 2WAY high contrast 7116,B00CD1XM3G
Uzaki Nissin rod Super Square RX ISO HD 1.5 No. 530,B002OAHXZ4
Uzaki Nissin rod N's long cast No. 4 530,B0099ALDDU
Uzaki Nissin Lucido rice H 4505,B003C2SV8G
ROYAL STAGE TUDUMI Super hard-2.85,B005NGU4Y8
宇崎 日新 Rod purosukuea- su-pa-tenkara 7: 3 ,B005NGV9IS
Uzaki Nissin 2WAY Yu 's mountain ZX in hardness Hardness 6215,B002OAX2NG
Uzaki Nissin rod Super Square RX ISO HD 2.5 No. 530,B003VCOY7E
Uzaki Nissin PRO STAGE MARINE BLUE SHIP（Spread Type） 20V-2.75,B002OAJSES
Uzaki Nissin Rod Professional Stage Number Maritime Fishing Pond No. 4 450,B00D6BYV4Q
Uzaki Nissin ZEROSUM KISU(whitings) X4 TB 4.1#33,B06VV8PTXT
Uzaki Nissin rod Super Square RX ISO HD 2 No. 700,B002OANTPC
Uzaki Nissin DREAMS YUMESUMI RV RV DRYS-RV902,B011T58HS6
Uzaki Nissin / zero-sum Iso bullets X4 TYPE3 5005,B00CD1XYHA
Uzaki Nissin rod Puraudia Setouchi long rockfish high contrast 500,B005NGWPEK
Uzaki Nissin rod GLYSTAR sea fishing pond pulse fishing SP 300,B0035ZY38W
SEIKON BESSAKU KEIZAN Hard 4.5m,B00COZRO94
SEIKON GENSHO Competition SP(Spread Type) 3.9,B00COZSHWM
Uzaki Nissin rod professional stage number maritime fishing pond No. 4 360,B005NGXP0I
Uzaki Nissin CLOSE UP TSUKIBUE HARD 3.9,B01N3OGFD4
Uzaki Nissin unplug Muso TZ 3WAY high contrast 7016,B00B7YADQE
Uzaki Nissin Dreams YUMESUMI RV RV DRYS-RV806,B011T58ESE
Uzaki Nissin professional specs ISO 1.5 No. 5306,B00B7YR7B8
Uzaki Nissin (UZAKI NISSIN) zero-sum Iso X4 dipper T-M 800,B00F1CWWSA
Uzaki Nissin air stage white plum hardness high contrast 5411,B005NGYARK
PROSTAGE NUMBER Squid #2-5.0,B004IRXENG
