Mizu Party Cup Set (2 Cups) Blue Steel 1pint,B01EJSMP24
Mizu V12 36oz Water Bottle Army Green Hammer Paint| One Size,B06XPN9FM6
Mizu - V20 Growler | 64 oz. Double Wall Stainless Steel Vacuum Insulated | Wide Mouth with Leak Proof V-Lid | Black | BPA Free,B07JGTTMLB
Mizu V12-36 oz. Stainless Steel Vacuum Insulated Wide Mouth Bottle with V-Lid,B074SSVQYY
Mizu V12-36 oz. Stainless Steel Vacuum Insulated Wide Mouth Bottle with V-Lid,B07NQX83Q8
MIZU New Ultrasonic Aroma Diffuser/Humidifier| 1.50 Pound,B00AWGT54O
Mizu V12-36 oz. Stainless Steel Vacuum Insulated Wide Mouth Bottle with V-Lid,B074SWTY1N
Mizu - 360 V7 Everyday Kit Water Bottle | Water Filter | 21 oz. Double Wall Stainless Steel Vacuum Insulated | Wide Mouth with Leak Proof Straw Lid | Multiple Colors | BPA Free| Burgundy,B07JMHVPPK
Mizu M5 530ml Stainless Steel Bottle - Lime,B06W2N6MFD
Mizu M5 530ml Stainless Steel Bottle - Blue,B06VXGQ44M
Mizu T16-15 oz. Stainless Steel Double Wall Insulated Tumbler with Sip Through Lid,B07NQZ9FX3
Mizu - Signature Sports Cap | Multiple Colors | Fits M5| M8 and V8 Water Bottles | BPA Free| Army Green,B07HK8L5CB
Mizu Ancient Purple Bamboo Matcha Whisk 100 Prong 100 Pondate,B07YP272VX
Mizu 360 V7 Adventure Water Purification Kit - Stainless Steel Insulated Bottle with Purifier| 21 oz.,B08BZ2ZZX5
Mizu V12-36 oz. Stainless Steel Vacuum Insulated Wide Mouth Bottle with V-Lid,B074SXC624
Mizu V20 66oz Insulated Growler Gray Hammer Paint| One Size,B01CZUN4PA
Mizu V8 Poler Camp Vibes Bottle Black White Steel Cap,B0154DE6X4
Mizu M8 Single Wall Bottle Soft Touch Orange,B015ZZ6XIM
Mizu V8 27oz Water Bottle Soft Touch Spearmint| One Size,B06Y25DGSN
Mizu V7-21 oz. Stainless Steel Vacuum Insulated Wide Mouth Bottle with V-Lid,B074SZR8W9
Mizu M8 - 25 oz. Single Wall Narrow Mouth Stainless Steel Bottle with Loop Cap,B07BCBWYGL
Mizu Water Bottle M8 Glow in The Dark,B00ZPQ06B2
Mizu M8 w Loop Cap Water Bottle One Size Soft Touch Yellow,B015O9FE16
Mizu M5 530ml Stainless Steel Bottle - Black,B06VXBXS8K
MIZU Pendant Necklace 25 Piece Essential Oil Pad Refills| Blue| 0.3 Ounce,B01MG95PNK
Mizu V5-15 oz. Stainless Steel Vacuum Insulated Wide Mouth Bottle with V-Lid,B074SXQ43M
Mizu - 360 M9 Everyday Kit Water Bottle | Water Filter | 30 oz. Single Wall Stainless Steel | Wide Mouth with Leak Proof Straw Lid | Multiple Colors | BPA Free| Spearmint,B07CG7H29K
Mizu S4 Stainless Steel Water Bottle| Sea Glass| 415 ml,B083X1F62Z
Mizu - Sport Cap - Fits M5| M8 and V8 Water Bottles - BPA Free - Light Gray,B07HJDMXF2
Mizu V12-36 oz. Stainless Steel Vacuum Insulated Wide Mouth Bottle with V-Lid,B074SWM2QL
Mizu M6 Bottle 600ml / 20oz ST Pink Pink Cap,B015O9G5F0
Mizu V7 22oz Water Bottle Black Hammer Paint| One Size,B01LW5IA7C
Mizu G7 Water Bottle Mint| One Size,B014W4FPXG
Mizu V8 Insulated Bottle Orange,B074SXCJV2
Mizu - 360 V7 Everyday Kit Water Bottle | Water Filter | 21 oz. Double Wall Stainless Steel Vacuum Insulated | Wide Mouth with Leak Proof Straw Lid | Multiple Colors | BPA Free| Black,B07CGFPKZG
MIZU Lotus Diffuser Pendant Necklace| 50 Count,B01M7UJDMS
Mizu - V-Lid | Fits All Wide Mouth Water Bottles | Double Wall Insulated with Paracord Rope Leash | BPA Free,B01M043IT4
Monkey Palm Tree Frames,B009O6G1NQ
Mizu M8 Nixon Horizon Water Bottle,B07FKB6QHF
Mizu Teapot Frame with trinket box,B009O6RDHE
Mizu Unisex V5 Insulated Flask/Enduro Blue,B074SYPY77
Mizu Travel Mug,B00PTFC5KO
Mizu M5 Single Wall Bottle Soft Touch Red,B074SY9JDP
Mizu M8 Single Wall Bottle Soft Touch Red,B015O9FKAQ
Mizu - 360 M9 Adventure Kit Water Bottle | Water Purifier | 30 oz. Single Wall Stainless Steel | Wide Mouth with Leak Proof Straw Lid | Multiple Colors | BPA Free| Black,B07NPY33QV
Mizu V5 15oz Water Bottle Black Hammer Paint| One Size,B01LBJWNGC
Mizu Men's Nixon V8 - Lock Up Glossy Rose Gold w Black Print| Rose Gold| One Size,B01CZUN4O6
Mizu M8 - 25 oz. Single Wall Narrow Mouth Stainless Steel Bottle with Loop Cap,B07BC7MSFN
Mizu M8-25 oz. Single Wall Narrow Mouth Stainless Steel Bottle with Loop Cap,B018ZN015M
Mizu Wine Cup Glossy Black,B07JLTDKMR
Mizu V5 15oz Water Bottle Hammer Paint Charcoal Grey| One Size,B01DNTQ0KI
Mizu Wine Cup Glossy White,B07JLTDLSM
Mizu - 360 V7 Everyday Kit Water Bottle | Water Filter | 21 oz. Double Wall Stainless Steel Vacuum Insulated | Wide Mouth with Leak Proof Straw Lid | Multiple Colors | BPA Free| Orange,B07SRSYH5V
Mizu M8 - 25 oz. Single Wall Narrow Mouth Stainless Steel Bottle with Loop Cap,B07BC9Z2RK
Mizu G7 Water Bottle Pink| One Size,B014W3J3MQ
Premium Mizu Black Water Bottle 27 oz. Limited Edition New Era Version,B00EA8L7XW
Mizu Bottle Premier Soft Touch Black M8,B00XIRF4X0
Mizu M8 Stainless Steel Water Bottle| 750 ml,B083VFVRXK
MIZU Life Shot Glass - Collapsible Glossy Red| One Size,B01CZUN4DC
Mizu V5 15oz Water Bottle Glossy Seafoam| One Size,B06XQ29LCX
Mizu M8 w Loop Cap Water Bottle One Size Soft Touch Pink,B015O9FR5Y
Mizu V12-36 oz. Stainless Steel Vacuum Insulated Wide Mouth Bottle with V-Lid,B074SSH2TC
MIZU T20 20oz Tumbler Glossy Black w/ LE Drip| One Size,B01LVV9EY0
MIZU M8 Water Bottle Soft Touch Mint| 800ml,B015O9FR8G
Mizu V7 22oz Water Bottle Glossy Seafoam| One Size,B06XQGGHFT
Mizu Signature Loop Cap - Fits M5| M8 and V8 Water Bottles,B07X2N8GFP
Mizu T20 Stainless Steel Tumbler Flask One Size Spearmint,B07C7JL97Y
Mizu V5-15 oz. Stainless Steel Vacuum Insulated Wide Mouth Bottle with V-Lid,B06Y41K8ZC
Mizu - Signature Sports Cap | Multiple Colors | Fits M5| M8 and V8 Water Bottles | BPA Free| Burgundy,B07HJDMKF5
Mizu V12-36 oz. Stainless Steel Vacuum Insulated Wide Mouth Bottle with V-Lid,B01CZUN1UI
MIZU Life Party Cup Set - 2 Glossy Black| One Size,B015O9GWJ4
Mizu - Signature Sports Cap | Multiple Colors | Fits M5| M8 and V8 Water Bottles | BPA Free| Green,B00XIRF8U4
Mizu M8 - 25 oz. Single Wall Narrow Mouth Stainless Steel Bottle with Loop Cap,B07HKD35X4
Mizu - Signature Sports Cap | Multiple Colors | Fits M5| M8 and V8 Water Bottles | BPA Free| Pink,B014JOHPOG
Mizu V6 Poler Camp Vibes Diamond Soft Touch Water Bottle,B01549N5M6
Mizu Men's Wave Ascend 4 Anthracite/Imperial Blue/Charcoal 8.5 Medium (D),B002FB1WA4
Mizu M8 - 25 oz. Single Wall Narrow Mouth Stainless Steel Bottle with Loop Cap,B06Y2GQPT6
Mizu V12 36oz Water Bottle Copper Steel| One Size,B01LW2YVG3
Mizu T16-15 oz. Stainless Steel Double Wall Insulated Tumbler with Sip Through Lid,B07NR6VPQ7
Mizu D7 Flask One Size Stainless,B084CXFJQ6
Mizu S6 Insulated Stainless Steel Slim Bottle (Enduro Gray),B074T1BSD5
Mizu V6 Water Bottle Life Blue Steel| One Size,B01CZUMZ1E
Mizu M8-25 oz. Single Wall Narrow Mouth Stainless Steel Bottle with Loop Cap,B07BC8LG7Q
Mizu - 360 M9 Everyday Kit Water Bottle | Water Filter | 30 oz. Single Wall Stainless Steel | Wide Mouth with Leak Proof Straw Lid | Multiple Colors | BPA Free| Orange,B07SSSQQHC
Mizu M8 Stainless Steel Single-Wall Water Bottle| 27oz,B01N9F5NAO
Mizu M8 Reusable Stainless Steel Water Bottle (Poler – Camp Vibes ST Olive),B00PIIF4KA
Mizu M6 Nixon Lock Up Water Bottle,B0159NSUVS
MIZU V5 17oz Water Bottle Soft Touch Black| One Size,B01CZUMZ14
MIZU Zen Crystal Pendant Necklace Diffuser with 10ml Essential Oil| 50 Count,B01M7YBVET
Mizu T16-15 oz. Stainless Steel Double Wall Insulated Tumbler with Sip Through Lid,B07NQX8CQN
MIZU - S6 Slim Series Water Bottle | 19 oz. Double Wall Stainless Steel Vacuum Insulated | Narrow Mouth with Leak Proof Cap | Multiple Colors | BPA Free| Lavender,B074SRJGJT
Mizu - Sport Cap - Fits M5| M8 and V8 Water Bottles - BPA Free - Mint,B07HJCFLL6
Mizu V12 36oz Water Bottle Enduro Orange| One Size,B074T19282
MIZU - S6 Slim Series Water Bottle | 19 oz. Double Wall Stainless Steel Vacuum Insulated | Narrow Mouth with Leak Proof Cap | Multiple Colors | BPA Free| Light Gray,B07HKD8FXN
Mizu M6 Bottle 600ml / 20oz ST Yellow Yellow Cap,B015O9GWN0
MIZU Stainless Steel Shot Glass Silver,B071G8TNP7
Mizu M9 28 oz. Single Wall Wide Mouth Stainless Steel Bottle with Straw Lid and Adventure Water Purifier,B07R2PRTSB
Mizu V5 w Steel Cap Flask One Size Army Green Hammer Paint,B074SXMW93
Mizu M4 Stainless Steel Single-Wall Water Bottle| 13oz,B01HOCPZM4
Mizu M8 - 25 oz. Single Wall Narrow Mouth Stainless Steel Bottle with Loop Cap,B07NQY95HF
Mizu Signature Loop Cap - Fits M5| M8 and V8 Water Bottles,B07X3QNC57
Mizu T16-15 oz. Stainless Steel Double Wall Insulated Tumbler with Sip Through Lid,B07NQZK5FC
Mizu M9 28 oz. Single Wall Wide Mouth Stainless Steel Bottle with Straw Lid and Everyday Water Filter,B07C72XQHC
MIZU M8 Water Bottle Mizu Life Blue Steel| 800ml,B01CZUMYYC
Mizu V5 15oz Water Bottle Red Hammer Paint| One Size,B01L5JJN6G
Mizu M8-25 oz. Single Wall Narrow Mouth Stainless Steel Bottle with Loop Cap,B07J6GPGQJ
Mizu T16-15 oz. Stainless Steel Double Wall Insulated Tumbler with Sip Through Lid,B07NQZ8VH2
Mizu V6 Bottle 600ml / 20oz ST Army Green Steel Cap,B015O9FXN0
Mizu V7 22oz Water Bottle Glossy White| One Size,B01DNTQ0H6
Mizu M6 Bottle 600ml / 20oz ST Black Black Cap,B015O9GC4O
Mizu Camp Cup,B015O9F7I6
Mizu S6 Slim Series 21 oz. Stainless Steel Vacuum Insulated Narrow Mouth Bottle,B074SPWPD3
Mizu - Flip Top Coffee Lid | Fits All Insulated Wide Mouth Water Bottles | BPA Free,B01DJ39XAW
Mizu - Signature Sports Cap | Multiple Colors | Fits M5| M8 and V8 Water Bottles | BPA Free| Black,B00EQ2H06K
Mizu - 360 V7 Everyday Kit Water Bottle | Water Filter | 21 oz. Double Wall Stainless Steel Vacuum Insulated | Wide Mouth with Leak Proof Straw Lid | Multiple Colors | BPA Free| Midnight,B07NR3T6QR
Mizu - 360 Adventure Purifier Replacement | 40 Gallon Lifespan | Filters 99.99% of Harmful Contaminants | BPA Free,B07JJ2J7K9
Mizu G7 Water Bottle Black| One Size,B00VPA7EBC
Mizu Stainless Steel Cutlery Set Including: Fork| Spoon| Knife| Chop Sticks| Straw and Neoprene Pouch,B07PW4LL6B
MIZU Life Wine Cup Set - 2 Mizu Life Blue Steel| One Size,B01EBHHJ3S
Mizu S6 Slim Series 21 oz. Stainless Steel Vacuum Insulated Narrow Mouth Bottle,B074SRQ8RG
Mizu M9 28 oz. Single Wall Wide Mouth Stainless Steel Bottle with Straw Lid and Adventure Water Purifier,B07SX3NQXN
Mizu V8 Nixon Bottle 800ml / 27oz Stainless Steel Cap,B015C6LKG4
Mizu M5 530ml Stainless Steel Bottle - Lavendar,B06WVF4BFT
Mizu V5 15oz Water Bottle Copper Steel| One Size,B01LW96O73
Mizu - 360 M9 Everyday Kit Water Bottle | Water Filter | 30 oz. Single Wall Stainless Steel | Wide Mouth with Leak Proof Straw Lid | Multiple Colors | BPA Free| Black,B07C7F7LFK
Mizu - Signature Sports Cap | Multiple Colors | Fits M5| M8 and V8 Water Bottles | BPA Free| Blue,B00WJCNDKG
Mizu M8 Nixon Bottle 800ml / 27oz Black Gold Black Cap,B018ZN0FO4
Mizu V12 36oz Water Bottle Hammer Paint Charcoal Grey| One Size,B01CZUN1PS
Mizu M4 Stainless Steel Single-Wall Water Bottle| 13oz,B01HOCPZKQ
Mizu Luxury Round Crystal Jeweled Photo Frame,B009O6YUQQ
Mizu T16-15 oz. Stainless Steel Double Wall Insulated Tumbler with Sip Through Lid,B07NQX64HD
V10,B01LQHMQ8O
MIZU Life Party Cup Set - 2 Stainless Steel| One Size,B015O9FDUS
Mizu - Collapsible Shot Glass | 2 oz. Stainless Steel | Bpa Free (W02AMZASGNS),B015O9FYCK
Mizu S6 Slim Series 21 oz. Stainless Steel Vacuum Insulated Narrow Mouth Bottle,B07H6L2GZR
Mizu V12 36oz Water Bottle Soft Touch Navy Blue| One Size,B01CZUN4J6
Mizu M8 Water Bottle (Black),B01GLPTBES
Mizu Signature Sports Cap - Fits M5| M8 and V8 Water Bottles,B00XIRFBBU
Mizu V8 Insulated Stainless Steel Water Bottle| Sea Glass| 800ml,B083YL33TQ
Mizu M4 Stainless Steel Single-Wall Water Bottle| 13oz,B01HOCQ2MQ
Mizu Unisex Cutlery Set,B01I1XKA7K
Mizu M5 18 oz. Single Wall Narrow Mouth Stainless Steel Bottle with Loop Cap,B07JM4XW9B
Mizu M8 Water Bottle Soft Touch Purple| 800ml,B015ZZ70C0
Mizu Luxury Black Crystal Jeweled Photo Frame,B009O6X9CM
Mizu - Signature Sports Cap | Multiple Colors | Fits M5| M8 and V8 Water Bottles | BPA Free| Red,B01G2DUI82
MIZU D7- Enduro Sea Glass,B084CYRMXX
Mizu 18/8 Kitchen Grade Stainless Steel Travel Cutlery Set with Neoprene Case - Includes Spoon| Fork| Knife and Metal Chopsticks- Environment Friendly Flatware for Picnic| Camping| Hiking & Fishing,B071YD9KWJ
MIZU - S6 Slim Series Water Bottle | 19 oz. Double Wall Stainless Steel Vacuum Insulated | Narrow Mouth with Leak Proof Cap | Multiple Colors | BPA Free| Soft Pink,B07QMP4Z4T
Mizu Victorian Queen Chair Frame,B009O6L2GW
Mizu Camp Cup,B01D6PYG6O
Mizu M5 18 oz. Single Wall Narrow Mouth Stainless Steel Bottle with Loop Cap,B07BCC53HY
Mizu V5 15oz Water Bottle Soft Touch Black| One Size,B01DNTQ0EO
Mizu Tumbler 16 Stainless Steel Water Bottle| Sea Glass| 470 ml,B0846JZX4W
MIZU Eternity Pendant Necklace Diffuser with 10ml Essential Oil| 50 Count,B01MQDG7G3
Mizu V7-21 oz. Stainless Steel Vacuum Insulated Wide Mouth Bottle with Straw Lid and Adventure Purifier| W83V07NSP| One Size,B07SVYGQNX
Mizu S6 Insualted Stainless Steel Water Bottle| Sea Glass| 600ml,B083YFN2P6
MIZU - S6 Slim Series Water Bottle | 19 oz. Double Wall Stainless Steel Vacuum Insulated | Narrow Mouth with Leak Proof Cap | Multiple Colors | BPA Free| Midnight,B07QQVNDBD
Mizu T16-15 oz. Stainless Steel Double Wall Insulated Tumbler with Sip Through Lid,B07NQY9B9P
MIZU - S6 Slim Series Water Bottle | 19 oz. Double Wall Stainless Steel Vacuum Insulated | Narrow Mouth with Leak Proof Cap | Multiple Colors | BPA Free| Aloha Mint,B07CGFSY5R
Mizu S6 Slim Series 21 oz. Stainless Steel Vacuum Insulated Narrow Mouth Bottle,B07HKBHQ6G
Mizu V20 66oz Insulated Growler Black Hammer Paint| One Size,B06XPQTG5M
Mizu M8 Colorado Flag Watter Bottle,B00VTV7VO2
Mizu M8 Single Wall Bottle Soft Touch Black,B015O9H46E
Mizu M5 18 oz. Single Wall Narrow Mouth Stainless Steel Bottle with Loop Cap,B06WGSMXCR
MIZU - S6 Slim Series Water Bottle | 19 oz. Double Wall Stainless Steel Vacuum Insulated | Narrow Mouth with Leak Proof Cap | Multiple Colors | BPA Free| Orange,B07SRT932Q
Mizu - Signature Stainless Steel Cap | Fits M5| M8 and V8 Water Bottles | BPA Free,B06XHNDCGG
Mizu - 360 V7 Everyday Kit Water Bottle | Water Filter | 21 oz. Double Wall Stainless Steel Vacuum Insulated | Wide Mouth with Leak Proof Straw Lid | Multiple Colors | BPA Free| Spearmint,B07C7DQ6BH
Mizu V12 w w Stainless Steel Lid Flask One Size Stainless,B07BBHKPKT
Mizu V7-21 oz. Stainless Steel Vacuum Insulated Wide Mouth Bottle with Straw Lid and Everyday Filter,B07C7KWPWH
Mizu - Slim Series Replacement Cap | Fits All S4 and S6 Water Bottles | BPA Free,B07X5RPZGJ
Mizu M8 - 25 oz. Single Wall Narrow Mouth Stainless Steel Bottle with Loop Cap,B07B251851
Mizu V12 36oz Water Bottle Black Hammer Paint| One Size,B01KP21O66
Mizu D7- Enduro Army Green,B084P5Q5LY
Mizu - Sport Cap - Fits M5| M8 and V8 Water Bottles - BPA Free - Light Blue,B07X4TJ6XZ
Mizu Tumbler 16 Stainless Steel Water Bottle| Ocean Blue| 470 ml,B0846KH32T
Mizu V12-36 oz. Stainless Steel Vacuum Insulated Wide Mouth Bottle with V-Lid,B06XPND1GR
Mizu Insulated Travel Mug - glossy white| one size,B0159NSIN8
Mizu V5 15oz Water Bottle Enduro Orange| One Size,B074ST85ZD
Mizu M8 Single Wall Bottle Soft Touch Lime,B06Y2H6XZ5
Mizu M8 - 25 oz. Single Wall Narrow Mouth Stainless Steel Bottle with Loop Cap,B07NQY9B31
Mizu S6 Insualted Stainless Steel Water Bottle| Ocean Blue| 600ml,B083YFBN1T
Mizu V12 w Stainless Steel Lid Flask One Size Mahalo Black,B07CGFXZVN
Mizu V7 22oz Water Bottle Gray Hammer Paint| One Size,B01DNTQ0MG
Mizu M8 Stainless Steel Water Bottle| Sea Glass| 750 ml,B083VGD4BG
Mizu - 360 M9 Adventure Kit Water Bottle | Water Purifier | 30 oz. Single Wall Stainless Steel | Wide Mouth with Leak Proof Straw Lid | Multiple Colors | BPA Free| Spearmint,B07R2P8HQT
Mizu V8 27 oz. Stainless Steel Vacuum Insulated Narrow Mouth Bottle,B08LJFKWV9
MIZU Butterfly Crystal Pendant Necklace Diffuser with 10ml Essential Oil| 50 Count,B01M9JONUP
Mizu V7-21 oz. Stainless Steel Vacuum Insulated Wide Mouth Bottle with V-Lid,B07JMCSHYR
Mizu S6 Slim Series 21 oz. Stainless Steel Vacuum Insulated Narrow Mouth Bottle,B074T32BH2
Mizu V12 Insulated Wide Mouth Bottle Blue w/V Lid,B074SW74TZ
Mizu - Signature Sports Cap | Multiple Colors | Fits M5| M8 and V8 Water Bottles | BPA Free| Glow in the Dark,B01LW2WKCB
Mizu V5 15oz Water Bottle Glossy White W Coffee Lid| One Size,B01CZUMWZS
Mizu V7 22oz Water Bottle Copper Steel| One Size,B01LW5IISX
Mizu M6 Bottle 600ml / 20oz ST Blue Blue Cap,B015O9G59G
